2026-08-04T12:14:17-06:00 START gate-fire watch interval=300s pid=2302376
  bar:  R−1 < 0.05 on BOTH + self-stop (converged: true) on BOTH
  refuse if either R−1 >= bar, missing progress, or not self-stopped
  dyad_mnu_bbnfix: R−1 = 0.128943 >= 0.05 (N=20302.0, t=2026-08-04T03:25:56.226343) — NOT READY
  dyad_mnu_bbnfix: checkpoint converged: false — NOT READY (self-stop required)
  dyad_mnu_bbnfix: checkpoint Rminus1_last=0.128943 (informational; gate uses progress R−1)
  cmp_lcdm_mnu_bbnfix: R−1 = 0.086466 >= 0.05 (N=20409.0, t=2026-08-04T05:21:52.542208) — NOT READY
  cmp_lcdm_mnu_bbnfix: checkpoint converged: false — NOT READY (self-stop required)
  cmp_lcdm_mnu_bbnfix: checkpoint Rminus1_last=0.086466 (informational; gate uses progress R−1)
  REFUSED — booking blocked (gate closed).
  Gate requires BOTH chains with R−1 < 0.05 AND converged: true.
2026-08-04T12:14:17-06:00 poll exit=2
  bar:  R−1 < 0.05 on BOTH + self-stop (converged: true) on BOTH
  refuse if either R−1 >= bar, missing progress, or not self-stopped
  dyad_mnu_bbnfix: R−1 = 0.128943 >= 0.05 (N=20302.0, t=2026-08-04T03:25:56.226343) — NOT READY
  dyad_mnu_bbnfix: checkpoint converged: false — NOT READY (self-stop required)
  dyad_mnu_bbnfix: checkpoint Rminus1_last=0.128943 (informational; gate uses progress R−1)
  cmp_lcdm_mnu_bbnfix: R−1 = 0.086466 >= 0.05 (N=20409.0, t=2026-08-04T05:21:52.542208) — NOT READY
  cmp_lcdm_mnu_bbnfix: checkpoint converged: false — NOT READY (self-stop required)
  cmp_lcdm_mnu_bbnfix: checkpoint Rminus1_last=0.086466 (informational; gate uses progress R−1)
  REFUSED — booking blocked (gate closed).
  Gate requires BOTH chains with R−1 < 0.05 AND converged: true.
2026-08-04T12:19:44-06:00 poll exit=2
2026-08-04T12:22:41-06:00 START gate-fire watch interval=300s pid=2319158
  bar:  R−1 < 0.05 on BOTH + self-stop (converged: true) on BOTH
  refuse if either R−1 >= bar, missing progress, or not self-stopped
  dyad_mnu_bbnfix: R−1 = 0.128943 >= 0.05 (N=20302.0, t=2026-08-04T03:25:56.226343) — NOT READY
  dyad_mnu_bbnfix: checkpoint converged: false — NOT READY (self-stop required)
  dyad_mnu_bbnfix: checkpoint Rminus1_last=0.128943 (informational; gate uses progress R−1)
  cmp_lcdm_mnu_bbnfix: R−1 = 0.086466 >= 0.05 (N=20409.0, t=2026-08-04T05:21:52.542208) — NOT READY
  cmp_lcdm_mnu_bbnfix: checkpoint converged: false — NOT READY (self-stop required)
  cmp_lcdm_mnu_bbnfix: checkpoint Rminus1_last=0.086466 (informational; gate uses progress R−1)
  REFUSED — booking blocked (gate closed).
  Gate requires BOTH chains with R−1 < 0.05 AND converged: true.
2026-08-04T12:22:41-06:00 poll exit=2
  bar:  R−1 < 0.05 on BOTH + self-stop (converged: true) on BOTH
  refuse if either R−1 >= bar, missing progress, or not self-stopped
  dyad_mnu_bbnfix: R−1 = 0.128943 >= 0.05 (N=20302.0, t=2026-08-04T03:25:56.226343) — NOT READY
  dyad_mnu_bbnfix: checkpoint converged: false — NOT READY (self-stop required)
  dyad_mnu_bbnfix: checkpoint Rminus1_last=0.128943 (informational; gate uses progress R−1)
  cmp_lcdm_mnu_bbnfix: R−1 = 0.086466 >= 0.05 (N=20409.0, t=2026-08-04T05:21:52.542208) — NOT READY
  cmp_lcdm_mnu_bbnfix: checkpoint converged: false — NOT READY (self-stop required)
  cmp_lcdm_mnu_bbnfix: checkpoint Rminus1_last=0.086466 (informational; gate uses progress R−1)
  REFUSED — booking blocked (gate closed).
  Gate requires BOTH chains with R−1 < 0.05 AND converged: true.
2026-08-04T12:28:11-06:00 poll exit=2
  bar:  R−1 < 0.05 on BOTH + self-stop (converged: true) on BOTH
  refuse if either R−1 >= bar, missing progress, or not self-stopped
  dyad_mnu_bbnfix: R−1 = 0.128943 >= 0.05 (N=20302.0, t=2026-08-04T03:25:56.226343) — NOT READY
  dyad_mnu_bbnfix: checkpoint converged: false — NOT READY (self-stop required)
  dyad_mnu_bbnfix: checkpoint Rminus1_last=0.128943 (informational; gate uses progress R−1)
  cmp_lcdm_mnu_bbnfix: R−1 = 0.086466 >= 0.05 (N=20409.0, t=2026-08-04T05:21:52.542208) — NOT READY
  cmp_lcdm_mnu_bbnfix: checkpoint converged: false — NOT READY (self-stop required)
  cmp_lcdm_mnu_bbnfix: checkpoint Rminus1_last=0.086466 (informational; gate uses progress R−1)
  REFUSED — booking blocked (gate closed).
  Gate requires BOTH chains with R−1 < 0.05 AND converged: true.
2026-08-04T12:33:37-06:00 poll exit=2
  bar:  R−1 < 0.05 on BOTH + self-stop (converged: true) on BOTH
  refuse if either R−1 >= bar, missing progress, or not self-stopped
  dyad_mnu_bbnfix: R−1 = 0.128943 >= 0.05 (N=20302.0, t=2026-08-04T03:25:56.226343) — NOT READY
  dyad_mnu_bbnfix: checkpoint converged: false — NOT READY (self-stop required)
  dyad_mnu_bbnfix: checkpoint Rminus1_last=0.128943 (informational; gate uses progress R−1)
  cmp_lcdm_mnu_bbnfix: R−1 = 0.086466 >= 0.05 (N=20409.0, t=2026-08-04T05:21:52.542208) — NOT READY
  cmp_lcdm_mnu_bbnfix: checkpoint converged: false — NOT READY (self-stop required)
  cmp_lcdm_mnu_bbnfix: checkpoint Rminus1_last=0.086466 (informational; gate uses progress R−1)
  REFUSED — booking blocked (gate closed).
  Gate requires BOTH chains with R−1 < 0.05 AND converged: true.
2026-08-04T12:39:04-06:00 poll exit=2
  bar:  R−1 < 0.05 on BOTH + self-stop (converged: true) on BOTH
  refuse if either R−1 >= bar, missing progress, or not self-stopped
  dyad_mnu_bbnfix: R−1 = 0.128943 >= 0.05 (N=20302.0, t=2026-08-04T03:25:56.226343) — NOT READY
  dyad_mnu_bbnfix: checkpoint converged: false — NOT READY (self-stop required)
  dyad_mnu_bbnfix: checkpoint Rminus1_last=0.128943 (informational; gate uses progress R−1)
  cmp_lcdm_mnu_bbnfix: R−1 = 0.086466 >= 0.05 (N=20409.0, t=2026-08-04T05:21:52.542208) — NOT READY
  cmp_lcdm_mnu_bbnfix: checkpoint converged: false — NOT READY (self-stop required)
  cmp_lcdm_mnu_bbnfix: checkpoint Rminus1_last=0.086466 (informational; gate uses progress R−1)
  REFUSED — booking blocked (gate closed).
  Gate requires BOTH chains with R−1 < 0.05 AND converged: true.
2026-08-04T12:44:33-06:00 poll exit=2
  bar:  R−1 < 0.05 on BOTH + self-stop (converged: true) on BOTH
  refuse if either R−1 >= bar, missing progress, or not self-stopped
  dyad_mnu_bbnfix: R−1 = 0.128943 >= 0.05 (N=20302.0, t=2026-08-04T03:25:56.226343) — NOT READY
  dyad_mnu_bbnfix: checkpoint converged: false — NOT READY (self-stop required)
  dyad_mnu_bbnfix: checkpoint Rminus1_last=0.128943 (informational; gate uses progress R−1)
  cmp_lcdm_mnu_bbnfix: R−1 = 0.086466 >= 0.05 (N=20409.0, t=2026-08-04T05:21:52.542208) — NOT READY
  cmp_lcdm_mnu_bbnfix: checkpoint converged: false — NOT READY (self-stop required)
  cmp_lcdm_mnu_bbnfix: checkpoint Rminus1_last=0.086466 (informational; gate uses progress R−1)
  REFUSED — booking blocked (gate closed).
  Gate requires BOTH chains with R−1 < 0.05 AND converged: true.
2026-08-04T12:50:00-06:00 poll exit=2
  bar:  R−1 < 0.05 on BOTH + self-stop (converged: true) on BOTH
  refuse if either R−1 >= bar, missing progress, or not self-stopped
  dyad_mnu_bbnfix: R−1 = 0.128943 >= 0.05 (N=20302.0, t=2026-08-04T03:25:56.226343) — NOT READY
  dyad_mnu_bbnfix: checkpoint converged: false — NOT READY (self-stop required)
  dyad_mnu_bbnfix: checkpoint Rminus1_last=0.128943 (informational; gate uses progress R−1)
  cmp_lcdm_mnu_bbnfix: R−1 = 0.086466 >= 0.05 (N=20409.0, t=2026-08-04T05:21:52.542208) — NOT READY
  cmp_lcdm_mnu_bbnfix: checkpoint converged: false — NOT READY (self-stop required)
  cmp_lcdm_mnu_bbnfix: checkpoint Rminus1_last=0.086466 (informational; gate uses progress R−1)
  REFUSED — booking blocked (gate closed).
  Gate requires BOTH chains with R−1 < 0.05 AND converged: true.
2026-08-04T12:55:27-06:00 poll exit=2
  bar:  R−1 < 0.05 on BOTH + self-stop (converged: true) on BOTH
  refuse if either R−1 >= bar, missing progress, or not self-stopped
  dyad_mnu_bbnfix: R−1 = 0.128943 >= 0.05 (N=20302.0, t=2026-08-04T03:25:56.226343) — NOT READY
  dyad_mnu_bbnfix: checkpoint converged: false — NOT READY (self-stop required)
  dyad_mnu_bbnfix: checkpoint Rminus1_last=0.128943 (informational; gate uses progress R−1)
  cmp_lcdm_mnu_bbnfix: R−1 = 0.086466 >= 0.05 (N=20409.0, t=2026-08-04T05:21:52.542208) — NOT READY
  cmp_lcdm_mnu_bbnfix: checkpoint converged: false — NOT READY (self-stop required)
  cmp_lcdm_mnu_bbnfix: checkpoint Rminus1_last=0.086466 (informational; gate uses progress R−1)
  REFUSED — booking blocked (gate closed).
  Gate requires BOTH chains with R−1 < 0.05 AND converged: true.
2026-08-04T13:00:56-06:00 poll exit=2
  bar:  R−1 < 0.05 on BOTH + self-stop (converged: true) on BOTH
  refuse if either R−1 >= bar, missing progress, or not self-stopped
  dyad_mnu_bbnfix: R−1 = 0.128943 >= 0.05 (N=20302.0, t=2026-08-04T03:25:56.226343) — NOT READY
  dyad_mnu_bbnfix: checkpoint converged: false — NOT READY (self-stop required)
  dyad_mnu_bbnfix: checkpoint Rminus1_last=0.128943 (informational; gate uses progress R−1)
  cmp_lcdm_mnu_bbnfix: R−1 = 0.071122 >= 0.05 (N=21886.0, t=2026-08-04T13:01:13.920757) — NOT READY
  cmp_lcdm_mnu_bbnfix: checkpoint converged: false — NOT READY (self-stop required)
  cmp_lcdm_mnu_bbnfix: checkpoint Rminus1_last=0.071122 (informational; gate uses progress R−1)
  REFUSED — booking blocked (gate closed).
  Gate requires BOTH chains with R−1 < 0.05 AND converged: true.
2026-08-04T13:06:23-06:00 poll exit=2
  bar:  R−1 < 0.05 on BOTH + self-stop (converged: true) on BOTH
  refuse if either R−1 >= bar, missing progress, or not self-stopped
  dyad_mnu_bbnfix: R−1 = 0.128943 >= 0.05 (N=20302.0, t=2026-08-04T03:25:56.226343) — NOT READY
  dyad_mnu_bbnfix: checkpoint converged: false — NOT READY (self-stop required)
  dyad_mnu_bbnfix: checkpoint Rminus1_last=0.128943 (informational; gate uses progress R−1)
  cmp_lcdm_mnu_bbnfix: R−1 = 0.071122 >= 0.05 (N=21886.0, t=2026-08-04T13:01:13.920757) — NOT READY
  cmp_lcdm_mnu_bbnfix: checkpoint converged: false — NOT READY (self-stop required)
  cmp_lcdm_mnu_bbnfix: checkpoint Rminus1_last=0.071122 (informational; gate uses progress R−1)
  REFUSED — booking blocked (gate closed).
  Gate requires BOTH chains with R−1 < 0.05 AND converged: true.
2026-08-04T13:11:50-06:00 poll exit=2
  bar:  R−1 < 0.05 on BOTH + self-stop (converged: true) on BOTH
  refuse if either R−1 >= bar, missing progress, or not self-stopped
  dyad_mnu_bbnfix: R−1 = 0.128943 >= 0.05 (N=20302.0, t=2026-08-04T03:25:56.226343) — NOT READY
  dyad_mnu_bbnfix: checkpoint converged: false — NOT READY (self-stop required)
  dyad_mnu_bbnfix: checkpoint Rminus1_last=0.128943 (informational; gate uses progress R−1)
  cmp_lcdm_mnu_bbnfix: R−1 = 0.071122 >= 0.05 (N=21886.0, t=2026-08-04T13:01:13.920757) — NOT READY
  cmp_lcdm_mnu_bbnfix: checkpoint converged: false — NOT READY (self-stop required)
  cmp_lcdm_mnu_bbnfix: checkpoint Rminus1_last=0.071122 (informational; gate uses progress R−1)
  REFUSED — booking blocked (gate closed).
  Gate requires BOTH chains with R−1 < 0.05 AND converged: true.
2026-08-04T13:17:16-06:00 poll exit=2
  bar:  R−1 < 0.05 on BOTH + self-stop (converged: true) on BOTH
  refuse if either R−1 >= bar, missing progress, or not self-stopped
  dyad_mnu_bbnfix: R−1 = 0.128943 >= 0.05 (N=20302.0, t=2026-08-04T03:25:56.226343) — NOT READY
  dyad_mnu_bbnfix: checkpoint converged: false — NOT READY (self-stop required)
  dyad_mnu_bbnfix: checkpoint Rminus1_last=0.128943 (informational; gate uses progress R−1)
  cmp_lcdm_mnu_bbnfix: R−1 = 0.071122 >= 0.05 (N=21886.0, t=2026-08-04T13:01:13.920757) — NOT READY
  cmp_lcdm_mnu_bbnfix: checkpoint converged: false — NOT READY (self-stop required)
  cmp_lcdm_mnu_bbnfix: checkpoint Rminus1_last=0.071122 (informational; gate uses progress R−1)
  REFUSED — booking blocked (gate closed).
  Gate requires BOTH chains with R−1 < 0.05 AND converged: true.
2026-08-04T13:22:46-06:00 poll exit=2
  bar:  R−1 < 0.05 on BOTH + self-stop (converged: true) on BOTH
  refuse if either R−1 >= bar, missing progress, or not self-stopped
  dyad_mnu_bbnfix: R−1 = 0.128943 >= 0.05 (N=20302.0, t=2026-08-04T03:25:56.226343) — NOT READY
  dyad_mnu_bbnfix: checkpoint converged: false — NOT READY (self-stop required)
  dyad_mnu_bbnfix: checkpoint Rminus1_last=0.128943 (informational; gate uses progress R−1)
  cmp_lcdm_mnu_bbnfix: R−1 = 0.071122 >= 0.05 (N=21886.0, t=2026-08-04T13:01:13.920757) — NOT READY
  cmp_lcdm_mnu_bbnfix: checkpoint converged: false — NOT READY (self-stop required)
  cmp_lcdm_mnu_bbnfix: checkpoint Rminus1_last=0.071122 (informational; gate uses progress R−1)
  REFUSED — booking blocked (gate closed).
  Gate requires BOTH chains with R−1 < 0.05 AND converged: true.
2026-08-04T13:28:13-06:00 poll exit=2
  bar:  R−1 < 0.05 on BOTH + self-stop (converged: true) on BOTH
  refuse if either R−1 >= bar, missing progress, or not self-stopped
  dyad_mnu_bbnfix: R−1 = 0.072286 >= 0.05 (N=21867.0, t=2026-08-04T13:32:11.885152) — NOT READY
  dyad_mnu_bbnfix: checkpoint converged: false — NOT READY (self-stop required)
  dyad_mnu_bbnfix: checkpoint Rminus1_last=0.072286 (informational; gate uses progress R−1)
  cmp_lcdm_mnu_bbnfix: R−1 = 0.071122 >= 0.05 (N=21886.0, t=2026-08-04T13:01:13.920757) — NOT READY
  cmp_lcdm_mnu_bbnfix: checkpoint converged: false — NOT READY (self-stop required)
  cmp_lcdm_mnu_bbnfix: checkpoint Rminus1_last=0.071122 (informational; gate uses progress R−1)
  REFUSED — booking blocked (gate closed).
  Gate requires BOTH chains with R−1 < 0.05 AND converged: true.
2026-08-04T13:33:39-06:00 poll exit=2
  bar:  R−1 < 0.05 on BOTH + self-stop (converged: true) on BOTH
  refuse if either R−1 >= bar, missing progress, or not self-stopped
  dyad_mnu_bbnfix: R−1 = 0.072286 >= 0.05 (N=21867.0, t=2026-08-04T13:32:11.885152) — NOT READY
  dyad_mnu_bbnfix: checkpoint converged: false — NOT READY (self-stop required)
  dyad_mnu_bbnfix: checkpoint Rminus1_last=0.072286 (informational; gate uses progress R−1)
  cmp_lcdm_mnu_bbnfix: R−1 = 0.071122 >= 0.05 (N=21886.0, t=2026-08-04T13:01:13.920757) — NOT READY
  cmp_lcdm_mnu_bbnfix: checkpoint converged: false — NOT READY (self-stop required)
  cmp_lcdm_mnu_bbnfix: checkpoint Rminus1_last=0.071122 (informational; gate uses progress R−1)
  REFUSED — booking blocked (gate closed).
  Gate requires BOTH chains with R−1 < 0.05 AND converged: true.
2026-08-04T13:39:09-06:00 poll exit=2
  bar:  R−1 < 0.05 on BOTH + self-stop (converged: true) on BOTH
  refuse if either R−1 >= bar, missing progress, or not self-stopped
  dyad_mnu_bbnfix: R−1 = 0.072286 >= 0.05 (N=21867.0, t=2026-08-04T13:32:11.885152) — NOT READY
  dyad_mnu_bbnfix: checkpoint converged: false — NOT READY (self-stop required)
  dyad_mnu_bbnfix: checkpoint Rminus1_last=0.072286 (informational; gate uses progress R−1)
  cmp_lcdm_mnu_bbnfix: R−1 = 0.071122 >= 0.05 (N=21886.0, t=2026-08-04T13:01:13.920757) — NOT READY
  cmp_lcdm_mnu_bbnfix: checkpoint converged: false — NOT READY (self-stop required)
  cmp_lcdm_mnu_bbnfix: checkpoint Rminus1_last=0.071122 (informational; gate uses progress R−1)
  REFUSED — booking blocked (gate closed).
  Gate requires BOTH chains with R−1 < 0.05 AND converged: true.
2026-08-04T13:44:36-06:00 poll exit=2
  bar:  R−1 < 0.05 on BOTH + self-stop (converged: true) on BOTH
  refuse if either R−1 >= bar, missing progress, or not self-stopped
  dyad_mnu_bbnfix: R−1 = 0.072286 >= 0.05 (N=21867.0, t=2026-08-04T13:32:11.885152) — NOT READY
  dyad_mnu_bbnfix: checkpoint converged: false — NOT READY (self-stop required)
  dyad_mnu_bbnfix: checkpoint Rminus1_last=0.072286 (informational; gate uses progress R−1)
  cmp_lcdm_mnu_bbnfix: R−1 = 0.071122 >= 0.05 (N=21886.0, t=2026-08-04T13:01:13.920757) — NOT READY
  cmp_lcdm_mnu_bbnfix: checkpoint converged: false — NOT READY (self-stop required)
  cmp_lcdm_mnu_bbnfix: checkpoint Rminus1_last=0.071122 (informational; gate uses progress R−1)
  REFUSED — booking blocked (gate closed).
  Gate requires BOTH chains with R−1 < 0.05 AND converged: true.
2026-08-04T13:50:02-06:00 poll exit=2
  bar:  R−1 < 0.05 on BOTH + self-stop (converged: true) on BOTH
  refuse if either R−1 >= bar, missing progress, or not self-stopped
  dyad_mnu_bbnfix: R−1 = 0.072286 >= 0.05 (N=21867.0, t=2026-08-04T13:32:11.885152) — NOT READY
  dyad_mnu_bbnfix: checkpoint converged: false — NOT READY (self-stop required)
  dyad_mnu_bbnfix: checkpoint Rminus1_last=0.072286 (informational; gate uses progress R−1)
  cmp_lcdm_mnu_bbnfix: R−1 = 0.071122 >= 0.05 (N=21886.0, t=2026-08-04T13:01:13.920757) — NOT READY
  cmp_lcdm_mnu_bbnfix: checkpoint converged: false — NOT READY (self-stop required)
  cmp_lcdm_mnu_bbnfix: checkpoint Rminus1_last=0.071122 (informational; gate uses progress R−1)
  REFUSED — booking blocked (gate closed).
  Gate requires BOTH chains with R−1 < 0.05 AND converged: true.
2026-08-04T13:55:32-06:00 poll exit=2
  bar:  R−1 < 0.05 on BOTH + self-stop (converged: true) on BOTH
  refuse if either R−1 >= bar, missing progress, or not self-stopped
  dyad_mnu_bbnfix: R−1 = 0.072286 >= 0.05 (N=21867.0, t=2026-08-04T13:32:11.885152) — NOT READY
  dyad_mnu_bbnfix: checkpoint converged: false — NOT READY (self-stop required)
  dyad_mnu_bbnfix: checkpoint Rminus1_last=0.072286 (informational; gate uses progress R−1)
  cmp_lcdm_mnu_bbnfix: R−1 = 0.071122 >= 0.05 (N=21886.0, t=2026-08-04T13:01:13.920757) — NOT READY
  cmp_lcdm_mnu_bbnfix: checkpoint converged: false — NOT READY (self-stop required)
  cmp_lcdm_mnu_bbnfix: checkpoint Rminus1_last=0.071122 (informational; gate uses progress R−1)
  REFUSED — booking blocked (gate closed).
  Gate requires BOTH chains with R−1 < 0.05 AND converged: true.
2026-08-04T14:00:59-06:00 poll exit=2
  bar:  R−1 < 0.05 on BOTH + self-stop (converged: true) on BOTH
  refuse if either R−1 >= bar, missing progress, or not self-stopped
  dyad_mnu_bbnfix: R−1 = 0.072286 >= 0.05 (N=21867.0, t=2026-08-04T13:32:11.885152) — NOT READY
  dyad_mnu_bbnfix: checkpoint converged: false — NOT READY (self-stop required)
  dyad_mnu_bbnfix: checkpoint Rminus1_last=0.072286 (informational; gate uses progress R−1)
  cmp_lcdm_mnu_bbnfix: R−1 = 0.071122 >= 0.05 (N=21886.0, t=2026-08-04T13:01:13.920757) — NOT READY
  cmp_lcdm_mnu_bbnfix: checkpoint converged: false — NOT READY (self-stop required)
  cmp_lcdm_mnu_bbnfix: checkpoint Rminus1_last=0.071122 (informational; gate uses progress R−1)
  REFUSED — booking blocked (gate closed).
  Gate requires BOTH chains with R−1 < 0.05 AND converged: true.
2026-08-04T14:06:26-06:00 poll exit=2
  bar:  R−1 < 0.05 on BOTH + self-stop (converged: true) on BOTH
  refuse if either R−1 >= bar, missing progress, or not self-stopped
  dyad_mnu_bbnfix: R−1 = 0.072286 >= 0.05 (N=21867.0, t=2026-08-04T13:32:11.885152) — NOT READY
  dyad_mnu_bbnfix: checkpoint converged: false — NOT READY (self-stop required)
  dyad_mnu_bbnfix: checkpoint Rminus1_last=0.072286 (informational; gate uses progress R−1)
  cmp_lcdm_mnu_bbnfix: R−1 = 0.071122 >= 0.05 (N=21886.0, t=2026-08-04T13:01:13.920757) — NOT READY
  cmp_lcdm_mnu_bbnfix: checkpoint converged: false — NOT READY (self-stop required)
  cmp_lcdm_mnu_bbnfix: checkpoint Rminus1_last=0.071122 (informational; gate uses progress R−1)
  REFUSED — booking blocked (gate closed).
  Gate requires BOTH chains with R−1 < 0.05 AND converged: true.
2026-08-04T14:11:55-06:00 poll exit=2
  bar:  R−1 < 0.05 on BOTH + self-stop (converged: true) on BOTH
  refuse if either R−1 >= bar, missing progress, or not self-stopped
  dyad_mnu_bbnfix: R−1 = 0.072286 >= 0.05 (N=21867.0, t=2026-08-04T13:32:11.885152) — NOT READY
  dyad_mnu_bbnfix: checkpoint converged: false — NOT READY (self-stop required)
  dyad_mnu_bbnfix: checkpoint Rminus1_last=0.072286 (informational; gate uses progress R−1)
  cmp_lcdm_mnu_bbnfix: R−1 = 0.071122 >= 0.05 (N=21886.0, t=2026-08-04T13:01:13.920757) — NOT READY
  cmp_lcdm_mnu_bbnfix: checkpoint converged: false — NOT READY (self-stop required)
  cmp_lcdm_mnu_bbnfix: checkpoint Rminus1_last=0.071122 (informational; gate uses progress R−1)
  REFUSED — booking blocked (gate closed).
  Gate requires BOTH chains with R−1 < 0.05 AND converged: true.
2026-08-04T14:17:22-06:00 poll exit=2
  bar:  R−1 < 0.05 on BOTH + self-stop (converged: true) on BOTH
  refuse if either R−1 >= bar, missing progress, or not self-stopped
  dyad_mnu_bbnfix: R−1 = 0.072286 >= 0.05 (N=21867.0, t=2026-08-04T13:32:11.885152) — NOT READY
  dyad_mnu_bbnfix: checkpoint converged: false — NOT READY (self-stop required)
  dyad_mnu_bbnfix: checkpoint Rminus1_last=0.072286 (informational; gate uses progress R−1)
  cmp_lcdm_mnu_bbnfix: R−1 = 0.071122 >= 0.05 (N=21886.0, t=2026-08-04T13:01:13.920757) — NOT READY
  cmp_lcdm_mnu_bbnfix: checkpoint converged: false — NOT READY (self-stop required)
  cmp_lcdm_mnu_bbnfix: checkpoint Rminus1_last=0.071122 (informational; gate uses progress R−1)
  REFUSED — booking blocked (gate closed).
  Gate requires BOTH chains with R−1 < 0.05 AND converged: true.
2026-08-04T14:22:48-06:00 poll exit=2
  bar:  R−1 < 0.05 on BOTH + self-stop (converged: true) on BOTH
  refuse if either R−1 >= bar, missing progress, or not self-stopped
  dyad_mnu_bbnfix: R−1 = 0.072286 >= 0.05 (N=21867.0, t=2026-08-04T13:32:11.885152) — NOT READY
  dyad_mnu_bbnfix: checkpoint converged: false — NOT READY (self-stop required)
  dyad_mnu_bbnfix: checkpoint Rminus1_last=0.072286 (informational; gate uses progress R−1)
  cmp_lcdm_mnu_bbnfix: R−1 = 0.071122 >= 0.05 (N=21886.0, t=2026-08-04T13:01:13.920757) — NOT READY
  cmp_lcdm_mnu_bbnfix: checkpoint converged: false — NOT READY (self-stop required)
  cmp_lcdm_mnu_bbnfix: checkpoint Rminus1_last=0.071122 (informational; gate uses progress R−1)
  REFUSED — booking blocked (gate closed).
  Gate requires BOTH chains with R−1 < 0.05 AND converged: true.
2026-08-04T14:28:18-06:00 poll exit=2
  bar:  R−1 < 0.05 on BOTH + self-stop (converged: true) on BOTH
  refuse if either R−1 >= bar, missing progress, or not self-stopped
  dyad_mnu_bbnfix: R−1 = 0.072286 >= 0.05 (N=21867.0, t=2026-08-04T13:32:11.885152) — NOT READY
  dyad_mnu_bbnfix: checkpoint converged: false — NOT READY (self-stop required)
  dyad_mnu_bbnfix: checkpoint Rminus1_last=0.072286 (informational; gate uses progress R−1)
  cmp_lcdm_mnu_bbnfix: R−1 = 0.071122 >= 0.05 (N=21886.0, t=2026-08-04T13:01:13.920757) — NOT READY
  cmp_lcdm_mnu_bbnfix: checkpoint converged: false — NOT READY (self-stop required)
  cmp_lcdm_mnu_bbnfix: checkpoint Rminus1_last=0.071122 (informational; gate uses progress R−1)
  REFUSED — booking blocked (gate closed).
  Gate requires BOTH chains with R−1 < 0.05 AND converged: true.
2026-08-04T14:33:45-06:00 poll exit=2
  bar:  R−1 < 0.05 on BOTH + self-stop (converged: true) on BOTH
  refuse if either R−1 >= bar, missing progress, or not self-stopped
  dyad_mnu_bbnfix: R−1 = 0.072286 >= 0.05 (N=21867.0, t=2026-08-04T13:32:11.885152) — NOT READY
  dyad_mnu_bbnfix: checkpoint converged: false — NOT READY (self-stop required)
  dyad_mnu_bbnfix: checkpoint Rminus1_last=0.072286 (informational; gate uses progress R−1)
  cmp_lcdm_mnu_bbnfix: R−1 = 0.071122 >= 0.05 (N=21886.0, t=2026-08-04T13:01:13.920757) — NOT READY
  cmp_lcdm_mnu_bbnfix: checkpoint converged: false — NOT READY (self-stop required)
  cmp_lcdm_mnu_bbnfix: checkpoint Rminus1_last=0.071122 (informational; gate uses progress R−1)
  REFUSED — booking blocked (gate closed).
  Gate requires BOTH chains with R−1 < 0.05 AND converged: true.
2026-08-04T14:39:11-06:00 poll exit=2
  bar:  R−1 < 0.05 on BOTH + self-stop (converged: true) on BOTH
  refuse if either R−1 >= bar, missing progress, or not self-stopped
  dyad_mnu_bbnfix: R−1 = 0.072286 >= 0.05 (N=21867.0, t=2026-08-04T13:32:11.885152) — NOT READY
  dyad_mnu_bbnfix: checkpoint converged: false — NOT READY (self-stop required)
  dyad_mnu_bbnfix: checkpoint Rminus1_last=0.072286 (informational; gate uses progress R−1)
  cmp_lcdm_mnu_bbnfix: R−1 = 0.071122 >= 0.05 (N=21886.0, t=2026-08-04T13:01:13.920757) — NOT READY
  cmp_lcdm_mnu_bbnfix: checkpoint converged: false — NOT READY (self-stop required)
  cmp_lcdm_mnu_bbnfix: checkpoint Rminus1_last=0.071122 (informational; gate uses progress R−1)
  REFUSED — booking blocked (gate closed).
  Gate requires BOTH chains with R−1 < 0.05 AND converged: true.
2026-08-04T14:44:38-06:00 poll exit=2
  bar:  R−1 < 0.05 on BOTH + self-stop (converged: true) on BOTH
  refuse if either R−1 >= bar, missing progress, or not self-stopped
  dyad_mnu_bbnfix: R−1 = 0.072286 >= 0.05 (N=21867.0, t=2026-08-04T13:32:11.885152) — NOT READY
  dyad_mnu_bbnfix: checkpoint converged: false — NOT READY (self-stop required)
  dyad_mnu_bbnfix: checkpoint Rminus1_last=0.072286 (informational; gate uses progress R−1)
  cmp_lcdm_mnu_bbnfix: R−1 = 0.071122 >= 0.05 (N=21886.0, t=2026-08-04T13:01:13.920757) — NOT READY
  cmp_lcdm_mnu_bbnfix: checkpoint converged: false — NOT READY (self-stop required)
  cmp_lcdm_mnu_bbnfix: checkpoint Rminus1_last=0.071122 (informational; gate uses progress R−1)
  REFUSED — booking blocked (gate closed).
  Gate requires BOTH chains with R−1 < 0.05 AND converged: true.
2026-08-04T14:50:08-06:00 poll exit=2
  bar:  R−1 < 0.05 on BOTH + self-stop (converged: true) on BOTH
  refuse if either R−1 >= bar, missing progress, or not self-stopped
  dyad_mnu_bbnfix: R−1 = 0.072286 >= 0.05 (N=21867.0, t=2026-08-04T13:32:11.885152) — NOT READY
  dyad_mnu_bbnfix: checkpoint converged: false — NOT READY (self-stop required)
  dyad_mnu_bbnfix: checkpoint Rminus1_last=0.072286 (informational; gate uses progress R−1)
  cmp_lcdm_mnu_bbnfix: R−1 = 0.071122 >= 0.05 (N=21886.0, t=2026-08-04T13:01:13.920757) — NOT READY
  cmp_lcdm_mnu_bbnfix: checkpoint converged: false — NOT READY (self-stop required)
  cmp_lcdm_mnu_bbnfix: checkpoint Rminus1_last=0.071122 (informational; gate uses progress R−1)
  REFUSED — booking blocked (gate closed).
  Gate requires BOTH chains with R−1 < 0.05 AND converged: true.
2026-08-04T14:55:34-06:00 poll exit=2
  bar:  R−1 < 0.05 on BOTH + self-stop (converged: true) on BOTH
  refuse if either R−1 >= bar, missing progress, or not self-stopped
  dyad_mnu_bbnfix: R−1 = 0.072286 >= 0.05 (N=21867.0, t=2026-08-04T13:32:11.885152) — NOT READY
  dyad_mnu_bbnfix: checkpoint converged: false — NOT READY (self-stop required)
  dyad_mnu_bbnfix: checkpoint Rminus1_last=0.072286 (informational; gate uses progress R−1)
  cmp_lcdm_mnu_bbnfix: R−1 = 0.071122 >= 0.05 (N=21886.0, t=2026-08-04T13:01:13.920757) — NOT READY
  cmp_lcdm_mnu_bbnfix: checkpoint converged: false — NOT READY (self-stop required)
  cmp_lcdm_mnu_bbnfix: checkpoint Rminus1_last=0.071122 (informational; gate uses progress R−1)
  REFUSED — booking blocked (gate closed).
  Gate requires BOTH chains with R−1 < 0.05 AND converged: true.
2026-08-04T15:01:01-06:00 poll exit=2
  bar:  R−1 < 0.05 on BOTH + self-stop (converged: true) on BOTH
  refuse if either R−1 >= bar, missing progress, or not self-stopped
  dyad_mnu_bbnfix: R−1 = 0.072286 >= 0.05 (N=21867.0, t=2026-08-04T13:32:11.885152) — NOT READY
  dyad_mnu_bbnfix: checkpoint converged: false — NOT READY (self-stop required)
  dyad_mnu_bbnfix: checkpoint Rminus1_last=0.072286 (informational; gate uses progress R−1)
  cmp_lcdm_mnu_bbnfix: R−1 = 0.071122 >= 0.05 (N=21886.0, t=2026-08-04T13:01:13.920757) — NOT READY
  cmp_lcdm_mnu_bbnfix: checkpoint converged: false — NOT READY (self-stop required)
  cmp_lcdm_mnu_bbnfix: checkpoint Rminus1_last=0.071122 (informational; gate uses progress R−1)
  REFUSED — booking blocked (gate closed).
  Gate requires BOTH chains with R−1 < 0.05 AND converged: true.
2026-08-04T15:06:30-06:00 poll exit=2
  bar:  R−1 < 0.05 on BOTH + self-stop (converged: true) on BOTH
  refuse if either R−1 >= bar, missing progress, or not self-stopped
  dyad_mnu_bbnfix: R−1 = 0.072286 >= 0.05 (N=21867.0, t=2026-08-04T13:32:11.885152) — NOT READY
  dyad_mnu_bbnfix: checkpoint converged: false — NOT READY (self-stop required)
  dyad_mnu_bbnfix: checkpoint Rminus1_last=0.072286 (informational; gate uses progress R−1)
  cmp_lcdm_mnu_bbnfix: R−1 = 0.071122 >= 0.05 (N=21886.0, t=2026-08-04T13:01:13.920757) — NOT READY
  cmp_lcdm_mnu_bbnfix: checkpoint converged: false — NOT READY (self-stop required)
  cmp_lcdm_mnu_bbnfix: checkpoint Rminus1_last=0.071122 (informational; gate uses progress R−1)
  REFUSED — booking blocked (gate closed).
  Gate requires BOTH chains with R−1 < 0.05 AND converged: true.
2026-08-04T15:11:57-06:00 poll exit=2
  bar:  R−1 < 0.05 on BOTH + self-stop (converged: true) on BOTH
  refuse if either R−1 >= bar, missing progress, or not self-stopped
  dyad_mnu_bbnfix: R−1 = 0.072286 >= 0.05 (N=21867.0, t=2026-08-04T13:32:11.885152) — NOT READY
  dyad_mnu_bbnfix: checkpoint converged: false — NOT READY (self-stop required)
  dyad_mnu_bbnfix: checkpoint Rminus1_last=0.072286 (informational; gate uses progress R−1)
  cmp_lcdm_mnu_bbnfix: R−1 = 0.071122 >= 0.05 (N=21886.0, t=2026-08-04T13:01:13.920757) — NOT READY
  cmp_lcdm_mnu_bbnfix: checkpoint converged: false — NOT READY (self-stop required)
  cmp_lcdm_mnu_bbnfix: checkpoint Rminus1_last=0.071122 (informational; gate uses progress R−1)
  REFUSED — booking blocked (gate closed).
  Gate requires BOTH chains with R−1 < 0.05 AND converged: true.
2026-08-04T15:17:24-06:00 poll exit=2
  bar:  R−1 < 0.05 on BOTH + self-stop (converged: true) on BOTH
  refuse if either R−1 >= bar, missing progress, or not self-stopped
  dyad_mnu_bbnfix: R−1 = 0.072286 >= 0.05 (N=21867.0, t=2026-08-04T13:32:11.885152) — NOT READY
  dyad_mnu_bbnfix: checkpoint converged: false — NOT READY (self-stop required)
  dyad_mnu_bbnfix: checkpoint Rminus1_last=0.072286 (informational; gate uses progress R−1)
  cmp_lcdm_mnu_bbnfix: R−1 = 0.071122 >= 0.05 (N=21886.0, t=2026-08-04T13:01:13.920757) — NOT READY
  cmp_lcdm_mnu_bbnfix: checkpoint converged: false — NOT READY (self-stop required)
  cmp_lcdm_mnu_bbnfix: checkpoint Rminus1_last=0.071122 (informational; gate uses progress R−1)
  REFUSED — booking blocked (gate closed).
  Gate requires BOTH chains with R−1 < 0.05 AND converged: true.
2026-08-04T15:22:53-06:00 poll exit=2
  bar:  R−1 < 0.05 on BOTH + self-stop (converged: true) on BOTH
  refuse if either R−1 >= bar, missing progress, or not self-stopped
  dyad_mnu_bbnfix: R−1 = 0.072286 >= 0.05 (N=21867.0, t=2026-08-04T13:32:11.885152) — NOT READY
  dyad_mnu_bbnfix: checkpoint converged: false — NOT READY (self-stop required)
  dyad_mnu_bbnfix: checkpoint Rminus1_last=0.072286 (informational; gate uses progress R−1)
  cmp_lcdm_mnu_bbnfix: R−1 = 0.071122 >= 0.05 (N=21886.0, t=2026-08-04T13:01:13.920757) — NOT READY
  cmp_lcdm_mnu_bbnfix: checkpoint converged: false — NOT READY (self-stop required)
  cmp_lcdm_mnu_bbnfix: checkpoint Rminus1_last=0.071122 (informational; gate uses progress R−1)
  REFUSED — booking blocked (gate closed).
  Gate requires BOTH chains with R−1 < 0.05 AND converged: true.
2026-08-04T15:28:20-06:00 poll exit=2
  bar:  R−1 < 0.05 on BOTH + self-stop (converged: true) on BOTH
  refuse if either R−1 >= bar, missing progress, or not self-stopped
  dyad_mnu_bbnfix: R−1 = 0.072286 >= 0.05 (N=21867.0, t=2026-08-04T13:32:11.885152) — NOT READY
  dyad_mnu_bbnfix: checkpoint converged: false — NOT READY (self-stop required)
  dyad_mnu_bbnfix: checkpoint Rminus1_last=0.072286 (informational; gate uses progress R−1)
  cmp_lcdm_mnu_bbnfix: R−1 = 0.071122 >= 0.05 (N=21886.0, t=2026-08-04T13:01:13.920757) — NOT READY
  cmp_lcdm_mnu_bbnfix: checkpoint converged: false — NOT READY (self-stop required)
  cmp_lcdm_mnu_bbnfix: checkpoint Rminus1_last=0.071122 (informational; gate uses progress R−1)
  REFUSED — booking blocked (gate closed).
  Gate requires BOTH chains with R−1 < 0.05 AND converged: true.
2026-08-04T15:33:47-06:00 poll exit=2
  bar:  R−1 < 0.05 on BOTH + self-stop (converged: true) on BOTH
  refuse if either R−1 >= bar, missing progress, or not self-stopped
  dyad_mnu_bbnfix: R−1 = 0.072286 >= 0.05 (N=21867.0, t=2026-08-04T13:32:11.885152) — NOT READY
  dyad_mnu_bbnfix: checkpoint converged: false — NOT READY (self-stop required)
  dyad_mnu_bbnfix: checkpoint Rminus1_last=0.072286 (informational; gate uses progress R−1)
  cmp_lcdm_mnu_bbnfix: R−1 = 0.071122 >= 0.05 (N=21886.0, t=2026-08-04T13:01:13.920757) — NOT READY
  cmp_lcdm_mnu_bbnfix: checkpoint converged: false — NOT READY (self-stop required)
  cmp_lcdm_mnu_bbnfix: checkpoint Rminus1_last=0.071122 (informational; gate uses progress R−1)
  REFUSED — booking blocked (gate closed).
  Gate requires BOTH chains with R−1 < 0.05 AND converged: true.
2026-08-04T15:39:16-06:00 poll exit=2
  bar:  R−1 < 0.05 on BOTH + self-stop (converged: true) on BOTH
  refuse if either R−1 >= bar, missing progress, or not self-stopped
  dyad_mnu_bbnfix: R−1 = 0.072286 >= 0.05 (N=21867.0, t=2026-08-04T13:32:11.885152) — NOT READY
  dyad_mnu_bbnfix: checkpoint converged: false — NOT READY (self-stop required)
  dyad_mnu_bbnfix: checkpoint Rminus1_last=0.072286 (informational; gate uses progress R−1)
  cmp_lcdm_mnu_bbnfix: R−1 = 0.071122 >= 0.05 (N=21886.0, t=2026-08-04T13:01:13.920757) — NOT READY
  cmp_lcdm_mnu_bbnfix: checkpoint converged: false — NOT READY (self-stop required)
  cmp_lcdm_mnu_bbnfix: checkpoint Rminus1_last=0.071122 (informational; gate uses progress R−1)
  REFUSED — booking blocked (gate closed).
  Gate requires BOTH chains with R−1 < 0.05 AND converged: true.
2026-08-04T15:44:42-06:00 poll exit=2
  bar:  R−1 < 0.05 on BOTH + self-stop (converged: true) on BOTH
  refuse if either R−1 >= bar, missing progress, or not self-stopped
  dyad_mnu_bbnfix: R−1 = 0.072286 >= 0.05 (N=21867.0, t=2026-08-04T13:32:11.885152) — NOT READY
  dyad_mnu_bbnfix: checkpoint converged: false — NOT READY (self-stop required)
  dyad_mnu_bbnfix: checkpoint Rminus1_last=0.072286 (informational; gate uses progress R−1)
  cmp_lcdm_mnu_bbnfix: R−1 = 0.071122 >= 0.05 (N=21886.0, t=2026-08-04T13:01:13.920757) — NOT READY
  cmp_lcdm_mnu_bbnfix: checkpoint converged: false — NOT READY (self-stop required)
  cmp_lcdm_mnu_bbnfix: checkpoint Rminus1_last=0.071122 (informational; gate uses progress R−1)
  REFUSED — booking blocked (gate closed).
  Gate requires BOTH chains with R−1 < 0.05 AND converged: true.
2026-08-04T15:50:11-06:00 poll exit=2
  bar:  R−1 < 0.05 on BOTH + self-stop (converged: true) on BOTH
  refuse if either R−1 >= bar, missing progress, or not self-stopped
  dyad_mnu_bbnfix: R−1 = 0.072286 >= 0.05 (N=21867.0, t=2026-08-04T13:32:11.885152) — NOT READY
  dyad_mnu_bbnfix: checkpoint converged: false — NOT READY (self-stop required)
  dyad_mnu_bbnfix: checkpoint Rminus1_last=0.072286 (informational; gate uses progress R−1)
  cmp_lcdm_mnu_bbnfix: R−1 = 0.071122 >= 0.05 (N=21886.0, t=2026-08-04T13:01:13.920757) — NOT READY
  cmp_lcdm_mnu_bbnfix: checkpoint converged: false — NOT READY (self-stop required)
  cmp_lcdm_mnu_bbnfix: checkpoint Rminus1_last=0.071122 (informational; gate uses progress R−1)
  REFUSED — booking blocked (gate closed).
  Gate requires BOTH chains with R−1 < 0.05 AND converged: true.
2026-08-04T15:55:38-06:00 poll exit=2
  bar:  R−1 < 0.05 on BOTH + self-stop (converged: true) on BOTH
  refuse if either R−1 >= bar, missing progress, or not self-stopped
  dyad_mnu_bbnfix: R−1 = 0.072286 >= 0.05 (N=21867.0, t=2026-08-04T13:32:11.885152) — NOT READY
  dyad_mnu_bbnfix: checkpoint converged: false — NOT READY (self-stop required)
  dyad_mnu_bbnfix: checkpoint Rminus1_last=0.072286 (informational; gate uses progress R−1)
  cmp_lcdm_mnu_bbnfix: R−1 = 0.071122 >= 0.05 (N=21886.0, t=2026-08-04T13:01:13.920757) — NOT READY
  cmp_lcdm_mnu_bbnfix: checkpoint converged: false — NOT READY (self-stop required)
  cmp_lcdm_mnu_bbnfix: checkpoint Rminus1_last=0.071122 (informational; gate uses progress R−1)
  REFUSED — booking blocked (gate closed).
  Gate requires BOTH chains with R−1 < 0.05 AND converged: true.
2026-08-04T16:01:05-06:00 poll exit=2
  bar:  R−1 < 0.05 on BOTH + self-stop (converged: true) on BOTH
  refuse if either R−1 >= bar, missing progress, or not self-stopped
  dyad_mnu_bbnfix: R−1 = 0.072286 >= 0.05 (N=21867.0, t=2026-08-04T13:32:11.885152) — NOT READY
  dyad_mnu_bbnfix: checkpoint converged: false — NOT READY (self-stop required)
  dyad_mnu_bbnfix: checkpoint Rminus1_last=0.072286 (informational; gate uses progress R−1)
  cmp_lcdm_mnu_bbnfix: R−1 = 0.071122 >= 0.05 (N=21886.0, t=2026-08-04T13:01:13.920757) — NOT READY
  cmp_lcdm_mnu_bbnfix: checkpoint converged: false — NOT READY (self-stop required)
  cmp_lcdm_mnu_bbnfix: checkpoint Rminus1_last=0.071122 (informational; gate uses progress R−1)
  REFUSED — booking blocked (gate closed).
  Gate requires BOTH chains with R−1 < 0.05 AND converged: true.
2026-08-04T16:06:34-06:00 poll exit=2
  bar:  R−1 < 0.05 on BOTH + self-stop (converged: true) on BOTH
  refuse if either R−1 >= bar, missing progress, or not self-stopped
  dyad_mnu_bbnfix: R−1 = 0.072286 >= 0.05 (N=21867.0, t=2026-08-04T13:32:11.885152) — NOT READY
  dyad_mnu_bbnfix: checkpoint converged: false — NOT READY (self-stop required)
  dyad_mnu_bbnfix: checkpoint Rminus1_last=0.072286 (informational; gate uses progress R−1)
  cmp_lcdm_mnu_bbnfix: R−1 = 0.071122 >= 0.05 (N=21886.0, t=2026-08-04T13:01:13.920757) — NOT READY
  cmp_lcdm_mnu_bbnfix: checkpoint converged: false — NOT READY (self-stop required)
  cmp_lcdm_mnu_bbnfix: checkpoint Rminus1_last=0.071122 (informational; gate uses progress R−1)
  REFUSED — booking blocked (gate closed).
  Gate requires BOTH chains with R−1 < 0.05 AND converged: true.
2026-08-04T16:12:01-06:00 poll exit=2
  bar:  R−1 < 0.05 on BOTH + self-stop (converged: true) on BOTH
  refuse if either R−1 >= bar, missing progress, or not self-stopped
  dyad_mnu_bbnfix: R−1 = 0.072286 >= 0.05 (N=21867.0, t=2026-08-04T13:32:11.885152) — NOT READY
  dyad_mnu_bbnfix: checkpoint converged: false — NOT READY (self-stop required)
  dyad_mnu_bbnfix: checkpoint Rminus1_last=0.072286 (informational; gate uses progress R−1)
  cmp_lcdm_mnu_bbnfix: R−1 = 0.071122 >= 0.05 (N=21886.0, t=2026-08-04T13:01:13.920757) — NOT READY
  cmp_lcdm_mnu_bbnfix: checkpoint converged: false — NOT READY (self-stop required)
  cmp_lcdm_mnu_bbnfix: checkpoint Rminus1_last=0.071122 (informational; gate uses progress R−1)
  REFUSED — booking blocked (gate closed).
  Gate requires BOTH chains with R−1 < 0.05 AND converged: true.
2026-08-04T16:17:28-06:00 poll exit=2
  bar:  R−1 < 0.05 on BOTH + self-stop (converged: true) on BOTH
  refuse if either R−1 >= bar, missing progress, or not self-stopped
  dyad_mnu_bbnfix: R−1 = 0.072286 >= 0.05 (N=21867.0, t=2026-08-04T13:32:11.885152) — NOT READY
  dyad_mnu_bbnfix: checkpoint converged: false — NOT READY (self-stop required)
  dyad_mnu_bbnfix: checkpoint Rminus1_last=0.072286 (informational; gate uses progress R−1)
  cmp_lcdm_mnu_bbnfix: R−1 = 0.071122 >= 0.05 (N=21886.0, t=2026-08-04T13:01:13.920757) — NOT READY
  cmp_lcdm_mnu_bbnfix: checkpoint converged: false — NOT READY (self-stop required)
  cmp_lcdm_mnu_bbnfix: checkpoint Rminus1_last=0.071122 (informational; gate uses progress R−1)
  REFUSED — booking blocked (gate closed).
  Gate requires BOTH chains with R−1 < 0.05 AND converged: true.
2026-08-04T16:22:57-06:00 poll exit=2
  bar:  R−1 < 0.05 on BOTH + self-stop (converged: true) on BOTH
  refuse if either R−1 >= bar, missing progress, or not self-stopped
  dyad_mnu_bbnfix: R−1 = 0.072286 >= 0.05 (N=21867.0, t=2026-08-04T13:32:11.885152) — NOT READY
  dyad_mnu_bbnfix: checkpoint converged: false — NOT READY (self-stop required)
  dyad_mnu_bbnfix: checkpoint Rminus1_last=0.072286 (informational; gate uses progress R−1)
  cmp_lcdm_mnu_bbnfix: R−1 = 0.071122 >= 0.05 (N=21886.0, t=2026-08-04T13:01:13.920757) — NOT READY
  cmp_lcdm_mnu_bbnfix: checkpoint converged: false — NOT READY (self-stop required)
  cmp_lcdm_mnu_bbnfix: checkpoint Rminus1_last=0.071122 (informational; gate uses progress R−1)
  REFUSED — booking blocked (gate closed).
  Gate requires BOTH chains with R−1 < 0.05 AND converged: true.
2026-08-04T16:28:24-06:00 poll exit=2
  bar:  R−1 < 0.05 on BOTH + self-stop (converged: true) on BOTH
  refuse if either R−1 >= bar, missing progress, or not self-stopped
  dyad_mnu_bbnfix: R−1 = 0.072286 >= 0.05 (N=21867.0, t=2026-08-04T13:32:11.885152) — NOT READY
  dyad_mnu_bbnfix: checkpoint converged: false — NOT READY (self-stop required)
  dyad_mnu_bbnfix: checkpoint Rminus1_last=0.072286 (informational; gate uses progress R−1)
  cmp_lcdm_mnu_bbnfix: R−1 = 0.071122 >= 0.05 (N=21886.0, t=2026-08-04T13:01:13.920757) — NOT READY
  cmp_lcdm_mnu_bbnfix: checkpoint converged: false — NOT READY (self-stop required)
  cmp_lcdm_mnu_bbnfix: checkpoint Rminus1_last=0.071122 (informational; gate uses progress R−1)
  REFUSED — booking blocked (gate closed).
  Gate requires BOTH chains with R−1 < 0.05 AND converged: true.
2026-08-04T16:33:51-06:00 poll exit=2
  bar:  R−1 < 0.05 on BOTH + self-stop (converged: true) on BOTH
  refuse if either R−1 >= bar, missing progress, or not self-stopped
  dyad_mnu_bbnfix: R−1 = 0.072286 >= 0.05 (N=21867.0, t=2026-08-04T13:32:11.885152) — NOT READY
  dyad_mnu_bbnfix: checkpoint converged: false — NOT READY (self-stop required)
  dyad_mnu_bbnfix: checkpoint Rminus1_last=0.072286 (informational; gate uses progress R−1)
  cmp_lcdm_mnu_bbnfix: R−1 = 0.071122 >= 0.05 (N=21886.0, t=2026-08-04T13:01:13.920757) — NOT READY
  cmp_lcdm_mnu_bbnfix: checkpoint converged: false — NOT READY (self-stop required)
  cmp_lcdm_mnu_bbnfix: checkpoint Rminus1_last=0.071122 (informational; gate uses progress R−1)
  REFUSED — booking blocked (gate closed).
  Gate requires BOTH chains with R−1 < 0.05 AND converged: true.
2026-08-04T16:39:21-06:00 poll exit=2
  bar:  R−1 < 0.05 on BOTH + self-stop (converged: true) on BOTH
  refuse if either R−1 >= bar, missing progress, or not self-stopped
  dyad_mnu_bbnfix: R−1 = 0.072286 >= 0.05 (N=21867.0, t=2026-08-04T13:32:11.885152) — NOT READY
  dyad_mnu_bbnfix: checkpoint converged: false — NOT READY (self-stop required)
  dyad_mnu_bbnfix: checkpoint Rminus1_last=0.072286 (informational; gate uses progress R−1)
  cmp_lcdm_mnu_bbnfix: R−1 = 0.071122 >= 0.05 (N=21886.0, t=2026-08-04T13:01:13.920757) — NOT READY
  cmp_lcdm_mnu_bbnfix: checkpoint converged: false — NOT READY (self-stop required)
  cmp_lcdm_mnu_bbnfix: checkpoint Rminus1_last=0.071122 (informational; gate uses progress R−1)
  REFUSED — booking blocked (gate closed).
  Gate requires BOTH chains with R−1 < 0.05 AND converged: true.
2026-08-04T16:44:47-06:00 poll exit=2
  bar:  R−1 < 0.05 on BOTH + self-stop (converged: true) on BOTH
  refuse if either R−1 >= bar, missing progress, or not self-stopped
  dyad_mnu_bbnfix: R−1 = 0.072286 >= 0.05 (N=21867.0, t=2026-08-04T13:32:11.885152) — NOT READY
  dyad_mnu_bbnfix: checkpoint converged: false — NOT READY (self-stop required)
  dyad_mnu_bbnfix: checkpoint Rminus1_last=0.072286 (informational; gate uses progress R−1)
  cmp_lcdm_mnu_bbnfix: R−1 = 0.071122 >= 0.05 (N=21886.0, t=2026-08-04T13:01:13.920757) — NOT READY
  cmp_lcdm_mnu_bbnfix: checkpoint converged: false — NOT READY (self-stop required)
  cmp_lcdm_mnu_bbnfix: checkpoint Rminus1_last=0.071122 (informational; gate uses progress R−1)
  REFUSED — booking blocked (gate closed).
  Gate requires BOTH chains with R−1 < 0.05 AND converged: true.
2026-08-04T16:50:14-06:00 poll exit=2
  bar:  R−1 < 0.05 on BOTH + self-stop (converged: true) on BOTH
  refuse if either R−1 >= bar, missing progress, or not self-stopped
  dyad_mnu_bbnfix: R−1 = 0.072286 >= 0.05 (N=21867.0, t=2026-08-04T13:32:11.885152) — NOT READY
  dyad_mnu_bbnfix: checkpoint converged: false — NOT READY (self-stop required)
  dyad_mnu_bbnfix: checkpoint Rminus1_last=0.072286 (informational; gate uses progress R−1)
  cmp_lcdm_mnu_bbnfix: R−1 = 0.071122 >= 0.05 (N=21886.0, t=2026-08-04T13:01:13.920757) — NOT READY
  cmp_lcdm_mnu_bbnfix: checkpoint converged: false — NOT READY (self-stop required)
  cmp_lcdm_mnu_bbnfix: checkpoint Rminus1_last=0.071122 (informational; gate uses progress R−1)
  REFUSED — booking blocked (gate closed).
  Gate requires BOTH chains with R−1 < 0.05 AND converged: true.
2026-08-04T16:55:41-06:00 poll exit=2
  bar:  R−1 < 0.05 on BOTH + self-stop (converged: true) on BOTH
  refuse if either R−1 >= bar, missing progress, or not self-stopped
  dyad_mnu_bbnfix: R−1 = 0.072286 >= 0.05 (N=21867.0, t=2026-08-04T13:32:11.885152) — NOT READY
  dyad_mnu_bbnfix: checkpoint converged: false — NOT READY (self-stop required)
  dyad_mnu_bbnfix: checkpoint Rminus1_last=0.072286 (informational; gate uses progress R−1)
  cmp_lcdm_mnu_bbnfix: R−1 = 0.071122 >= 0.05 (N=21886.0, t=2026-08-04T13:01:13.920757) — NOT READY
  cmp_lcdm_mnu_bbnfix: checkpoint converged: false — NOT READY (self-stop required)
  cmp_lcdm_mnu_bbnfix: checkpoint Rminus1_last=0.071122 (informational; gate uses progress R−1)
  REFUSED — booking blocked (gate closed).
  Gate requires BOTH chains with R−1 < 0.05 AND converged: true.
2026-08-04T17:01:10-06:00 poll exit=2
  bar:  R−1 < 0.05 on BOTH + self-stop (converged: true) on BOTH
  refuse if either R−1 >= bar, missing progress, or not self-stopped
  dyad_mnu_bbnfix: R−1 = 0.072286 >= 0.05 (N=21867.0, t=2026-08-04T13:32:11.885152) — NOT READY
  dyad_mnu_bbnfix: checkpoint converged: false — NOT READY (self-stop required)
  dyad_mnu_bbnfix: checkpoint Rminus1_last=0.072286 (informational; gate uses progress R−1)
  cmp_lcdm_mnu_bbnfix: R−1 = 0.071122 >= 0.05 (N=21886.0, t=2026-08-04T13:01:13.920757) — NOT READY
  cmp_lcdm_mnu_bbnfix: checkpoint converged: false — NOT READY (self-stop required)
  cmp_lcdm_mnu_bbnfix: checkpoint Rminus1_last=0.071122 (informational; gate uses progress R−1)
  REFUSED — booking blocked (gate closed).
  Gate requires BOTH chains with R−1 < 0.05 AND converged: true.
2026-08-04T17:06:37-06:00 poll exit=2
  bar:  R−1 < 0.05 on BOTH + self-stop (converged: true) on BOTH
  refuse if either R−1 >= bar, missing progress, or not self-stopped
  dyad_mnu_bbnfix: R−1 = 0.072286 >= 0.05 (N=21867.0, t=2026-08-04T13:32:11.885152) — NOT READY
  dyad_mnu_bbnfix: checkpoint converged: false — NOT READY (self-stop required)
  dyad_mnu_bbnfix: checkpoint Rminus1_last=0.072286 (informational; gate uses progress R−1)
  cmp_lcdm_mnu_bbnfix: R−1 = 0.071122 >= 0.05 (N=21886.0, t=2026-08-04T13:01:13.920757) — NOT READY
  cmp_lcdm_mnu_bbnfix: checkpoint converged: false — NOT READY (self-stop required)
  cmp_lcdm_mnu_bbnfix: checkpoint Rminus1_last=0.071122 (informational; gate uses progress R−1)
  REFUSED — booking blocked (gate closed).
  Gate requires BOTH chains with R−1 < 0.05 AND converged: true.
2026-08-04T17:12:04-06:00 poll exit=2
  bar:  R−1 < 0.05 on BOTH + self-stop (converged: true) on BOTH
  refuse if either R−1 >= bar, missing progress, or not self-stopped
  dyad_mnu_bbnfix: R−1 = 0.072286 >= 0.05 (N=21867.0, t=2026-08-04T13:32:11.885152) — NOT READY
  dyad_mnu_bbnfix: checkpoint converged: false — NOT READY (self-stop required)
  dyad_mnu_bbnfix: checkpoint Rminus1_last=0.072286 (informational; gate uses progress R−1)
  cmp_lcdm_mnu_bbnfix: R−1 = 0.071122 >= 0.05 (N=21886.0, t=2026-08-04T13:01:13.920757) — NOT READY
  cmp_lcdm_mnu_bbnfix: checkpoint converged: false — NOT READY (self-stop required)
  cmp_lcdm_mnu_bbnfix: checkpoint Rminus1_last=0.071122 (informational; gate uses progress R−1)
  REFUSED — booking blocked (gate closed).
  Gate requires BOTH chains with R−1 < 0.05 AND converged: true.
2026-08-04T17:17:33-06:00 poll exit=2
  bar:  R−1 < 0.05 on BOTH + self-stop (converged: true) on BOTH
  refuse if either R−1 >= bar, missing progress, or not self-stopped
  dyad_mnu_bbnfix: R−1 = 0.072286 >= 0.05 (N=21867.0, t=2026-08-04T13:32:11.885152) — NOT READY
  dyad_mnu_bbnfix: checkpoint converged: false — NOT READY (self-stop required)
  dyad_mnu_bbnfix: checkpoint Rminus1_last=0.072286 (informational; gate uses progress R−1)
  cmp_lcdm_mnu_bbnfix: R−1 = 0.071122 >= 0.05 (N=21886.0, t=2026-08-04T13:01:13.920757) — NOT READY
  cmp_lcdm_mnu_bbnfix: checkpoint converged: false — NOT READY (self-stop required)
  cmp_lcdm_mnu_bbnfix: checkpoint Rminus1_last=0.071122 (informational; gate uses progress R−1)
  REFUSED — booking blocked (gate closed).
  Gate requires BOTH chains with R−1 < 0.05 AND converged: true.
2026-08-04T17:23:00-06:00 poll exit=2
  bar:  R−1 < 0.05 on BOTH + self-stop (converged: true) on BOTH
  refuse if either R−1 >= bar, missing progress, or not self-stopped
  dyad_mnu_bbnfix: R−1 = 0.072286 >= 0.05 (N=21867.0, t=2026-08-04T13:32:11.885152) — NOT READY
  dyad_mnu_bbnfix: checkpoint converged: false — NOT READY (self-stop required)
  dyad_mnu_bbnfix: checkpoint Rminus1_last=0.072286 (informational; gate uses progress R−1)
  cmp_lcdm_mnu_bbnfix: R−1 = 0.071122 >= 0.05 (N=21886.0, t=2026-08-04T13:01:13.920757) — NOT READY
  cmp_lcdm_mnu_bbnfix: checkpoint converged: false — NOT READY (self-stop required)
  cmp_lcdm_mnu_bbnfix: checkpoint Rminus1_last=0.071122 (informational; gate uses progress R−1)
  REFUSED — booking blocked (gate closed).
  Gate requires BOTH chains with R−1 < 0.05 AND converged: true.
2026-08-04T17:28:27-06:00 poll exit=2
  bar:  R−1 < 0.05 on BOTH + self-stop (converged: true) on BOTH
  refuse if either R−1 >= bar, missing progress, or not self-stopped
  dyad_mnu_bbnfix: R−1 = 0.072286 >= 0.05 (N=21867.0, t=2026-08-04T13:32:11.885152) — NOT READY
  dyad_mnu_bbnfix: checkpoint converged: false — NOT READY (self-stop required)
  dyad_mnu_bbnfix: checkpoint Rminus1_last=0.072286 (informational; gate uses progress R−1)
  cmp_lcdm_mnu_bbnfix: R−1 = 0.071122 >= 0.05 (N=21886.0, t=2026-08-04T13:01:13.920757) — NOT READY
  cmp_lcdm_mnu_bbnfix: checkpoint converged: false — NOT READY (self-stop required)
  cmp_lcdm_mnu_bbnfix: checkpoint Rminus1_last=0.071122 (informational; gate uses progress R−1)
  REFUSED — booking blocked (gate closed).
  Gate requires BOTH chains with R−1 < 0.05 AND converged: true.
2026-08-04T17:33:56-06:00 poll exit=2
  bar:  R−1 < 0.05 on BOTH + self-stop (converged: true) on BOTH
  refuse if either R−1 >= bar, missing progress, or not self-stopped
  dyad_mnu_bbnfix: R−1 = 0.072286 >= 0.05 (N=21867.0, t=2026-08-04T13:32:11.885152) — NOT READY
  dyad_mnu_bbnfix: checkpoint converged: false — NOT READY (self-stop required)
  dyad_mnu_bbnfix: checkpoint Rminus1_last=0.072286 (informational; gate uses progress R−1)
  cmp_lcdm_mnu_bbnfix: R−1 = 0.071122 >= 0.05 (N=21886.0, t=2026-08-04T13:01:13.920757) — NOT READY
  cmp_lcdm_mnu_bbnfix: checkpoint converged: false — NOT READY (self-stop required)
  cmp_lcdm_mnu_bbnfix: checkpoint Rminus1_last=0.071122 (informational; gate uses progress R−1)
  REFUSED — booking blocked (gate closed).
  Gate requires BOTH chains with R−1 < 0.05 AND converged: true.
2026-08-04T17:39:23-06:00 poll exit=2
  bar:  R−1 < 0.05 on BOTH + self-stop (converged: true) on BOTH
  refuse if either R−1 >= bar, missing progress, or not self-stopped
  dyad_mnu_bbnfix: R−1 = 0.072286 >= 0.05 (N=21867.0, t=2026-08-04T13:32:11.885152) — NOT READY
  dyad_mnu_bbnfix: checkpoint converged: false — NOT READY (self-stop required)
  dyad_mnu_bbnfix: checkpoint Rminus1_last=0.072286 (informational; gate uses progress R−1)
  cmp_lcdm_mnu_bbnfix: R−1 = 0.071122 >= 0.05 (N=21886.0, t=2026-08-04T13:01:13.920757) — NOT READY
  cmp_lcdm_mnu_bbnfix: checkpoint converged: false — NOT READY (self-stop required)
  cmp_lcdm_mnu_bbnfix: checkpoint Rminus1_last=0.071122 (informational; gate uses progress R−1)
  REFUSED — booking blocked (gate closed).
  Gate requires BOTH chains with R−1 < 0.05 AND converged: true.
2026-08-04T17:44:50-06:00 poll exit=2
  bar:  R−1 < 0.05 on BOTH + self-stop (converged: true) on BOTH
  refuse if either R−1 >= bar, missing progress, or not self-stopped
  dyad_mnu_bbnfix: R−1 = 0.072286 >= 0.05 (N=21867.0, t=2026-08-04T13:32:11.885152) — NOT READY
  dyad_mnu_bbnfix: checkpoint converged: false — NOT READY (self-stop required)
  dyad_mnu_bbnfix: checkpoint Rminus1_last=0.072286 (informational; gate uses progress R−1)
  cmp_lcdm_mnu_bbnfix: R−1 = 0.071122 >= 0.05 (N=21886.0, t=2026-08-04T13:01:13.920757) — NOT READY
  cmp_lcdm_mnu_bbnfix: checkpoint converged: false — NOT READY (self-stop required)
  cmp_lcdm_mnu_bbnfix: checkpoint Rminus1_last=0.071122 (informational; gate uses progress R−1)
  REFUSED — booking blocked (gate closed).
  Gate requires BOTH chains with R−1 < 0.05 AND converged: true.
2026-08-04T17:50:19-06:00 poll exit=2
  bar:  R−1 < 0.05 on BOTH + self-stop (converged: true) on BOTH
  refuse if either R−1 >= bar, missing progress, or not self-stopped
  dyad_mnu_bbnfix: R−1 = 0.072286 >= 0.05 (N=21867.0, t=2026-08-04T13:32:11.885152) — NOT READY
  dyad_mnu_bbnfix: checkpoint converged: false — NOT READY (self-stop required)
  dyad_mnu_bbnfix: checkpoint Rminus1_last=0.072286 (informational; gate uses progress R−1)
  cmp_lcdm_mnu_bbnfix: R−1 = 0.071122 >= 0.05 (N=21886.0, t=2026-08-04T13:01:13.920757) — NOT READY
  cmp_lcdm_mnu_bbnfix: checkpoint converged: false — NOT READY (self-stop required)
  cmp_lcdm_mnu_bbnfix: checkpoint Rminus1_last=0.071122 (informational; gate uses progress R−1)
  REFUSED — booking blocked (gate closed).
  Gate requires BOTH chains with R−1 < 0.05 AND converged: true.
2026-08-04T17:55:46-06:00 poll exit=2
  bar:  R−1 < 0.05 on BOTH + self-stop (converged: true) on BOTH
  refuse if either R−1 >= bar, missing progress, or not self-stopped
  dyad_mnu_bbnfix: R−1 = 0.072286 >= 0.05 (N=21867.0, t=2026-08-04T13:32:11.885152) — NOT READY
  dyad_mnu_bbnfix: checkpoint converged: false — NOT READY (self-stop required)
  dyad_mnu_bbnfix: checkpoint Rminus1_last=0.072286 (informational; gate uses progress R−1)
  cmp_lcdm_mnu_bbnfix: R−1 = 0.071122 >= 0.05 (N=21886.0, t=2026-08-04T13:01:13.920757) — NOT READY
  cmp_lcdm_mnu_bbnfix: checkpoint converged: false — NOT READY (self-stop required)
  cmp_lcdm_mnu_bbnfix: checkpoint Rminus1_last=0.071122 (informational; gate uses progress R−1)
  REFUSED — booking blocked (gate closed).
  Gate requires BOTH chains with R−1 < 0.05 AND converged: true.
2026-08-04T18:01:12-06:00 poll exit=2
  bar:  R−1 < 0.05 on BOTH + self-stop (converged: true) on BOTH
  refuse if either R−1 >= bar, missing progress, or not self-stopped
  dyad_mnu_bbnfix: R−1 = 0.072286 >= 0.05 (N=21867.0, t=2026-08-04T13:32:11.885152) — NOT READY
  dyad_mnu_bbnfix: checkpoint converged: false — NOT READY (self-stop required)
  dyad_mnu_bbnfix: checkpoint Rminus1_last=0.072286 (informational; gate uses progress R−1)
  cmp_lcdm_mnu_bbnfix: R−1 = 0.071122 >= 0.05 (N=21886.0, t=2026-08-04T13:01:13.920757) — NOT READY
  cmp_lcdm_mnu_bbnfix: checkpoint converged: false — NOT READY (self-stop required)
  cmp_lcdm_mnu_bbnfix: checkpoint Rminus1_last=0.071122 (informational; gate uses progress R−1)
  REFUSED — booking blocked (gate closed).
  Gate requires BOTH chains with R−1 < 0.05 AND converged: true.
2026-08-04T18:06:42-06:00 poll exit=2
  bar:  R−1 < 0.05 on BOTH + self-stop (converged: true) on BOTH
  refuse if either R−1 >= bar, missing progress, or not self-stopped
  dyad_mnu_bbnfix: R−1 = 0.072286 >= 0.05 (N=21867.0, t=2026-08-04T13:32:11.885152) — NOT READY
  dyad_mnu_bbnfix: checkpoint converged: false — NOT READY (self-stop required)
  dyad_mnu_bbnfix: checkpoint Rminus1_last=0.072286 (informational; gate uses progress R−1)
  cmp_lcdm_mnu_bbnfix: R−1 = 0.071122 >= 0.05 (N=21886.0, t=2026-08-04T13:01:13.920757) — NOT READY
  cmp_lcdm_mnu_bbnfix: checkpoint converged: false — NOT READY (self-stop required)
  cmp_lcdm_mnu_bbnfix: checkpoint Rminus1_last=0.071122 (informational; gate uses progress R−1)
  REFUSED — booking blocked (gate closed).
  Gate requires BOTH chains with R−1 < 0.05 AND converged: true.
2026-08-04T18:12:09-06:00 poll exit=2
  bar:  R−1 < 0.05 on BOTH + self-stop (converged: true) on BOTH
  refuse if either R−1 >= bar, missing progress, or not self-stopped
  dyad_mnu_bbnfix: R−1 = 0.072286 >= 0.05 (N=21867.0, t=2026-08-04T13:32:11.885152) — NOT READY
  dyad_mnu_bbnfix: checkpoint converged: false — NOT READY (self-stop required)
  dyad_mnu_bbnfix: checkpoint Rminus1_last=0.072286 (informational; gate uses progress R−1)
  cmp_lcdm_mnu_bbnfix: R−1 = 0.071122 >= 0.05 (N=21886.0, t=2026-08-04T13:01:13.920757) — NOT READY
  cmp_lcdm_mnu_bbnfix: checkpoint converged: false — NOT READY (self-stop required)
  cmp_lcdm_mnu_bbnfix: checkpoint Rminus1_last=0.071122 (informational; gate uses progress R−1)
  REFUSED — booking blocked (gate closed).
  Gate requires BOTH chains with R−1 < 0.05 AND converged: true.
2026-08-04T18:17:35-06:00 poll exit=2
  bar:  R−1 < 0.05 on BOTH + self-stop (converged: true) on BOTH
  refuse if either R−1 >= bar, missing progress, or not self-stopped
  dyad_mnu_bbnfix: R−1 = 0.072286 >= 0.05 (N=21867.0, t=2026-08-04T13:32:11.885152) — NOT READY
  dyad_mnu_bbnfix: checkpoint converged: false — NOT READY (self-stop required)
  dyad_mnu_bbnfix: checkpoint Rminus1_last=0.072286 (informational; gate uses progress R−1)
  cmp_lcdm_mnu_bbnfix: R−1 = 0.071122 >= 0.05 (N=21886.0, t=2026-08-04T13:01:13.920757) — NOT READY
  cmp_lcdm_mnu_bbnfix: checkpoint converged: false — NOT READY (self-stop required)
  cmp_lcdm_mnu_bbnfix: checkpoint Rminus1_last=0.071122 (informational; gate uses progress R−1)
  REFUSED — booking blocked (gate closed).
  Gate requires BOTH chains with R−1 < 0.05 AND converged: true.
2026-08-04T18:23:02-06:00 poll exit=2
  bar:  R−1 < 0.05 on BOTH + self-stop (converged: true) on BOTH
  refuse if either R−1 >= bar, missing progress, or not self-stopped
  dyad_mnu_bbnfix: R−1 = 0.072286 >= 0.05 (N=21867.0, t=2026-08-04T13:32:11.885152) — NOT READY
  dyad_mnu_bbnfix: checkpoint converged: false — NOT READY (self-stop required)
  dyad_mnu_bbnfix: checkpoint Rminus1_last=0.072286 (informational; gate uses progress R−1)
  cmp_lcdm_mnu_bbnfix: R−1 = 0.071122 >= 0.05 (N=21886.0, t=2026-08-04T13:01:13.920757) — NOT READY
  cmp_lcdm_mnu_bbnfix: checkpoint converged: false — NOT READY (self-stop required)
  cmp_lcdm_mnu_bbnfix: checkpoint Rminus1_last=0.071122 (informational; gate uses progress R−1)
  REFUSED — booking blocked (gate closed).
  Gate requires BOTH chains with R−1 < 0.05 AND converged: true.
2026-08-04T18:28:32-06:00 poll exit=2
  bar:  R−1 < 0.05 on BOTH + self-stop (converged: true) on BOTH
  refuse if either R−1 >= bar, missing progress, or not self-stopped
  dyad_mnu_bbnfix: R−1 = 0.072286 >= 0.05 (N=21867.0, t=2026-08-04T13:32:11.885152) — NOT READY
  dyad_mnu_bbnfix: checkpoint converged: false — NOT READY (self-stop required)
  dyad_mnu_bbnfix: checkpoint Rminus1_last=0.072286 (informational; gate uses progress R−1)
  cmp_lcdm_mnu_bbnfix: R−1 = 0.071122 >= 0.05 (N=21886.0, t=2026-08-04T13:01:13.920757) — NOT READY
  cmp_lcdm_mnu_bbnfix: checkpoint converged: false — NOT READY (self-stop required)
  cmp_lcdm_mnu_bbnfix: checkpoint Rminus1_last=0.071122 (informational; gate uses progress R−1)
  REFUSED — booking blocked (gate closed).
  Gate requires BOTH chains with R−1 < 0.05 AND converged: true.
2026-08-04T18:33:58-06:00 poll exit=2
  bar:  R−1 < 0.05 on BOTH + self-stop (converged: true) on BOTH
  refuse if either R−1 >= bar, missing progress, or not self-stopped
  dyad_mnu_bbnfix: R−1 = 0.072286 >= 0.05 (N=21867.0, t=2026-08-04T13:32:11.885152) — NOT READY
  dyad_mnu_bbnfix: checkpoint converged: false — NOT READY (self-stop required)
  dyad_mnu_bbnfix: checkpoint Rminus1_last=0.072286 (informational; gate uses progress R−1)
  cmp_lcdm_mnu_bbnfix: R−1 = 0.071122 >= 0.05 (N=21886.0, t=2026-08-04T13:01:13.920757) — NOT READY
  cmp_lcdm_mnu_bbnfix: checkpoint converged: false — NOT READY (self-stop required)
  cmp_lcdm_mnu_bbnfix: checkpoint Rminus1_last=0.071122 (informational; gate uses progress R−1)
  REFUSED — booking blocked (gate closed).
  Gate requires BOTH chains with R−1 < 0.05 AND converged: true.
2026-08-04T18:39:25-06:00 poll exit=2
  bar:  R−1 < 0.05 on BOTH + self-stop (converged: true) on BOTH
  refuse if either R−1 >= bar, missing progress, or not self-stopped
  dyad_mnu_bbnfix: R−1 = 0.072286 >= 0.05 (N=21867.0, t=2026-08-04T13:32:11.885152) — NOT READY
  dyad_mnu_bbnfix: checkpoint converged: false — NOT READY (self-stop required)
  dyad_mnu_bbnfix: checkpoint Rminus1_last=0.072286 (informational; gate uses progress R−1)
  cmp_lcdm_mnu_bbnfix: R−1 = 0.071122 >= 0.05 (N=21886.0, t=2026-08-04T13:01:13.920757) — NOT READY
  cmp_lcdm_mnu_bbnfix: checkpoint converged: false — NOT READY (self-stop required)
  cmp_lcdm_mnu_bbnfix: checkpoint Rminus1_last=0.071122 (informational; gate uses progress R−1)
  REFUSED — booking blocked (gate closed).
  Gate requires BOTH chains with R−1 < 0.05 AND converged: true.
2026-08-04T18:44:54-06:00 poll exit=2
  bar:  R−1 < 0.05 on BOTH + self-stop (converged: true) on BOTH
  refuse if either R−1 >= bar, missing progress, or not self-stopped
  dyad_mnu_bbnfix: R−1 = 0.072286 >= 0.05 (N=21867.0, t=2026-08-04T13:32:11.885152) — NOT READY
  dyad_mnu_bbnfix: checkpoint converged: false — NOT READY (self-stop required)
  dyad_mnu_bbnfix: checkpoint Rminus1_last=0.072286 (informational; gate uses progress R−1)
  cmp_lcdm_mnu_bbnfix: R−1 = 0.071122 >= 0.05 (N=21886.0, t=2026-08-04T13:01:13.920757) — NOT READY
  cmp_lcdm_mnu_bbnfix: checkpoint converged: false — NOT READY (self-stop required)
  cmp_lcdm_mnu_bbnfix: checkpoint Rminus1_last=0.071122 (informational; gate uses progress R−1)
  REFUSED — booking blocked (gate closed).
  Gate requires BOTH chains with R−1 < 0.05 AND converged: true.
2026-08-04T18:50:21-06:00 poll exit=2
  bar:  R−1 < 0.05 on BOTH + self-stop (converged: true) on BOTH
  refuse if either R−1 >= bar, missing progress, or not self-stopped
  dyad_mnu_bbnfix: R−1 = 0.072286 >= 0.05 (N=21867.0, t=2026-08-04T13:32:11.885152) — NOT READY
  dyad_mnu_bbnfix: checkpoint converged: false — NOT READY (self-stop required)
  dyad_mnu_bbnfix: checkpoint Rminus1_last=0.072286 (informational; gate uses progress R−1)
  cmp_lcdm_mnu_bbnfix: R−1 = 0.071122 >= 0.05 (N=21886.0, t=2026-08-04T13:01:13.920757) — NOT READY
  cmp_lcdm_mnu_bbnfix: checkpoint converged: false — NOT READY (self-stop required)
  cmp_lcdm_mnu_bbnfix: checkpoint Rminus1_last=0.071122 (informational; gate uses progress R−1)
  REFUSED — booking blocked (gate closed).
  Gate requires BOTH chains with R−1 < 0.05 AND converged: true.
2026-08-04T18:55:48-06:00 poll exit=2
  bar:  R−1 < 0.05 on BOTH + self-stop (converged: true) on BOTH
  refuse if either R−1 >= bar, missing progress, or not self-stopped
  dyad_mnu_bbnfix: R−1 = 0.072286 >= 0.05 (N=21867.0, t=2026-08-04T13:32:11.885152) — NOT READY
  dyad_mnu_bbnfix: checkpoint converged: false — NOT READY (self-stop required)
  dyad_mnu_bbnfix: checkpoint Rminus1_last=0.072286 (informational; gate uses progress R−1)
  cmp_lcdm_mnu_bbnfix: R−1 = 0.071122 >= 0.05 (N=21886.0, t=2026-08-04T13:01:13.920757) — NOT READY
  cmp_lcdm_mnu_bbnfix: checkpoint converged: false — NOT READY (self-stop required)
  cmp_lcdm_mnu_bbnfix: checkpoint Rminus1_last=0.071122 (informational; gate uses progress R−1)
  REFUSED — booking blocked (gate closed).
  Gate requires BOTH chains with R−1 < 0.05 AND converged: true.
2026-08-04T19:01:17-06:00 poll exit=2
  bar:  R−1 < 0.05 on BOTH + self-stop (converged: true) on BOTH
  refuse if either R−1 >= bar, missing progress, or not self-stopped
  dyad_mnu_bbnfix: R−1 = 0.072286 >= 0.05 (N=21867.0, t=2026-08-04T13:32:11.885152) — NOT READY
  dyad_mnu_bbnfix: checkpoint converged: false — NOT READY (self-stop required)
  dyad_mnu_bbnfix: checkpoint Rminus1_last=0.072286 (informational; gate uses progress R−1)
  cmp_lcdm_mnu_bbnfix: R−1 = 0.071122 >= 0.05 (N=21886.0, t=2026-08-04T13:01:13.920757) — NOT READY
  cmp_lcdm_mnu_bbnfix: checkpoint converged: false — NOT READY (self-stop required)
  cmp_lcdm_mnu_bbnfix: checkpoint Rminus1_last=0.071122 (informational; gate uses progress R−1)
  REFUSED — booking blocked (gate closed).
  Gate requires BOTH chains with R−1 < 0.05 AND converged: true.
2026-08-04T19:06:42-06:00 poll exit=2
  bar:  R−1 < 0.05 on BOTH + self-stop (converged: true) on BOTH
  refuse if either R−1 >= bar, missing progress, or not self-stopped
  dyad_mnu_bbnfix: R−1 = 0.072286 >= 0.05 (N=21867.0, t=2026-08-04T13:32:11.885152) — NOT READY
  dyad_mnu_bbnfix: checkpoint converged: false — NOT READY (self-stop required)
  dyad_mnu_bbnfix: checkpoint Rminus1_last=0.072286 (informational; gate uses progress R−1)
  cmp_lcdm_mnu_bbnfix: R−1 = 0.071122 >= 0.05 (N=21886.0, t=2026-08-04T13:01:13.920757) — NOT READY
  cmp_lcdm_mnu_bbnfix: checkpoint converged: false — NOT READY (self-stop required)
  cmp_lcdm_mnu_bbnfix: checkpoint Rminus1_last=0.071122 (informational; gate uses progress R−1)
  REFUSED — booking blocked (gate closed).
  Gate requires BOTH chains with R−1 < 0.05 AND converged: true.
2026-08-04T19:12:12-06:00 poll exit=2
  bar:  R−1 < 0.05 on BOTH + self-stop (converged: true) on BOTH
  refuse if either R−1 >= bar, missing progress, or not self-stopped
  dyad_mnu_bbnfix: R−1 = 0.072286 >= 0.05 (N=21867.0, t=2026-08-04T13:32:11.885152) — NOT READY
  dyad_mnu_bbnfix: checkpoint converged: false — NOT READY (self-stop required)
  dyad_mnu_bbnfix: checkpoint Rminus1_last=0.072286 (informational; gate uses progress R−1)
  cmp_lcdm_mnu_bbnfix: R−1 = 0.071122 >= 0.05 (N=21886.0, t=2026-08-04T13:01:13.920757) — NOT READY
  cmp_lcdm_mnu_bbnfix: checkpoint converged: false — NOT READY (self-stop required)
  cmp_lcdm_mnu_bbnfix: checkpoint Rminus1_last=0.071122 (informational; gate uses progress R−1)
  REFUSED — booking blocked (gate closed).
  Gate requires BOTH chains with R−1 < 0.05 AND converged: true.
2026-08-04T19:17:39-06:00 poll exit=2
  bar:  R−1 < 0.05 on BOTH + self-stop (converged: true) on BOTH
  refuse if either R−1 >= bar, missing progress, or not self-stopped
  dyad_mnu_bbnfix: R−1 = 0.072286 >= 0.05 (N=21867.0, t=2026-08-04T13:32:11.885152) — NOT READY
  dyad_mnu_bbnfix: checkpoint converged: false — NOT READY (self-stop required)
  dyad_mnu_bbnfix: checkpoint Rminus1_last=0.072286 (informational; gate uses progress R−1)
  cmp_lcdm_mnu_bbnfix: R−1 = 0.071122 >= 0.05 (N=21886.0, t=2026-08-04T13:01:13.920757) — NOT READY
  cmp_lcdm_mnu_bbnfix: checkpoint converged: false — NOT READY (self-stop required)
  cmp_lcdm_mnu_bbnfix: checkpoint Rminus1_last=0.071122 (informational; gate uses progress R−1)
  REFUSED — booking blocked (gate closed).
  Gate requires BOTH chains with R−1 < 0.05 AND converged: true.
2026-08-04T19:23:05-06:00 poll exit=2
  bar:  R−1 < 0.05 on BOTH + self-stop (converged: true) on BOTH
  refuse if either R−1 >= bar, missing progress, or not self-stopped
  dyad_mnu_bbnfix: R−1 = 0.072286 >= 0.05 (N=21867.0, t=2026-08-04T13:32:11.885152) — NOT READY
  dyad_mnu_bbnfix: checkpoint converged: false — NOT READY (self-stop required)
  dyad_mnu_bbnfix: checkpoint Rminus1_last=0.072286 (informational; gate uses progress R−1)
  cmp_lcdm_mnu_bbnfix: R−1 = 0.071122 >= 0.05 (N=21886.0, t=2026-08-04T13:01:13.920757) — NOT READY
  cmp_lcdm_mnu_bbnfix: checkpoint converged: false — NOT READY (self-stop required)
  cmp_lcdm_mnu_bbnfix: checkpoint Rminus1_last=0.071122 (informational; gate uses progress R−1)
  REFUSED — booking blocked (gate closed).
  Gate requires BOTH chains with R−1 < 0.05 AND converged: true.
2026-08-04T19:28:35-06:00 poll exit=2
  bar:  R−1 < 0.05 on BOTH + self-stop (converged: true) on BOTH
  refuse if either R−1 >= bar, missing progress, or not self-stopped
  dyad_mnu_bbnfix: R−1 = 0.072286 >= 0.05 (N=21867.0, t=2026-08-04T13:32:11.885152) — NOT READY
  dyad_mnu_bbnfix: checkpoint converged: false — NOT READY (self-stop required)
  dyad_mnu_bbnfix: checkpoint Rminus1_last=0.072286 (informational; gate uses progress R−1)
  cmp_lcdm_mnu_bbnfix: R−1 = 0.071122 >= 0.05 (N=21886.0, t=2026-08-04T13:01:13.920757) — NOT READY
  cmp_lcdm_mnu_bbnfix: checkpoint converged: false — NOT READY (self-stop required)
  cmp_lcdm_mnu_bbnfix: checkpoint Rminus1_last=0.071122 (informational; gate uses progress R−1)
  REFUSED — booking blocked (gate closed).
  Gate requires BOTH chains with R−1 < 0.05 AND converged: true.
2026-08-04T19:34:02-06:00 poll exit=2
  bar:  R−1 < 0.05 on BOTH + self-stop (converged: true) on BOTH
  refuse if either R−1 >= bar, missing progress, or not self-stopped
  dyad_mnu_bbnfix: R−1 = 0.072286 >= 0.05 (N=21867.0, t=2026-08-04T13:32:11.885152) — NOT READY
  dyad_mnu_bbnfix: checkpoint converged: false — NOT READY (self-stop required)
  dyad_mnu_bbnfix: checkpoint Rminus1_last=0.072286 (informational; gate uses progress R−1)
  cmp_lcdm_mnu_bbnfix: R−1 = 0.071122 >= 0.05 (N=21886.0, t=2026-08-04T13:01:13.920757) — NOT READY
  cmp_lcdm_mnu_bbnfix: checkpoint converged: false — NOT READY (self-stop required)
  cmp_lcdm_mnu_bbnfix: checkpoint Rminus1_last=0.071122 (informational; gate uses progress R−1)
  REFUSED — booking blocked (gate closed).
  Gate requires BOTH chains with R−1 < 0.05 AND converged: true.
2026-08-04T19:39:28-06:00 poll exit=2
  bar:  R−1 < 0.05 on BOTH + self-stop (converged: true) on BOTH
  refuse if either R−1 >= bar, missing progress, or not self-stopped
  dyad_mnu_bbnfix: R−1 = 0.072286 >= 0.05 (N=21867.0, t=2026-08-04T13:32:11.885152) — NOT READY
  dyad_mnu_bbnfix: checkpoint converged: false — NOT READY (self-stop required)
  dyad_mnu_bbnfix: checkpoint Rminus1_last=0.072286 (informational; gate uses progress R−1)
  cmp_lcdm_mnu_bbnfix: R−1 = 0.071122 >= 0.05 (N=21886.0, t=2026-08-04T13:01:13.920757) — NOT READY
  cmp_lcdm_mnu_bbnfix: checkpoint converged: false — NOT READY (self-stop required)
  cmp_lcdm_mnu_bbnfix: checkpoint Rminus1_last=0.071122 (informational; gate uses progress R−1)
  REFUSED — booking blocked (gate closed).
  Gate requires BOTH chains with R−1 < 0.05 AND converged: true.
2026-08-04T19:44:58-06:00 poll exit=2
  bar:  R−1 < 0.05 on BOTH + self-stop (converged: true) on BOTH
  refuse if either R−1 >= bar, missing progress, or not self-stopped
  dyad_mnu_bbnfix: R−1 = 0.072286 >= 0.05 (N=21867.0, t=2026-08-04T13:32:11.885152) — NOT READY
  dyad_mnu_bbnfix: checkpoint converged: false — NOT READY (self-stop required)
  dyad_mnu_bbnfix: checkpoint Rminus1_last=0.072286 (informational; gate uses progress R−1)
  cmp_lcdm_mnu_bbnfix: R−1 = 0.071122 >= 0.05 (N=21886.0, t=2026-08-04T13:01:13.920757) — NOT READY
  cmp_lcdm_mnu_bbnfix: checkpoint converged: false — NOT READY (self-stop required)
  cmp_lcdm_mnu_bbnfix: checkpoint Rminus1_last=0.071122 (informational; gate uses progress R−1)
  REFUSED — booking blocked (gate closed).
  Gate requires BOTH chains with R−1 < 0.05 AND converged: true.
2026-08-04T19:50:24-06:00 poll exit=2
  bar:  R−1 < 0.05 on BOTH + self-stop (converged: true) on BOTH
  refuse if either R−1 >= bar, missing progress, or not self-stopped
  dyad_mnu_bbnfix: R−1 = 0.072286 >= 0.05 (N=21867.0, t=2026-08-04T13:32:11.885152) — NOT READY
  dyad_mnu_bbnfix: checkpoint converged: false — NOT READY (self-stop required)
  dyad_mnu_bbnfix: checkpoint Rminus1_last=0.072286 (informational; gate uses progress R−1)
  cmp_lcdm_mnu_bbnfix: R−1 = 0.071122 >= 0.05 (N=21886.0, t=2026-08-04T13:01:13.920757) — NOT READY
  cmp_lcdm_mnu_bbnfix: checkpoint converged: false — NOT READY (self-stop required)
  cmp_lcdm_mnu_bbnfix: checkpoint Rminus1_last=0.071122 (informational; gate uses progress R−1)
  REFUSED — booking blocked (gate closed).
  Gate requires BOTH chains with R−1 < 0.05 AND converged: true.
2026-08-04T19:55:51-06:00 poll exit=2
  bar:  R−1 < 0.05 on BOTH + self-stop (converged: true) on BOTH
  refuse if either R−1 >= bar, missing progress, or not self-stopped
  dyad_mnu_bbnfix: R−1 = 0.072286 >= 0.05 (N=21867.0, t=2026-08-04T13:32:11.885152) — NOT READY
  dyad_mnu_bbnfix: checkpoint converged: false — NOT READY (self-stop required)
  dyad_mnu_bbnfix: checkpoint Rminus1_last=0.072286 (informational; gate uses progress R−1)
  cmp_lcdm_mnu_bbnfix: R−1 = 0.071122 >= 0.05 (N=21886.0, t=2026-08-04T13:01:13.920757) — NOT READY
  cmp_lcdm_mnu_bbnfix: checkpoint converged: false — NOT READY (self-stop required)
  cmp_lcdm_mnu_bbnfix: checkpoint Rminus1_last=0.071122 (informational; gate uses progress R−1)
  REFUSED — booking blocked (gate closed).
  Gate requires BOTH chains with R−1 < 0.05 AND converged: true.
2026-08-04T20:01:21-06:00 poll exit=2
  bar:  R−1 < 0.05 on BOTH + self-stop (converged: true) on BOTH
  refuse if either R−1 >= bar, missing progress, or not self-stopped
  dyad_mnu_bbnfix: R−1 = 0.072286 >= 0.05 (N=21867.0, t=2026-08-04T13:32:11.885152) — NOT READY
  dyad_mnu_bbnfix: checkpoint converged: false — NOT READY (self-stop required)
  dyad_mnu_bbnfix: checkpoint Rminus1_last=0.072286 (informational; gate uses progress R−1)
  cmp_lcdm_mnu_bbnfix: R−1 = 0.071122 >= 0.05 (N=21886.0, t=2026-08-04T13:01:13.920757) — NOT READY
  cmp_lcdm_mnu_bbnfix: checkpoint converged: false — NOT READY (self-stop required)
  cmp_lcdm_mnu_bbnfix: checkpoint Rminus1_last=0.071122 (informational; gate uses progress R−1)
  REFUSED — booking blocked (gate closed).
  Gate requires BOTH chains with R−1 < 0.05 AND converged: true.
2026-08-04T20:06:47-06:00 poll exit=2
  bar:  R−1 < 0.05 on BOTH + self-stop (converged: true) on BOTH
  refuse if either R−1 >= bar, missing progress, or not self-stopped
  dyad_mnu_bbnfix: R−1 = 0.072286 >= 0.05 (N=21867.0, t=2026-08-04T13:32:11.885152) — NOT READY
  dyad_mnu_bbnfix: checkpoint converged: false — NOT READY (self-stop required)
  dyad_mnu_bbnfix: checkpoint Rminus1_last=0.072286 (informational; gate uses progress R−1)
  cmp_lcdm_mnu_bbnfix: R−1 = 0.071122 >= 0.05 (N=21886.0, t=2026-08-04T13:01:13.920757) — NOT READY
  cmp_lcdm_mnu_bbnfix: checkpoint converged: false — NOT READY (self-stop required)
  cmp_lcdm_mnu_bbnfix: checkpoint Rminus1_last=0.071122 (informational; gate uses progress R−1)
  REFUSED — booking blocked (gate closed).
  Gate requires BOTH chains with R−1 < 0.05 AND converged: true.
2026-08-04T20:12:18-06:00 poll exit=2
  bar:  R−1 < 0.05 on BOTH + self-stop (converged: true) on BOTH
  refuse if either R−1 >= bar, missing progress, or not self-stopped
  dyad_mnu_bbnfix: R−1 = 0.072286 >= 0.05 (N=21867.0, t=2026-08-04T13:32:11.885152) — NOT READY
  dyad_mnu_bbnfix: checkpoint converged: false — NOT READY (self-stop required)
  dyad_mnu_bbnfix: checkpoint Rminus1_last=0.072286 (informational; gate uses progress R−1)
  cmp_lcdm_mnu_bbnfix: R−1 = 0.071122 >= 0.05 (N=21886.0, t=2026-08-04T13:01:13.920757) — NOT READY
  cmp_lcdm_mnu_bbnfix: checkpoint converged: false — NOT READY (self-stop required)
  cmp_lcdm_mnu_bbnfix: checkpoint Rminus1_last=0.071122 (informational; gate uses progress R−1)
  REFUSED — booking blocked (gate closed).
  Gate requires BOTH chains with R−1 < 0.05 AND converged: true.
2026-08-04T20:17:51-06:00 poll exit=2
  bar:  R−1 < 0.05 on BOTH + self-stop (converged: true) on BOTH
  refuse if either R−1 >= bar, missing progress, or not self-stopped
  dyad_mnu_bbnfix: R−1 = 0.072286 >= 0.05 (N=21867.0, t=2026-08-04T13:32:11.885152) — NOT READY
  dyad_mnu_bbnfix: checkpoint converged: false — NOT READY (self-stop required)
  dyad_mnu_bbnfix: checkpoint Rminus1_last=0.072286 (informational; gate uses progress R−1)
  cmp_lcdm_mnu_bbnfix: R−1 = 0.071122 >= 0.05 (N=21886.0, t=2026-08-04T13:01:13.920757) — NOT READY
  cmp_lcdm_mnu_bbnfix: checkpoint converged: false — NOT READY (self-stop required)
  cmp_lcdm_mnu_bbnfix: checkpoint Rminus1_last=0.071122 (informational; gate uses progress R−1)
  REFUSED — booking blocked (gate closed).
  Gate requires BOTH chains with R−1 < 0.05 AND converged: true.
2026-08-04T20:23:27-06:00 poll exit=2
  bar:  R−1 < 0.05 on BOTH + self-stop (converged: true) on BOTH
  refuse if either R−1 >= bar, missing progress, or not self-stopped
  dyad_mnu_bbnfix: R−1 = 0.072286 >= 0.05 (N=21867.0, t=2026-08-04T13:32:11.885152) — NOT READY
  dyad_mnu_bbnfix: checkpoint converged: false — NOT READY (self-stop required)
  dyad_mnu_bbnfix: checkpoint Rminus1_last=0.072286 (informational; gate uses progress R−1)
  cmp_lcdm_mnu_bbnfix: R−1 = 0.071122 >= 0.05 (N=21886.0, t=2026-08-04T13:01:13.920757) — NOT READY
  cmp_lcdm_mnu_bbnfix: checkpoint converged: false — NOT READY (self-stop required)
  cmp_lcdm_mnu_bbnfix: checkpoint Rminus1_last=0.071122 (informational; gate uses progress R−1)
  REFUSED — booking blocked (gate closed).
  Gate requires BOTH chains with R−1 < 0.05 AND converged: true.
2026-08-04T20:28:59-06:00 poll exit=2
  bar:  R−1 < 0.05 on BOTH + self-stop (converged: true) on BOTH
  refuse if either R−1 >= bar, missing progress, or not self-stopped
  dyad_mnu_bbnfix: R−1 = 0.072286 >= 0.05 (N=21867.0, t=2026-08-04T13:32:11.885152) — NOT READY
  dyad_mnu_bbnfix: checkpoint converged: false — NOT READY (self-stop required)
  dyad_mnu_bbnfix: checkpoint Rminus1_last=0.072286 (informational; gate uses progress R−1)
  cmp_lcdm_mnu_bbnfix: R−1 = 0.071122 >= 0.05 (N=21886.0, t=2026-08-04T13:01:13.920757) — NOT READY
  cmp_lcdm_mnu_bbnfix: checkpoint converged: false — NOT READY (self-stop required)
  cmp_lcdm_mnu_bbnfix: checkpoint Rminus1_last=0.071122 (informational; gate uses progress R−1)
  REFUSED — booking blocked (gate closed).
  Gate requires BOTH chains with R−1 < 0.05 AND converged: true.
2026-08-04T20:34:32-06:00 poll exit=2
  bar:  R−1 < 0.05 on BOTH + self-stop (converged: true) on BOTH
  refuse if either R−1 >= bar, missing progress, or not self-stopped
  dyad_mnu_bbnfix: R−1 = 0.072286 >= 0.05 (N=21867.0, t=2026-08-04T13:32:11.885152) — NOT READY
  dyad_mnu_bbnfix: checkpoint converged: false — NOT READY (self-stop required)
  dyad_mnu_bbnfix: checkpoint Rminus1_last=0.072286 (informational; gate uses progress R−1)
  cmp_lcdm_mnu_bbnfix: R−1 = 0.071122 >= 0.05 (N=21886.0, t=2026-08-04T13:01:13.920757) — NOT READY
  cmp_lcdm_mnu_bbnfix: checkpoint converged: false — NOT READY (self-stop required)
  cmp_lcdm_mnu_bbnfix: checkpoint Rminus1_last=0.071122 (informational; gate uses progress R−1)
  REFUSED — booking blocked (gate closed).
  Gate requires BOTH chains with R−1 < 0.05 AND converged: true.
2026-08-04T20:40:08-06:00 poll exit=2
  bar:  R−1 < 0.05 on BOTH + self-stop (converged: true) on BOTH
  refuse if either R−1 >= bar, missing progress, or not self-stopped
  dyad_mnu_bbnfix: R−1 = 0.072286 >= 0.05 (N=21867.0, t=2026-08-04T13:32:11.885152) — NOT READY
  dyad_mnu_bbnfix: checkpoint converged: false — NOT READY (self-stop required)
  dyad_mnu_bbnfix: checkpoint Rminus1_last=0.072286 (informational; gate uses progress R−1)
  cmp_lcdm_mnu_bbnfix: R−1 = 0.071122 >= 0.05 (N=21886.0, t=2026-08-04T13:01:13.920757) — NOT READY
  cmp_lcdm_mnu_bbnfix: checkpoint converged: false — NOT READY (self-stop required)
  cmp_lcdm_mnu_bbnfix: checkpoint Rminus1_last=0.071122 (informational; gate uses progress R−1)
  REFUSED — booking blocked (gate closed).
  Gate requires BOTH chains with R−1 < 0.05 AND converged: true.
2026-08-04T20:45:41-06:00 poll exit=2
  bar:  R−1 < 0.05 on BOTH + self-stop (converged: true) on BOTH
  refuse if either R−1 >= bar, missing progress, or not self-stopped
  dyad_mnu_bbnfix: R−1 = 0.072286 >= 0.05 (N=21867.0, t=2026-08-04T13:32:11.885152) — NOT READY
  dyad_mnu_bbnfix: checkpoint converged: false — NOT READY (self-stop required)
  dyad_mnu_bbnfix: checkpoint Rminus1_last=0.072286 (informational; gate uses progress R−1)
  cmp_lcdm_mnu_bbnfix: R−1 = 0.071122 >= 0.05 (N=21886.0, t=2026-08-04T13:01:13.920757) — NOT READY
  cmp_lcdm_mnu_bbnfix: checkpoint converged: false — NOT READY (self-stop required)
  cmp_lcdm_mnu_bbnfix: checkpoint Rminus1_last=0.071122 (informational; gate uses progress R−1)
  REFUSED — booking blocked (gate closed).
  Gate requires BOTH chains with R−1 < 0.05 AND converged: true.
2026-08-04T20:51:13-06:00 poll exit=2
  bar:  R−1 < 0.05 on BOTH + self-stop (converged: true) on BOTH
  refuse if either R−1 >= bar, missing progress, or not self-stopped
  dyad_mnu_bbnfix: R−1 = 0.072286 >= 0.05 (N=21867.0, t=2026-08-04T13:32:11.885152) — NOT READY
  dyad_mnu_bbnfix: checkpoint converged: false — NOT READY (self-stop required)
  dyad_mnu_bbnfix: checkpoint Rminus1_last=0.072286 (informational; gate uses progress R−1)
  cmp_lcdm_mnu_bbnfix: R−1 = 0.071122 >= 0.05 (N=21886.0, t=2026-08-04T13:01:13.920757) — NOT READY
  cmp_lcdm_mnu_bbnfix: checkpoint converged: false — NOT READY (self-stop required)
  cmp_lcdm_mnu_bbnfix: checkpoint Rminus1_last=0.071122 (informational; gate uses progress R−1)
  REFUSED — booking blocked (gate closed).
  Gate requires BOTH chains with R−1 < 0.05 AND converged: true.
2026-08-04T20:56:49-06:00 poll exit=2
  bar:  R−1 < 0.05 on BOTH + self-stop (converged: true) on BOTH
  refuse if either R−1 >= bar, missing progress, or not self-stopped
  dyad_mnu_bbnfix: R−1 = 0.072286 >= 0.05 (N=21867.0, t=2026-08-04T13:32:11.885152) — NOT READY
  dyad_mnu_bbnfix: checkpoint converged: false — NOT READY (self-stop required)
  dyad_mnu_bbnfix: checkpoint Rminus1_last=0.072286 (informational; gate uses progress R−1)
  cmp_lcdm_mnu_bbnfix: R−1 = 0.071122 >= 0.05 (N=21886.0, t=2026-08-04T13:01:13.920757) — NOT READY
  cmp_lcdm_mnu_bbnfix: checkpoint converged: false — NOT READY (self-stop required)
  cmp_lcdm_mnu_bbnfix: checkpoint Rminus1_last=0.071122 (informational; gate uses progress R−1)
  REFUSED — booking blocked (gate closed).
  Gate requires BOTH chains with R−1 < 0.05 AND converged: true.
2026-08-04T21:02:22-06:00 poll exit=2
  bar:  R−1 < 0.05 on BOTH + self-stop (converged: true) on BOTH
  refuse if either R−1 >= bar, missing progress, or not self-stopped
  dyad_mnu_bbnfix: R−1 = 0.072286 >= 0.05 (N=21867.0, t=2026-08-04T13:32:11.885152) — NOT READY
  dyad_mnu_bbnfix: checkpoint converged: false — NOT READY (self-stop required)
  dyad_mnu_bbnfix: checkpoint Rminus1_last=0.072286 (informational; gate uses progress R−1)
  cmp_lcdm_mnu_bbnfix: R−1 = 0.076222 >= 0.05 (N=23429.0, t=2026-08-04T21:07:21.819371) — NOT READY
  cmp_lcdm_mnu_bbnfix: checkpoint converged: false — NOT READY (self-stop required)
  cmp_lcdm_mnu_bbnfix: checkpoint Rminus1_last=0.076222 (informational; gate uses progress R−1)
  REFUSED — booking blocked (gate closed).
  Gate requires BOTH chains with R−1 < 0.05 AND converged: true.
2026-08-04T21:07:54-06:00 poll exit=2
  bar:  R−1 < 0.05 on BOTH + self-stop (converged: true) on BOTH
  refuse if either R−1 >= bar, missing progress, or not self-stopped
  dyad_mnu_bbnfix: R−1 = 0.072286 >= 0.05 (N=21867.0, t=2026-08-04T13:32:11.885152) — NOT READY
  dyad_mnu_bbnfix: checkpoint converged: false — NOT READY (self-stop required)
  dyad_mnu_bbnfix: checkpoint Rminus1_last=0.072286 (informational; gate uses progress R−1)
  cmp_lcdm_mnu_bbnfix: R−1 = 0.076222 >= 0.05 (N=23429.0, t=2026-08-04T21:07:21.819371) — NOT READY
  cmp_lcdm_mnu_bbnfix: checkpoint converged: false — NOT READY (self-stop required)
  cmp_lcdm_mnu_bbnfix: checkpoint Rminus1_last=0.076222 (informational; gate uses progress R−1)
  REFUSED — booking blocked (gate closed).
  Gate requires BOTH chains with R−1 < 0.05 AND converged: true.
2026-08-04T21:13:30-06:00 poll exit=2
  bar:  R−1 < 0.05 on BOTH + self-stop (converged: true) on BOTH
  refuse if either R−1 >= bar, missing progress, or not self-stopped
  dyad_mnu_bbnfix: R−1 = 0.072286 >= 0.05 (N=21867.0, t=2026-08-04T13:32:11.885152) — NOT READY
  dyad_mnu_bbnfix: checkpoint converged: false — NOT READY (self-stop required)
  dyad_mnu_bbnfix: checkpoint Rminus1_last=0.072286 (informational; gate uses progress R−1)
  cmp_lcdm_mnu_bbnfix: R−1 = 0.076222 >= 0.05 (N=23429.0, t=2026-08-04T21:07:21.819371) — NOT READY
  cmp_lcdm_mnu_bbnfix: checkpoint converged: false — NOT READY (self-stop required)
  cmp_lcdm_mnu_bbnfix: checkpoint Rminus1_last=0.076222 (informational; gate uses progress R−1)
  REFUSED — booking blocked (gate closed).
  Gate requires BOTH chains with R−1 < 0.05 AND converged: true.
2026-08-04T21:19:03-06:00 poll exit=2
  bar:  R−1 < 0.05 on BOTH + self-stop (converged: true) on BOTH
  refuse if either R−1 >= bar, missing progress, or not self-stopped
  dyad_mnu_bbnfix: R−1 = 0.072286 >= 0.05 (N=21867.0, t=2026-08-04T13:32:11.885152) — NOT READY
  dyad_mnu_bbnfix: checkpoint converged: false — NOT READY (self-stop required)
  dyad_mnu_bbnfix: checkpoint Rminus1_last=0.072286 (informational; gate uses progress R−1)
  cmp_lcdm_mnu_bbnfix: R−1 = 0.076222 >= 0.05 (N=23429.0, t=2026-08-04T21:07:21.819371) — NOT READY
  cmp_lcdm_mnu_bbnfix: checkpoint converged: false — NOT READY (self-stop required)
  cmp_lcdm_mnu_bbnfix: checkpoint Rminus1_last=0.076222 (informational; gate uses progress R−1)
  REFUSED — booking blocked (gate closed).
  Gate requires BOTH chains with R−1 < 0.05 AND converged: true.
2026-08-04T21:24:35-06:00 poll exit=2
  bar:  R−1 < 0.05 on BOTH + self-stop (converged: true) on BOTH
  refuse if either R−1 >= bar, missing progress, or not self-stopped
  dyad_mnu_bbnfix: R−1 = 0.072286 >= 0.05 (N=21867.0, t=2026-08-04T13:32:11.885152) — NOT READY
  dyad_mnu_bbnfix: checkpoint converged: false — NOT READY (self-stop required)
  dyad_mnu_bbnfix: checkpoint Rminus1_last=0.072286 (informational; gate uses progress R−1)
  cmp_lcdm_mnu_bbnfix: R−1 = 0.076222 >= 0.05 (N=23429.0, t=2026-08-04T21:07:21.819371) — NOT READY
  cmp_lcdm_mnu_bbnfix: checkpoint converged: false — NOT READY (self-stop required)
  cmp_lcdm_mnu_bbnfix: checkpoint Rminus1_last=0.076222 (informational; gate uses progress R−1)
  REFUSED — booking blocked (gate closed).
  Gate requires BOTH chains with R−1 < 0.05 AND converged: true.
2026-08-04T21:30:12-06:00 poll exit=2
  bar:  R−1 < 0.05 on BOTH + self-stop (converged: true) on BOTH
  refuse if either R−1 >= bar, missing progress, or not self-stopped
  dyad_mnu_bbnfix: R−1 = 0.072286 >= 0.05 (N=21867.0, t=2026-08-04T13:32:11.885152) — NOT READY
  dyad_mnu_bbnfix: checkpoint converged: false — NOT READY (self-stop required)
  dyad_mnu_bbnfix: checkpoint Rminus1_last=0.072286 (informational; gate uses progress R−1)
  cmp_lcdm_mnu_bbnfix: R−1 = 0.076222 >= 0.05 (N=23429.0, t=2026-08-04T21:07:21.819371) — NOT READY
  cmp_lcdm_mnu_bbnfix: checkpoint converged: false — NOT READY (self-stop required)
  cmp_lcdm_mnu_bbnfix: checkpoint Rminus1_last=0.076222 (informational; gate uses progress R−1)
  REFUSED — booking blocked (gate closed).
  Gate requires BOTH chains with R−1 < 0.05 AND converged: true.
2026-08-04T21:35:44-06:00 poll exit=2
  bar:  R−1 < 0.05 on BOTH + self-stop (converged: true) on BOTH
  refuse if either R−1 >= bar, missing progress, or not self-stopped
  dyad_mnu_bbnfix: R−1 = 0.072286 >= 0.05 (N=21867.0, t=2026-08-04T13:32:11.885152) — NOT READY
  dyad_mnu_bbnfix: checkpoint converged: false — NOT READY (self-stop required)
  dyad_mnu_bbnfix: checkpoint Rminus1_last=0.072286 (informational; gate uses progress R−1)
  cmp_lcdm_mnu_bbnfix: R−1 = 0.076222 >= 0.05 (N=23429.0, t=2026-08-04T21:07:21.819371) — NOT READY
  cmp_lcdm_mnu_bbnfix: checkpoint converged: false — NOT READY (self-stop required)
  cmp_lcdm_mnu_bbnfix: checkpoint Rminus1_last=0.076222 (informational; gate uses progress R−1)
  REFUSED — booking blocked (gate closed).
  Gate requires BOTH chains with R−1 < 0.05 AND converged: true.
2026-08-04T21:41:16-06:00 poll exit=2
  bar:  R−1 < 0.05 on BOTH + self-stop (converged: true) on BOTH
  refuse if either R−1 >= bar, missing progress, or not self-stopped
  dyad_mnu_bbnfix: R−1 = 0.072286 >= 0.05 (N=21867.0, t=2026-08-04T13:32:11.885152) — NOT READY
  dyad_mnu_bbnfix: checkpoint converged: false — NOT READY (self-stop required)
  dyad_mnu_bbnfix: checkpoint Rminus1_last=0.072286 (informational; gate uses progress R−1)
  cmp_lcdm_mnu_bbnfix: R−1 = 0.076222 >= 0.05 (N=23429.0, t=2026-08-04T21:07:21.819371) — NOT READY
  cmp_lcdm_mnu_bbnfix: checkpoint converged: false — NOT READY (self-stop required)
  cmp_lcdm_mnu_bbnfix: checkpoint Rminus1_last=0.076222 (informational; gate uses progress R−1)
  REFUSED — booking blocked (gate closed).
  Gate requires BOTH chains with R−1 < 0.05 AND converged: true.
2026-08-04T21:46:49-06:00 poll exit=2
  bar:  R−1 < 0.05 on BOTH + self-stop (converged: true) on BOTH
  refuse if either R−1 >= bar, missing progress, or not self-stopped
  dyad_mnu_bbnfix: R−1 = 0.072286 >= 0.05 (N=21867.0, t=2026-08-04T13:32:11.885152) — NOT READY
  dyad_mnu_bbnfix: checkpoint converged: false — NOT READY (self-stop required)
  dyad_mnu_bbnfix: checkpoint Rminus1_last=0.072286 (informational; gate uses progress R−1)
  cmp_lcdm_mnu_bbnfix: R−1 = 0.076222 >= 0.05 (N=23429.0, t=2026-08-04T21:07:21.819371) — NOT READY
  cmp_lcdm_mnu_bbnfix: checkpoint converged: false — NOT READY (self-stop required)
  cmp_lcdm_mnu_bbnfix: checkpoint Rminus1_last=0.076222 (informational; gate uses progress R−1)
  REFUSED — booking blocked (gate closed).
  Gate requires BOTH chains with R−1 < 0.05 AND converged: true.
2026-08-04T21:52:25-06:00 poll exit=2
  bar:  R−1 < 0.05 on BOTH + self-stop (converged: true) on BOTH
  refuse if either R−1 >= bar, missing progress, or not self-stopped
  dyad_mnu_bbnfix: R−1 = 0.072286 >= 0.05 (N=21867.0, t=2026-08-04T13:32:11.885152) — NOT READY
  dyad_mnu_bbnfix: checkpoint converged: false — NOT READY (self-stop required)
  dyad_mnu_bbnfix: checkpoint Rminus1_last=0.072286 (informational; gate uses progress R−1)
  cmp_lcdm_mnu_bbnfix: R−1 = 0.076222 >= 0.05 (N=23429.0, t=2026-08-04T21:07:21.819371) — NOT READY
  cmp_lcdm_mnu_bbnfix: checkpoint converged: false — NOT READY (self-stop required)
  cmp_lcdm_mnu_bbnfix: checkpoint Rminus1_last=0.076222 (informational; gate uses progress R−1)
  REFUSED — booking blocked (gate closed).
  Gate requires BOTH chains with R−1 < 0.05 AND converged: true.
2026-08-04T21:57:58-06:00 poll exit=2
  bar:  R−1 < 0.05 on BOTH + self-stop (converged: true) on BOTH
  refuse if either R−1 >= bar, missing progress, or not self-stopped
  dyad_mnu_bbnfix: R−1 = 0.072286 >= 0.05 (N=21867.0, t=2026-08-04T13:32:11.885152) — NOT READY
  dyad_mnu_bbnfix: checkpoint converged: false — NOT READY (self-stop required)
  dyad_mnu_bbnfix: checkpoint Rminus1_last=0.072286 (informational; gate uses progress R−1)
  cmp_lcdm_mnu_bbnfix: R−1 = 0.076222 >= 0.05 (N=23429.0, t=2026-08-04T21:07:21.819371) — NOT READY
  cmp_lcdm_mnu_bbnfix: checkpoint converged: false — NOT READY (self-stop required)
  cmp_lcdm_mnu_bbnfix: checkpoint Rminus1_last=0.076222 (informational; gate uses progress R−1)
  REFUSED — booking blocked (gate closed).
  Gate requires BOTH chains with R−1 < 0.05 AND converged: true.
2026-08-04T22:03:30-06:00 poll exit=2
  bar:  R−1 < 0.05 on BOTH + self-stop (converged: true) on BOTH
  refuse if either R−1 >= bar, missing progress, or not self-stopped
  dyad_mnu_bbnfix: R−1 = 0.070277 >= 0.05 (N=23186.0, t=2026-08-04T22:06:26.298367) — NOT READY
  dyad_mnu_bbnfix: checkpoint converged: false — NOT READY (self-stop required)
  dyad_mnu_bbnfix: checkpoint Rminus1_last=0.070277 (informational; gate uses progress R−1)
  cmp_lcdm_mnu_bbnfix: R−1 = 0.076222 >= 0.05 (N=23429.0, t=2026-08-04T21:07:21.819371) — NOT READY
  cmp_lcdm_mnu_bbnfix: checkpoint converged: false — NOT READY (self-stop required)
  cmp_lcdm_mnu_bbnfix: checkpoint Rminus1_last=0.076222 (informational; gate uses progress R−1)
  REFUSED — booking blocked (gate closed).
  Gate requires BOTH chains with R−1 < 0.05 AND converged: true.
2026-08-04T22:09:06-06:00 poll exit=2
  bar:  R−1 < 0.05 on BOTH + self-stop (converged: true) on BOTH
  refuse if either R−1 >= bar, missing progress, or not self-stopped
  dyad_mnu_bbnfix: R−1 = 0.070277 >= 0.05 (N=23186.0, t=2026-08-04T22:06:26.298367) — NOT READY
  dyad_mnu_bbnfix: checkpoint converged: false — NOT READY (self-stop required)
  dyad_mnu_bbnfix: checkpoint Rminus1_last=0.070277 (informational; gate uses progress R−1)
  cmp_lcdm_mnu_bbnfix: R−1 = 0.076222 >= 0.05 (N=23429.0, t=2026-08-04T21:07:21.819371) — NOT READY
  cmp_lcdm_mnu_bbnfix: checkpoint converged: false — NOT READY (self-stop required)
  cmp_lcdm_mnu_bbnfix: checkpoint Rminus1_last=0.076222 (informational; gate uses progress R−1)
  REFUSED — booking blocked (gate closed).
  Gate requires BOTH chains with R−1 < 0.05 AND converged: true.
2026-08-04T22:14:39-06:00 poll exit=2
  bar:  R−1 < 0.05 on BOTH + self-stop (converged: true) on BOTH
  refuse if either R−1 >= bar, missing progress, or not self-stopped
  dyad_mnu_bbnfix: R−1 = 0.070277 >= 0.05 (N=23186.0, t=2026-08-04T22:06:26.298367) — NOT READY
  dyad_mnu_bbnfix: checkpoint converged: false — NOT READY (self-stop required)
  dyad_mnu_bbnfix: checkpoint Rminus1_last=0.070277 (informational; gate uses progress R−1)
  cmp_lcdm_mnu_bbnfix: R−1 = 0.076222 >= 0.05 (N=23429.0, t=2026-08-04T21:07:21.819371) — NOT READY
  cmp_lcdm_mnu_bbnfix: checkpoint converged: false — NOT READY (self-stop required)
  cmp_lcdm_mnu_bbnfix: checkpoint Rminus1_last=0.076222 (informational; gate uses progress R−1)
  REFUSED — booking blocked (gate closed).
  Gate requires BOTH chains with R−1 < 0.05 AND converged: true.
2026-08-04T22:20:11-06:00 poll exit=2
  bar:  R−1 < 0.05 on BOTH + self-stop (converged: true) on BOTH
  refuse if either R−1 >= bar, missing progress, or not self-stopped
  dyad_mnu_bbnfix: R−1 = 0.070277 >= 0.05 (N=23186.0, t=2026-08-04T22:06:26.298367) — NOT READY
  dyad_mnu_bbnfix: checkpoint converged: false — NOT READY (self-stop required)
  dyad_mnu_bbnfix: checkpoint Rminus1_last=0.070277 (informational; gate uses progress R−1)
  cmp_lcdm_mnu_bbnfix: R−1 = 0.076222 >= 0.05 (N=23429.0, t=2026-08-04T21:07:21.819371) — NOT READY
  cmp_lcdm_mnu_bbnfix: checkpoint converged: false — NOT READY (self-stop required)
  cmp_lcdm_mnu_bbnfix: checkpoint Rminus1_last=0.076222 (informational; gate uses progress R−1)
  REFUSED — booking blocked (gate closed).
  Gate requires BOTH chains with R−1 < 0.05 AND converged: true.
2026-08-04T22:25:47-06:00 poll exit=2
  bar:  R−1 < 0.05 on BOTH + self-stop (converged: true) on BOTH
  refuse if either R−1 >= bar, missing progress, or not self-stopped
  dyad_mnu_bbnfix: R−1 = 0.070277 >= 0.05 (N=23186.0, t=2026-08-04T22:06:26.298367) — NOT READY
  dyad_mnu_bbnfix: checkpoint converged: false — NOT READY (self-stop required)
  dyad_mnu_bbnfix: checkpoint Rminus1_last=0.070277 (informational; gate uses progress R−1)
  cmp_lcdm_mnu_bbnfix: R−1 = 0.076222 >= 0.05 (N=23429.0, t=2026-08-04T21:07:21.819371) — NOT READY
  cmp_lcdm_mnu_bbnfix: checkpoint converged: false — NOT READY (self-stop required)
  cmp_lcdm_mnu_bbnfix: checkpoint Rminus1_last=0.076222 (informational; gate uses progress R−1)
  REFUSED — booking blocked (gate closed).
  Gate requires BOTH chains with R−1 < 0.05 AND converged: true.
2026-08-04T22:31:20-06:00 poll exit=2
  bar:  R−1 < 0.05 on BOTH + self-stop (converged: true) on BOTH
  refuse if either R−1 >= bar, missing progress, or not self-stopped
  dyad_mnu_bbnfix: R−1 = 0.070277 >= 0.05 (N=23186.0, t=2026-08-04T22:06:26.298367) — NOT READY
  dyad_mnu_bbnfix: checkpoint converged: false — NOT READY (self-stop required)
  dyad_mnu_bbnfix: checkpoint Rminus1_last=0.070277 (informational; gate uses progress R−1)
  cmp_lcdm_mnu_bbnfix: R−1 = 0.076222 >= 0.05 (N=23429.0, t=2026-08-04T21:07:21.819371) — NOT READY
  cmp_lcdm_mnu_bbnfix: checkpoint converged: false — NOT READY (self-stop required)
  cmp_lcdm_mnu_bbnfix: checkpoint Rminus1_last=0.076222 (informational; gate uses progress R−1)
  REFUSED — booking blocked (gate closed).
  Gate requires BOTH chains with R−1 < 0.05 AND converged: true.
2026-08-04T22:36:52-06:00 poll exit=2
  bar:  R−1 < 0.05 on BOTH + self-stop (converged: true) on BOTH
  refuse if either R−1 >= bar, missing progress, or not self-stopped
  dyad_mnu_bbnfix: R−1 = 0.070277 >= 0.05 (N=23186.0, t=2026-08-04T22:06:26.298367) — NOT READY
  dyad_mnu_bbnfix: checkpoint converged: false — NOT READY (self-stop required)
  dyad_mnu_bbnfix: checkpoint Rminus1_last=0.070277 (informational; gate uses progress R−1)
  cmp_lcdm_mnu_bbnfix: R−1 = 0.076222 >= 0.05 (N=23429.0, t=2026-08-04T21:07:21.819371) — NOT READY
  cmp_lcdm_mnu_bbnfix: checkpoint converged: false — NOT READY (self-stop required)
  cmp_lcdm_mnu_bbnfix: checkpoint Rminus1_last=0.076222 (informational; gate uses progress R−1)
  REFUSED — booking blocked (gate closed).
  Gate requires BOTH chains with R−1 < 0.05 AND converged: true.
2026-08-04T22:42:29-06:00 poll exit=2
  bar:  R−1 < 0.05 on BOTH + self-stop (converged: true) on BOTH
  refuse if either R−1 >= bar, missing progress, or not self-stopped
  dyad_mnu_bbnfix: R−1 = 0.070277 >= 0.05 (N=23186.0, t=2026-08-04T22:06:26.298367) — NOT READY
  dyad_mnu_bbnfix: checkpoint converged: false — NOT READY (self-stop required)
  dyad_mnu_bbnfix: checkpoint Rminus1_last=0.070277 (informational; gate uses progress R−1)
  cmp_lcdm_mnu_bbnfix: R−1 = 0.076222 >= 0.05 (N=23429.0, t=2026-08-04T21:07:21.819371) — NOT READY
  cmp_lcdm_mnu_bbnfix: checkpoint converged: false — NOT READY (self-stop required)
  cmp_lcdm_mnu_bbnfix: checkpoint Rminus1_last=0.076222 (informational; gate uses progress R−1)
  REFUSED — booking blocked (gate closed).
  Gate requires BOTH chains with R−1 < 0.05 AND converged: true.
2026-08-04T22:48:01-06:00 poll exit=2
  bar:  R−1 < 0.05 on BOTH + self-stop (converged: true) on BOTH
  refuse if either R−1 >= bar, missing progress, or not self-stopped
  dyad_mnu_bbnfix: R−1 = 0.070277 >= 0.05 (N=23186.0, t=2026-08-04T22:06:26.298367) — NOT READY
  dyad_mnu_bbnfix: checkpoint converged: false — NOT READY (self-stop required)
  dyad_mnu_bbnfix: checkpoint Rminus1_last=0.070277 (informational; gate uses progress R−1)
  cmp_lcdm_mnu_bbnfix: R−1 = 0.076222 >= 0.05 (N=23429.0, t=2026-08-04T21:07:21.819371) — NOT READY
  cmp_lcdm_mnu_bbnfix: checkpoint converged: false — NOT READY (self-stop required)
  cmp_lcdm_mnu_bbnfix: checkpoint Rminus1_last=0.076222 (informational; gate uses progress R−1)
  REFUSED — booking blocked (gate closed).
  Gate requires BOTH chains with R−1 < 0.05 AND converged: true.
2026-08-04T22:53:33-06:00 poll exit=2
  bar:  R−1 < 0.05 on BOTH + self-stop (converged: true) on BOTH
  refuse if either R−1 >= bar, missing progress, or not self-stopped
  dyad_mnu_bbnfix: R−1 = 0.070277 >= 0.05 (N=23186.0, t=2026-08-04T22:06:26.298367) — NOT READY
  dyad_mnu_bbnfix: checkpoint converged: false — NOT READY (self-stop required)
  dyad_mnu_bbnfix: checkpoint Rminus1_last=0.070277 (informational; gate uses progress R−1)
  cmp_lcdm_mnu_bbnfix: R−1 = 0.076222 >= 0.05 (N=23429.0, t=2026-08-04T21:07:21.819371) — NOT READY
  cmp_lcdm_mnu_bbnfix: checkpoint converged: false — NOT READY (self-stop required)
  cmp_lcdm_mnu_bbnfix: checkpoint Rminus1_last=0.076222 (informational; gate uses progress R−1)
  REFUSED — booking blocked (gate closed).
  Gate requires BOTH chains with R−1 < 0.05 AND converged: true.
2026-08-04T22:59:06-06:00 poll exit=2
  bar:  R−1 < 0.05 on BOTH + self-stop (converged: true) on BOTH
  refuse if either R−1 >= bar, missing progress, or not self-stopped
  dyad_mnu_bbnfix: R−1 = 0.070277 >= 0.05 (N=23186.0, t=2026-08-04T22:06:26.298367) — NOT READY
  dyad_mnu_bbnfix: checkpoint converged: false — NOT READY (self-stop required)
  dyad_mnu_bbnfix: checkpoint Rminus1_last=0.070277 (informational; gate uses progress R−1)
  cmp_lcdm_mnu_bbnfix: R−1 = 0.076222 >= 0.05 (N=23429.0, t=2026-08-04T21:07:21.819371) — NOT READY
  cmp_lcdm_mnu_bbnfix: checkpoint converged: false — NOT READY (self-stop required)
  cmp_lcdm_mnu_bbnfix: checkpoint Rminus1_last=0.076222 (informational; gate uses progress R−1)
  REFUSED — booking blocked (gate closed).
  Gate requires BOTH chains with R−1 < 0.05 AND converged: true.
2026-08-04T23:04:42-06:00 poll exit=2
  bar:  R−1 < 0.05 on BOTH + self-stop (converged: true) on BOTH
  refuse if either R−1 >= bar, missing progress, or not self-stopped
  dyad_mnu_bbnfix: R−1 = 0.070277 >= 0.05 (N=23186.0, t=2026-08-04T22:06:26.298367) — NOT READY
  dyad_mnu_bbnfix: checkpoint converged: false — NOT READY (self-stop required)
  dyad_mnu_bbnfix: checkpoint Rminus1_last=0.070277 (informational; gate uses progress R−1)
  cmp_lcdm_mnu_bbnfix: R−1 = 0.076222 >= 0.05 (N=23429.0, t=2026-08-04T21:07:21.819371) — NOT READY
  cmp_lcdm_mnu_bbnfix: checkpoint converged: false — NOT READY (self-stop required)
  cmp_lcdm_mnu_bbnfix: checkpoint Rminus1_last=0.076222 (informational; gate uses progress R−1)
  REFUSED — booking blocked (gate closed).
  Gate requires BOTH chains with R−1 < 0.05 AND converged: true.
2026-08-04T23:10:15-06:00 poll exit=2
  bar:  R−1 < 0.05 on BOTH + self-stop (converged: true) on BOTH
  refuse if either R−1 >= bar, missing progress, or not self-stopped
  dyad_mnu_bbnfix: R−1 = 0.070277 >= 0.05 (N=23186.0, t=2026-08-04T22:06:26.298367) — NOT READY
  dyad_mnu_bbnfix: checkpoint converged: false — NOT READY (self-stop required)
  dyad_mnu_bbnfix: checkpoint Rminus1_last=0.070277 (informational; gate uses progress R−1)
  cmp_lcdm_mnu_bbnfix: R−1 = 0.076222 >= 0.05 (N=23429.0, t=2026-08-04T21:07:21.819371) — NOT READY
  cmp_lcdm_mnu_bbnfix: checkpoint converged: false — NOT READY (self-stop required)
  cmp_lcdm_mnu_bbnfix: checkpoint Rminus1_last=0.076222 (informational; gate uses progress R−1)
  REFUSED — booking blocked (gate closed).
  Gate requires BOTH chains with R−1 < 0.05 AND converged: true.
2026-08-04T23:15:47-06:00 poll exit=2
  bar:  R−1 < 0.05 on BOTH + self-stop (converged: true) on BOTH
  refuse if either R−1 >= bar, missing progress, or not self-stopped
  dyad_mnu_bbnfix: R−1 = 0.070277 >= 0.05 (N=23186.0, t=2026-08-04T22:06:26.298367) — NOT READY
  dyad_mnu_bbnfix: checkpoint converged: false — NOT READY (self-stop required)
  dyad_mnu_bbnfix: checkpoint Rminus1_last=0.070277 (informational; gate uses progress R−1)
  cmp_lcdm_mnu_bbnfix: R−1 = 0.076222 >= 0.05 (N=23429.0, t=2026-08-04T21:07:21.819371) — NOT READY
  cmp_lcdm_mnu_bbnfix: checkpoint converged: false — NOT READY (self-stop required)
  cmp_lcdm_mnu_bbnfix: checkpoint Rminus1_last=0.076222 (informational; gate uses progress R−1)
  REFUSED — booking blocked (gate closed).
  Gate requires BOTH chains with R−1 < 0.05 AND converged: true.
2026-08-04T23:21:23-06:00 poll exit=2
  bar:  R−1 < 0.05 on BOTH + self-stop (converged: true) on BOTH
  refuse if either R−1 >= bar, missing progress, or not self-stopped
  dyad_mnu_bbnfix: R−1 = 0.070277 >= 0.05 (N=23186.0, t=2026-08-04T22:06:26.298367) — NOT READY
  dyad_mnu_bbnfix: checkpoint converged: false — NOT READY (self-stop required)
  dyad_mnu_bbnfix: checkpoint Rminus1_last=0.070277 (informational; gate uses progress R−1)
  cmp_lcdm_mnu_bbnfix: R−1 = 0.076222 >= 0.05 (N=23429.0, t=2026-08-04T21:07:21.819371) — NOT READY
  cmp_lcdm_mnu_bbnfix: checkpoint converged: false — NOT READY (self-stop required)
  cmp_lcdm_mnu_bbnfix: checkpoint Rminus1_last=0.076222 (informational; gate uses progress R−1)
  REFUSED — booking blocked (gate closed).
  Gate requires BOTH chains with R−1 < 0.05 AND converged: true.
2026-08-04T23:26:56-06:00 poll exit=2
  bar:  R−1 < 0.05 on BOTH + self-stop (converged: true) on BOTH
  refuse if either R−1 >= bar, missing progress, or not self-stopped
  dyad_mnu_bbnfix: R−1 = 0.070277 >= 0.05 (N=23186.0, t=2026-08-04T22:06:26.298367) — NOT READY
  dyad_mnu_bbnfix: checkpoint converged: false — NOT READY (self-stop required)
  dyad_mnu_bbnfix: checkpoint Rminus1_last=0.070277 (informational; gate uses progress R−1)
  cmp_lcdm_mnu_bbnfix: R−1 = 0.076222 >= 0.05 (N=23429.0, t=2026-08-04T21:07:21.819371) — NOT READY
  cmp_lcdm_mnu_bbnfix: checkpoint converged: false — NOT READY (self-stop required)
  cmp_lcdm_mnu_bbnfix: checkpoint Rminus1_last=0.076222 (informational; gate uses progress R−1)
  REFUSED — booking blocked (gate closed).
  Gate requires BOTH chains with R−1 < 0.05 AND converged: true.
2026-08-04T23:32:28-06:00 poll exit=2
  bar:  R−1 < 0.05 on BOTH + self-stop (converged: true) on BOTH
  refuse if either R−1 >= bar, missing progress, or not self-stopped
  dyad_mnu_bbnfix: R−1 = 0.070277 >= 0.05 (N=23186.0, t=2026-08-04T22:06:26.298367) — NOT READY
  dyad_mnu_bbnfix: checkpoint converged: false — NOT READY (self-stop required)
  dyad_mnu_bbnfix: checkpoint Rminus1_last=0.070277 (informational; gate uses progress R−1)
  cmp_lcdm_mnu_bbnfix: R−1 = 0.076222 >= 0.05 (N=23429.0, t=2026-08-04T21:07:21.819371) — NOT READY
  cmp_lcdm_mnu_bbnfix: checkpoint converged: false — NOT READY (self-stop required)
  cmp_lcdm_mnu_bbnfix: checkpoint Rminus1_last=0.076222 (informational; gate uses progress R−1)
  REFUSED — booking blocked (gate closed).
  Gate requires BOTH chains with R−1 < 0.05 AND converged: true.
2026-08-04T23:38:04-06:00 poll exit=2
  bar:  R−1 < 0.05 on BOTH + self-stop (converged: true) on BOTH
  refuse if either R−1 >= bar, missing progress, or not self-stopped
  dyad_mnu_bbnfix: R−1 = 0.070277 >= 0.05 (N=23186.0, t=2026-08-04T22:06:26.298367) — NOT READY
  dyad_mnu_bbnfix: checkpoint converged: false — NOT READY (self-stop required)
  dyad_mnu_bbnfix: checkpoint Rminus1_last=0.070277 (informational; gate uses progress R−1)
  cmp_lcdm_mnu_bbnfix: R−1 = 0.076222 >= 0.05 (N=23429.0, t=2026-08-04T21:07:21.819371) — NOT READY
  cmp_lcdm_mnu_bbnfix: checkpoint converged: false — NOT READY (self-stop required)
  cmp_lcdm_mnu_bbnfix: checkpoint Rminus1_last=0.076222 (informational; gate uses progress R−1)
  REFUSED — booking blocked (gate closed).
  Gate requires BOTH chains with R−1 < 0.05 AND converged: true.
2026-08-04T23:43:37-06:00 poll exit=2
  bar:  R−1 < 0.05 on BOTH + self-stop (converged: true) on BOTH
  refuse if either R−1 >= bar, missing progress, or not self-stopped
  dyad_mnu_bbnfix: R−1 = 0.070277 >= 0.05 (N=23186.0, t=2026-08-04T22:06:26.298367) — NOT READY
  dyad_mnu_bbnfix: checkpoint converged: false — NOT READY (self-stop required)
  dyad_mnu_bbnfix: checkpoint Rminus1_last=0.070277 (informational; gate uses progress R−1)
  cmp_lcdm_mnu_bbnfix: R−1 = 0.076222 >= 0.05 (N=23429.0, t=2026-08-04T21:07:21.819371) — NOT READY
  cmp_lcdm_mnu_bbnfix: checkpoint converged: false — NOT READY (self-stop required)
  cmp_lcdm_mnu_bbnfix: checkpoint Rminus1_last=0.076222 (informational; gate uses progress R−1)
  REFUSED — booking blocked (gate closed).
  Gate requires BOTH chains with R−1 < 0.05 AND converged: true.
2026-08-04T23:49:10-06:00 poll exit=2
  bar:  R−1 < 0.05 on BOTH + self-stop (converged: true) on BOTH
  refuse if either R−1 >= bar, missing progress, or not self-stopped
  dyad_mnu_bbnfix: R−1 = 0.070277 >= 0.05 (N=23186.0, t=2026-08-04T22:06:26.298367) — NOT READY
  dyad_mnu_bbnfix: checkpoint converged: false — NOT READY (self-stop required)
  dyad_mnu_bbnfix: checkpoint Rminus1_last=0.070277 (informational; gate uses progress R−1)
  cmp_lcdm_mnu_bbnfix: R−1 = 0.076222 >= 0.05 (N=23429.0, t=2026-08-04T21:07:21.819371) — NOT READY
  cmp_lcdm_mnu_bbnfix: checkpoint converged: false — NOT READY (self-stop required)
  cmp_lcdm_mnu_bbnfix: checkpoint Rminus1_last=0.076222 (informational; gate uses progress R−1)
  REFUSED — booking blocked (gate closed).
  Gate requires BOTH chains with R−1 < 0.05 AND converged: true.
2026-08-04T23:54:46-06:00 poll exit=2
  bar:  R−1 < 0.05 on BOTH + self-stop (converged: true) on BOTH
  refuse if either R−1 >= bar, missing progress, or not self-stopped
  dyad_mnu_bbnfix: R−1 = 0.070277 >= 0.05 (N=23186.0, t=2026-08-04T22:06:26.298367) — NOT READY
  dyad_mnu_bbnfix: checkpoint converged: false — NOT READY (self-stop required)
  dyad_mnu_bbnfix: checkpoint Rminus1_last=0.070277 (informational; gate uses progress R−1)
  cmp_lcdm_mnu_bbnfix: R−1 = 0.076222 >= 0.05 (N=23429.0, t=2026-08-04T21:07:21.819371) — NOT READY
  cmp_lcdm_mnu_bbnfix: checkpoint converged: false — NOT READY (self-stop required)
  cmp_lcdm_mnu_bbnfix: checkpoint Rminus1_last=0.076222 (informational; gate uses progress R−1)
  REFUSED — booking blocked (gate closed).
  Gate requires BOTH chains with R−1 < 0.05 AND converged: true.
2026-08-05T00:00:18-06:00 poll exit=2
  bar:  R−1 < 0.05 on BOTH + self-stop (converged: true) on BOTH
  refuse if either R−1 >= bar, missing progress, or not self-stopped
  dyad_mnu_bbnfix: R−1 = 0.070277 >= 0.05 (N=23186.0, t=2026-08-04T22:06:26.298367) — NOT READY
  dyad_mnu_bbnfix: checkpoint converged: false — NOT READY (self-stop required)
  dyad_mnu_bbnfix: checkpoint Rminus1_last=0.070277 (informational; gate uses progress R−1)
  cmp_lcdm_mnu_bbnfix: R−1 = 0.076222 >= 0.05 (N=23429.0, t=2026-08-04T21:07:21.819371) — NOT READY
  cmp_lcdm_mnu_bbnfix: checkpoint converged: false — NOT READY (self-stop required)
  cmp_lcdm_mnu_bbnfix: checkpoint Rminus1_last=0.076222 (informational; gate uses progress R−1)
  REFUSED — booking blocked (gate closed).
  Gate requires BOTH chains with R−1 < 0.05 AND converged: true.
2026-08-05T00:05:51-06:00 poll exit=2
  bar:  R−1 < 0.05 on BOTH + self-stop (converged: true) on BOTH
  refuse if either R−1 >= bar, missing progress, or not self-stopped
  dyad_mnu_bbnfix: R−1 = 0.070277 >= 0.05 (N=23186.0, t=2026-08-04T22:06:26.298367) — NOT READY
  dyad_mnu_bbnfix: checkpoint converged: false — NOT READY (self-stop required)
  dyad_mnu_bbnfix: checkpoint Rminus1_last=0.070277 (informational; gate uses progress R−1)
  cmp_lcdm_mnu_bbnfix: R−1 = 0.076222 >= 0.05 (N=23429.0, t=2026-08-04T21:07:21.819371) — NOT READY
  cmp_lcdm_mnu_bbnfix: checkpoint converged: false — NOT READY (self-stop required)
  cmp_lcdm_mnu_bbnfix: checkpoint Rminus1_last=0.076222 (informational; gate uses progress R−1)
  REFUSED — booking blocked (gate closed).
  Gate requires BOTH chains with R−1 < 0.05 AND converged: true.
2026-08-05T00:11:27-06:00 poll exit=2
  bar:  R−1 < 0.05 on BOTH + self-stop (converged: true) on BOTH
  refuse if either R−1 >= bar, missing progress, or not self-stopped
  dyad_mnu_bbnfix: R−1 = 0.070277 >= 0.05 (N=23186.0, t=2026-08-04T22:06:26.298367) — NOT READY
  dyad_mnu_bbnfix: checkpoint converged: false — NOT READY (self-stop required)
  dyad_mnu_bbnfix: checkpoint Rminus1_last=0.070277 (informational; gate uses progress R−1)
  cmp_lcdm_mnu_bbnfix: R−1 = 0.076222 >= 0.05 (N=23429.0, t=2026-08-04T21:07:21.819371) — NOT READY
  cmp_lcdm_mnu_bbnfix: checkpoint converged: false — NOT READY (self-stop required)
  cmp_lcdm_mnu_bbnfix: checkpoint Rminus1_last=0.076222 (informational; gate uses progress R−1)
  REFUSED — booking blocked (gate closed).
  Gate requires BOTH chains with R−1 < 0.05 AND converged: true.
2026-08-05T00:17:00-06:00 poll exit=2
  bar:  R−1 < 0.05 on BOTH + self-stop (converged: true) on BOTH
  refuse if either R−1 >= bar, missing progress, or not self-stopped
  dyad_mnu_bbnfix: R−1 = 0.070277 >= 0.05 (N=23186.0, t=2026-08-04T22:06:26.298367) — NOT READY
  dyad_mnu_bbnfix: checkpoint converged: false — NOT READY (self-stop required)
  dyad_mnu_bbnfix: checkpoint Rminus1_last=0.070277 (informational; gate uses progress R−1)
  cmp_lcdm_mnu_bbnfix: R−1 = 0.076222 >= 0.05 (N=23429.0, t=2026-08-04T21:07:21.819371) — NOT READY
  cmp_lcdm_mnu_bbnfix: checkpoint converged: false — NOT READY (self-stop required)
  cmp_lcdm_mnu_bbnfix: checkpoint Rminus1_last=0.076222 (informational; gate uses progress R−1)
  REFUSED — booking blocked (gate closed).
  Gate requires BOTH chains with R−1 < 0.05 AND converged: true.
2026-08-05T00:22:32-06:00 poll exit=2
  bar:  R−1 < 0.05 on BOTH + self-stop (converged: true) on BOTH
  refuse if either R−1 >= bar, missing progress, or not self-stopped
  dyad_mnu_bbnfix: R−1 = 0.070277 >= 0.05 (N=23186.0, t=2026-08-04T22:06:26.298367) — NOT READY
  dyad_mnu_bbnfix: checkpoint converged: false — NOT READY (self-stop required)
  dyad_mnu_bbnfix: checkpoint Rminus1_last=0.070277 (informational; gate uses progress R−1)
  cmp_lcdm_mnu_bbnfix: R−1 = 0.076222 >= 0.05 (N=23429.0, t=2026-08-04T21:07:21.819371) — NOT READY
  cmp_lcdm_mnu_bbnfix: checkpoint converged: false — NOT READY (self-stop required)
  cmp_lcdm_mnu_bbnfix: checkpoint Rminus1_last=0.076222 (informational; gate uses progress R−1)
  REFUSED — booking blocked (gate closed).
  Gate requires BOTH chains with R−1 < 0.05 AND converged: true.
2026-08-05T00:28:05-06:00 poll exit=2
  bar:  R−1 < 0.05 on BOTH + self-stop (converged: true) on BOTH
  refuse if either R−1 >= bar, missing progress, or not self-stopped
  dyad_mnu_bbnfix: R−1 = 0.070277 >= 0.05 (N=23186.0, t=2026-08-04T22:06:26.298367) — NOT READY
  dyad_mnu_bbnfix: checkpoint converged: false — NOT READY (self-stop required)
  dyad_mnu_bbnfix: checkpoint Rminus1_last=0.070277 (informational; gate uses progress R−1)
  cmp_lcdm_mnu_bbnfix: R−1 = 0.076222 >= 0.05 (N=23429.0, t=2026-08-04T21:07:21.819371) — NOT READY
  cmp_lcdm_mnu_bbnfix: checkpoint converged: false — NOT READY (self-stop required)
  cmp_lcdm_mnu_bbnfix: checkpoint Rminus1_last=0.076222 (informational; gate uses progress R−1)
  REFUSED — booking blocked (gate closed).
  Gate requires BOTH chains with R−1 < 0.05 AND converged: true.
2026-08-05T00:33:41-06:00 poll exit=2
  bar:  R−1 < 0.05 on BOTH + self-stop (converged: true) on BOTH
  refuse if either R−1 >= bar, missing progress, or not self-stopped
  dyad_mnu_bbnfix: R−1 = 0.070277 >= 0.05 (N=23186.0, t=2026-08-04T22:06:26.298367) — NOT READY
  dyad_mnu_bbnfix: checkpoint converged: false — NOT READY (self-stop required)
  dyad_mnu_bbnfix: checkpoint Rminus1_last=0.070277 (informational; gate uses progress R−1)
  cmp_lcdm_mnu_bbnfix: R−1 = 0.076222 >= 0.05 (N=23429.0, t=2026-08-04T21:07:21.819371) — NOT READY
  cmp_lcdm_mnu_bbnfix: checkpoint converged: false — NOT READY (self-stop required)
  cmp_lcdm_mnu_bbnfix: checkpoint Rminus1_last=0.076222 (informational; gate uses progress R−1)
  REFUSED — booking blocked (gate closed).
  Gate requires BOTH chains with R−1 < 0.05 AND converged: true.
2026-08-05T00:39:14-06:00 poll exit=2
  bar:  R−1 < 0.05 on BOTH + self-stop (converged: true) on BOTH
  refuse if either R−1 >= bar, missing progress, or not self-stopped
  dyad_mnu_bbnfix: R−1 = 0.070277 >= 0.05 (N=23186.0, t=2026-08-04T22:06:26.298367) — NOT READY
  dyad_mnu_bbnfix: checkpoint converged: false — NOT READY (self-stop required)
  dyad_mnu_bbnfix: checkpoint Rminus1_last=0.070277 (informational; gate uses progress R−1)
  cmp_lcdm_mnu_bbnfix: R−1 = 0.076222 >= 0.05 (N=23429.0, t=2026-08-04T21:07:21.819371) — NOT READY
  cmp_lcdm_mnu_bbnfix: checkpoint converged: false — NOT READY (self-stop required)
  cmp_lcdm_mnu_bbnfix: checkpoint Rminus1_last=0.076222 (informational; gate uses progress R−1)
  REFUSED — booking blocked (gate closed).
  Gate requires BOTH chains with R−1 < 0.05 AND converged: true.
2026-08-05T00:44:46-06:00 poll exit=2
  bar:  R−1 < 0.05 on BOTH + self-stop (converged: true) on BOTH
  refuse if either R−1 >= bar, missing progress, or not self-stopped
  dyad_mnu_bbnfix: R−1 = 0.070277 >= 0.05 (N=23186.0, t=2026-08-04T22:06:26.298367) — NOT READY
  dyad_mnu_bbnfix: checkpoint converged: false — NOT READY (self-stop required)
  dyad_mnu_bbnfix: checkpoint Rminus1_last=0.070277 (informational; gate uses progress R−1)
  cmp_lcdm_mnu_bbnfix: R−1 = 0.076222 >= 0.05 (N=23429.0, t=2026-08-04T21:07:21.819371) — NOT READY
  cmp_lcdm_mnu_bbnfix: checkpoint converged: false — NOT READY (self-stop required)
  cmp_lcdm_mnu_bbnfix: checkpoint Rminus1_last=0.076222 (informational; gate uses progress R−1)
  REFUSED — booking blocked (gate closed).
  Gate requires BOTH chains with R−1 < 0.05 AND converged: true.
2026-08-05T00:50:22-06:00 poll exit=2
