#        weight    minuslogpost         omega_b              H0            logA             n_s          z_reio    dcdf_rho_inf     dcdf_conv_g dcdf_floor_thaw        A_planck           A_act           P_act            Tcal            Ecal          m_ncdm             A_s     Omega0_dcdf          sigma8         Omega_m              S8       chi2__BAO       chi2__CMB        chi2__SN   minuslogprior minuslogprior__0 minuslogprior__bbn            chi2 chi2__planck_2018_lowl.TT chi2__planck_2018_lowl.EE chi2__planck_2018_highl_plik.TTTEEE_lite chi2__planck_2018_lensing.clik chi2__bao.desi_2024_bao_all chi2__sn.pantheonplusshoes   chi2__act_dr6 chi2__spt3g_lite
              1       1392.0611     0.023001399       69.044811       3.0455465      0.97654639       8.2364317      0.72206083      0.19550919     0.075856609      0.99398894      0.99577661        1.003613      0.99110401      0.99461989     0.014060136   2.1021515e-09      0.95175057      0.86380705      0.27306719      0.82412081       12.654042       1028.2032       1468.2462      -15.528546       -20.701719          5.1731737       2815.1792                 21.292842                 397.25344                                599.45829                      10.198654                   12.654042                  1468.2462       162.06804        144.00769
              1         1391.04     0.023001399       69.044811       3.0455465      0.97654639       8.2364317      0.72206083      0.19550919     0.075856609      0.99398894      0.99577661        1.003613      0.99426915       0.9953709     0.014060136   2.1021515e-09      0.95175057      0.86380705      0.27306719      0.82412081       12.654042       1028.2032       1468.2462      -16.747868       -21.921041          5.1731737       2815.5757                 21.292842                 397.25344                                599.45829                      10.198654                   12.654042                  1468.2462       162.06804         144.4041
              1       1393.8427     0.023001399       69.044811       3.0455465      0.97654639       8.2364317      0.72206083      0.19550919     0.075856609      0.99517306      0.99537554       1.0034775      0.99910054      0.99829338     0.014060136   2.1021515e-09      0.95175057      0.86380705      0.27306719      0.82412081       12.654042       1032.1692       1468.2462      -18.547054       -23.720228          5.1731737       2824.7795                 21.182201                 397.26028                                603.28205                      10.444631                   12.654042                  1468.2462       161.36632        150.34369
              1       1393.8493     0.023001399       69.044811       3.0455465      0.97654639       8.2364317      0.72206083      0.19550919     0.075856609      0.99517306      0.99579958       1.0063339      0.99468947      0.99973274     0.014060136   2.1021515e-09      0.95175057      0.86380705      0.27306719      0.82412081       12.654042       1032.1692       1468.2462      -18.102445       -23.275619          5.1731737       2823.9034                 21.182201                 397.26028                                603.28205                      10.444631                   12.654042                  1468.2462       165.12381        145.71017
              1       1392.2625     0.023001399       69.044811       3.0455465      0.97654639       8.2364317      0.72206083      0.19550919     0.075856609      0.99517306      0.99595499       1.0005067      0.99635237      0.99526412     0.014060136   2.1021515e-09      0.95175057      0.86380705      0.27306719      0.82412081       12.654042       1032.1692       1468.2462      -18.331586       -23.504759          5.1731737       2821.1882                 21.182201                 397.26028                                603.28205                      10.444631                   12.654042                  1468.2462       161.90906        146.20972
              1       1392.2597     0.023001399       69.044811       3.0455465      0.97654639       8.2364317      0.72206083      0.19550919     0.075856609      0.99517306      0.99599004        1.000559      0.99635239      0.99527559     0.014060136   2.1021515e-09      0.95175057      0.86380705      0.27306719      0.82412081       12.654042       1032.1692       1468.2462        -18.3483       -23.521474          5.1731737        2821.216                 21.182201                 397.26028                                603.28205                      10.444631                   12.654042                  1468.2462       161.93924        146.20729
              1       1393.3962     0.023001399       69.044811       3.0455465      0.97654639       8.2364317      0.72206083      0.19550919     0.075856609      0.99517306      0.99492138       1.0002552      0.99288869      0.99186682     0.014060136   2.1021515e-09      0.95175057      0.86380705      0.27306719      0.82412081       12.654042       1032.1692       1468.2462      -16.469841       -21.643014          5.1731737       2819.7321                 21.182201                 397.26028                                603.28205                      10.444631                   12.654042                  1468.2462       161.16071        145.50192
              1       1394.9329     0.023001399       69.044811       3.0455465      0.97654639       8.2364317      0.72206083      0.19550919     0.075856609      0.99418671      0.99436529       1.0064511      0.99904579       1.0008765     0.014060136   2.1021515e-09      0.95175057      0.86380705      0.27306719      0.82412081       12.654042       1028.5568       1468.2462      -17.149421       -22.322594          5.1731737       2824.1647                 21.274041                 397.27833                                599.77033                      10.234143                   12.654042                  1468.2462       163.05864        151.64891
              1       1392.3551     0.023001399       69.044811       3.0455465      0.97654639       8.2364317      0.72206083      0.19550919     0.075856609      0.99475858       0.9972508      0.99974164      0.99531375      0.99476884     0.014060136   2.1021515e-09      0.95175057      0.86380705      0.27306719      0.82412081       12.654042       1030.2405       1468.2462      -18.225467       -23.398641          5.1731737       2821.1611                 21.220375                 397.26028                                601.41043                      10.349398                   12.654042                  1468.2462       164.72087        145.29945
              1       1393.2297     0.023001399       69.044811       3.0455465      0.97654639       8.2364317      0.72206083      0.19550919     0.075856609      0.99475858      0.99538914      0.99729461      0.99531809      0.99417699     0.014060136   2.1021515e-09      0.95175057      0.86380705      0.27306719      0.82412081       12.654042       1030.2405       1468.2462      -17.403366       -22.576539          5.1731737       2821.2661                 21.220375                 397.26028                                601.41043                      10.349398                   12.654042                  1468.2462       164.61618        145.50916
              1       1393.4403     0.023001399       69.044811       3.0455465      0.97654639       8.2364317      0.72206083      0.19550919     0.075856609      0.99475858      0.99538914      0.99729461      0.99190744      0.99870491     0.014060136   2.1021515e-09      0.95175057      0.86380705      0.27306719      0.82412081       12.654042       1030.2405       1468.2462      -16.627691       -21.800865          5.1731737        2820.136                 21.220375                 397.26028                                601.41043                      10.349398                   12.654042                  1468.2462       164.61618         144.3791
              1       1393.1254     0.023001399       69.044811       3.0455465      0.97654639       8.2364317      0.72206083      0.19550919     0.075856609      0.99402759      0.99538861      0.99757059      0.99125285      0.99511665     0.014060136   2.1021515e-09      0.95175057      0.86380705      0.27306719      0.82412081       12.654042       1028.2688       1468.2462      -15.488524       -20.661698          5.1731737       2817.2279                 21.289159                 397.26532                                599.50895                      10.205414                   12.654042                  1468.2462       164.18718        143.87155
              1       1393.2165     0.023001399       69.044811       3.0455465      0.97654639       8.2364317      0.72206083      0.19550919     0.075856609      0.99363801      0.99538833      0.99771768      0.99129009      0.99517322     0.014060136   2.1021515e-09      0.95175057      0.86380705      0.27306719      0.82412081       12.654042       1027.9587       1468.2462      -15.125284       -20.298457          5.1731737       2816.6837                 21.326461                 397.26251                                599.22849                      10.141232                   12.654042                  1468.2462       163.96956        143.85512
              1       1392.3318     0.023001399       69.044811       3.0455465      0.97654639       8.2364317      0.72206083      0.19550919     0.075856609      0.99363801      0.99390503       1.0037834      0.99142674      0.99511781     0.014060136   2.1021515e-09      0.95175057      0.86380705      0.27306719      0.82412081       12.654042       1027.9587       1468.2462      -14.296485       -19.469658          5.1731737       2813.2566                 21.326461                 397.26251                                599.22849                      10.141232                   12.654042                  1468.2462       160.55855        143.83905
              1       1392.2168     0.023001399       69.044811       3.0455465      0.97654639       8.2364317      0.72206083      0.19550919     0.075856609      0.99363801      0.99390503       1.0037834      0.99697172      0.99849678     0.014060136   2.1021515e-09      0.95175057      0.86380705      0.27306719      0.82412081       12.654042       1027.9587       1468.2462      -16.096087       -21.269261          5.1731737       2816.6257                 21.326461                 397.26251                                599.22849                      10.141232                   12.654042                  1468.2462       160.55855        147.20821
              1       1393.6286     0.023001399       69.044811       3.0455465      0.97654639       8.2364317      0.72206083      0.19550919     0.075856609      0.99496985      0.99283491       1.0057051      0.99370786      0.99852968     0.014060136   2.1021515e-09      0.95175057      0.86380705      0.27306719      0.82412081       12.654042       1031.1507       1468.2462      -15.768013       -20.941186          5.1731737       2818.7932                 21.200838                 397.26028                                 602.2929                      10.396715                   12.654042                  1468.2462       162.17563        144.56653
              1       1394.7328     0.023001399       69.044811       3.0455465      0.97654639       8.2364317      0.72206083      0.19550919     0.075856609      0.99496985      0.99283491       1.0057051      0.99051072      0.99685885     0.014060136   2.1021515e-09      0.95175057      0.86380705      0.27306719      0.82412081       12.654042       1031.1507       1468.2462       -14.44375       -19.616924          5.1731737        2818.353                 21.200838                 397.26028                                 602.2929                      10.396715                   12.654042                  1468.2462       162.17563        144.12636
              1        1394.245     0.023001399       69.044811       3.0455465      0.97654639       8.2364317      0.72206083      0.19550919     0.075856609      0.99496985      0.99829095       0.9992559      0.99677074      0.99789038     0.014060136   2.1021515e-09      0.95175057      0.86380705      0.27306719      0.82412081       12.654042       1031.1507       1468.2462       -19.15951       -24.332684          5.1731737        2826.809                 21.200838                 397.26028                                 602.2929                      10.396715                   12.654042                  1468.2462       167.98944        146.76854
              1       1394.7057     0.023001399       69.044811       3.0455465      0.97654639       8.2364317      0.72206083      0.19550919     0.075856609      0.99522734      0.99829114      0.99915868      0.99674612      0.99785299     0.014060136   2.1021515e-09      0.95175057      0.86380705      0.27306719      0.82412081       12.654042       1032.4649       1468.2462      -19.356014       -24.529187          5.1731737       2828.1234                 21.177247                 397.26028                                603.56953                      10.457828                   12.654042                  1468.2462       168.02887        146.72934
              1       1392.1349     0.023001399       69.044811       3.0455465      0.97654639       8.2364317      0.72206083      0.19550919     0.075856609      0.99501207      0.99443171       1.0032182       0.9969261      0.99712725     0.014060136   2.1021515e-09      0.95175057      0.86380705      0.27306719      0.82412081       12.654042       1031.3508       1468.2462      -17.621388       -22.794562          5.1731737       2819.5126                 21.196955                 397.26028                                602.48708                      10.406476                   12.654042                  1468.2462       160.45407        146.80746
              1       1391.5536     0.023001399       69.044811       3.0455465      0.97654639       8.2364317      0.72206083      0.19550919     0.075856609      0.99501207      0.99443171       1.0032182      0.99397043      0.99608899     0.014060136   2.1021515e-09      0.95175057      0.86380705      0.27306719      0.82412081       12.654042       1031.3508       1468.2462      -16.887428       -22.060601          5.1731737        2816.882                 21.196955                 397.26028                                602.48708                      10.406476                   12.654042                  1468.2462       160.45407         144.1769
              1       1392.0486     0.023001399       69.044811       3.0455465      0.97654639       8.2364317      0.72206083      0.19550919     0.075856609      0.99501207      0.99399872       1.0026623      0.99605924      0.99783916     0.014060136   2.1021515e-09      0.95175057      0.86380705      0.27306719      0.82412081       12.654042       1031.3508       1468.2462      -17.226167       -22.399341          5.1731737       2818.5495                 21.196955                 397.26028                                602.48708                      10.406476                   12.654042                  1468.2462        160.3275         145.9709
              1       1391.7453     0.023001399       69.044811       3.0455465      0.97654639       8.2364317      0.72206083      0.19550919     0.075856609      0.99478713      0.99399855       1.0027472      0.99608075      0.99787182     0.014060136   2.1021515e-09      0.95175057      0.86380705      0.27306719      0.82412081       12.654042       1030.3546       1468.2462      -17.048011       -22.221185          5.1731737       2817.5865                 21.217725                 397.26028                                601.52099                      10.355643                   12.654042                  1468.2462       160.32999        146.00162
              1       1391.8471     0.023001399       69.044811       3.0455465      0.97654639       8.2364317      0.72206083      0.19550919     0.075856609      0.99478713      0.99614157       1.0026175      0.99673418      0.99852123     0.014060136   2.1021515e-09      0.95175057      0.86380705      0.27306719      0.82412081       12.654042       1030.3546       1468.2462      -18.360495       -23.533668          5.1731737       2820.4151                 21.217725                 397.26028                                601.52099                      10.355643                   12.654042                  1468.2462       162.22858        146.93161
              1       1390.9177     0.023001399       69.044811       3.0455465      0.97654639       8.2364317      0.72206083      0.19550919     0.075856609      0.99478713      0.99529627       1.0020779       0.9944418      0.99719531     0.014060136   2.1021515e-09      0.95175057      0.86380705      0.27306719      0.82412081       12.654042       1030.3546       1468.2462      -17.402995       -22.576168          5.1731737       2816.6413                 21.217725                 397.26028                                601.52099                      10.355643                   12.654042                  1468.2462       160.86458        144.52184
              1       1391.4267     0.023001399       69.044811       3.0455465      0.97654639       8.2364317      0.72206083      0.19550919     0.075856609      0.99478713      0.99516981       1.0044297      0.99448394      0.99728583     0.014060136   2.1021515e-09      0.95175057      0.86380705      0.27306719      0.82412081       12.654042       1030.3546       1468.2462       -17.35231       -22.525484          5.1731737        2817.558                 21.217725                 397.26028                                601.52099                      10.355643                   12.654042                  1468.2462       161.73891        144.56415
              1       1391.2404     0.023001399       69.044811       3.0455465      0.97654639       8.2364317      0.72206083      0.19550919     0.075856609      0.99454862      0.99516964       1.0045197      0.99450674      0.99732047     0.014060136   2.1021515e-09      0.95175057      0.86380705      0.27306719      0.82412081       12.654042       1029.4952       1468.2462      -17.156727         -22.3299          5.1731737       2816.7942                 21.239947                 397.26923                                600.68111                      10.304904                   12.654042                  1468.2462       161.81377        144.58495
              1       1391.7072     0.023001399       69.044811       3.0455465      0.97654639       8.2364317      0.72206083      0.19550919     0.075856609      0.99374746      0.99511296       1.0054506      0.99459512      0.99745543     0.014060136   2.1021515e-09      0.95175057      0.86380705      0.27306719      0.82412081       12.654042       1027.9925       1468.2462      -16.406557        -21.57973          5.1731737       2816.2274                 21.315941                 397.26251                                599.25565                      10.158379                   12.654042                  1468.2462        162.6658        144.66885
              1       1392.6495     0.023001399       69.044811       3.0455465      0.97654639       8.2364317      0.72206083      0.19550919     0.075856609      0.99374746      0.99511296       1.0054506      0.99105992      0.99732155     0.014060136   2.1021515e-09      0.95175057      0.86380705      0.27306719      0.82412081       12.654042       1027.9925       1468.2462      -15.142201       -20.315374          5.1731737       2815.5833                 21.315941                 397.26251                                599.25565                      10.158379                   12.654042                  1468.2462        162.6658        144.02477
              1       1392.6538     0.023001399       69.044811       3.0455465      0.97654639       8.2364317      0.72206083      0.19550919     0.075856609      0.99404782      0.99511318       1.0053372      0.99116879      0.99895617     0.014060136   2.1021515e-09      0.95175057      0.86380705      0.27306719      0.82412081       12.654042        1028.299       1468.2462      -15.541131       -20.714305          5.1731737       2816.3899                 21.287232                 397.26532                                599.53746                      10.208986                   12.654042                  1468.2462       162.53798         144.6526
              1       1393.1099     0.023001399       69.044811       3.0455465      0.97654639       8.2364317      0.72206083      0.19550919     0.075856609      0.99536925       0.9942246       1.0008141      0.99520978        1.000028     0.014060136   2.1021515e-09      0.95175057      0.86380705      0.27306719      0.82412081       12.654042       1033.2712       1468.2462      -17.509021       -22.682195          5.1731737       2821.2379                 21.164338                  397.2464                                604.36734                      10.493123                   12.654042                  1468.2462       160.80122         146.2652
              1       1392.5701     0.023001399       69.044811       3.0455465      0.97654639       8.2364317      0.72206083      0.19550919     0.075856609      0.99536925       0.9942246       1.0008141      0.99515726      0.99699743     0.014060136   2.1021515e-09      0.95175057      0.86380705      0.27306719      0.82412081       12.654042       1033.2712       1468.2462      -17.411192       -22.584365          5.1731737       2819.9627                 21.164338                  397.2464                                604.36734                      10.493123                   12.654042                  1468.2462       160.80122        144.98996
              1       1392.8428     0.023001399       69.044811       3.0455465      0.97654639       8.2364317      0.72206083      0.19550919     0.075856609      0.99273277      0.99452875       1.0009869        0.993341      0.99680399     0.014060136   2.1021515e-09      0.95175057      0.86380705      0.27306719      0.82412081       12.654042       1029.2751       1468.2462      -14.562286        -19.73546          5.1731737       2814.8102                 21.414854                 397.27741                                 600.5568                      10.026014                   12.654042                  1468.2462       160.67879        143.95604
              1       1393.6262     0.023001399       69.044811       3.0455465      0.97654639       8.2364317      0.72206083      0.19550919     0.075856609      0.99382001      0.99398799       1.0002726      0.98973655      0.99504201     0.014060136   2.1021515e-09      0.95175057      0.86380705      0.27306719      0.82412081       12.654042       1028.0363       1468.2462      -13.738212       -18.911385          5.1731737       2814.7288                 21.308985                 397.26133                                 599.2959                      10.170126                   12.654042                  1468.2462       161.28262        144.50958
              1       1393.3782     0.023001399       69.044811       3.0455465      0.97654639       8.2364317      0.72206083      0.19550919     0.075856609      0.99382001      0.99431785       1.0033564      0.99906387      0.99973612     0.014060136   2.1021515e-09      0.95175057      0.86380705      0.27306719      0.82412081       12.654042       1028.0363       1468.2462      -16.775217       -21.948391          5.1731737       2820.3068                 21.308985                 397.26133                                 599.2959                      10.170126                   12.654042                  1468.2462       160.45802        150.91212
              1       1391.2464     0.023001399       69.044811       3.0455465      0.97654639       8.2364317      0.72206083      0.19550919     0.075856609      0.99382001      0.99431785       1.0033564      0.99326619      0.99511248     0.014060136   2.1021515e-09      0.95175057      0.86380705      0.27306719      0.82412081       12.654042       1028.0363       1468.2462      -15.447022       -20.620196          5.1731737       2813.3869                 21.308985                 397.26133                                 599.2959                      10.170126                   12.654042                  1468.2462       160.45802        143.99222
              1       1391.3729     0.023001399       69.044811       3.0455465      0.97654639       8.2364317      0.72206083      0.19550919     0.075856609      0.99382001        0.994295       1.0036346      0.99361057      0.99459632     0.014060136   2.1021515e-09      0.95175057      0.86380705      0.27306719      0.82412081       12.654042       1028.0363       1468.2462      -15.494402       -20.667576          5.1731737       2813.7346                 21.308985                 397.26133                                 599.2959                      10.170126                   12.654042                  1468.2462        160.5495        144.24847
              1       1391.0877     0.023001399       69.044811       3.0455465      0.97654639       8.2364317      0.72206083      0.19550919     0.075856609      0.99382001      0.99622117       1.0029442      0.99471312       0.9977539     0.014060136   2.1021515e-09      0.95175057      0.86380705      0.27306719      0.82412081       12.654042       1028.0363       1468.2462      -17.057061       -22.230235          5.1731737       2816.2895                 21.308985                 397.26133                                 599.2959                      10.170126                   12.654042                  1468.2462       162.53279        144.82007
              1       1391.7594     0.023001399       69.044811       3.0455465      0.97654639       8.2364317      0.72206083      0.19550919     0.075856609      0.99374412      0.99622111       1.0029729      0.99590651      0.99420482     0.014060136   2.1021515e-09      0.95175057      0.86380705      0.27306719      0.82412081       12.654042       1027.9908       1468.2462      -16.989189       -22.162363          5.1731737       2817.4972                 21.316262                 397.26251                                599.25422                      10.157845                   12.654042                  1468.2462       162.54727        146.05884
              1        1393.164     0.023001399       69.044811       3.0455465      0.97654639       8.2364317      0.72206083      0.19550919     0.075856609      0.99532311      0.99468126       1.0044859      0.99582787      0.99370029     0.014060136   2.1021515e-09      0.95175057      0.86380705      0.27306719      0.82412081       12.654042       1032.9958       1468.2462      -17.518083       -22.691257          5.1731737       2821.3642                 21.168528                  397.2451                                 604.1006                      10.481522                   12.654042                  1468.2462       161.25977        146.20837
              1       1391.4018     0.023001399       69.044811       3.0455465      0.97654639       8.2364317      0.72206083      0.19550919     0.075856609      0.99423518      0.99471263       1.0048078       0.9938254      0.99862789     0.014060136   2.1021515e-09      0.95175057      0.86380705      0.27306719      0.82412081       12.654042       1028.6413       1468.2462      -16.471549       -21.644723          5.1731737       2815.7467                  21.26945                 397.26181                                599.86686                      10.243184                   12.654042                  1468.2462       161.54773        144.65738
              1       1391.2765     0.023001399       69.044811       3.0455465      0.97654639       8.2364317      0.72206083      0.19550919     0.075856609      0.99423518      0.99649891       1.0023406      0.99589225      0.99794367     0.014060136   2.1021515e-09      0.95175057      0.86380705      0.27306719      0.82412081       12.654042       1028.6413       1468.2462      -17.848585       -23.021758          5.1731737       2818.2501                  21.26945                 397.26181                                599.86686                      10.243184                   12.654042                  1468.2462       162.87329        145.83525
              2       1392.2507     0.023001399       69.044811       3.0455465      0.97654639       8.2364317      0.72206083      0.19550919     0.075856609      0.99423518      0.99649891       1.0023406      0.99056505      0.99644461     0.014060136   2.1021515e-09      0.95175057      0.86380705      0.27306719      0.82412081       12.654042       1028.6413       1468.2462      -15.979709       -21.152882          5.1731737       2816.4608                  21.26945                 397.26181                                599.86686                      10.243184                   12.654042                  1468.2462       162.87329        144.04591
              1       1392.7298     0.023001399       69.044811       3.0455465      0.97654639       8.2364317      0.72206083      0.19550919     0.075856609      0.99353288      0.99548341      0.99921244      0.99060034      0.99611702     0.014060136   2.1021515e-09      0.95175057      0.86380705      0.27306719      0.82412081       12.654042        1027.965       1468.2462      -14.833572       -20.006746          5.1731737       2815.1268                 21.336594                 397.26251                                599.24045                      10.125413                   12.654042                  1468.2462       162.25247        144.00908
              1       1392.5465     0.023001399       69.044811       3.0455465      0.97654639       8.2364317      0.72206083      0.19550919     0.075856609      0.99419947       0.9943445       1.0001563      0.99058403      0.99579781     0.014060136   2.1021515e-09      0.95175057      0.86380705      0.27306719      0.82412081       12.654042       1028.5849       1468.2462      -14.812126         -19.9853          5.1731737       2814.7174                 21.272831                 397.28058                                599.79498                      10.236511                   12.654042                  1468.2462       161.21906        144.01311
              1       1395.1242     0.023001399       69.044811       3.0455465      0.97654639       8.2364317      0.72206083      0.19550919     0.075856609      0.99384232      0.99622628      0.99746603      0.99948608      0.99419694     0.014060136   2.1021515e-09      0.95175057      0.86380705      0.27306719      0.82412081       12.654042       1028.0538       1468.2462      -17.497049       -22.670223          5.1731737       2825.2425                 21.306849                 397.26133                                599.31184                      10.173798                   12.654042                  1468.2462       164.91124        151.37717
              1          1395.8     0.023001399       69.044811       3.0455465      0.97654639       8.2364317      0.72206083      0.19550919     0.075856609       0.9944044      0.99650017       1.0003844      0.99303732      0.98779139     0.014060136   2.1021515e-09      0.95175057      0.86380705      0.27306719      0.82412081       12.654042       1029.0641       1468.2462      -15.848967        -21.02214          5.1731737       2823.2979                 21.253479                 397.26924                                600.26559                      10.275806                   12.654042                  1468.2462       162.84184        150.49164
              1       1396.1695     0.023001399       69.044811       3.0455465      0.97654639       8.2364317      0.72206083      0.19550919     0.075856609      0.99346741        0.996193       1.0001864      0.99615745      0.98807759     0.014060136   2.1021515e-09      0.95175057      0.86380705      0.27306719      0.82412081       12.654042       1027.9881       1468.2462      -15.716633       -20.889807          5.1731737       2823.7723                 21.342919                 397.26253                                599.26675                      10.115885                   12.654042                  1468.2462       162.38828        152.49567
              2       1394.3451     0.023001399       69.044811       3.0455465      0.97654639       8.2364317      0.72206083      0.19550919     0.075856609      0.99418228      0.99345612       1.0048864      0.99521676      0.99043552     0.014060136   2.1021515e-09      0.95175057      0.86380705      0.27306719      0.82412081       12.654042        1028.548       1468.2462      -15.127159       -20.300333          5.1731737       2818.9446                 21.274461                 397.27833                                 599.7619                      10.233323                   12.654042                  1468.2462       161.21947        148.27682
              1         1393.23     0.023001399       69.044811       3.0455465      0.97654639       8.2364317      0.72206083      0.19550919     0.075856609      0.99418228      0.99651074      0.99968914      0.99505656      0.99092833     0.014060136   2.1021515e-09      0.95175057      0.86380705      0.27306719      0.82412081       12.654042        1028.548       1468.2462       -16.87803       -22.051204          5.1731737       2820.2161                 21.274461                 397.27833                                 599.7619                      10.233323                   12.654042                  1468.2462       163.16429         147.6035
              1       1393.3298     0.023001399       69.044811       3.0455465      0.97654639       8.2364317      0.72206083      0.19550919     0.075856609      0.99419071      0.99651074      0.99968595      0.99421036      0.99065309     0.014060136   2.1021515e-09      0.95175057      0.86380705      0.27306719      0.82412081       12.654042       1028.5649       1468.2462      -16.612657        -21.78583          5.1731737        2819.885                 21.273662                 397.27833                                599.77799                      10.234883                   12.654042                  1468.2462       163.16608        147.25375
              1       1391.5442     0.023001399       69.044811       3.0455465      0.97654639       8.2364317      0.72206083      0.19550919     0.075856609      0.99419071      0.99651074      0.99968595      0.99486485      0.99950748     0.014060136   2.1021515e-09      0.95175057      0.86380705      0.27306719      0.82412081       12.654042       1028.5649       1468.2462      -17.614187       -22.787361          5.1731737       2818.3168                 21.273662                 397.27833                                599.77799                      10.234883                   12.654042                  1468.2462       163.16608        145.68556
              1       1391.5052     0.023001399       69.044811       3.0455465      0.97654639       8.2364317      0.72206083      0.19550919     0.075856609      0.99419071      0.99535837       1.0037878      0.99190985      0.99837048     0.014060136   2.1021515e-09      0.95175057      0.86380705      0.27306719      0.82412081       12.654042       1028.5649       1468.2462      -16.101555       -21.274728          5.1731737       2815.2136                 21.273662                 397.27833                                599.77799                      10.234883                   12.654042                  1468.2462       161.52483         144.2236
              1       1391.9221     0.023001399       69.044811       3.0455465      0.97654639       8.2364317      0.72206083      0.19550919     0.075856609      0.99419071      0.99532682       1.0039804      0.99095642      0.99602827     0.014060136   2.1021515e-09      0.95175057      0.86380705      0.27306719      0.82412081       12.654042       1028.5649       1468.2462       -15.55597       -20.729143          5.1731737       2814.9561                 21.273662                 397.27833                                599.77799                      10.234883                   12.654042                  1468.2462       161.60965        143.88129
              1       1392.7524     0.023001399       69.044811       3.0455465      0.97654639       8.2364317      0.72206083      0.19550919     0.075856609      0.99435025      0.99409785      0.99984531      0.99090318      0.99548668     0.014060136   2.1021515e-09      0.95175057      0.86380705      0.27306719      0.82412081       12.654042       1028.9205       1468.2462      -14.912749       -20.085923          5.1731737       2815.3303                  21.25858                 397.26924                                600.12754                      10.265187                   12.654042                  1468.2462       161.59282        143.91661
              1       1391.6962     0.023001399       69.044811       3.0455465      0.97654639       8.2364317      0.72206083      0.19550919     0.075856609      0.99435025      0.99409785      0.99984531       0.9935331      0.99661525     0.014060136   2.1021515e-09      0.95175057      0.86380705      0.27306719      0.82412081       12.654042       1028.9205       1468.2462      -16.012234       -21.185408          5.1731737       2815.4168                  21.25858                 397.26924                                600.12754                      10.265187                   12.654042                  1468.2462       161.59282        144.00316
              1       1393.6876     0.023001399       69.044811       3.0455465      0.97654639       8.2364317      0.72206083      0.19550919     0.075856609      0.99435025      0.99538216       1.0060118      0.99523402      0.99160897     0.014060136   2.1021515e-09      0.95175057      0.86380705      0.27306719      0.82412081       12.654042       1028.9205       1468.2462      -16.678994       -21.852168          5.1731737       2820.7331                  21.25858                 397.26924                                600.12754                      10.265187                   12.654042                  1468.2462       163.80818        147.10411
              1       1393.7385     0.023001399       69.044811       3.0455465      0.97654639       8.2364317      0.72206083      0.19550919     0.075856609      0.99435025      0.99737068       1.0033413      0.99289774       1.0016888     0.014060136   2.1021515e-09      0.95175057      0.86380705      0.27306719      0.82412081       12.654042       1028.9205       1468.2462      -17.431038       -22.604211          5.1731737       2822.3391                  21.25858                 397.26924                                600.12754                      10.265187                   12.654042                  1468.2462       165.86276         146.6555
              1       1395.3036     0.023001399       69.044811       3.0455465      0.97654639       8.2364317      0.72206083      0.19550919     0.075856609      0.99315377      0.99736981       1.0037931      0.99257975       1.0023265     0.014060136   2.1021515e-09      0.95175057      0.86380705      0.27306719      0.82412081       12.654042       1028.3092       1468.2462      -16.095928       -21.269101          5.1731737       2822.7992                 21.373398                 397.26833                                599.59377                      10.073683                   12.654042                  1468.2462       166.27267        147.31702
              1       1393.0332     0.023001399       69.044811       3.0455465      0.97654639       8.2364317      0.72206083      0.19550919     0.075856609      0.99315377      0.99402009       1.0006882      0.99706377      0.99588772     0.014060136   2.1021515e-09      0.95175057      0.86380705      0.27306719      0.82412081       12.654042       1028.3092       1468.2462      -15.536598       -20.709771          5.1731737       2817.1395                 21.373398                 397.26833                                599.59377                      10.073683                   12.654042                  1468.2462       160.95821        146.97185
              1       1394.9872     0.023001399       69.044811       3.0455465      0.97654639       8.2364317      0.72206083      0.19550919     0.075856609      0.99315377      0.99363818       1.0014267      0.98907382      0.99768598     0.014060136   2.1021515e-09      0.95175057      0.86380705      0.27306719      0.82412081       12.654042       1028.3092       1468.2462      -12.637056        -17.81023          5.1731737       2815.2485                 21.373398                 397.26833                                599.59377                      10.073683                   12.654042                  1468.2462       160.77504        145.26399
              1       1394.7987     0.023001399       69.044811       3.0455465      0.97654639       8.2364317      0.72206083      0.19550919     0.075856609      0.99315377       0.9942343       1.0040782      0.99323546       1.0037768     0.014060136   2.1021515e-09      0.95175057      0.86380705      0.27306719      0.82412081       12.654042       1028.3092       1468.2462      -14.780347       -19.953521          5.1731737        2819.158                 21.373398                 397.26833                                599.59377                      10.073683                   12.654042                  1468.2462       160.73772        149.21086
              1       1396.4463     0.023001399       69.044811       3.0455465      0.97654639       8.2364317      0.72206083      0.19550919     0.075856609      0.99421896       0.9922513       1.0007042      0.99611744      0.99072693     0.014060136   2.1021515e-09      0.95175057      0.86380705      0.27306719      0.82412081       12.654042       1028.6254       1468.2462       -14.45004       -19.623214          5.1731737       2821.7926                 21.270986                 397.28058                                599.83367                      10.240143                   12.654042                  1468.2462       163.38896        148.87801
              1       1394.5174     0.023001399       69.044811       3.0455465      0.97654639       8.2364317      0.72206083      0.19550919     0.075856609      0.99421896      0.99450728       1.0084443      0.99186168      0.99825103     0.014060136   2.1021515e-09      0.95175057      0.86380705      0.27306719      0.82412081       12.654042       1028.6254       1468.2462      -15.625368       -20.798542          5.1731737       2820.2856                 21.270986                 397.28058                                599.83367                      10.240143                   12.654042                  1468.2462       166.58253        144.17743
              1       1393.4656     0.023001399       69.044811       3.0455465      0.97654639       8.2364317      0.72206083      0.19550919     0.075856609      0.99421896      0.99538459       1.0076013      0.99558209      0.99778382     0.014060136   2.1021515e-09      0.95175057      0.86380705      0.27306719      0.82412081       12.654042       1028.6254       1468.2462       -17.25909       -22.432264          5.1731737       2821.4493                 21.270986                 397.28058                                599.83367                      10.240143                   12.654042                  1468.2462       166.42084        145.50284
              1       1395.2215     0.023006616       69.327442       3.0464455      0.97403653       8.2635336       0.7263507      0.19060514     0.089983039      0.99434886      0.99520608       1.0077693      0.99525871      0.99774937     0.042926363   2.1040424e-09      0.95213232      0.84796226       0.2690637       0.8030516       14.293054       1023.8947        1466.243      -17.120676       -22.382838           5.262162       2824.6844                 21.758485                 397.44596                                593.88639                      10.803871                   14.293054                   1466.243       174.91513        145.33847
              1       1394.9422     0.023006616       69.327442       3.0464455      0.97403653       8.2635336       0.7263507      0.19060514     0.089983039      0.99434886       0.9968513      0.99978433      0.99508626      0.99774557     0.042926363   2.1040424e-09      0.95213232      0.84796226       0.2690637       0.8030516       14.293054       1023.8947        1466.243      -17.805183       -23.067345           5.262162       2825.4947                 21.758485                 397.44596                                593.88639                      10.803871                   14.293054                   1466.243       175.87968        145.18425
              1       1391.1483     0.022984034       69.250492       3.0467653      0.97635869       8.4340116      0.72636938      0.19452605     0.081793686      0.99419464      0.99395492       1.0075434      0.99233898      0.99919562     0.037891038   2.1047152e-09      0.95207297      0.85135558      0.26894917      0.80609358       13.613848       1023.6395       1467.1338      -15.749028       -20.631784           4.882756       2813.7946                 21.299581                 397.97382                                 593.4492                      10.916947                   13.613848                  1467.1338       167.56725        141.84018
              1       1394.7527     0.022984034       69.250492       3.0467653      0.97635869       8.4340116      0.72636938      0.19452605     0.081793686      0.99419464      0.99742627       1.0029906      0.98731366      0.99480322     0.037891038   2.1047152e-09      0.95207297      0.85135558      0.26894917      0.80609358       13.613848       1023.6395       1467.1338      -14.625823       -19.508579           4.882756        2818.757                 21.299581                 397.97382                                 593.4492                      10.916947                   13.613848                  1467.1338       171.34584        143.02391
              1       1391.3132     0.022984034       69.250492       3.0467653      0.97635869       8.4340116      0.72636938      0.19452605     0.081793686      0.99419464      0.99742627       1.0029906      0.99380903      0.99966429     0.037891038   2.1047152e-09      0.95207297      0.85135558      0.26894917      0.80609358       13.613848       1023.6395       1467.1338      -17.921279       -22.804035           4.882756        2818.469                 21.299581                 397.97382                                 593.4492                      10.916947                   13.613848                  1467.1338       171.34584        142.73599
              1       1391.1105     0.022984034       69.250492       3.0467653      0.97635869       8.4340116      0.72636938      0.19452605     0.081793686      0.99419464      0.99742627       1.0029906      0.99219699        0.996163     0.037891038   2.1047152e-09      0.95207297      0.85135558      0.26894917      0.80609358       13.613848       1023.6395       1467.1338      -17.223574        -22.10633           4.882756       2816.6682                 21.299581                 397.97382                                 593.4492                      10.916947                   13.613848                  1467.1338       171.34584        140.93513
              1       1391.0569     0.022984034       69.250492       3.0467653      0.97635869       8.4340116      0.72636938      0.19452605     0.081793686      0.99500119      0.99742685       1.0026861      0.99335298      0.99842353     0.037891038   2.1047152e-09      0.95207297      0.85135558      0.26894917      0.80609358       13.613848       1025.2353       1467.1338      -18.450926       -23.333682           4.882756       2819.0156                 21.222602                 397.99042                                594.73388                      11.288413                   13.613848                  1467.1338       171.19342        141.83925
              1       1392.7163     0.022984034       69.250492       3.0467653      0.97635869       8.4340116      0.72636938      0.19452605     0.081793686      0.99467717      0.99793607       1.0030719      0.99659141      0.99487995     0.037891038   2.1047152e-09      0.95207297      0.85135558      0.26894917      0.80609358       13.613848       1024.3173       1467.1338      -18.897715       -23.780471           4.882756        2823.228                 21.253268                 397.97382                                 593.9555                      11.134752                   13.613848                  1467.1338       173.41206        144.75096
              1       1392.1934     0.022984034       69.250492       3.0467653      0.97635869       8.4340116      0.72636938      0.19452605     0.081793686      0.99467717      0.99793607       1.0030719       0.9942724      0.99404325     0.037891038   2.1047152e-09      0.95207297      0.85135558      0.26894917      0.80609358       13.613848       1024.3173       1467.1338       -18.28457       -23.167327           4.882756       2820.9558                 21.253268                 397.97382                                 593.9555                      11.134752                   13.613848                  1467.1338       173.41206        142.47879
              1       1389.6924     0.022984034       69.250492       3.0467653      0.97635869       8.4340116      0.72636938      0.19452605     0.081793686      0.99467717      0.99557637      0.99971674      0.99531741      0.99743779     0.037891038   2.1047152e-09      0.95207297      0.85135558      0.26894917      0.80609358       13.613848       1024.3173       1467.1338       -17.97747       -22.860226           4.882756       2815.3398                 21.253268                 397.97382                                 593.9555                      11.134752                   13.613848                  1467.1338       167.21448        143.06032
              1       1392.1259     0.022984034       69.250492       3.0467653      0.97635869       8.4340116      0.72636938      0.19452605     0.081793686      0.99366208      0.99557564          1.0001      0.98885014      0.99661282     0.037891038   2.1047152e-09      0.95207297      0.85135558      0.26894917      0.80609358       13.613848       1023.8188       1467.1338      -14.444248       -19.327004           4.882756       2813.1403                 21.351491                 397.97436                                593.80098                      10.691952                   13.613848                  1467.1338        166.8972        141.67662
              1       1390.7877     0.022984034       69.250492       3.0467653      0.97635869       8.4340116      0.72636938      0.19452605     0.081793686      0.99366208      0.99557564          1.0001      0.99571053      0.99984029     0.037891038   2.1047152e-09      0.95207297      0.85135558      0.26894917      0.80609358       13.613848       1023.8188       1467.1338      -17.179509       -22.062265           4.882756       2815.9344                 21.351491                 397.97436                                593.80098                      10.691952                   13.613848                  1467.1338        166.8972        144.47073
              1       1390.9159     0.022984034       69.250492       3.0467653      0.97635869       8.4340116      0.72636938      0.19452605     0.081793686      0.99366208      0.99576427       1.0047584      0.99613722      0.99884934     0.037891038   2.1047152e-09      0.95207297      0.85135558      0.26894917      0.80609358       13.613848       1023.8188       1467.1338       -17.34425       -22.227006           4.882756       2816.5203                 21.351491                 397.97436                                593.80098                      10.691952                   13.613848                  1467.1338       167.51814        144.43575
              1       1391.1476     0.022984034       69.250492       3.0467653      0.97635869       8.4340116      0.72636938      0.19452605     0.081793686      0.99366208      0.99311419        1.000665      0.99493684      0.99649695     0.037891038   2.1047152e-09      0.95207297      0.85135558      0.26894917      0.80609358       13.613848       1023.8188       1467.1338      -15.337559       -20.220315           4.882756       2812.9703                 21.351491                 397.97436                                593.80098                      10.691952                   13.613848                  1467.1338       165.82574        142.57812
              1       1392.4148     0.022984034       69.250492       3.0467653      0.97635869       8.4340116      0.72636938      0.19452605     0.081793686      0.99498504      0.99311515       1.0001655      0.99576182      0.99226901     0.037891038   2.1047152e-09      0.95207297      0.85135558      0.26894917      0.80609358       13.613848       1025.1819       1467.1338      -16.280825       -21.163581           4.882756       2817.3912                 21.224121                 397.99042                                594.68676                      11.280614                   13.613848                  1467.1338       166.37488        145.08679
              1       1390.5404     0.022984034       69.250492       3.0467653      0.97635869       8.4340116      0.72636938      0.19452605     0.081793686      0.99498504      0.99455978       1.0003239      0.99614142       1.0001786     0.037891038   2.1047152e-09      0.95207297      0.85135558      0.26894917      0.80609358       13.613848       1025.1819       1467.1338       -17.91135       -22.794106           4.882756       2816.9034                 21.224121                 397.99042                                594.68676                      11.280614                   13.613848                  1467.1338       165.78529        145.18854
              1        1390.971     0.022984034       69.250492       3.0467653      0.97635869       8.4340116      0.72636938      0.19452605     0.081793686      0.99364372       0.9945588       1.0008303       0.9963006       1.0001931     0.037891038   2.1047152e-09      0.95207297      0.85135558      0.26894917      0.80609358       13.613848       1023.8513       1467.1338      -16.720351       -21.603107           4.882756       2815.3826                 21.353296                 397.98328                                 593.8302                      10.684484                   13.613848                  1467.1338       165.39049        145.39323
              2       1391.4339     0.022984034       69.250492       3.0467653      0.97635869       8.4340116      0.72636938      0.19452605     0.081793686      0.99424285       0.9959198       1.0004354      0.99017881       1.0007912     0.037891038   2.1047152e-09      0.95207297      0.85135558      0.26894917      0.80609358       13.613848       1023.6714       1467.1338      -15.962486       -20.845242           4.882756       2814.7929                 21.294922                 397.97382                                593.46457                      10.938114                   13.613848                  1467.1338       167.22086        143.15291
              1       1390.9123     0.022984034       69.250492       3.0467653      0.97635869       8.4340116      0.72636938      0.19452605     0.081793686      0.99424285      0.99427991       1.0041571       0.9902803        1.000575     0.037891038   2.1047152e-09      0.95207297      0.85135558      0.26894917      0.80609358       13.613848       1023.6714       1467.1338       -15.12161       -20.004366           4.882756       2812.0677                 21.294922                 397.97382                                593.46457                      10.938114                   13.613848                  1467.1338       164.71956        142.92909
              1       1389.2538     0.022984034       69.250492       3.0467653      0.97635869       8.4340116      0.72636938      0.19452605     0.081793686      0.99424285      0.99458711       1.0018799        0.994887      0.99487641     0.037891038   2.1047152e-09      0.95207297      0.85135558      0.26894917      0.80609358       13.613848       1023.6714       1467.1338      -16.761078       -21.643834           4.882756       2812.0298                 21.294922                 397.97382                                593.46457                      10.938114                   13.613848                  1467.1338       164.87691        142.73376
              1       1389.1667     0.022984034       69.250492       3.0467653      0.97635869       8.4340116      0.72636938      0.19452605     0.081793686      0.99424285      0.99458711       1.0018799      0.99500576      0.99544044     0.037891038   2.1047152e-09      0.95207297      0.85135558      0.26894917      0.80609358       13.613848       1023.6714       1467.1338      -16.842516       -21.725272           4.882756       2812.0185                 21.294922                 397.97382                                593.46457                      10.938114                   13.613848                  1467.1338       164.87691        142.72249
              1       1389.9351     0.022984034       69.250492       3.0467653      0.97635869       8.4340116      0.72636938      0.19452605     0.081793686      0.99424285      0.99482627        1.004625      0.99191961      0.99364443     0.037891038   2.1047152e-09      0.95207297      0.85135558      0.26894917      0.80609358       13.613848       1023.6714       1467.1338      -15.796972       -20.679728           4.882756       2811.4641                 21.294922                 397.97382                                593.46457                      10.938114                   13.613848                  1467.1338       165.59869        141.44633
              1       1394.1593     0.022984034       69.250492       3.0467653      0.97635869       8.4340116      0.72636938      0.19452605     0.081793686      0.99424285      0.99482627        1.004625       1.0012603      0.99777902     0.037891038   2.1047152e-09      0.95207297      0.85135558      0.26894917      0.80609358       13.613848       1023.6714       1467.1338        -17.7124       -22.595156           4.882756       2823.7434                 21.294922                 397.97382                                593.46457                      10.938114                   13.613848                  1467.1338       165.59869        153.72563
              1       1390.8988     0.022984034       69.250492       3.0467653      0.97635869       8.4340116      0.72636938      0.19452605     0.081793686      0.99424285      0.99588092       1.0026935      0.99779345      0.99487126     0.037891038   2.1047152e-09      0.95207297      0.85135558      0.26894917      0.80609358       13.613848       1023.6714       1467.1338      -17.973344         -22.8561           4.882756       2817.7442                 21.294922                 397.97382                                593.46457                      10.938114                   13.613848                  1467.1338       166.70279        146.62236
              1       1389.4458     0.022984034       69.250492       3.0467653      0.97635869       8.4340116      0.72636938      0.19452605     0.081793686      0.99456678      0.99565735       1.0025568      0.99600912      0.99818778     0.037891038   2.1047152e-09      0.95207297      0.85135558      0.26894917      0.80609358       13.613848        1024.092       1467.1338      -18.101746       -22.984502           4.882756       2815.0951                 21.263801                 397.97382                                593.77065                      11.083756                   13.613848                  1467.1338       166.22768        144.02777
              1       1389.4377     0.022984034       69.250492       3.0467653      0.97635869       8.4340116      0.72636938      0.19452605     0.081793686      0.99456678      0.99556573       1.0029506      0.99601788      0.99818535     0.037891038   2.1047152e-09      0.95207297      0.85135558      0.26894917      0.80609358       13.613848        1024.092       1467.1338      -18.058718       -22.941474           4.882756       2814.9928                 21.263801                 397.97382                                593.77065                      11.083756                   13.613848                  1467.1338       166.11555        144.03751
              1       1391.3518     0.022984034       69.250492       3.0467653      0.97635869       8.4340116      0.72636938      0.19452605     0.081793686      0.99389667      0.99556524       1.0032036      0.99832597      0.99557019     0.037891038   2.1047152e-09      0.95207297      0.85135558      0.26894917      0.80609358       13.613848       1023.6143       1467.1338      -17.609316       -22.492072           4.882756       2817.9222                 21.328523                 397.96867                                  593.528                      10.789069                   13.613848                  1467.1338        166.1805        147.37976
              1       1391.1307     0.022984034       69.250492       3.0467653      0.97635869       8.4340116      0.72636938      0.19452605     0.081793686      0.99389667      0.99556524       1.0032036      0.99788898      0.99498411     0.037891038   2.1047152e-09      0.95207297      0.85135558      0.26894917      0.80609358       13.613848       1023.6143       1467.1338      -17.515922       -22.398678           4.882756       2817.2933                 21.328523                 397.96867                                  593.528                      10.789069                   13.613848                  1467.1338        166.1805        146.75087
              1       1391.6293     0.022984034       69.250492       3.0467653      0.97635869       8.4340116      0.72636938      0.19452605     0.081793686      0.99389667      0.99561794       1.0029826      0.99744649        0.992767     0.037891038   2.1047152e-09      0.95207297      0.85135558      0.26894917      0.80609358       13.613848       1023.6143       1467.1338      -17.233636       -22.116392           4.882756       2817.7259                 21.328523                 397.96867                                  593.528                      10.789069                   13.613848                  1467.1338       166.22337        147.14058
              1       1389.1835     0.022984034       69.250492       3.0467653      0.97635869       8.4340116      0.72636938      0.19452605     0.081793686      0.99507759       0.9956188       1.0025367      0.99319208      0.99695876     0.037891038   2.1047152e-09      0.95207297      0.85135558      0.26894917      0.80609358       13.613848          1025.5       1467.1338      -17.695342       -22.578098           4.882756       2813.7578                 21.215425                 397.99042                                594.96862                      11.325514                   13.613848                  1467.1338       166.15273        141.35742
              1       1392.1252     0.022984034       69.250492       3.0467653      0.97635869       8.4340116      0.72636938      0.19452605     0.081793686      0.99297492      0.99561728       1.0033306      0.99163162      0.99966705     0.037891038   2.1047152e-09      0.95207297      0.85135558      0.26894917      0.80609358       13.613848       1025.5095       1467.1338      -15.183968       -20.066724           4.882756       2814.6184                 21.419906                 397.99007                                595.67391                      10.425624                   13.613848                  1467.1338       166.32521        142.03604
              1        1391.393     0.022984034       69.250492       3.0467653      0.97635869       8.4340116      0.72636938      0.19452605     0.081793686      0.99297492      0.99561728       1.0033306      0.99265552      0.99603692     0.037891038   2.1047152e-09      0.95207297      0.85135558      0.26894917      0.80609358       13.613848       1025.5095       1467.1338       -15.43545       -20.318206           4.882756        2813.657                 21.419906                 397.99007                                595.67391                      10.425624                   13.613848                  1467.1338       166.32521         141.0746
              1       1389.8172     0.022984034       69.250492       3.0467653      0.97635869       8.4340116      0.72636938      0.19452605     0.081793686      0.99389996      0.99383131       1.0012872      0.99362792      0.99537594     0.037891038   2.1047152e-09      0.95207297      0.85135558      0.26894917      0.80609358       13.613848       1023.6128       1467.1338      -15.636939       -20.519695           4.882756       2810.9083                 21.328203                 397.96867                                 593.5255                      10.790452                   13.613848                  1467.1338       164.92848        141.61934
              1       1389.8132     0.022984034       69.250492       3.0467653      0.97635869       8.4340116      0.72636938      0.19452605     0.081793686      0.99389996      0.99439363        1.000922      0.99235231      0.99507362     0.037891038   2.1047152e-09      0.95207297      0.85135558      0.26894917      0.80609358       13.613848       1023.6128       1467.1338      -15.533935       -20.416691           4.882756       2810.6943                 21.328203                 397.96867                                 593.5255                      10.790452                   13.613848                  1467.1338       165.25223        141.08156
              2       1389.5705     0.022984034       69.250492       3.0467653      0.97635869       8.4340116      0.72636938      0.19452605     0.081793686      0.99389996      0.99433224       1.0041726      0.99240781      0.99522705     0.037891038   2.1047152e-09      0.95207297      0.85135558      0.26894917      0.80609358       13.613848       1023.6128       1467.1338       -15.53054       -20.413296           4.882756       2810.2022                 21.328203                 397.96867                                 593.5255                      10.790452                   13.613848                  1467.1338        164.7717        141.06999
              1       1390.9607     0.022984034       69.250492       3.0467653      0.97635869       8.4340116      0.72636938      0.19452605     0.081793686      0.99597149      0.99433374       1.0033905      0.99342768      0.99479121     0.037891038   2.1047152e-09      0.95207297      0.85135558      0.26894917      0.80609358       13.613848       1030.0499       1467.1338      -17.527138       -22.409894           4.882756       2816.9757                 21.132905                 397.97266                                599.16039                      11.783981                   13.613848                  1467.1338       164.55371        141.62439
              1       1390.7177     0.022984034       69.250492       3.0467653      0.97635869       8.4340116      0.72636938      0.19452605     0.081793686      0.99597149      0.99433374       1.0033905      0.99345881      0.99679983     0.037891038   2.1047152e-09      0.95207297      0.85135558      0.26894917      0.80609358       13.613848       1030.0499       1467.1338       -17.69705       -22.579806           4.882756       2816.8296                 21.132905                 397.97266                                599.16039                      11.783981                   13.613848                  1467.1338       164.55371        141.47826
              1       1389.6766     0.022984034       69.250492       3.0467653      0.97635869       8.4340116      0.72636938      0.19452605     0.081793686      0.99490506      0.99355579       1.0054606      0.99360725      0.99684723     0.037891038   2.1047152e-09      0.95207297      0.85135558      0.26894917      0.80609358       13.613848       1024.9258       1467.1338      -16.445748       -21.328504           4.882756       2812.2447                  21.23166                  397.9857                                594.46628                      11.242206                   13.613848                  1467.1338       165.00145        141.56976
              1       1389.8649     0.022984034       69.250492       3.0467653      0.97635869       8.4340116      0.72636938      0.19452605     0.081793686      0.99490506      0.99355579       1.0054606      0.99503627      0.99625184     0.037891038   2.1047152e-09      0.95207297      0.85135558      0.26894917      0.80609358       13.613848       1024.9258       1467.1338      -16.809372       -21.692128           4.882756       2813.3486                  21.23166                  397.9857                                594.46628                      11.242206                   13.613848                  1467.1338       165.00145        142.67368
              1       1390.7759     0.022984034       69.250492       3.0467653      0.97635869       8.4340116      0.72636938      0.19452605     0.081793686      0.99490506      0.99355579       1.0054606      0.99712638      0.99614427     0.037891038   2.1047152e-09      0.95207297      0.85135558      0.26894917      0.80609358       13.613848       1024.9258       1467.1338      -17.207905       -22.090661           4.882756       2815.9676                  21.23166                  397.9857                                594.46628                      11.242206                   13.613848                  1467.1338       165.00145        145.29263
              1       1391.1841     0.022984034       69.250492       3.0467653      0.97635869       8.4340116      0.72636938      0.19452605     0.081793686      0.99490506      0.99604312       1.0008114      0.99703872       1.0009726     0.037891038   2.1047152e-09      0.95207297      0.85135558      0.26894917      0.80609358       13.613848       1024.9258       1467.1338      -18.764183       -23.646939           4.882756       2819.8965                  21.23166                  397.9857                                594.46628                      11.242206                   13.613848                  1467.1338       167.26396        146.95906
              1       1389.7034     0.022978285       69.243155       3.0473301      0.97651031       8.4087689      0.72597103      0.19364165     0.083795025      0.99497903      0.99606667       1.0009018      0.99706003       1.0010608     0.039004354   2.1059044e-09       0.9520748      0.85161709      0.26935481      0.80694904       13.673005       1023.0456       1467.0385      -18.929985       -23.718548          4.7885626       2817.2667                 21.248004                 397.88565                                592.80958                      11.102367                   13.673005                  1467.0385       166.63072        146.87889
              1       1389.0988     0.022978285       69.243155       3.0473301      0.97651031       8.4087689      0.72597103      0.19364165     0.083795025      0.99497903      0.99574905       1.0006955      0.99146078      0.99951901     0.039004354   2.1059044e-09       0.9520748      0.85161709      0.26935481      0.80694904       13.673005       1023.0456       1467.0385      -17.199918        -21.98848          4.7885626       2812.5975                 21.248004                 397.88565                                592.80958                      11.102367                   13.673005                  1467.0385       166.29872        142.54167
              1       1388.9964     0.022978285       69.243155       3.0473301      0.97651031       8.4087689      0.72597103      0.19364165     0.083795025      0.99497903      0.99554465      0.99952888      0.99210465      0.99735302     0.039004354   2.1059044e-09       0.9520748      0.85161709      0.26935481      0.80694904       13.673005       1023.0456       1467.0385      -17.299399       -22.087962          4.7885626       2812.5917                 21.248004                 397.88565                                592.80958                      11.102367                   13.673005                  1467.0385       167.07797        141.75656
              1       1389.2042     0.022978285       69.243155       3.0473301      0.97651031       8.4087689      0.72597103      0.19364165     0.083795025      0.99497903      0.99381357        1.006197      0.99226959      0.99727158     0.039004354   2.1059044e-09       0.9520748      0.85161709      0.26935481      0.80694904       13.673005       1023.0456       1467.0385      -16.335745       -21.124308          4.7885626         2811.08                 21.248004                 397.88565                                592.80958                      11.102367                   13.673005                  1467.0385       165.56145         141.7614
              1       1389.3992     0.022978285       69.243155       3.0473301      0.97651031       8.4087689      0.72597103      0.19364165     0.083795025      0.99497903      0.99436686      0.99976282      0.99343048      0.99476826     0.039004354   2.1059044e-09       0.9520748      0.85161709      0.26935481      0.80694904       13.673005       1023.0456       1467.0385      -16.922267       -21.710829          4.7885626        2812.643                 21.248004                 397.88565                                592.80958                      11.102367                   13.673005                  1467.0385       166.50215         142.3837
              1       1388.5968     0.022978285       69.243155       3.0473301      0.97651031       8.4087689      0.72597103      0.19364165     0.083795025      0.99497903      0.99398534       1.0026966      0.99348845      0.99482532     0.039004354   2.1059044e-09       0.9520748      0.85161709      0.26935481      0.80694904       13.673005       1023.0456       1467.0385      -16.699813       -21.488376          4.7885626       2810.5932                 21.248004                 397.88565                                592.80958                      11.102367                   13.673005                  1467.0385       164.44493        142.39116
              1       1388.2823     0.022978285       69.243155       3.0473301      0.97651031       8.4087689      0.72597103      0.19364165     0.083795025      0.99497903      0.99398534       1.0026966      0.99401866      0.99643116     0.039004354   2.1059044e-09       0.9520748      0.85161709      0.26935481      0.80694904       13.673005       1023.0456       1467.0385      -16.996922       -21.785484          4.7885626       2810.5584                 21.248004                 397.88565                                592.80958                      11.102367                   13.673005                  1467.0385       164.44493        142.35634
              1       1388.6005     0.022978285       69.243155       3.0473301      0.97651031       8.4087689      0.72597103      0.19364165     0.083795025      0.99432675      0.99398487       1.0029429      0.99423323      0.99606342     0.039004354   2.1059044e-09       0.9520748      0.85161709      0.26935481      0.80694904       13.673005       1022.5237       1467.0385      -16.474964       -21.263526          4.7885626        2810.151                 21.310576                 397.88739                                592.50749                      10.818222                   13.673005                  1467.0385       164.39221        142.52354
              2       1388.5275     0.022978285       69.243155       3.0473301      0.97651031       8.4087689      0.72597103      0.19364165     0.083795025      0.99432675      0.99407454       1.0030502      0.99423285      0.99609139     0.039004354   2.1059044e-09       0.9520748      0.85161709      0.26935481      0.80694904       13.673005       1022.5237       1467.0385      -16.536413       -21.324976          4.7885626       2810.1279                 21.310576                 397.88739                                592.50749                      10.818222                   13.673005                  1467.0385       164.37279        142.51987
              2       1388.9063     0.022978285       69.243155       3.0473301      0.97651031       8.4087689      0.72597103      0.19364165     0.083795025      0.99432675      0.99407454       1.0030502      0.99619443      0.99647811     0.039004354   2.1059044e-09       0.9520748      0.85161709      0.26935481      0.80694904       13.673005       1022.5237       1467.0385      -17.029312       -21.817875          4.7885626       2811.8712                 21.310576                 397.88739                                592.50749                      10.818222                   13.673005                  1467.0385       164.37279        144.26324
              1       1388.8787     0.022978285       69.243155       3.0473301      0.97651031       8.4087689      0.72597103      0.19364165     0.083795025      0.99432675       0.9941517       1.0027455       0.9961875      0.99648156     0.039004354   2.1059044e-09       0.9520748      0.85161709      0.26935481      0.80694904       13.673005       1022.5237       1467.0385      -17.078701       -21.867263          4.7885626       2811.9148                 21.310576                 397.88739                                592.50749                      10.818222                   13.673005                  1467.0385       164.42462        144.25496
              1        1389.891     0.022978285       69.243155       3.0473301      0.97651031       8.4087689      0.72597103      0.19364165     0.083795025      0.99432675      0.99299996       1.0036331      0.99612435      0.99629605     0.039004354   2.1059044e-09       0.9520748      0.85161709      0.26935481      0.80694904       13.673005       1022.5237       1467.0385      -16.231879       -21.020442          4.7885626       2812.2457                 21.310576                 397.88739                                592.50749                      10.818222                   13.673005                  1467.0385       164.81055        144.19995
              1       1389.9309     0.022978285       69.243155       3.0473301      0.97651031       8.4087689      0.72597103      0.19364165     0.083795025       0.9944865      0.99382809       1.0000229      0.99603008      0.99629528     0.039004354   2.1059044e-09       0.9520748      0.85161709      0.26935481      0.80694904       13.673005       1022.5024       1467.0385      -16.962455       -21.751018          4.7885626       2813.7868                 21.295134                 397.87265                                592.44908                      10.885577                   13.673005                  1467.0385       166.47939        144.09341
              1       1392.0751     0.022978285       69.243155       3.0473301      0.97651031       8.4087689      0.72597103      0.19364165     0.083795025       0.9944865      0.99587859      0.99790515      0.99071242      0.99240086     0.039004354   2.1059044e-09       0.9520748      0.85161709      0.26935481      0.80694904       13.673005       1022.5024       1467.0385      -15.970102       -20.758665          4.7885626       2816.0904                 21.295134                 397.87265                                592.44908                      10.885577                   13.673005                  1467.0385       169.50894        143.36754
              1       1389.9142     0.022978285       69.243155       3.0473301      0.97651031       8.4087689      0.72597103      0.19364165     0.083795025       0.9944865      0.99733912       1.0028011      0.99639635      0.99607194     0.039004354   2.1059044e-09       0.9520748      0.85161709      0.26935481      0.80694904       13.673005       1022.5024       1467.0385      -18.738029       -23.526592          4.7885626       2817.3044                 21.295134                 397.87265                                592.44908                      10.885577                   13.673005                  1467.0385       169.53938        144.55104
              1       1389.7967     0.022978285       69.243155       3.0473301      0.97651031       8.4087689      0.72597103      0.19364165     0.083795025      0.99434523      0.99733902       1.0028545      0.99213697      0.99743546     0.039004354   2.1059044e-09       0.9520748      0.85161709      0.26935481      0.80694904       13.673005       1022.5184       1467.0385        -17.4842       -22.272763          4.7885626       2814.5617                 21.308786                 397.88739                                592.49633                      10.825941                   13.673005                  1467.0385       169.55965        141.77209
              1       1388.5685     0.022978285       69.243155       3.0473301      0.97651031       8.4087689      0.72597103      0.19364165     0.083795025      0.99434523      0.99578461       1.0035159      0.99218554      0.99708172     0.039004354   2.1059044e-09       0.9520748      0.85161709      0.26935481      0.80694904       13.673005       1022.5184       1467.0385      -16.890921       -21.679484          4.7885626       2810.9189                 21.308786                 397.88739                                592.49633                      10.825941                   13.673005                  1467.0385       165.95876        141.73019
              1       1395.9395     0.022978285       69.243155       3.0473301      0.97651031       8.4087689      0.72597103      0.19364165     0.083795025      0.99766518      0.99512613       1.0044113      0.99585775       1.0006197     0.039004354   2.1059044e-09       0.9520748      0.85161709      0.26935481      0.80694904       13.673005       1040.3499       1467.0385      -19.846323       -24.634886          4.7885626       2831.5717                 21.004666                 397.82134                                608.99892                      12.524977                   13.673005                  1467.0385        165.3394        145.17085
              1       1396.2126     0.022978285       69.243155       3.0473301      0.97651031       8.4087689      0.72597103      0.19364165     0.083795025      0.99766518      0.99512613       1.0044113      0.99745898      0.99614859     0.039004354   2.1059044e-09       0.9520748      0.85161709      0.26935481      0.80694904       13.673005       1040.3499       1467.0385       -19.97504       -24.763602          4.7885626       2832.3754                 21.004666                 397.82134                                608.99892                      12.524977                   13.673005                  1467.0385        165.3394        145.97455
              1       1396.7299     0.022978285       69.243155       3.0473301      0.97651031       8.4087689      0.72597103      0.19364165     0.083795025      0.99766518      0.99512613       1.0044113       0.9918885       1.0018454     0.039004354   2.1059044e-09       0.9520748      0.85161709      0.26935481      0.80694904       13.673005       1040.3499       1467.0385      -18.611441       -23.400003          4.7885626       2830.6826                 21.004666                 397.82134                                608.99892                      12.524977                   13.673005                  1467.0385        165.3394         144.2818
              1       1396.3636     0.022978285       69.243155       3.0473301      0.97651031       8.4087689      0.72597103      0.19364165     0.083795025      0.99766518      0.99512613       1.0044113      0.99098911       0.9998812     0.039004354   2.1059044e-09       0.9520748      0.85161709      0.26935481      0.80694904       13.673005       1040.3499       1467.0385      -18.261588       -23.050151          4.7885626       2829.2504                 21.004666                 397.82134                                608.99892                      12.524977                   13.673005                  1467.0385        165.3394        142.84959
              1       1391.8868     0.022978285       69.243155       3.0473301      0.97651031       8.4087689      0.72597103      0.19364165     0.083795025      0.99361293      0.99381838      0.99965077      0.99690476      0.99730211     0.039004354   2.1059044e-09       0.9520748      0.85161709      0.26935481      0.80694904       13.673005       1023.6347       1467.0385       -16.33836       -21.126923          4.7885626       2816.4504                 21.380519                 397.89711                                593.82204                      10.535067                   13.673005                  1467.0385       166.96434         145.1398
              1       1390.7601     0.022978285       69.243155       3.0473301      0.97651031       8.4087689      0.72597103      0.19364165     0.083795025      0.99504142      0.99383892      0.99918227      0.99706662      0.99713399     0.039004354   2.1059044e-09       0.9520748      0.85161709      0.26935481      0.80694904       13.673005       1023.1719       1467.0385      -17.664369       -22.452931          4.7885626        2816.849                 21.242088                 397.88565                                592.91337                      11.130811                   13.673005                  1467.0385       167.61539        145.35016
              1       1388.0119     0.022978285       69.243155       3.0473301      0.97651031       8.4087689      0.72597103      0.19364165     0.083795025      0.99504142      0.99499522       1.0028917      0.99259252      0.99747005     0.039004354   2.1059044e-09       0.9520748      0.85161709      0.26935481      0.80694904       13.673005       1023.1719       1467.0385      -17.251342       -22.039904          4.7885626       2810.5265                 21.242088                 397.88565                                592.91337                      11.130811                   13.673005                  1467.0385       164.79974        141.84326
              1       1391.4953     0.022978285       69.243155       3.0473301      0.97651031       8.4087689      0.72597103      0.19364165     0.083795025       0.9957962      0.99766859      0.99948459      0.99278968       0.9935211     0.039004354   2.1059044e-09       0.9520748      0.85161709      0.26935481      0.80694904       13.673005        1025.761       1467.0385      -18.629092       -23.417655          4.7885626       2820.2488                 21.171618                 397.89642                                595.20058                      11.492343                   13.673005                  1467.0385       171.05756        142.71873
              1       1389.9506     0.022978285       69.243155       3.0473301      0.97651031       8.4087689      0.72597103      0.19364165     0.083795025       0.9957962      0.99499385       1.0000519      0.99171205      0.99524158     0.039004354   2.1059044e-09       0.9520748      0.85161709      0.26935481      0.80694904       13.673005        1025.761       1467.0385      -17.307438          -22.096          4.7885626       2814.5161                 21.171618                 397.89642                                595.20058                      11.492343                   13.673005                  1467.0385       166.20929        141.83432
              1       1390.8518     0.022978285       69.243155       3.0473301      0.97651031       8.4087689      0.72597103      0.19364165     0.083795025      0.99344633       0.9937893       1.0035604      0.99200931      0.99541861     0.039004354   2.1059044e-09       0.9520748      0.85161709      0.26935481      0.80694904       13.673005       1024.1577       1467.0385      -14.670171       -19.458734          4.7885626        2811.044                 21.397104                 397.90991                                594.37746                       10.47318                   13.673005                  1467.0385       164.36737        141.80742
              2        1390.872     0.022978285       69.243155       3.0473301      0.97651031       8.4087689      0.72597103      0.19364165     0.083795025      0.99344633      0.99376792       1.0034576      0.99200812      0.99540793     0.039004354   2.1059044e-09       0.9520748      0.85161709      0.26935481      0.80694904       13.673005       1024.1577       1467.0385      -14.653992       -19.442554          4.7885626        2811.052                 21.397104                 397.90991                                594.37746                       10.47318                   13.673005                  1467.0385       164.37323        141.80959
              1       1389.0969     0.022978285       69.243155       3.0473301      0.97651031       8.4087689      0.72597103      0.19364165     0.083795025      0.99453378      0.99376871        1.003047      0.99190417      0.99525001     0.039004354   2.1059044e-09       0.9520748      0.85161709      0.26935481      0.80694904       13.673005       1022.5173       1467.0385      -15.644791       -20.433354          4.7885626       2809.4833                 21.290578                 397.87265                                592.44828                       10.90579                   13.673005                  1467.0385       164.41618        141.83827
              1       1390.2905     0.022978285       69.243155       3.0473301      0.97651031       8.4087689      0.72597103      0.19364165     0.083795025      0.99453378      0.99486909      0.99814225      0.99572868      0.99860964     0.039004354   2.1059044e-09       0.9520748      0.85161709      0.26935481      0.80694904       13.673005       1022.5173       1467.0385      -17.707616       -22.496178          4.7885626       2815.9962                 21.290578                 397.87265                                592.44828                       10.90579                   13.673005                  1467.0385       168.74477        144.02263
              1       1390.2658     0.022978285       69.243155       3.0473301      0.97651031       8.4087689      0.72597103      0.19364165     0.083795025      0.99456584      0.99536195       1.0032924       0.9894266      0.99965408     0.039004354   2.1059044e-09       0.9520748      0.85161709      0.26935481      0.80694904       13.673005       1022.5317       1467.0385      -15.699965       -20.488528          4.7885626       2811.9316                 21.287493                 397.87265                                592.45203                      10.919565                   13.673005                  1467.0385       165.24333        143.44498
              1       1389.0813     0.022978285       69.243155       3.0473301      0.97651031       8.4087689      0.72597103      0.19364165     0.083795025      0.99456584      0.99536195       1.0032924      0.99375037       1.0018239     0.039004354   2.1059044e-09       0.9520748      0.85161709      0.26935481      0.80694904       13.673005       1022.5317       1467.0385      -17.473658        -22.26222          4.7885626         2813.11                 21.287493                 397.87265                                592.45203                      10.919565                   13.673005                  1467.0385       165.24333        144.62338
              1        1389.183     0.022978285       69.243155       3.0473301      0.97651031       8.4087689      0.72597103      0.19364165     0.083795025      0.99456584      0.99536195       1.0032924      0.99037694       0.9961096     0.039004354   2.1059044e-09       0.9520748      0.85161709      0.26935481      0.80694904       13.673005       1022.5317       1467.0385      -16.033941       -20.822504          4.7885626        2810.434                 21.287493                 397.87265                                592.45203                      10.919565                   13.673005                  1467.0385       165.24333        141.94737
              1       1392.0091     0.022978285       69.243155       3.0473301      0.97651031       8.4087689      0.72597103      0.19364165     0.083795025      0.99456584      0.99482245       1.0042629      0.99936229      0.99258194     0.039004354   2.1059044e-09       0.9520748      0.85161709      0.26935481      0.80694904       13.673005       1022.5317       1467.0385      -17.648966       -22.437528          4.7885626       2819.3161                 21.287493                 397.87265                                592.45203                      10.919565                   13.673005                  1467.0385       164.92589        151.14694
              2       1389.3718     0.022978285       69.243155       3.0473301      0.97651031       8.4087689      0.72597103      0.19364165     0.083795025      0.99456584       0.9948806       1.0037785      0.99509583      0.99252974     0.039004354   2.1059044e-09       0.9520748      0.85161709      0.26935481      0.80694904       13.673005       1022.5317       1467.0385      -17.088469       -21.877032          4.7885626       2812.9205                 21.287493                 397.87265                                592.45203                      10.919565                   13.673005                  1467.0385       164.81209        144.86516
              1        1389.545     0.022978285       69.243155       3.0473301      0.97651031       8.4087689      0.72597103      0.19364165     0.083795025      0.99540614      0.99488121       1.0034612       0.9950155      0.99240771     0.039004354   2.1059044e-09       0.9520748      0.85161709      0.26935481      0.80694904       13.673005       1024.1956       1467.0385      -17.725854       -22.514416          4.7885626       2814.5416                 21.207787                 397.90537                                593.78096                      11.301493                   13.673005                  1467.0385       164.74324        144.89124
              1       1388.9795     0.022978285       69.243155       3.0473301      0.97651031       8.4087689      0.72597103      0.19364165     0.083795025      0.99540614      0.99507139        1.000167      0.99584238      0.99681085     0.039004354   2.1059044e-09       0.9520748      0.85161709      0.26935481      0.80694904       13.673005       1024.1956       1467.0385      -18.468592       -23.257154          4.7885626       2814.8962                 21.207787                 397.90537                                593.78096                      11.301493                   13.673005                  1467.0385       166.13155         143.8575
              1       1390.1275     0.022978285       69.243155       3.0473301      0.97651031       8.4087689      0.72597103      0.19364165     0.083795025      0.99359004      0.99507007       1.0008526      0.99561608      0.99907619     0.039004354   2.1059044e-09       0.9520748      0.85161709      0.26935481      0.80694904       13.673005       1023.7073       1467.0385      -16.909352       -21.697914          4.7885626       2814.0738                 21.382791                 397.90526                                593.89276                      10.526471                   13.673005                  1467.0385       165.57181        144.08316
              1        1389.666     0.022978285       69.243155       3.0473301      0.97651031       8.4087689      0.72597103      0.19364165     0.083795025      0.99518968      0.99507123       1.0002487      0.99208323      0.99323665     0.039004354   2.1059044e-09       0.9520748      0.85161709      0.26935481      0.80694904       13.673005       1023.5208       1467.0385       -16.84341       -21.631972          4.7885626       2813.0187                 21.228088                 397.88112                                593.21235                      11.199287                   13.673005                  1467.0385       166.05626         142.7301
              1       1388.6974     0.022978285       69.243155       3.0473301      0.97651031       8.4087689      0.72597103      0.19364165     0.083795025      0.99518968      0.99508114       1.0049408      0.99558208       0.9952389     0.039004354   2.1059044e-09       0.9520748      0.85161709      0.26935481      0.80694904       13.673005       1023.5208       1467.0385      -18.137486       -22.926049          4.7885626       2813.6698                 21.228088                 397.88112                                593.21235                      11.199287                   13.673005                  1467.0385       165.60541        143.83199
              1       1388.6301     0.022978285       69.243155       3.0473301      0.97651031       8.4087689      0.72597103      0.19364165     0.083795025      0.99518968      0.99483922       1.0022798      0.99387687       1.0007755     0.039004354   2.1059044e-09       0.9520748      0.85161709      0.26935481      0.80694904       13.673005       1023.5208       1467.0385      -17.764971       -22.553534          4.7885626       2812.7902                 21.228088                 397.88112                                593.21235                      11.199287                   13.673005                  1467.0385       164.75864        143.79922
              1       1388.5244     0.022978285       69.243155       3.0473301      0.97651031       8.4087689      0.72597103      0.19364165     0.083795025      0.99540275      0.99443279       1.0019669      0.99460116       0.9990607     0.039004354   2.1059044e-09       0.9520748      0.85161709      0.26935481      0.80694904       13.673005       1024.1842       1467.0385      -17.887413       -22.675975          4.7885626       2812.8236                 21.208104                 397.90537                                593.77085                      11.299872                   13.673005                  1467.0385       164.70108        143.22682
              1       1389.8138     0.022978285       69.243155       3.0473301      0.97651031       8.4087689      0.72597103      0.19364165     0.083795025      0.99540275      0.99362659       1.0038105      0.99434233       1.0017275     0.039004354   2.1059044e-09       0.9520748      0.85161709      0.26935481      0.80694904       13.673005       1024.1842       1467.0385      -17.261744       -22.050306          4.7885626       2814.1512                 21.208104                 397.90537                                593.77085                      11.299872                   13.673005                  1467.0385       164.41418        144.84128
              1       1392.0841     0.022967883        69.22663       3.0477889      0.97672444       8.3926297      0.72510266       0.1922878     0.084782461      0.99546181      0.99367805       1.0038289      0.99357997        0.993083     0.038580308   2.1068708e-09      0.95207363      0.85312111      0.27022417      0.80967766       13.616733       1025.4859       1467.0037      -16.856356       -21.477019          4.6206628       2817.8809                 21.197103                 397.78752                                595.29888                      11.202361                   13.616733                  1467.0037       166.67876        145.09587
              1       1392.6414     0.022967883        69.22663       3.0477889      0.97672444       8.3926297      0.72510266       0.1922878     0.084782461      0.99382202      0.99367686        1.004448      0.99526529       1.0007679     0.038580308   2.1068708e-09      0.95207363      0.85312111      0.27022417      0.80967766       13.616733       1024.5024       1467.0037      -16.363033       -20.983695          4.6206628       2818.0088                 21.353851                 397.82332                                594.78251                      10.542696                   13.616733                  1467.0037       166.75764        146.12837
              1       1397.2757     0.022967883        69.22663       3.0477889      0.97672444       8.3926297      0.72510266       0.1922878     0.084782461      0.99382202      0.99306006       1.0055089      0.99177508       1.0057593     0.038580308   2.1068708e-09      0.95207363      0.85312111      0.27022417      0.80967766       13.616733       1024.5024       1467.0037      -14.478511       -19.099174          4.6206628       2823.5084                 21.353851                 397.82332                                594.78251                      10.542696                   13.616733                  1467.0037       167.46568        150.91994
              1       1393.7172     0.022967883        69.22663       3.0477889      0.97672444       8.3926297      0.72510266       0.1922878     0.084782461      0.99382202      0.99391249       1.0055297      0.99105081       1.0009583     0.038580308   2.1068708e-09      0.95207363      0.85312111      0.27022417      0.80967766       13.616733       1024.5024       1467.0037       -15.09207       -19.712733          4.6206628       2817.6185                 21.353851                 397.82332                                594.78251                      10.542696                   13.616733                  1467.0037       167.20284        145.29286
              1       1392.9662     0.022967883        69.22663       3.0477889      0.97672444       8.3926297      0.72510266       0.1922878     0.084782461      0.99598039      0.99576509       1.0022287      0.99075843       1.0009779     0.038580308   2.1068708e-09      0.95207363      0.85312111      0.27022417      0.80967766       13.616733       1027.7225       1467.0037      -17.783022       -22.403685          4.6206628       2821.4985                 21.149391                 397.79274                                597.33764                      11.442686                   13.616733                  1467.0037       167.73915        145.41643
              1       1391.1089     0.022967883        69.22663       3.0477889      0.97672444       8.3926297      0.72510266       0.1922878     0.084782461      0.99598039      0.99576509       1.0022287      0.99465421      0.99810394     0.038580308   2.1068708e-09      0.95207363      0.85312111      0.27022417      0.80967766       13.616733       1027.7225       1467.0037      -19.167506       -23.788169          4.6206628       2820.5527                 21.149391                 397.79274                                597.33764                      11.442686                   13.616733                  1467.0037       167.73915        144.47067
              1       1391.5279     0.022967883        69.22663       3.0477889      0.97672444       8.3926297      0.72510266       0.1922878     0.084782461      0.99598039      0.99576509       1.0022287       0.9921574      0.99618845     0.038580308   2.1068708e-09      0.95207363      0.85312111      0.27022417      0.80967766       13.616733       1027.7225       1467.0037      -18.247392       -22.868055          4.6206628       2819.5505                 21.149391                 397.79274                                597.33764                      11.442686                   13.616733                  1467.0037       167.73915        143.46848
              1       1390.6814     0.022967883        69.22663       3.0477889      0.97672444       8.3926297      0.72510266       0.1922878     0.084782461      0.99459837      0.99597463        1.003673      0.99229975       0.9964896     0.038580308   2.1068708e-09      0.95207363      0.85312111      0.27022417      0.80967766       13.616733       1023.8099       1467.0037      -17.377652       -21.998314          4.6206628       2816.1182                 21.278603                 397.79625                                593.89912                      10.835942                   13.616733                  1467.0037       168.23326        143.45457
              1       1393.8945     0.022967883        69.22663       3.0477889      0.97672444       8.3926297      0.72510266       0.1922878     0.084782461      0.99459837      0.99822031       1.0055227      0.99340962      0.99774816     0.038580308   2.1068708e-09      0.95207363      0.85312111      0.27022417      0.80967766       13.616733       1023.8099       1467.0037      -18.563871       -23.184533          4.6206628       2824.9167                 21.278603                 397.79625                                593.89912                      10.835942                   13.616733                  1467.0037       176.71826        143.76805
              1       1394.2685     0.022967883        69.22663       3.0477889      0.97672444       8.3926297      0.72510266       0.1922878     0.084782461      0.99480913      0.99692299      0.99596756      0.99486079      0.99986527     0.038580308   2.1068708e-09      0.95207363      0.85312111      0.27022417      0.80967766       13.616733       1023.9884       1467.0037      -18.862393       -23.483056          4.6206628       2826.2618                 21.258475                 397.79841                                594.01003                      10.921483                   13.616733                  1467.0037        176.3786        145.27434
              1       1391.9731     0.022967883        69.22663       3.0477889      0.97672444       8.3926297      0.72510266       0.1922878     0.084782461      0.99480913      0.99740568      0.99937492      0.99511593      0.99943825     0.038580308   2.1068708e-09      0.95207363      0.85312111      0.27022417      0.80967766       13.616733       1023.9884       1467.0037      -19.075087        -23.69575          4.6206628       2822.0964                 21.258475                 397.79841                                594.01003                      10.921483                   13.616733                  1467.0037       172.23782        145.24974
              1       1391.6079     0.022967883        69.22663       3.0477889      0.97672444       8.3926297      0.72510266       0.1922878     0.084782461      0.99480913      0.99644822      0.99851782      0.99448651      0.99806442     0.038580308   2.1068708e-09      0.95207363      0.85312111      0.27022417      0.80967766       13.616733       1023.9884       1467.0037      -18.553397        -23.17406          4.6206628       2820.3226                 21.258475                 397.79841                                594.01003                      10.921483                   13.616733                  1467.0037       171.36015        144.35362
              1       1393.6673     0.022967883        69.22663       3.0477889      0.97672444       8.3926297      0.72510266       0.1922878     0.084782461      0.99515878      0.99515687       1.0062959      0.99963161      0.99933474     0.038580308   2.1068708e-09      0.95207363      0.85312111      0.27022417      0.80967766       13.616733       1024.6051       1467.0037      -19.013565       -23.634227          4.6206628       2825.3617                 21.225406                 397.78768                                594.52304                      11.068953                   13.616733                  1467.0037       168.84923        151.28697
              1       1393.0231     0.022967883        69.22663       3.0477889      0.97672444       8.3926297      0.72510266       0.1922878     0.084782461      0.99515878      0.99535643       1.0033142      0.98958334       1.0013767     0.038580308   2.1068708e-09      0.95207363      0.85312111      0.27022417      0.80967766       13.616733       1024.6051       1467.0037      -16.417236       -21.037899          4.6206628       2818.8806                 21.225406                 397.78768                                594.52304                      11.068953                   13.616733                  1467.0037       167.23041        146.42471
              1       1392.3091     0.022967883        69.22663       3.0477889      0.97672444       8.3926297      0.72510266       0.1922878     0.084782461      0.99569273      0.99535682       1.0031126      0.99863771      0.99879079     0.038580308   2.1068708e-09      0.95207363      0.85312111      0.27022417      0.80967766       13.616733       1026.3787       1467.0037      -19.457424       -24.078087          4.6206628       2823.5331                 21.175752                 397.79939                                596.09606                      11.307506                   13.616733                  1467.0037       167.20828        149.32567
              1       1393.0984     0.022967883        69.22663       3.0477889      0.97672444       8.3926297      0.72510266       0.1922878     0.084782461      0.99569273      0.99569992       1.0001234      0.99888892      0.99865835     0.038580308   2.1068708e-09      0.95207363      0.85312111      0.27022417      0.80967766       13.616733       1026.3787       1467.0037      -19.640106       -24.260769          4.6206628       2825.4771                 21.175752                 397.79939                                596.09606                      11.307506                   13.616733                  1467.0037       168.75809         149.7198
              1       1393.4421     0.022967883        69.22663       3.0477889      0.97672444       8.3926297      0.72510266       0.1922878     0.084782461      0.99569273      0.99569992       1.0001234      0.99747114       1.0026567     0.038580308   2.1068708e-09      0.95207363      0.85312111      0.27022417      0.80967766       13.616733       1026.3787       1467.0037      -19.462373       -24.083036          4.6206628       2825.8089                 21.175752                 397.79939                                596.09606                      11.307506                   13.616733                  1467.0037       168.75809        150.05168
              1       1394.2952     0.022967883        69.22663       3.0477889      0.97672444       8.3926297      0.72510266       0.1922878     0.084782461      0.99569273      0.99667619       1.0037084      0.99321178       0.9901172     0.038580308   2.1068708e-09      0.95207363      0.85312111      0.27022417      0.80967766       13.616733       1026.3787       1467.0037      -18.034426       -22.655089          4.6206628       2824.6593                 21.175752                 397.79939                                596.09606                      11.307506                   13.616733                  1467.0037       169.75647        147.90367
              1       1394.2662     0.022967883        69.22663       3.0477889      0.97672444       8.3926297      0.72510266       0.1922878     0.084782461      0.99550641      0.99667606       1.0037787      0.99694489       1.0045113     0.038580308   2.1068708e-09      0.95207363      0.85312111      0.27022417      0.80967766       13.616733       1025.6538       1467.0037      -19.545998        -24.16666          4.6206628       2827.6243                 21.192965                 397.79939                                595.43899                      11.222435                   13.616733                  1467.0037         169.793        151.55707
              1       1394.0963     0.022967883        69.22663       3.0477889      0.97672444       8.3926297      0.72510266       0.1922878     0.084782461      0.99519082      0.99667583       1.0038979      0.99697506       1.0045571     0.038580308   2.1068708e-09      0.95207363      0.85312111      0.27022417      0.80967766       13.616733       1024.6834       1467.0037      -19.311658       -23.932321          4.6206628       2826.8159                 21.222397                 397.78768                                594.59054                      11.082812                   13.616733                  1467.0037       169.85866        151.65332
              1       1394.0856     0.022967883        69.22663       3.0477889      0.97672444       8.3926297      0.72510266       0.1922878     0.084782461       0.9951224      0.99667578       1.0039237       0.9969816       1.0045671     0.038580308   2.1068708e-09      0.95207363      0.85312111      0.27022417      0.80967766       13.616733       1024.5204       1467.0037      -19.258742       -23.879405          4.6206628       2826.6886                 21.228826                 397.78768                                594.45056                      11.053286                   13.616733                  1467.0037       169.87352        151.67427
              1       1392.1416     0.022967883        69.22663       3.0477889      0.97672444       8.3926297      0.72510266       0.1922878     0.084782461       0.9951224      0.99667578       1.0039237      0.99796217      0.99609865     0.038580308   2.1068708e-09      0.95207363      0.85312111      0.27022417      0.80967766       13.616733       1024.5204       1467.0037      -19.435039       -24.055702          4.6206628       2823.1532                 21.228826                 397.78768                                594.45056                      11.053286                   13.616733                  1467.0037       169.87352        148.13887
              1       1392.4833     0.022967883        69.22663       3.0477889      0.97672444       8.3926297      0.72510266       0.1922878     0.084782461      0.99518487      0.99667582       1.0039001       0.9984908      0.99645183     0.038580308   2.1068708e-09      0.95207363      0.85312111      0.27022417      0.80967766       13.616733       1024.6686       1467.0037      -19.554894       -24.175557          4.6206628       2824.0765                 21.222955                 397.78768                                594.57776                      11.080236                   13.616733                  1467.0037       169.85994        148.92743
              1       1394.8469     0.022967883        69.22663       3.0477889      0.97672444       8.3926297      0.72510266       0.1922878     0.084782461      0.99518487      0.99431776       1.0048678       0.9967419      0.98945429     0.038580308   2.1068708e-09      0.95207363      0.85312111      0.27022417      0.80967766       13.616733       1024.6686       1467.0037      -17.235247       -21.855909          4.6206628       2824.1643                 21.222955                 397.78768                                594.57776                      11.080236                   13.616733                  1467.0037       166.93015        151.94504
              1       1391.0917     0.022967883        69.22663       3.0477889      0.97672444       8.3926297      0.72510266       0.1922878     0.084782461      0.99518487      0.99440492       1.0053277      0.99238651      0.99912577     0.038580308   2.1068708e-09      0.95207363      0.85312111      0.27022417      0.80967766       13.616733       1024.6686       1467.0037      -17.160362       -21.781025          4.6206628        2816.504                 21.222955                 397.78768                                594.57776                      11.080236                   13.616733                  1467.0037       167.23431        143.98065
              1       1391.5052     0.022967883        69.22663       3.0477889      0.97672444       8.3926297      0.72510266       0.1922878     0.084782461      0.99518487      0.99648185       1.0002695      0.99302283      0.99403056     0.038580308   2.1068708e-09      0.95207363      0.85312111      0.27022417      0.80967766       13.616733       1024.6686       1467.0037      -18.112281       -22.732944          4.6206628        2819.235                 21.222955                 397.78768                                594.57776                      11.080236                   13.616733                  1467.0037       169.65321        144.29276
              1       1392.7781     0.022967883        69.22663       3.0477889      0.97672444       8.3926297      0.72510266       0.1922878     0.084782461      0.99609393      0.99673908       1.0016412      0.99582251       0.9938994     0.038580308   2.1068708e-09      0.95207363      0.85312111      0.27022417      0.80967766       13.616733       1028.3347       1467.0037      -19.602962       -24.223625          4.6206628       2824.7622                 21.139056                 397.79491                                597.90341                      11.497319                   13.616733                  1467.0037        169.5545        146.25253
              1        1392.685     0.022967883        69.22663       3.0477889      0.97672444       8.3926297      0.72510266       0.1922878     0.084782461      0.99609393       0.9947887       1.0055971      0.99652751      0.99490165     0.038580308   2.1068708e-09      0.95207363      0.85312111      0.27022417      0.80967766       13.616733       1028.3347       1467.0037      -18.924905       -23.545567          4.6206628       2823.2198                 21.139056                 397.79491                                597.90341                      11.497319                   13.616733                  1467.0037       167.72708        146.53755
              1       1391.0366     0.022967883        69.22663       3.0477889      0.97672444       8.3926297      0.72510266       0.1922878     0.084782461      0.99468028      0.99560246       1.0015128      0.99656621      0.99507062     0.038580308   2.1068708e-09      0.95207363      0.85312111      0.27022417      0.80967766       13.616733       1023.8625       1467.0037      -18.338606       -22.959269          4.6206628       2818.7504                 21.270764                 397.79841                                593.92447                      10.868887                   13.616733                  1467.0037        167.7504        146.51698
              1       1393.9166     0.022967883        69.22663       3.0477889      0.97672444       8.3926297      0.72510266       0.1922878     0.084782461      0.99468028      0.99653729        1.001527      0.99660957      0.99042778     0.038580308   2.1068708e-09      0.95207363      0.85312111      0.27022417      0.80967766       13.616733       1023.8625       1467.0037      -18.117223       -22.737886          4.6206628       2824.0677                 21.270764                 397.79841                                593.92447                      10.868887                   13.616733                  1467.0037       169.15959        150.42513
              1       1392.8628     0.022967883        69.22663       3.0477889      0.97672444       8.3926297      0.72510266       0.1922878     0.084782461      0.99472793       0.9958382       1.0024555      0.98985101       1.0014071     0.038580308   2.1068708e-09      0.95207363      0.85312111      0.27022417      0.80967766       13.616733       1023.9025       1467.0037      -16.440053       -21.060715          4.6206628       2818.6056                 21.266214                 397.79841                                593.94961                      10.888225                   13.616733                  1467.0037       167.81752        146.26518
              1       1393.6229     0.022967883        69.22663       3.0477889      0.97672444       8.3926297      0.72510266       0.1922878     0.084782461      0.99472793       0.9958382       1.0024555      0.99752474      0.99094195     0.038580308   2.1068708e-09      0.95207363      0.85312111      0.27022417      0.80967766       13.616733       1023.9025       1467.0037      -18.085232       -22.705895          4.6206628       2823.4162                 21.266214                 397.79841                                593.94961                      10.888225                   13.616733                  1467.0037       167.81752        151.07579
              1       1395.4193     0.022967883        69.22663       3.0477889      0.97672444       8.3926297      0.72510266       0.1922878     0.084782461      0.99528134      0.99583861       1.0022465      0.98695284      0.99424932     0.038580308   2.1068708e-09      0.95207363      0.85312111      0.27022417      0.80967766       13.616733       1024.9237       1467.0037      -14.921124       -19.541787          4.6206628       2820.6809                 21.213917                 397.78768                                594.79985                      11.122286                   13.616733                  1467.0037       167.83809        147.29865
              1       1391.0985     0.022967883        69.22663       3.0477889      0.97672444       8.3926297      0.72510266       0.1922878     0.084782461      0.99528134      0.99722237       1.0015601      0.99432571      0.99702601     0.038580308   2.1068708e-09      0.95207363      0.85312111      0.27022417      0.80967766       13.616733       1024.9237       1467.0037      -19.107118       -23.727781          4.6206628       2820.4112                 21.213917                 397.78768                                594.79985                      11.122286                   13.616733                  1467.0037       170.73294        144.13408
              1       1391.1818     0.022967883        69.22663       3.0477889      0.97672444       8.3926297      0.72510266       0.1922878     0.084782461      0.99528134      0.99722237       1.0015601      0.99420494      0.99613645     0.038580308   2.1068708e-09      0.95207363      0.85312111      0.27022417      0.80967766       13.616733       1024.9237       1467.0037      -19.015223       -23.635885          4.6206628        2820.394                 21.213917                 397.78768                                594.79985                      11.122286                   13.616733                  1467.0037       170.73294        144.11688
              1       1391.8976     0.022967883        69.22663       3.0477889      0.97672444       8.3926297      0.72510266       0.1922878     0.084782461      0.99396008      0.99722141        1.002059      0.99441439      0.99813392     0.038580308   2.1068708e-09      0.95207363      0.85312111      0.27022417      0.80967766       13.616733       1024.2267       1467.0037      -18.045122       -22.665785          4.6206628       2819.8855                 21.340342                 397.81756                                594.47648                      10.592326                   13.616733                  1467.0037       170.71396        144.32437
              1        1392.006     0.022967883        69.22663       3.0477889      0.97672444       8.3926297      0.72510266       0.1922878     0.084782461      0.99396008      0.99722141        1.002059      0.99301046      0.99714679     0.038580308   2.1068708e-09      0.95207363      0.85312111      0.27022417      0.80967766       13.616733       1024.2267       1467.0037      -17.563191       -22.183853          4.6206628       2819.1384                 21.340342                 397.81756                                594.47648                      10.592326                   13.616733                  1467.0037       170.71396         143.5773
              1       1392.3586     0.022967883        69.22663       3.0477889      0.97672444       8.3926297      0.72510266       0.1922878     0.084782461      0.99396008      0.99411205       1.0003475      0.99305719      0.99628163     0.038580308   2.1068708e-09      0.95207363      0.85312111      0.27022417      0.80967766       13.616733       1024.2267       1467.0037      -16.028471       -20.649134          4.6206628       2816.7742                 21.340342                 397.81756                                594.47648                      10.592326                   13.616733                  1467.0037       168.32298         143.6041
              1       1392.7138     0.022967883        69.22663       3.0477889      0.97672444       8.3926297      0.72510266       0.1922878     0.084782461      0.99396008      0.99753924      0.99974667      0.99296436       0.9971061     0.038580308   2.1068708e-09      0.95207363      0.85312111      0.27022417      0.80967766       13.616733       1024.2267       1467.0037      -17.637451       -22.258114          4.6206628       2820.7024                 21.340342                 397.81756                                594.47648                      10.592326                   13.616733                  1467.0037       172.29187         143.5634
              1       1392.2257     0.022960699        69.24348       3.0478109      0.97734954       8.4503583      0.72544928      0.19311917     0.081936885      0.99397371      0.99757234      0.99963681      0.99099868      0.99456249      0.03509859   2.1069172e-09      0.95211193        0.854566      0.26986758      0.81051366       13.554529       1023.6453       1467.0518      -16.791359       -21.297953          4.5065938       2818.0342                 21.213669                 398.01226                                593.73043                       10.68897                   13.554529                  1467.0518       170.77567        143.00681
              1       1391.7076     0.022960699        69.24348       3.0478109      0.97734954       8.4503583      0.72544928      0.19311917     0.081936885      0.99397371      0.99757234      0.99963681      0.99396378      0.99379566      0.03509859   2.1069172e-09      0.95211193        0.854566      0.26986758      0.81051366       13.554529       1023.6453       1467.0518      -17.812749       -22.319343          4.5065938       2819.0407                 21.213669                 398.01226                                593.73043                       10.68897                   13.554529                  1467.0518       170.77567        144.01335
              1       1392.3367     0.022960699        69.24348       3.0478109      0.97734954       8.4503583      0.72544928      0.19311917     0.081936885      0.99397371      0.99758357      0.99985038      0.99461497      0.99243385      0.03509859   2.1069172e-09      0.95211193        0.854566      0.26986758      0.81051366       13.554529       1023.6453       1467.0518      -17.822824       -22.329418          4.5065938       2820.3189                 21.213669                 398.01226                                593.73043                       10.68897                   13.554529                  1467.0518       170.68445        145.38281
              1       1392.2867     0.022960699        69.24348       3.0478109      0.97734954       8.4503583      0.72544928      0.19311917     0.081936885      0.99397371      0.99737977       1.0047895      0.99268834       1.0005771      0.03509859   2.1069172e-09      0.95211193        0.854566      0.26986758      0.81051366       13.554529       1023.6453       1467.0518      -17.697526        -22.20412          4.5065938       2819.9685                 21.213669                 398.01226                                593.73043                       10.68897                   13.554529                  1467.0518       171.38889         144.3279
              1       1391.9509     0.022960699        69.24348       3.0478109      0.97734954       8.4503583      0.72544928      0.19311917     0.081936885      0.99397371      0.99737977       1.0047895       0.9963221         0.99825      0.03509859   2.1069172e-09      0.95211193        0.854566      0.26986758      0.81051366       13.554529       1023.6453       1467.0518       -18.66211       -23.168704          4.5065938        2821.226                 21.213669                 398.01226                                593.73043                       10.68897                   13.554529                  1467.0518       171.38889        145.58539
              1       1390.1836     0.022960699        69.24348       3.0478109      0.97734954       8.4503583      0.72544928      0.19311917     0.081936885      0.99397371      0.99462486       1.0008338      0.99204223        0.995106      0.03509859   2.1069172e-09      0.95211193        0.854566      0.26986758      0.81051366       13.554529       1023.6453       1467.0518      -16.005704       -20.512298          4.5065938       2812.3786                 21.213669                 398.01226                                593.73043                       10.68897                   13.554529                  1467.0518       165.31395        142.81296
              1       1390.2776     0.022960699        69.24348       3.0478109      0.97734954       8.4503583      0.72544928      0.19311917     0.081936885      0.99397371      0.99420934       1.0012888      0.99205983      0.99502587      0.03509859   2.1069172e-09      0.95211193        0.854566      0.26986758      0.81051366       13.554529       1023.6453       1467.0518      -15.747411       -20.254005          4.5065938         2812.05                 21.213669                 398.01226                                593.73043                       10.68897                   13.554529                  1467.0518       164.96346         142.8349
              1       1390.6822     0.022960699        69.24348       3.0478109      0.97734954       8.4503583      0.72544928      0.19311917     0.081936885      0.99524144      0.99421026       1.0008102      0.99193864      0.99484177      0.03509859   2.1069172e-09      0.95211193        0.854566      0.26986758      0.81051366       13.554529       1026.1166       1467.0518      -16.776043       -21.282636          4.5065938       2814.9164                 21.097747                 397.99226                                595.81941                      11.207232                   13.554529                  1467.0518       165.31865        142.87477
              1       1391.2889     0.022960699        69.24348       3.0478109      0.97734954       8.4503583      0.72544928      0.19311917     0.081936885      0.99524144      0.99421026       1.0008102      0.99775732      0.99664744      0.03509859   2.1069172e-09      0.95211193        0.854566      0.26986758      0.81051366       13.554529       1026.1166       1467.0518      -18.408417       -22.915011          4.5065938       2819.3946                 21.097747                 397.99226                                595.81941                      11.207232                   13.554529                  1467.0518       165.31865        147.35298
              1       1389.9202     0.022960699        69.24348       3.0478109      0.97734954       8.4503583      0.72544928      0.19311917     0.081936885      0.99524144      0.99599469       1.0022107       0.9961383      0.99796645      0.03509859   2.1069172e-09      0.95211193        0.854566      0.26986758      0.81051366       13.554529       1026.1166       1467.0518      -19.201542       -23.708136          4.5065938       2818.2435                 21.097747                 397.99226                                595.81941                      11.207232                   13.554529                  1467.0518       166.21637        145.30409
              1       1390.5533     0.022960699        69.24348       3.0478109      0.97734954       8.4503583      0.72544928      0.19311917     0.081936885      0.99524144      0.99599469       1.0022107      0.99325951      0.99289255      0.03509859   2.1069172e-09      0.95211193        0.854566      0.26986758      0.81051366       13.554529       1026.1166       1467.0518      -18.005796        -22.51239          4.5065938       2817.1182                 21.097747                 397.99226                                595.81941                      11.207232                   13.554529                  1467.0518       166.21637        144.17885
              1       1390.5687     0.022960699        69.24348       3.0478109      0.97734954       8.4503583      0.72544928      0.19311917     0.081936885      0.99524144      0.99530932        1.001696      0.99121528      0.99986537      0.03509859   2.1069172e-09      0.95211193        0.854566      0.26986758      0.81051366       13.554529       1026.1166       1467.0518      -17.365279       -21.871873          4.5065938       2815.8679                 21.097747                 397.99226                                595.81941                      11.207232                   13.554529                  1467.0518       165.30696        143.83792
              1        1390.723     0.022960699        69.24348       3.0478109      0.97734954       8.4503583      0.72544928      0.19311917     0.081936885      0.99412202      0.99619832       1.0024655      0.99039747      0.99511097      0.03509859   2.1069172e-09      0.95211193        0.854566      0.26986758      0.81051366       13.554529       1023.6692       1467.0518      -16.233269       -20.739863          4.5065938       2813.9125                 21.199845                 398.02865                                593.69587                      10.744879                   13.554529                  1467.0518       166.62549        143.01141
              2       1391.7603     0.022960699        69.24348       3.0478109      0.97734954       8.4503583      0.72544928      0.19311917     0.081936885      0.99412202      0.99249224       1.0070833      0.99336794      0.99694571      0.03509859   2.1069172e-09      0.95211193        0.854566      0.26986758      0.81051366       13.554529       1023.6692       1467.0518       -15.23864       -19.745234          4.5065938       2813.9978                 21.199845                 398.02865                                593.69587                      10.744879                   13.554529                  1467.0518       166.71489        143.00732
              1       1392.5928     0.022960699        69.24348       3.0478109      0.97734954       8.4503583      0.72544928      0.19311917     0.081936885      0.99535013        0.992582       1.0071201       0.9924783      0.99943681      0.03509859   2.1069172e-09      0.95211193        0.854566      0.26986758      0.81051366       13.554529       1026.5851       1467.0518      -16.120371       -20.626964          4.5065938       2817.4263                 21.088023                 397.99226                                596.24895                      11.255906                   13.554529                  1467.0518        166.6879        143.54694
              1       1392.9546     0.022960699        69.24348       3.0478109      0.97734954       8.4503583      0.72544928      0.19311917     0.081936885      0.99534403      0.99258199       1.0071224      0.99087217       0.9967209      0.03509859   2.1069172e-09      0.95211193        0.854566      0.26986758      0.81051366       13.554529       1026.5578       1467.0518      -15.353886        -19.86048          4.5065938        2816.617                 21.088567                 397.99226                                596.22382                      11.253159                   13.554529                  1467.0518       166.69028         142.7626
              1       1393.5964     0.022960699        69.24348       3.0478109      0.97734954       8.4503583      0.72544928      0.19311917     0.081936885      0.99414072       0.9947615      0.99620332      0.99300627       1.0001863      0.03509859   2.1069172e-09      0.95211193        0.854566      0.26986758      0.81051366       13.554529       1023.6756       1467.0518      -16.828825       -21.335419          4.5065938       2820.8505                 21.198108                 398.02865                                593.69677                      10.752018                   13.554529                  1467.0518       172.44881        144.11975
              1       1390.3271     0.022960699        69.24348       3.0478109      0.97734954       8.4503583      0.72544928      0.19311917     0.081936885      0.99414072       0.9962814       1.0010874      0.99305069       1.0008194      0.03509859   2.1069172e-09      0.95211193        0.854566      0.26986758      0.81051366       13.554529       1023.6756       1467.0518      -17.594488       -22.101082          4.5065938       2815.8432                 21.198108                 398.02865                                593.69677                      10.752018                   13.554529                  1467.0518       166.96259        144.59866
              1       1389.6436     0.022960699        69.24348       3.0478109      0.97734954       8.4503583      0.72544928      0.19311917     0.081936885      0.99414072      0.99551045       1.0021924      0.99313498      0.99406933      0.03509859   2.1069172e-09      0.95211193        0.854566      0.26986758      0.81051366       13.554529       1023.6756       1467.0518      -16.945415       -21.452009          4.5065938        2813.178                 21.198108                 398.02865                                593.69677                      10.752018                   13.554529                  1467.0518       165.44431        143.45178
              1       1389.4125     0.022960699        69.24348       3.0478109      0.97734954       8.4503583      0.72544928      0.19311917     0.081936885      0.99424374      0.99603283       1.0036103       0.9936228      0.99596579      0.03509859   2.1069172e-09      0.95211193        0.854566      0.26986758      0.81051366       13.554529       1023.7309       1467.0518      -17.625564       -22.132158          4.5065938       2814.0761                 21.188558                 398.02779                                593.72289                      10.791703                   13.554529                  1467.0518       166.60115        143.13768
              1       1389.4095     0.022960699        69.24348       3.0478109      0.97734954       8.4503583      0.72544928      0.19311917     0.081936885      0.99424374       0.9958198       1.0041113      0.99337517      0.99626791      0.03509859   2.1069172e-09      0.95211193        0.854566      0.26986758      0.81051366       13.554529       1023.7309       1467.0518      -17.471483       -21.978077          4.5065938       2813.7619                 21.188558                 398.02779                                593.72289                      10.791703                   13.554529                  1467.0518       166.42578        142.99883
              1       1389.6027     0.022960699        69.24348       3.0478109      0.97734954       8.4503583      0.72544928      0.19311917     0.081936885      0.99424374      0.99571055       1.0001053      0.99331125      0.99603265      0.03509859   2.1069172e-09      0.95211193        0.854566      0.26986758      0.81051366       13.554529       1023.7309       1467.0518      -17.381835       -21.888429          4.5065938        2813.969                 21.188558                 398.02779                                593.72289                      10.791703                   13.554529                  1467.0518       166.64412        142.98758
              1       1389.5615     0.022960699        69.24348       3.0478109      0.97734954       8.4503583      0.72544928      0.19311917     0.081936885      0.99534039      0.99503816       1.0027759      0.99338803      0.99584122      0.03509859   2.1069172e-09      0.95211193        0.854566      0.26986758      0.81051366       13.554529       1026.5415       1467.0518      -17.960667        -22.46726          4.5065938       2815.0443                 21.088893                 397.99226                                596.20885                      11.251517                   13.554529                  1467.0518       164.85504        143.04134
              1       1389.7172     0.022960699        69.24348       3.0478109      0.97734954       8.4503583      0.72544928      0.19311917     0.081936885      0.99534039      0.99503816       1.0027759      0.99500445      0.99533627      0.03509859   2.1069172e-09      0.95211193        0.854566      0.26986758      0.81051366       13.554529       1026.5415       1467.0518      -18.383864       -22.890457          4.5065938       2816.2021                 21.088893                 397.99226                                596.20885                      11.251517                   13.554529                  1467.0518       164.85504        144.19916
              1       1389.5949     0.022960699        69.24348       3.0478109      0.97734954       8.4503583      0.72544928      0.19311917     0.081936885      0.99534039      0.99503816       1.0027759      0.99443648      0.99556351      0.03509859   2.1069172e-09      0.95211193        0.854566      0.26986758      0.81051366       13.554529       1026.5415       1467.0518      -18.254686       -22.761279          4.5065938       2815.6992                 21.088893                 397.99226                                596.20885                      11.251517                   13.554529                  1467.0518       164.85504         143.6963
              1       1389.8519     0.022960699        69.24348       3.0478109      0.97734954       8.4503583      0.72544928      0.19311917     0.081936885      0.99534039      0.99503816       1.0027759      0.99536077      0.99509015      0.03509859   2.1069172e-09      0.95211193        0.854566      0.26986758      0.81051366       13.554529       1026.5415       1467.0518      -18.446719       -22.953312          4.5065938       2816.5973                 21.088893                 397.99226                                596.20885                      11.251517                   13.554529                  1467.0518       164.85504        144.59439
              1       1389.8802     0.022940788       69.134804       3.0475918      0.98157198       8.3699598       0.7255215      0.19868917     0.082177192      0.99638541      0.99794781      0.99844092      0.99517941      0.99535847     0.033355467   2.1064555e-09      0.95200291      0.85672384      0.26966274      0.81225182       13.305827       1032.5016       1467.6982         -20.562        -24.76054          4.1985408       2820.8844                 20.611466                 397.57364                                603.02242                       11.29409                   13.305827                  1467.6982       164.65562        142.72314
              1       1389.1358     0.022940788       69.134804       3.0475918      0.98157198       8.3699598       0.7255215      0.19868917     0.082177192      0.99638541      0.99644139       1.0057409      0.99756661      0.99997537     0.033355467   2.1064555e-09      0.95200291      0.85672384      0.26966274      0.81225182       13.305827       1032.5016       1467.6982      -20.725711       -24.924252          4.1985408       2819.7231                 20.611466                 397.57364                                603.02242                       11.29409                   13.305827                  1467.6982       163.07845        143.13901
              2       1389.2912     0.022940788       69.134804       3.0475918      0.98157198       8.3699598       0.7255215      0.19868917     0.082177192      0.99620644      0.99644126       1.0058085      0.99445934       1.0014543     0.033355467   2.1064555e-09      0.95200291      0.85672384      0.26966274      0.81225182       13.305827       1032.0355       1467.6982      -19.985069        -24.18361          4.1985408       2818.5526                 20.623559                  397.5794                                602.61526                      11.217291                   13.305827                  1467.6982       163.14651        142.36659
              2       1388.6045     0.022940788       69.134804       3.0475918      0.98157198       8.3699598       0.7255215      0.19868917     0.082177192      0.99620644      0.99635303       1.0054904       0.9958582      0.99927629     0.033355467   2.1064555e-09      0.95200291      0.85672384      0.26966274      0.81225182       13.305827       1032.0355       1467.6982      -20.300724       -24.499265          4.1985408       2817.8104                 20.623559                  397.5794                                602.61526                      11.217291                   13.305827                  1467.6982       162.80862        141.96222
              1       1388.2813     0.022940788       69.134804       3.0475918      0.98157198       8.3699598       0.7255215      0.19868917     0.082177192      0.99620644      0.99788198       1.0025828      0.99766117      0.99800367     0.033355467   2.1064555e-09      0.95200291      0.85672384      0.26966274      0.81225182       13.305827       1032.0355       1467.6982      -21.047456       -25.245997          4.1985408       2818.6574                 20.623559                  397.5794                                602.61526                      11.217291                   13.305827                  1467.6982       162.44699        143.17091
              1       1388.5368     0.022940788       69.134804       3.0475918      0.98157198       8.3699598       0.7255215      0.19868917     0.082177192      0.99580267      0.99689697       1.0049117      0.99397889      0.99872881     0.033355467   2.1064555e-09      0.95200291      0.85672384      0.26966274      0.81225182       13.305827       1031.3804       1467.6982      -19.762564       -23.961105          4.1985408       2816.5986                 20.651225                 397.58833                                602.09016                      11.050708                   13.305827                  1467.6982       162.59964        141.61456
              1       1389.2414     0.022940788       69.134804       3.0475918      0.98157198       8.3699598       0.7255215      0.19868917     0.082177192      0.99580267      0.99689697       1.0049117      0.99397572         1.00235     0.033355467   2.1064555e-09      0.95200291      0.85672384      0.26966274      0.81225182       13.305827       1031.3804       1467.6982       -19.72466       -23.923201          4.1985408       2817.9321                 20.651225                 397.58833                                602.09016                      11.050708                   13.305827                  1467.6982       162.59964          142.948
              1       1390.0829     0.022940788       69.134804       3.0475918      0.98157198       8.3699598       0.7255215      0.19868917     0.082177192      0.99503825      0.99614544      0.99991425      0.99722349       1.0016948     0.033355467   2.1064555e-09      0.95200291      0.85672384      0.26966274      0.81225182       13.305827        1031.633       1467.6982      -19.608031       -23.806572          4.1985408        2819.382                 20.705001                 397.57172                                602.59546                      10.760768                   13.305827                  1467.6982       163.24025        143.50473
              1       1389.5814     0.022940788       69.134804       3.0475918      0.98157198       8.3699598       0.7255215      0.19868917     0.082177192      0.99503825      0.99614544      0.99991425      0.99559377      0.99992836     0.033355467   2.1064555e-09      0.95200291      0.85672384      0.26966274      0.81225182       13.305827        1031.633       1467.6982      -19.344833       -23.543374          4.1985408       2817.8525                 20.705001                 397.57172                                602.59546                      10.760768                   13.305827                  1467.6982       163.24025        141.97528
              1       1389.5706     0.022940788       69.134804       3.0475918      0.98157198       8.3699598       0.7255215      0.19868917     0.082177192      0.99503825      0.99614544      0.99991425      0.99563171        0.999847     0.033355467   2.1064555e-09      0.95200291      0.85672384      0.26966274      0.81225182       13.305827        1031.633       1467.6982      -19.352917       -23.551457          4.1985408        2817.847                 20.705001                 397.57172                                602.59546                      10.760768                   13.305827                  1467.6982       163.24025        141.96974
              1       1389.8533     0.022940788       69.134804       3.0475918      0.98157198       8.3699598       0.7255215      0.19868917     0.082177192      0.99503825      0.99614544      0.99991425      0.99396676      0.99826074     0.033355467   2.1064555e-09      0.95200291      0.85672384      0.26966274      0.81225182       13.305827        1031.633       1467.6982      -18.895008       -23.093549          4.1985408       2817.4967                 20.705001                 397.57172                                602.59546                      10.760768                   13.305827                  1467.6982       163.24025        141.61943
              1       1390.7029     0.022940788       69.134804       3.0475918      0.98157198       8.3699598       0.7255215      0.19868917     0.082177192      0.99596758      0.99618808      0.99926486       0.9917314      0.99835496     0.033355467   2.1064555e-09      0.95200291      0.85672384      0.26966274      0.81225182       13.305827       1031.5756       1467.6982      -18.791975       -22.990516          4.1985408       2818.9897                 20.639865                  397.5794                                602.23867                      11.117627                   13.305827                  1467.6982       163.95216        142.45792
              1       1391.7906     0.022940788       69.134804       3.0475918      0.98157198       8.3699598       0.7255215      0.19868917     0.082177192      0.99548431      0.99456432       1.0013643      0.99262482       1.0017032     0.033355467   2.1064555e-09      0.95200291      0.85672384      0.26966274      0.81225182       13.305827       1031.2283       1467.6982      -17.972067       -22.170608          4.1985408       2819.5253                 20.673396                 397.56733                                602.06164                      10.925902                   13.305827                  1467.6982       164.34113        142.95192
              3       1388.6698     0.022940788       69.134804       3.0475918      0.98157198       8.3699598       0.7255215      0.19868917     0.082177192      0.99548431       0.9971663      0.99946839       0.9950671      0.99930125     0.033355467   2.1064555e-09      0.95200291      0.85672384      0.26966274      0.81225182       13.305827       1031.2283       1467.6982      -19.935794       -24.134335          4.1985408       2817.2112                 20.673396                 397.56733                                602.06164                      10.925902                   13.305827                  1467.6982       163.25378        141.72513
              1       1388.9879     0.022940788       69.134804       3.0475918      0.98157198       8.3699598       0.7255215      0.19868917     0.082177192      0.99548431       0.9971663      0.99946839      0.99400866      0.99996638     0.033355467   2.1064555e-09      0.95200291      0.85672384      0.26966274      0.81225182       13.305827       1031.2283       1467.6982      -19.653631       -23.852172          4.1985408       2817.2831                 20.673396                 397.56733                                602.06164                      10.925902                   13.305827                  1467.6982       163.25378        141.79703
              1       1389.1346     0.022940788       69.134804       3.0475918      0.98157198       8.3699598       0.7255215      0.19868917     0.082177192      0.99548431       0.9971663      0.99946839      0.99633432      0.99594483     0.033355467   2.1064555e-09      0.95200291      0.85672384      0.26966274      0.81225182       13.305827       1031.2283       1467.6982      -20.055089        -24.25363          4.1985408       2818.3793                 20.673396                 397.56733                                602.06164                      10.925902                   13.305827                  1467.6982       163.25378        142.89328
              1       1389.3654     0.022940788       69.134804       3.0475918      0.98157198       8.3699598       0.7255215      0.19868917     0.082177192      0.99548431      0.99820417       1.0047189      0.99738855       1.0015104     0.033355467   2.1064555e-09      0.95200291      0.85672384      0.26966274      0.81225182       13.305827       1031.2283       1467.6982      -20.620136       -24.818676          4.1985408        2819.971                 20.673396                 397.56733                                602.06164                      10.925902                   13.305827                  1467.6982       164.20473        143.53403
              1       1389.0659     0.022940788       69.134804       3.0475918      0.98157198       8.3699598       0.7255215      0.19868917     0.082177192      0.99486474      0.99712902       1.0042144      0.99579846       1.0000772     0.033355467   2.1064555e-09      0.95200291      0.85672384      0.26966274      0.81225182       13.305827       1031.9832       1467.6982      -19.615878       -23.814418          4.1985408       2817.3636                 20.717471                 397.58164                                602.98452                      10.699613                   13.305827                  1467.6982        162.2925        142.08382
              1       1389.0552     0.022940788       69.134804       3.0475918      0.98157198       8.3699598       0.7255215      0.19868917     0.082177192      0.99488427      0.99712903        1.004207      0.99584854       1.0003192     0.033355467   2.1064555e-09      0.95200291      0.85672384      0.26966274      0.81225182       13.305827       1031.9309       1467.6982      -19.641358       -23.839899          4.1985408        2817.393                 20.716062                 397.57273                                602.93566                      10.706407                   13.305827                  1467.6982       162.28804         142.1701
              1       1388.9311     0.022940788       69.134804       3.0475918      0.98157198       8.3699598       0.7255215      0.19868917     0.082177192      0.99692278      0.99668039       1.0039551      0.99567315      0.99993763     0.033355467   2.1064555e-09      0.95200291      0.85672384      0.26966274      0.81225182       13.305827       1034.5401       1467.6982      -20.787228       -24.985769          4.1985408       2819.4366                 20.575826                 397.54217                                604.88655                      11.535564                   13.305827                  1467.6982       161.88817        142.00426
              1       1389.0401     0.022940788       69.134804       3.0475918      0.98157198       8.3699598       0.7255215      0.19868917     0.082177192      0.99499629        0.996679       1.0046825      0.99604983       1.0004952     0.033355467   2.1064555e-09      0.95200291      0.85672384      0.26966274      0.81225182       13.305827       1031.7035       1467.6982      -19.616326       -23.814867          4.1985408       2817.3128                 20.708007                 397.56948                                602.68022                       10.74582                   13.305827                  1467.6982        162.2968        142.30847
              1       1389.7928     0.022940788       69.134804       3.0475918      0.98157198       8.3699598       0.7255215      0.19868917     0.082177192      0.99499629      0.99790361       1.0043634      0.99621953      0.99537158     0.033355467   2.1064555e-09      0.95200291      0.85672384      0.26966274      0.81225182       13.305827       1031.7035       1467.6982       -19.81709       -24.015631          4.1985408       2819.2197                 20.708007                 397.56948                                602.68022                       10.74582                   13.305827                  1467.6982       163.35184        143.16034
              1       1389.5675     0.022940788       69.134804       3.0475918      0.98157198       8.3699598       0.7255215      0.19868917     0.082177192      0.99499629      0.99790361       1.0043634      0.99505651      0.99603526     0.033355467   2.1064555e-09      0.95200291      0.85672384      0.26966274      0.81225182       13.305827       1031.7035       1467.6982      -19.619403       -23.817944          4.1985408       2818.3738                 20.708007                 397.56948                                602.68022                       10.74582                   13.305827                  1467.6982       163.35184        142.31439
              1       1389.7418     0.022940788       69.134804       3.0475918      0.98157198       8.3699598       0.7255215      0.19868917     0.082177192      0.99499629      0.99790361       1.0043634      0.99540474       1.0023497     0.033355467   2.1064555e-09      0.95200291      0.85672384      0.26966274      0.81225182       13.305827       1031.7035       1467.6982      -19.798266       -23.996806          4.1985408       2819.0801                 20.708007                 397.56948                                602.68022                       10.74582                   13.305827                  1467.6982       163.35184        143.02068
              1       1389.0688     0.022940788       69.134804       3.0475918      0.98157198       8.3699598       0.7255215      0.19868917     0.082177192      0.99499629      0.99723481       1.0018387      0.99537896       1.0020516     0.033355467   2.1064555e-09      0.95200291      0.85672384      0.26966274      0.81225182       13.305827       1031.7035       1467.6982      -19.624147       -23.822688          4.1985408       2817.3858                 20.708007                 397.56948                                602.68022                       10.74582                   13.305827                  1467.6982       161.85695         142.8213
              1       1388.8114     0.022940788       69.134804       3.0475918      0.98157198       8.3699598       0.7255215      0.19868917     0.082177192      0.99663574        0.997236       1.0012198      0.99522224       1.0018135     0.033355467   2.1064555e-09      0.95200291      0.85672384      0.26966274      0.81225182       13.305827       1033.3277       1467.6982      -20.694197       -24.892738          4.1985408       2819.0112                 20.594735                 397.55719                                603.77121                      11.404551                   13.305827                  1467.6982       162.03563        142.64383
              2       1390.1184     0.022940788       69.134804       3.0475918      0.98157198       8.3699598       0.7255215      0.19868917     0.082177192      0.99663574      0.99903247      0.99993703      0.99699549       1.0026318     0.033355467   2.1064555e-09      0.95200291      0.85672384      0.26966274      0.81225182       13.305827       1033.3277       1467.6982      -21.374463       -25.573004          4.1985408       2822.9858                 20.594735                 397.55719                                603.77121                      11.404551                   13.305827                  1467.6982       164.73035        143.92377
              1       1391.4948     0.022940788       69.134804       3.0475918      0.98157198       8.3699598       0.7255215      0.19868917     0.082177192      0.99768262      0.99695756       1.0028243      0.99826515       1.0015713     0.033355467   2.1064555e-09      0.95200291      0.85672384      0.26966274      0.81225182       13.305827       1039.1194       1467.6982      -21.579473       -25.778014          4.1985408       2826.1485                 20.527164                 397.52956                                 609.1579                      11.904749                   13.305827                  1467.6982       161.68779        144.33737
              1       1394.3874     0.022940788       69.134804       3.0475918      0.98157198       8.3699598       0.7255215      0.19868917     0.082177192      0.99768262      0.99493987      0.99861989      0.99704037      0.99791904     0.033355467   2.1064555e-09      0.95200291      0.85672384      0.26966274      0.81225182       13.305827       1039.1194       1467.6982      -20.511014       -24.709554          4.1985408       2829.7969                 20.527164                 397.52956                                 609.1579                      11.904749                   13.305827                  1467.6982       166.99564         142.6779
              1       1395.1056     0.022940788       69.134804       3.0475918      0.98157198       8.3699598       0.7255215      0.19868917     0.082177192      0.99768262      0.99636842       0.9959239      0.99626102      0.99742707     0.033355467   2.1064555e-09      0.95200291      0.85672384      0.26966274      0.81225182       13.305827       1039.1194       1467.6982       -21.04968       -25.248221          4.1985408       2832.3107                 20.527164                 397.52956                                 609.1579                      11.904749                   13.305827                  1467.6982       169.90695        142.28032
              1       1392.4407     0.022940788       69.134804       3.0475918      0.98157198       8.3699598       0.7255215      0.19868917     0.082177192      0.99387259      0.99849932      0.99968789       0.9966123      0.99863381     0.033355467   2.1064555e-09      0.95200291      0.85672384      0.26966274      0.81225182       13.305827       1035.9376       1467.6982      -19.190325       -23.388865          4.1985408        2823.262                 20.790549                 397.59349                                607.17038                       10.38319                   13.305827                  1467.6982       163.99933        142.32108
              1       1390.8944     0.022940788       69.134804       3.0475918      0.98157198       8.3699598       0.7255215      0.19868917     0.082177192      0.99436686      0.99849967      0.99950128      0.99654108      0.99782748     0.033355467   2.1064555e-09      0.95200291      0.85672384      0.26966274      0.81225182       13.305827       1033.5241       1467.6982      -19.616322       -23.814863          4.1985408       2821.0214                 20.753786                 397.56969                                604.66695                      10.533728                   13.305827                  1467.6982       164.13564        142.35756
              2       1390.3692     0.022940788       69.134804       3.0475918      0.98157198       8.3699598       0.7255215      0.19868917     0.082177192      0.99436686      0.99640952        1.003829      0.99666352      0.99753032     0.033355467   2.1064555e-09      0.95200291      0.85672384      0.26966274      0.81225182       13.305827       1033.5241       1467.6982      -19.032764       -23.231305          4.1985408        2818.804                 20.753786                 397.56969                                604.66695                      10.533728                   13.305827                  1467.6982        161.7812        142.49464
              1       1390.9347     0.022940788       69.134804       3.0475918      0.98157198       8.3699598       0.7255215      0.19868917     0.082177192      0.99436686      0.99884008      0.99999708      0.99654109      0.99793821     0.033355467   2.1064555e-09      0.95200291      0.85672384      0.26966274      0.81225182       13.305827       1033.5241       1467.6982      -19.671068       -23.869608          4.1985408       2821.2115                 20.753786                 397.56969                                604.66695                      10.533728                   13.305827                  1467.6982       164.34387        142.33943
              1       1391.1364     0.022940788       69.134804       3.0475918      0.98157198       8.3699598       0.7255215      0.19868917     0.082177192      0.99436686      0.99792634       1.0053641      0.99559592         1.00043     0.033355467   2.1064555e-09      0.95200291      0.85672384      0.26966274      0.81225182       13.305827       1033.5241       1467.6982      -19.361066       -23.559606          4.1985408       2820.9949                 20.753786                 397.56969                                604.66695                      10.533728                   13.305827                  1467.6982       164.35164        142.11511
              1       1391.3514     0.022940788       69.134804       3.0475918      0.98157198       8.3699598       0.7255215      0.19868917     0.082177192      0.99436686      0.99792634       1.0053641      0.99481235      0.99672336     0.033355467   2.1064555e-09      0.95200291      0.85672384      0.26966274      0.81225182       13.305827       1033.5241       1467.6982      -19.074844       -23.273385          4.1985408       2820.8524                 20.753786                 397.56969                                604.66695                      10.533728                   13.305827                  1467.6982       164.35164        141.97263
              1       1391.5565     0.022940788       69.134804       3.0475918      0.98157198       8.3699598       0.7255215      0.19868917     0.082177192      0.99436686      0.99792634       1.0053641      0.99814631      0.99785178     0.033355467   2.1064555e-09      0.95200291      0.85672384      0.26966274      0.81225182       13.305827       1033.5241       1467.6982      -19.714982       -23.913523          4.1985408       2822.5429                 20.753786                 397.56969                                604.66695                      10.533728                   13.305827                  1467.6982       164.35164        143.66313
              1       1391.0854     0.022940788       69.134804       3.0475918      0.98157198       8.3699598       0.7255215      0.19868917     0.082177192      0.99516053       0.9976253        1.005389      0.99482675      0.99312783     0.033355467   2.1064555e-09      0.95200291      0.85672384      0.26966274      0.81225182       13.305827       1031.4509       1467.6982      -19.323891       -23.522431          4.1985408       2820.8185                 20.696274                 397.56733                                602.38237                      10.804905                   13.305827                  1467.6982       163.87508        144.48857
              1       1389.9789     0.022940788       69.134804       3.0475918      0.98157198       8.3699598       0.7255215      0.19868917     0.082177192      0.99516053      0.99546398       1.0031227       0.9983996        1.001474     0.033355467   2.1064555e-09      0.95200291      0.85672384      0.26966274      0.81225182       13.305827       1031.4509       1467.6982      -19.520542       -23.719083          4.1985408       2818.9989                 20.696274                 397.56733                                602.38237                      10.804905                   13.305827                  1467.6982       162.11717        144.42685
              1       1389.0786     0.022940788       69.134804       3.0475918      0.98157198       8.3699598       0.7255215      0.19868917     0.082177192       0.9961697      0.99546471       1.0027417      0.99381065      0.99964623     0.033355467   2.1064555e-09      0.95200291      0.85672384      0.26966274      0.81225182       13.305827       1031.9521       1467.6982      -19.353649       -23.552189          4.1985408       2816.8644                 20.626055                  397.5794                                602.54492                      11.201752                   13.305827                  1467.6982       162.16376        141.74452
              1       1388.9323     0.022940788       69.134804       3.0475918      0.98157198       8.3699598       0.7255215      0.19868917     0.082177192       0.9961697       0.9964315       1.0042464      0.99621315       1.0027436     0.033355467   2.1064555e-09      0.95200291      0.85672384      0.26966274      0.81225182       13.305827       1031.9521       1467.6982      -20.313317       -24.511857          4.1985408       2818.4911                 20.626055                  397.5794                                602.54492                      11.201752                   13.305827                  1467.6982       161.95998        143.57503
              1       1390.5591     0.022940788       69.134804       3.0475918      0.98157198       8.3699598       0.7255215      0.19868917     0.082177192      0.99600199      0.99452852       1.0051523      0.99628918       1.0023366     0.033355467   2.1064555e-09      0.95200291      0.85672384      0.26966274      0.81225182       13.305827       1031.6298       1467.6982      -19.286271       -23.484812          4.1985408       2819.6907                 20.637505                  397.5794                                602.28115                      11.131786                   13.305827                  1467.6982       163.73015        143.32669
              1       1394.5472     0.022940788       69.134804       3.0475918      0.98157198       8.3699598       0.7255215      0.19868917     0.082177192      0.99600199      0.99438922      0.99683526      0.99518717      0.99683517     0.033355467   2.1064555e-09      0.95200291      0.85672384      0.26966274      0.81225182       13.305827       1031.6298       1467.6982      -18.924442       -23.122982          4.1985408       2826.9433                 20.637505                  397.5794                                602.28115                      11.131786                   13.305827                  1467.6982       172.29257        142.01691
              1       1392.8209     0.022940788       69.134804       3.0475918      0.98157198       8.3699598       0.7255215      0.19868917     0.082177192      0.99594882      0.99318825       1.0047733      0.99654013       1.0019436     0.033355467   2.1064555e-09      0.95200291      0.85672384      0.26966274      0.81225182       13.305827       1031.5477       1467.6982      -18.397975       -22.596515          4.1985408       2822.4378                 20.641154                  397.5794                                602.21718                      11.109935                   13.305827                  1467.6982       166.67627        143.20985
              1       1389.1042     0.022940788       69.134804       3.0475918      0.98157198       8.3699598       0.7255215      0.19868917     0.082177192      0.99566254      0.99631373       1.0041598      0.99361963      0.99572454     0.033355467   2.1064555e-09      0.95200291      0.85672384      0.26966274      0.81225182       13.305827       1031.2694       1467.6982      -19.178755       -23.377296          4.1985408       2816.5658                 20.660945                 397.57778                                602.03566                      10.995061                   13.305827                  1467.6982       161.90799         142.3844
              1       1388.5142     0.022940788       69.134804       3.0475918      0.98157198       8.3699598       0.7255215      0.19868917     0.082177192      0.99579816      0.99631382       1.0041086      0.99789995      0.99807165     0.033355467   2.1064555e-09      0.95200291      0.85672384      0.26966274      0.81225182       13.305827       1031.3762       1467.6982      -20.309465       -24.508005          4.1985408       2817.6473                 20.651536                 397.58833                                602.08738                      11.048902                   13.305827                  1467.6982       161.88567        143.38147
              1       1388.7446     0.022940788       69.134804       3.0475918      0.98157198       8.3699598       0.7255215      0.19868917     0.082177192      0.99579816      0.99812033       1.0041707      0.99785731       0.9985259     0.033355467   2.1064555e-09      0.95200291      0.85672384      0.26966274      0.81225182       13.305827       1031.3762       1467.6982      -20.878195       -25.076736          4.1985408       2819.2456                 20.651536                 397.58833                                602.08738                      11.048902                   13.305827                  1467.6982       163.57297        143.29242
              1       1390.1778     0.022940788       69.134804       3.0475918      0.98157198       8.3699598       0.7255215      0.19868917     0.082177192      0.99579816      0.99773803       1.0074289      0.99578692      0.99937881     0.033355467   2.1064555e-09      0.95200291      0.85672384      0.26966274      0.81225182       13.305827       1031.3762       1467.6982      -20.480777       -24.679318          4.1985408       2821.3171                 20.651536                 397.58833                                602.08738                      11.048902                   13.305827                  1467.6982       166.99104        141.94589
              1       1390.4249     0.022940788       69.134804       3.0475918      0.98157198       8.3699598       0.7255215      0.19868917     0.082177192      0.99579816      0.99994646        1.002725      0.99402913      0.99738971     0.033355467   2.1064555e-09      0.95200291      0.85672384      0.26966274      0.81225182       13.305827       1031.3762       1467.6982      -20.260083       -24.458624          4.1985408       2821.3699                 20.651536                 397.58833                                602.08738                      11.048902                   13.305827                  1467.6982       167.25746        141.73232
              1       1389.9154     0.022940788       69.134804       3.0475918      0.98157198       8.3699598       0.7255215      0.19868917     0.082177192      0.99607734      0.99959364       1.0027178      0.99401261      0.99726613     0.033355467   2.1064555e-09      0.95200291      0.85672384      0.26966274      0.81225182       13.305827       1031.7628       1467.6982      -20.421374       -24.619915          4.1985408       2820.6736                  20.63235                  397.5794                                602.38801                      11.163023                   13.305827                  1467.6982        166.1456        141.76122
              2       1388.5607     0.022940788       69.134804       3.0475918      0.98157198       8.3699598       0.7255215      0.19868917     0.082177192      0.99607734      0.99722091       1.0026382      0.99403408      0.99572553     0.033355467   2.1064555e-09      0.95200291      0.85672384      0.26966274      0.81225182       13.305827       1031.7628       1467.6982      -19.905698       -24.104239          4.1985408       2816.9328                  20.63235                  397.5794                                602.38801                      11.163023                   13.305827                  1467.6982       161.81204        142.35394
              1       1388.9983     0.022940788       69.134804       3.0475918      0.98157198       8.3699598       0.7255215      0.19868917     0.082177192      0.99607734      0.99700381       1.0009541       0.9943616      0.99492427     0.033355467   2.1064555e-09      0.95200291      0.85672384      0.26966274      0.81225182       13.305827       1031.7628       1467.6982      -19.859427       -24.057968          4.1985408       2817.7154                  20.63235                  397.5794                                602.38801                      11.163023                   13.305827                  1467.6982        162.0941        142.85449
              1        1388.784     0.022940788       69.134804       3.0475918      0.98157198       8.3699598       0.7255215      0.19868917     0.082177192      0.99607734      0.99700381       1.0009541      0.99314147      0.99695856     0.033355467   2.1064555e-09      0.95200291      0.85672384      0.26966274      0.81225182       13.305827       1031.7628       1467.6982      -19.637471       -23.836011          4.1985408        2816.843                  20.63235                  397.5794                                602.38801                      11.163023                   13.305827                  1467.6982        162.0941        141.98212
              1       1389.1031     0.022940788       69.134804       3.0475918      0.98157198       8.3699598       0.7255215      0.19868917     0.082177192      0.99607734      0.99670225      0.99904862      0.99706287        0.999946     0.033355467   2.1064555e-09      0.95200291      0.85672384      0.26966274      0.81225182       13.305827       1031.7628       1467.6982      -20.572199        -24.77074          4.1985408       2819.3506                  20.63235                  397.5794                                602.38801                      11.163023                   13.305827                  1467.6982       163.84145        142.74231
              1       1391.0994     0.022940788       69.134804       3.0475918      0.98157198       8.3699598       0.7255215      0.19868917     0.082177192      0.99607734      0.99659904      0.99915814       1.0000711        1.002488     0.033355467   2.1064555e-09      0.95200291      0.85672384      0.26966274      0.81225182       13.305827       1031.7628       1467.6982      -20.689085       -24.887626          4.1985408        2823.577                  20.63235                  397.5794                                602.38801                      11.163023                   13.305827                  1467.6982       163.76254        147.04768
              1       1389.6418     0.022940788       69.134804       3.0475918      0.98157198       8.3699598       0.7255215      0.19868917     0.082177192      0.99607734      0.99716032      0.99853361      0.99764696      0.99662961     0.033355467   2.1064555e-09      0.95200291      0.85672384      0.26966274      0.81225182       13.305827       1031.7628       1467.6982      -20.697588       -24.896129          4.1985408       2820.6788                  20.63235                  397.5794                                602.38801                      11.163023                   13.305827                  1467.6982       164.35808        143.55388
              1       1388.0406     0.022940788       69.134804       3.0475918      0.98157198       8.3699598       0.7255215      0.19868917     0.082177192      0.99607734      0.99660947       1.0015998       0.9960452       1.0002763     0.033355467   2.1064555e-09      0.95200291      0.85672384      0.26966274      0.81225182       13.305827       1031.7628       1467.6982      -20.363081       -24.561622          4.1985408       2816.8074                  20.63235                  397.5794                                602.38801                      11.163023                   13.305827                  1467.6982       161.80156          142.239
              1       1387.9931     0.022940788       69.134804       3.0475918      0.98157198       8.3699598       0.7255215      0.19868917     0.082177192      0.99607734      0.99660947       1.0015998      0.99596757      0.99992169     0.033355467   2.1064555e-09      0.95200291      0.85672384      0.26966274      0.81225182       13.305827       1031.7628       1467.6982      -20.348365       -24.546906          4.1985408       2816.6829                  20.63235                  397.5794                                602.38801                      11.163023                   13.305827                  1467.6982       161.80156        142.11458
              1       1388.5824     0.022940788       69.134804       3.0475918      0.98157198       8.3699598       0.7255215      0.19868917     0.082177192      0.99607734      0.99660947       1.0015998      0.99440544       1.0016851     0.033355467   2.1064555e-09      0.95200291      0.85672384      0.26966274      0.81225182       13.305827       1031.7628       1467.6982      -19.948583       -24.147124          4.1985408        2817.062                  20.63235                  397.5794                                602.38801                      11.163023                   13.305827                  1467.6982       161.80156        142.49361
              1       1388.5644     0.022940788       69.134804       3.0475918      0.98157198       8.3699598       0.7255215      0.19868917     0.082177192      0.99607734      0.99610894       1.0013285      0.99736687      0.99804601     0.033355467   2.1064555e-09      0.95200291      0.85672384      0.26966274      0.81225182       13.305827       1031.7628       1467.6982      -20.341151       -24.539691          4.1985408       2817.8112                  20.63235                  397.5794                                602.38801                      11.163023                   13.305827                  1467.6982       162.13223        142.91212
              1       1388.5134     0.022940788       69.134804       3.0475918      0.98157198       8.3699598       0.7255215      0.19868917     0.082177192      0.99607734      0.99610894       1.0013285      0.99703681       0.9977895     0.033355467   2.1064555e-09      0.95200291      0.85672384      0.26966274      0.81225182       13.305827       1031.7628       1467.6982      -20.285233       -24.483774          4.1985408       2817.5972                  20.63235                  397.5794                                602.38801                      11.163023                   13.305827                  1467.6982       162.13223         142.6982
              1       1390.5125     0.022940788       69.134804       3.0475918      0.98157198       8.3699598       0.7255215      0.19868917     0.082177192      0.99606921      0.99610894       1.0013316      0.99655705      0.99279224     0.033355467   2.1064555e-09      0.95200291      0.85672384      0.26966274      0.81225182       13.305827       1031.7475       1467.6982      -19.758649       -23.957189          4.1985408       2820.5423                 20.632905                  397.5794                                602.37557                      11.159638                   13.305827                  1467.6982       162.13052        145.66026
              1       1389.6297     0.022940788       69.134804       3.0475918      0.98157198       8.3699598       0.7255215      0.19868917     0.082177192      0.99606921      0.99610894       1.0013316       0.9960765      0.99409914     0.033355467   2.1064555e-09      0.95200291      0.85672384      0.26966274      0.81225182       13.305827       1031.7475       1467.6982      -19.832923       -24.031464          4.1985408       2818.9252                 20.632905                  397.5794                                602.37557                      11.159638                   13.305827                  1467.6982       162.13052        144.04311
              1        1392.346     0.022940788       69.134804       3.0475918      0.98157198       8.3699598       0.7255215      0.19868917     0.082177192      0.99738058      0.99628641        1.002045        1.000932      0.99839682     0.033355467   2.1064555e-09      0.95200291      0.85672384      0.26966274      0.81225182       13.305827       1037.0759       1467.6982      -21.260422       -25.458963          4.1985408       2827.2128                 20.546288                 397.54424                                607.23127                      11.754116                   13.305827                  1467.6982       161.73727        147.39563
              1       1392.1613     0.022940788       69.134804       3.0475918      0.98157198       8.3699598       0.7255215      0.19868917     0.082177192      0.99738058      0.99655899        1.002544       1.0009337      0.99849078     0.033355467   2.1064555e-09      0.95200291      0.85672384      0.26966274      0.81225182       13.305827       1037.0759       1467.6982      -21.371452       -25.569993          4.1985408       2827.0655                 20.546288                 397.54424                                607.23127                      11.754116                   13.305827                  1467.6982       161.59906        147.38651
              1       1391.9158     0.022940788       69.134804       3.0475918      0.98157198       8.3699598       0.7255215      0.19868917     0.082177192      0.99698378      0.99768173      0.99921755         1.00004       1.0030269     0.033355467   2.1064555e-09      0.95200291      0.85672384      0.26966274      0.81225182       13.305827       1034.8369       1467.6982      -21.508244       -25.706785          4.1985408       2826.8481                 20.571848                 397.54217                                605.15885                      11.564005                   13.305827                  1467.6982       163.63995        147.36729
              1        1390.613     0.022940788       69.134804       3.0475918      0.98157198       8.3699598       0.7255215      0.19868917     0.082177192      0.99698378      0.99778782      0.99931949      0.99807719       1.0025506     0.033355467   2.1064555e-09      0.95200291      0.85672384      0.26966274      0.81225182       13.305827       1034.8369       1467.6982      -21.468418       -25.666959          4.1985408       2824.1628                 20.571848                 397.54217                                605.15885                      11.564005                   13.305827                  1467.6982       163.59802        144.72385
              1       1389.3556     0.022940788       69.134804       3.0475918      0.98157198       8.3699598       0.7255215      0.19868917     0.082177192      0.99542782      0.99716233      0.99950347      0.99777077      0.99641874     0.033355467   2.1064555e-09      0.95200291      0.85672384      0.26966274      0.81225182       13.305827       1031.2412       1467.6982      -20.257011       -24.455552          4.1985408       2819.2252                 20.677364                 397.56733                                602.09217                      10.904358                   13.305827                  1467.6982       163.21823        143.76172
              2       1389.4748     0.022940788       69.134804       3.0475918      0.98157198       8.3699598       0.7255215      0.19868917     0.082177192      0.99528473      0.99716222      0.99955749      0.99778444      0.99643952     0.033355467   2.1064555e-09      0.95200291      0.85672384      0.26966274      0.81225182       13.305827        1031.323       1467.6982      -20.153578       -24.352119          4.1985408       2819.2567                 20.687459                 397.56733                                602.21758                      10.850609                   13.305827                  1467.6982       163.16447        143.76521
              1       1389.0209     0.022940788       69.134804       3.0475918      0.98157198       8.3699598       0.7255215      0.19868917     0.082177192      0.99649629      0.99639946       1.0019276      0.99753522      0.99609797     0.033355467   2.1064555e-09      0.95200291      0.85672384      0.26966274      0.81225182       13.305827       1032.8508       1467.6982      -20.624332       -24.822873          4.1985408       2819.2905                 20.604028                 397.57589                                603.32832                       11.34258                   13.305827                  1467.6982       161.73433        143.70139
              1       1388.7464     0.022940788       69.134804       3.0475918      0.98157198       8.3699598       0.7255215      0.19868917     0.082177192      0.99599287       0.9962933       1.0020754       0.9975852      0.99614247     0.033355467   2.1064555e-09      0.95200291      0.85672384      0.26966274      0.81225182       13.305827       1031.6151       1467.6982      -20.288064       -24.486605          4.1985408        2818.069                  20.63813                  397.5794                                602.26951                      11.128028                   13.305827                  1467.6982       161.72639        143.72351
              2       1388.4798     0.022940788       69.134804       3.0475918      0.98157198       8.3699598       0.7255215      0.19868917     0.082177192      0.99599287      0.99672367       1.0024933      0.99758174      0.99627161     0.033355467   2.1064555e-09      0.95200291      0.85672384      0.26966274      0.81225182       13.305827       1031.6151       1467.6982      -20.463878       -24.662419          4.1985408       2817.8873                  20.63813                  397.5794                                602.26951                      11.128028                   13.305827                  1467.6982       161.61206        143.65619
              1       1389.3171     0.022940788       69.134804       3.0475918      0.98157198       8.3699598       0.7255215      0.19868917     0.082177192      0.99530081      0.99883674       1.0024751      0.99462592      0.99631564     0.033355467   2.1064555e-09      0.95200291      0.85672384      0.26966274      0.81225182       13.305827       1031.3103       1467.6982      -19.934869       -24.133409          4.1985408       2818.5039                 20.686321                 397.56733                                602.20004                      10.856591                   13.305827                  1467.6982       164.08551        142.10405
              1       1388.6382     0.022940788       69.134804       3.0475918      0.98157198       8.3699598       0.7255215      0.19868917     0.082177192      0.99530081      0.99790589       1.0020662      0.99795415      0.99787475     0.033355467   2.1064555e-09      0.95200291      0.85672384      0.26966274      0.81225182       13.305827       1031.3103       1467.6982      -20.464586       -24.663127          4.1985408       2818.2056                 20.686321                 397.56733                                602.20004                      10.856591                   13.305827                  1467.6982       162.42426          143.467
              1       1388.5758     0.022940788       69.134804       3.0475918      0.98157198       8.3699598       0.7255215      0.19868917     0.082177192      0.99668309       0.9979069       1.0015443      0.99706574      0.99801251     0.033355467   2.1064555e-09      0.95200291      0.85672384      0.26966274      0.81225182       13.305827        1033.496       1467.6982      -21.246887       -25.445428          4.1985408       2819.6454                 20.591595                 397.54223                                603.93631                       11.42584                   13.305827                  1467.6982       162.46339        142.68204
              1       1389.6846     0.022940788       69.134804       3.0475918      0.98157198       8.3699598       0.7255215      0.19868917     0.082177192      0.99668309      0.99814237       0.9983302      0.99661496      0.99790402     0.033355467   2.1064555e-09      0.95200291      0.85672384      0.26966274      0.81225182       13.305827        1033.496       1467.6982      -21.223728       -25.422269          4.1985408       2821.8167                 20.591595                 397.54223                                603.93631                       11.42584                   13.305827                  1467.6982       164.92639        142.39037
              1        1389.775     0.022940788       69.134804       3.0475918      0.98157198       8.3699598       0.7255215      0.19868917     0.082177192      0.99484997      0.99814104       0.9990223       0.9968498      0.99884338     0.033355467   2.1064555e-09      0.95200291      0.85672384      0.26966274      0.81225182       13.305827        1032.017       1467.6982      -20.048747       -24.247288          4.1985408       2819.6475                 20.718537                 397.58164                                603.02236                      10.694484                   13.305827                  1467.6982       164.15402        142.47244
              1       1390.1139     0.022940788       69.134804       3.0475918      0.98157198       8.3699598       0.7255215      0.19868917     0.082177192      0.99484997      0.99715163       1.0013612       0.9938378      0.99477183     0.033355467   2.1064555e-09      0.95200291      0.85672384      0.26966274      0.81225182       13.305827        1032.017       1467.6982      -18.848414       -23.046955          4.1985408       2817.9245                 20.718537                 397.58164                                603.02236                      10.694484                   13.305827                  1467.6982       161.94974        142.95377
              1       1389.2279     0.022940788       69.134804       3.0475918      0.98157198       8.3699598       0.7255215      0.19868917     0.082177192      0.99691467      0.99715313       1.0005817      0.99546878        1.001212     0.033355467   2.1064555e-09      0.95200291      0.85672384      0.26966274      0.81225182       13.305827       1034.5016       1467.6982      -20.886417       -25.084958          4.1985408       2820.2286                 20.576357                 397.54217                                604.85125                      11.531796                   13.305827                  1467.6982       162.33623         142.3868
              2       1389.8425     0.022953202       69.042708       3.0479838      0.98132322       8.2843873      0.72582641      0.20045599     0.090007985        0.997564      0.99858179       1.0059442      0.99573986       1.0034085     0.043536006   2.1072815e-09      0.95184874      0.85123987      0.26933403       0.8065605       13.451077       1032.4522       1468.0419      -21.284177       -25.673385          4.3892075       2822.2533                 20.630638                 397.27992                                603.00987                      11.531822                   13.451077                  1468.0419       166.71194        141.59607
              1        1390.393     0.022953202       69.042708       3.0479838      0.98132322       8.2843873      0.72582641      0.20045599     0.090007985        0.997564       1.0006012       1.0012842      0.99561361       1.0036708     0.043536006   2.1072815e-09      0.95184874      0.85123987      0.26933403       0.8065605       13.451077       1032.4522       1468.0419      -21.331203       -25.720411          4.3892075       2823.4483                 20.630638                 397.27992                                603.00987                      11.531822                   13.451077                  1468.0419       167.73692        141.76613
              1       1390.2036     0.022953202       69.042708       3.0479838      0.98132322       8.2843873      0.72582641      0.20045599     0.090007985        0.997564       1.0006012       1.0012842      0.99509462         1.00272     0.043536006   2.1072815e-09      0.95184874      0.85123987      0.26933403       0.8065605       13.451077       1032.4522       1468.0419      -21.269082       -25.658289          4.3892075       2822.9454                 20.630638                 397.27992                                603.00987                      11.531822                   13.451077                  1468.0419       167.73692        141.26317
              1       1390.2529     0.022953202       69.042708       3.0479838      0.98132322       8.2843873      0.72582641      0.20045599     0.090007985      0.99758871       1.0006012       1.0012749      0.99613892       1.0035458     0.043536006   2.1072815e-09      0.95184874      0.85123987      0.26933403       0.8065605       13.451077       1032.4862       1468.0419      -21.456771       -25.845978          4.3892075       2823.4193                 20.628965                 397.27992                                603.03316                      11.544116                   13.451077                  1468.0419       167.73753        141.70259
              1       1389.6953     0.022953202       69.042708       3.0479838      0.98132322       8.2843873      0.72582641      0.20045599     0.090007985      0.99758871       1.0002219      0.99947175      0.99614504       1.0016818     0.043536006   2.1072815e-09      0.95184874      0.85123987      0.26933403       0.8065605       13.451077       1032.4862       1468.0419       -21.56747       -25.956677          4.3892075       2822.5255                 20.628965                 397.27992                                603.03316                      11.544116                   13.451077                  1468.0419       167.70938        140.83691
              1       1391.5097     0.022965159       69.056613       3.0474822      0.98101727       8.2288909      0.72625333      0.20073317      0.09184978      0.99762863      0.99817499        1.004679       1.0011061      0.99653829     0.044324083   2.1062247e-09      0.95184306      0.84982164      0.26891716      0.80459332       13.588793       1032.4513       1467.9004      -21.464029       -26.041263          4.5772342       2825.9475                 20.674396                 397.10859                                603.15528                      11.513071                   13.588793                  1467.9004       166.26146        145.74547
              1        1391.379     0.022965159       69.056613       3.0474822      0.98101727       8.2288909      0.72625333      0.20073317      0.09184978      0.99762863      0.99817499        1.004679      0.99760466       1.0069417     0.044324083   2.1062247e-09      0.95184306      0.84982164      0.26891716      0.80459332       13.588793       1032.4513       1467.9004      -21.009576        -25.58681          4.5772342       2824.7772                 20.674396                 397.10859                                603.15528                      11.513071                   13.588793                  1467.9004       166.26146        144.57515
              1       1391.2192     0.022965159       69.056613       3.0474822      0.98101727       8.2288909      0.72625333      0.20073317      0.09184978      0.99762863      0.99825418       1.0012308      0.99754545       1.0067824     0.044324083   2.1062247e-09      0.95184306      0.84982164      0.26891716      0.80459332       13.588793       1032.4513       1467.9004      -21.038839       -25.616073          4.5772342       2824.5161                 20.674396                 397.10859                                603.15528                      11.513071                   13.588793                  1467.9004        166.2043        144.37119
              1        1390.311     0.022965159       69.056613       3.0474822      0.98101727       8.2288909      0.72625333      0.20073317      0.09184978      0.99879785      0.99825503       1.0007894      0.99579662       1.0021483     0.044324083   2.1062247e-09      0.95184306      0.84982164      0.26891716      0.80459332       13.588793       1034.9155       1467.9004      -21.476008       -26.053242          4.5772342       2823.5739                 20.595068                 397.11324                                605.06631                      12.140885                   13.588793                  1467.9004       166.48825        140.68095
              1         1390.83     0.022965159       69.056613       3.0474822      0.98101727       8.2288909      0.72625333      0.20073317      0.09184978      0.99879785      0.99668277       1.0040291      0.99588846        1.001924     0.044324083   2.1062247e-09      0.95184306      0.84982164      0.26891716      0.80459332       13.588793       1034.9155       1467.9004      -21.061417       -25.638651          4.5772342       2823.7829                 20.595068                 397.11324                                605.06631                      12.140885                   13.588793                  1467.9004       166.76797        140.61014
              1       1388.7563     0.022970951       68.905401       3.0490654      0.97941404       8.0179078      0.72444337      0.19659026      0.10612958      0.99945999      0.99700846       1.0046153      0.99604211       1.0022851     0.047880655   2.1095619e-09      0.95161927      0.84676134      0.27076609      0.80444718       13.669612       1026.8865       1468.3816      -21.191604       -25.861455           4.669851       2819.8958                 20.885597                 396.55781                                 598.3982                       11.04487                   13.669612                  1468.3816       169.61653        141.34161
              1       1386.7327     0.022970951       68.905401       3.0490654      0.97941404       8.0179078      0.72444337      0.19659026      0.10612958      0.99945999      0.99943972       1.0007892      0.99591976       1.0026935     0.047880655   2.1095619e-09      0.95161927      0.84676134      0.27076609      0.80444718       13.669612       1026.8865       1468.3816      -21.627724       -26.297575           4.669851       2816.7209                 20.885597                 396.55781                                 598.3982                       11.04487                   13.669612                  1468.3816       166.38318        141.40001
              1       1388.6266     0.022970951       68.905401       3.0490654      0.97941404       8.0179078      0.72444337      0.19659026      0.10612958      0.99945999      0.99848967       1.0087374      0.99621396       1.0046554     0.047880655   2.1095619e-09      0.95161927      0.84676134      0.27076609      0.80444718       13.669612       1026.8865       1468.3816      -21.439434       -26.109286           4.669851        2820.132                 20.885597                 396.55781                                 598.3982                       11.04487                   13.669612                  1468.3816       169.56743        141.62691
              1        1388.119     0.022970951       68.905401       3.0490654      0.97941404       8.0179078      0.72444337      0.19659026      0.10612958      0.99980654      0.99848992       1.0086066      0.99618083       1.0046051     0.047880655   2.1095619e-09      0.95161927      0.84676134      0.27076609      0.80444718       13.669612       1026.1058       1468.3816      -21.457971       -26.127822           4.669851        2819.154                 20.858597                 396.51815                                597.52287                       11.20617                   13.669612                  1468.3816       169.37143        141.62556
              1       1387.5042     0.022970951       68.905401       3.0490654      0.97941404       8.0179078      0.72444337      0.19659026      0.10612958      0.99980654      0.99763349       1.0040393      0.99612564       1.0041542     0.047880655   2.1095619e-09      0.95161927      0.84676134      0.27076609      0.80444718       13.669612       1026.1058       1468.3816      -21.300362       -25.970213           4.669851       2817.6091                 20.858597                 396.51815                                597.52287                       11.20617                   13.669612                  1468.3816        167.9436        141.50851
              1       1388.0106     0.022970951       68.905401       3.0490654      0.97941404       8.0179078      0.72444337      0.19659026      0.10612958       1.0008179      0.99763422       1.0036575      0.99928979       1.0067218     0.047880655   2.1095619e-09      0.95161927      0.84676134      0.27076609      0.80444718       13.669612       1026.2614       1468.3816      -21.345628       -26.015479           4.669851       2818.7125                  20.78212                 396.50255                                 597.2612                       11.71557                   13.669612                  1468.3816        168.0472        142.35266
              1       1393.0374     0.022970951       68.905401       3.0490654      0.97941404       8.0179078      0.72444337      0.19659026      0.10612958      0.99812171      0.99763227       1.0046754       1.0001484       1.0085349     0.047880655   2.1095619e-09      0.95161927      0.84676134      0.27076609      0.80444718       13.669612       1033.6689       1468.3816      -20.866667       -25.536518           4.669851       2827.8082                 20.993386                 396.61597                                605.57358                      10.485954                   13.669612                  1468.3816        167.8821        144.20602
              1       1392.5118     0.022970951       68.905401       3.0490654      0.97941404       8.0179078      0.72444337      0.19659026      0.10612958      0.99812171      0.99808681       1.0048372       1.0001401       1.0086568     0.047880655   2.1095619e-09      0.95161927      0.84676134      0.27076609      0.80444718       13.669612       1033.6689       1468.3816      -20.955007       -25.624858           4.669851       2826.9337                 20.993386                 396.61597                                605.57358                      10.485954                   13.669612                  1468.3816       166.88774        144.32587
              1       1389.8813     0.022970951       68.905401       3.0490654      0.97941404       8.0179078      0.72444337      0.19659026      0.10612958       1.0012797      0.99824609       1.0077756      0.99990308       1.0084518     0.047880655   2.1095619e-09      0.95161927      0.84676134      0.27076609      0.80444718       13.669612       1027.4903       1468.3816        -21.1721       -25.841951           4.669851       2822.1068                 20.748189                 396.50343                                598.27145                       11.96722                   13.669612                  1468.3816       168.54739        144.01793
              1        1388.667     0.022970951       68.905401       3.0490654      0.97941404       8.0179078      0.72444337      0.19659026      0.10612958       1.0012797       0.9979679       1.0016501       1.0001672      0.99898897     0.047880655   2.1095619e-09      0.95161927      0.84676134      0.27076609      0.80444718       13.669612       1027.4903       1468.3816      -21.779231       -26.449082           4.669851       2820.8924                 20.748189                 396.50343                                598.27145                       11.96722                   13.669612                  1468.3816       168.48741        142.86348
              1       1388.4247     0.022970951       68.905401       3.0490654      0.97941404       8.0179078      0.72444337      0.19659026      0.10612958       1.0012797       0.9979679       1.0016501       1.0010002       1.0040568     0.047880655   2.1095619e-09      0.95161927      0.84676134      0.27076609      0.80444718       13.669612       1027.4903       1468.3816      -21.609089        -26.27894           4.669851       2820.0675                 20.748189                 396.50343                                598.27145                       11.96722                   13.669612                  1468.3816       168.48741        142.03859
              1       1386.9375     0.022970951       68.905401       3.0490654      0.97941404       8.0179078      0.72444337      0.19659026      0.10612958       1.0012797      0.99992922       1.0007756       1.0009382       1.0045011     0.047880655   2.1095619e-09      0.95161927      0.84676134      0.27076609      0.80444718       13.669612       1027.4903       1468.3816      -21.805234       -26.475085           4.669851       2817.4854                 20.748189                 396.50343                                598.27145                       11.96722                   13.669612                  1468.3816       165.84895        142.09496
              1       1387.1532     0.022970951       68.905401       3.0490654      0.97941404       8.0179078      0.72444337      0.19659026      0.10612958       1.0012797      0.99992922       1.0007756      0.99814628      0.99825625     0.047880655   2.1095619e-09      0.95161927      0.84676134      0.27076609      0.80444718       13.669612       1027.4903       1468.3816       -21.90474       -26.574591           4.669851       2818.1158                 20.748189                 396.50343                                598.27145                       11.96722                   13.669612                  1468.3816       165.84895        142.72536
              1       1386.4638     0.022970951       68.905401       3.0490654      0.97941404       8.0179078      0.72444337      0.19659026      0.10612958       1.0012797      0.99992922       1.0007756       0.9986368       1.0044816     0.047880655   2.1095619e-09      0.95161927      0.84676134      0.27076609      0.80444718       13.669612       1027.4903       1468.3816      -21.782639        -26.45249           4.669851        2816.493                 20.748189                 396.50343                                598.27145                       11.96722                   13.669612                  1468.3816       165.84895        141.10252
              1       1386.0702     0.022970951       68.905401       3.0490654      0.97941404       8.0179078      0.72444337      0.19659026      0.10612958       1.0006857      0.99992879       1.0009999      0.99638128      0.99969986     0.047880655   2.1095619e-09      0.95161927      0.84676134      0.27076609      0.80444718       13.669612       1026.0422       1468.3816      -21.786504       -26.456355           4.669851       2815.7134                 20.791945                 396.50255                                597.10203                      11.645704                   13.669612                  1468.3816       165.65033        141.96968
              1       1390.3579     0.022970951       68.905401       3.0490654      0.97941404       8.0179078      0.72444337      0.19659026      0.10612958       1.0006857       1.0010218       1.0009457      0.99414784       1.0098798     0.047880655   2.1095619e-09      0.95161927      0.84676134      0.27076609      0.80444718       13.669612       1026.0422       1468.3816      -20.281599        -24.95145           4.669851       2821.2791                 20.791945                 396.50255                                597.10203                      11.645704                   13.669612                  1468.3816       165.35796        147.82767
              1        1385.344     0.022970951       68.905401       3.0490654      0.97941404       8.0179078      0.72444337      0.19659026      0.10612958       1.0006857      0.99951812        1.003954       1.0006215       1.0034364     0.047880655   2.1095619e-09      0.95161927      0.84676134      0.27076609      0.80444718       13.669612       1026.0422       1468.3816      -21.978221       -26.648072           4.669851       2814.6445                 20.791945                 396.50255                                597.10203                      11.645704                   13.669612                  1468.3816       164.86327        141.68777
              1       1386.6781     0.022970951       68.905401       3.0490654      0.97941404       8.0179078      0.72444337      0.19659026      0.10612958       1.0012898      0.99871894       1.0055414      0.99957004       1.0008402     0.047880655   2.1095619e-09      0.95161927      0.84676134      0.27076609      0.80444718       13.669612       1027.5249       1468.3816       -21.91451       -26.584361           4.669851       2817.1852                 20.747458                 396.50343                                598.30124                      11.972821                   13.669612                  1468.3816       166.10338        141.50569
              1       1386.9673     0.022970951       68.905401       3.0490654      0.97941404       8.0179078      0.72444337      0.19659026      0.10612958       1.0012898      0.99878785       1.0022904       1.0002479       1.0004068     0.047880655   2.1095619e-09      0.95161927      0.84676134      0.27076609      0.80444718       13.669612       1027.5249       1468.3816      -21.932227       -26.602078           4.669851       2817.7991                 20.747458                 396.50343                                598.30124                      11.972821                   13.669612                  1468.3816       166.17648        142.04645
              1        1387.297     0.022970951       68.905401       3.0490654      0.97941404       8.0179078      0.72444337      0.19659026      0.10612958       1.0012898       1.0004221       1.0034545      0.99865139      0.99684633     0.047880655   2.1095619e-09      0.95161927      0.84676134      0.27076609      0.80444718       13.669612       1027.5249       1468.3816      -21.867853       -26.537704           4.669851       2818.3296                 20.747458                 396.50343                                598.30124                      11.972821                   13.669612                  1468.3816       164.53706         144.2164
              1       1387.9693     0.022970951       68.905401       3.0490654      0.97941404       8.0179078      0.72444337      0.19659026      0.10612958      0.99843363         1.00042       1.0045328      0.99989383       1.0029109     0.047880655   2.1095619e-09      0.95161927      0.84676134      0.27076609      0.80444718       13.669612       1031.5353       1468.3816      -21.863511       -26.533362           4.669851       2819.6656                 20.967785                 396.60025                                603.36015                      10.607099                   13.669612                  1468.3816       164.82755        141.25159
              1       1388.2432     0.022970951       68.905401       3.0490654      0.97941404       8.0179078      0.72444337      0.19659026      0.10612958      0.99843363       1.0004566       1.0019297       1.0006264       1.0036644     0.047880655   2.1095619e-09      0.95161927      0.84676134      0.27076609      0.80444718       13.669612       1031.5353       1468.3816      -21.805401       -26.475252           4.669851       2820.0972                 20.967785                 396.60025                                603.36015                      10.607099                   13.669612                  1468.3816       164.79645        141.71428
              1       1387.3297     0.022970951       68.905401       3.0490654      0.97941404       8.0179078      0.72444337      0.19659026      0.10612958      0.99868557       1.0004568       1.0018346      0.99843119       1.0047286     0.047880655   2.1095619e-09      0.95161927      0.84676134      0.27076609      0.80444718       13.669612       1030.0619       1468.3816      -21.727655       -26.397506           4.669851       2818.1147                 20.947318                 396.59265                                601.81295                      10.709008                   13.669612                  1468.3816       164.83884        141.16277
              1       1387.2576     0.022970951       68.905401       3.0490654      0.97941404       8.0179078      0.72444337      0.19659026      0.10612958      0.99877224        1.000533       1.0011949      0.99841098       1.0047035     0.047880655   2.1095619e-09      0.95161927      0.84676134      0.27076609      0.80444718       13.669612       1029.6082       1468.3816      -21.741742       -26.411593           4.669851       2817.9988                 20.940319                 396.59265                                601.33032                      10.744903                   13.669612                  1468.3816       165.18675        141.15262
              1       1389.9946     0.022970951       68.905401       3.0490654      0.97941404       8.0179078      0.72444337      0.19659026      0.10612958       1.0021985      0.99912262       1.0054235      0.99477008       1.0018106     0.047880655   2.1095619e-09      0.95161927      0.84676134      0.27076609      0.80444718       13.669612       1032.0677       1468.3816      -21.011194       -25.681045           4.669851       2822.0115                 20.682579                 396.50938                                 602.3726                      12.503122                   13.669612                  1468.3816       165.62726        142.26538
              1       1389.4966     0.022970951       68.905401       3.0490654      0.97941404       8.0179078      0.72444337      0.19659026      0.10612958       1.0021985      0.99912262       1.0054235      0.99712437       1.0055959     0.047880655   2.1095619e-09      0.95161927      0.84676134      0.27076609      0.80444718       13.669612       1032.0677       1468.3816      -21.219248       -25.889099           4.669851       2821.4317                 20.682579                 396.50938                                 602.3726                      12.503122                   13.669612                  1468.3816       165.62726        141.68558
              1       1386.2149     0.022970951       68.905401       3.0490654      0.97941404       8.0179078      0.72444337      0.19659026      0.10612958       1.0006561      0.99901286        1.004798      0.99579699      0.99988339     0.047880655   2.1095619e-09      0.95161927      0.84676134      0.27076609      0.80444718       13.669612       1026.0013       1468.3816      -21.623198       -26.293049           4.669851       2815.6763                 20.794147                 396.50255                                 597.0744                      11.630228                   13.669612                  1468.3816       165.47536        142.14841
              1        1385.835     0.022970951       68.905401       3.0490654      0.97941404       8.0179078      0.72444337      0.19659026      0.10612958       1.0006561       1.0004495       1.0018789      0.99571376       1.0000905     0.047880655   2.1095619e-09      0.95161927      0.84676134      0.27076609      0.80444718       13.669612       1026.0013       1468.3816      -21.648637       -26.318488           4.669851       2814.9674                 20.794147                 396.50255                                 597.0744                      11.630228                   13.669612                  1468.3816       164.81985        142.09497
              1       1386.7684     0.022970951       68.905401       3.0490654      0.97941404       8.0179078      0.72444337      0.19659026      0.10612958       1.0012035       1.0014035       1.0026713       1.0004088       0.9989195     0.047880655   2.1095619e-09      0.95161927      0.84676134      0.27076609      0.80444718       13.669612       1027.2379       1468.3816      -21.909537       -26.579388           4.669851       2817.3558                 20.753753                 396.50343                                598.05592                      11.924827                   13.669612                  1468.3816       164.99455        143.07213
              1       1386.5687     0.022970951       68.905401       3.0490654      0.97941404       8.0179078      0.72444337      0.19659026      0.10612958       1.0012035        1.001338       1.0026447       1.0007148      0.99969667     0.047880655   2.1095619e-09      0.95161927      0.84676134      0.27076609      0.80444718       13.669612       1027.2379       1468.3816      -21.921164       -26.591015           4.669851       2816.9798                 20.753753                 396.50343                                598.05592                      11.924827                   13.669612                  1468.3816       164.93782        142.75284
              1       1385.5737     0.022970951       68.905401       3.0490654      0.97941404       8.0179078      0.72444337      0.19659026      0.10612958       1.0012035       1.0008552       1.0035895      0.99872705       1.0015057     0.047880655   2.1095619e-09      0.95161927      0.84676134      0.27076609      0.80444718       13.669612       1027.2379       1468.3816      -21.931895       -26.601746           4.669851       2815.0111                 20.753753                 396.50343                                598.05592                      11.924827                   13.669612                  1468.3816       164.69249        141.02953
              1       1385.5847     0.022970951       68.905401       3.0490654      0.97941404       8.0179078      0.72444337      0.19659026      0.10612958      0.99935162       1.0008539       1.0042887      0.99890407       1.0017746     0.047880655   2.1095619e-09      0.95161927      0.84676134      0.27076609      0.80444718       13.669612       1027.2214       1468.3816      -22.016309        -26.68616           4.669851        2815.202                 20.894124                 396.57678                                598.75462                       10.99582                   13.669612                  1468.3816       164.92079        141.00868
              2       1387.0201     0.022970951       68.905401       3.0490654      0.97941404       8.0179078      0.72444337      0.19659026      0.10612958      0.99873614       1.0008534       1.0045211       0.9989629        1.001864     0.047880655   2.1095619e-09      0.95161927      0.84676134      0.27076609      0.80444718       13.669612        1029.794       1468.3816      -21.922233       -26.592084           4.669851       2817.8846                 20.943231                 396.59265                                601.52825                        10.7299                   13.669612                  1468.3816       165.03314        141.00623
              1       1389.4506     0.022970951       68.905401       3.0490654      0.97941404       8.0179078      0.72444337      0.19659026      0.10612958      0.99810973        1.000853       1.0047576      0.99994189       1.0036519     0.047880655   2.1095619e-09      0.95161927      0.84676134      0.27076609      0.80444718       13.669612        1033.757       1468.3816       -21.69751       -26.367361           4.669851       2822.2961                 20.994377                 396.61597                                605.66523                      10.481409                   13.669612                  1468.3816       165.16611        141.32184
              1       1390.2924     0.022970951       68.905401       3.0490654      0.97941404       8.0179078      0.72444337      0.19659026      0.10612958       0.9998604       1.0008543       1.0040966      0.99886992      0.99264923     0.047880655   2.1095619e-09      0.95161927      0.84676134      0.27076609      0.80444718       13.669612       1026.0274       1468.3816      -21.565082       -26.234933           4.669851       2823.7149                 20.854439                 396.51815                                597.42293                      11.231848                   13.669612                  1468.3816       164.84164        150.79466
              1       1388.8606     0.022970951       68.905401       3.0490654      0.97941404       8.0179078      0.72444337      0.19659026      0.10612958      0.99933465       1.0008539       1.0042951       0.9982303      0.99474102     0.047880655   2.1095619e-09      0.95161927      0.84676134      0.27076609      0.80444718       13.669612       1027.2744       1468.3816      -21.734793       -26.404644           4.669851       2821.1908                 20.895462                 396.57678                                598.81399                      10.988202                   13.669612                  1468.3816       164.92365        146.94148
              1       1389.5506     0.022970951       68.905401       3.0490654      0.97941404       8.0179078      0.72444337      0.19659026      0.10612958      0.99933465       1.0008539       1.0042951      0.99943432      0.99413315     0.047880655   2.1095619e-09      0.95161927      0.84676134      0.27076609      0.80444718       13.669612       1027.2744       1468.3816      -21.740551       -26.410402           4.669851       2822.5823                 20.895462                 396.57678                                598.81399                      10.988202                   13.669612                  1468.3816       164.92365        148.33304
              1       1387.8206     0.022970951       68.905401       3.0490654      0.97941404       8.0179078      0.72444337      0.19659026      0.10612958      0.99933465       1.0006135       1.0036285      0.99389338      0.99922073     0.047880655   2.1095619e-09      0.95161927      0.84676134      0.27076609      0.80444718       13.669612       1027.2744       1468.3816      -21.163089        -25.83294           4.669851       2817.9675                 20.895462                 396.57678                                598.81399                      10.988202                   13.669612                  1468.3816       164.59821        144.04361
              1         1385.69     0.022970951       68.905401       3.0490654      0.97941404       8.0179078      0.72444337      0.19659026      0.10612958      0.99933465       1.0006135       1.0036285      0.99781304       1.0043568     0.047880655   2.1095619e-09      0.95161927      0.84676134      0.27076609      0.80444718       13.669612       1027.2744       1468.3816      -21.795512       -26.465363           4.669851        2814.971                 20.895462                 396.57678                                598.81399                      10.988202                   13.669612                  1468.3816       164.59821         141.0472
              1       1389.0741     0.022970951       68.905401       3.0490654      0.97941404       8.0179078      0.72444337      0.19659026      0.10612958      0.99933465      0.99825824        1.005645      0.99914499      0.99589888     0.047880655   2.1095619e-09      0.95161927      0.84676134      0.27076609      0.80444718       13.669612       1027.2744       1468.3816      -21.768829        -26.43868           4.669851       2821.6858                 20.895462                 396.57678                                598.81399                      10.988202                   13.669612                  1468.3816        166.8154        145.54474
              1       1389.1587     0.022970951       68.905401       3.0490654      0.97941404       8.0179078      0.72444337      0.19659026      0.10612958      0.99933465      0.99729621       1.0017975      0.99775049        1.005094     0.047880655   2.1095619e-09      0.95161927      0.84676134      0.27076609      0.80444718       13.669612       1027.2744       1468.3816      -21.337493       -26.007344           4.669851       2820.9925                 20.895462                 396.57678                                598.81399                      10.988202                   13.669612                  1468.3816       170.34718        141.31966
              1       1386.1011     0.022985361       68.996866       3.0488629      0.97775185       8.0048221      0.72546441      0.19489439      0.10787043      0.99983927       0.9992009        1.001014      0.99958263       1.0042136      0.05141706   2.1091348e-09      0.95171718      0.84356311      0.26982461      0.80001426       14.171565       1024.1469       1467.7568      -21.705434        -26.61006          4.9046265       2815.6131                 21.054442                 396.52121                                595.11363                      11.457611                   14.171565                  1467.7568        168.0639        141.47388
              1       1386.1928     0.022985361       68.996866       3.0488629      0.97775185       8.0048221      0.72546441      0.19489439      0.10787043      0.99983927       0.9992009        1.001014      0.99981797       1.0043487      0.05141706   2.1091348e-09      0.95171718      0.84356311      0.26982461      0.80001426       14.171565       1024.1469       1467.7568      -21.697985       -26.602612          4.9046265       2815.7817                 21.054442                 396.52121                                595.11363                      11.457611                   14.171565                  1467.7568        168.0639        141.64246
              1       1386.1029     0.022985361       68.996866       3.0488629      0.97775185       8.0048221      0.72546441      0.19489439      0.10787043      0.99998554      0.99920101       1.0009588      0.99980399       1.0043275      0.05141706   2.1091348e-09      0.95171718      0.84356311      0.26982461      0.80001426       14.171565       1023.9331       1467.7568      -21.701657       -26.606284          4.9046265       2815.6092                 21.041884                 396.52121                                594.83495                      11.535003                   14.171565                  1467.7568       168.11974        141.62799
              1       1386.0642     0.022985361       68.996866       3.0488629      0.97775185       8.0048221      0.72546441      0.19489439      0.10787043      0.99998554      0.99893358       1.0016506      0.99593096       1.0034942      0.05141706   2.1091348e-09      0.95171718      0.84356311      0.26982461      0.80001426       14.171565       1023.9331       1467.7568      -21.325913        -26.23054          4.9046265       2814.7802                 21.041884                 396.52121                                594.83495                      11.535003                   14.171565                  1467.7568       167.78949        141.12926
              1        1385.911     0.022985361       68.996866       3.0488629      0.97775185       8.0048221      0.72546441      0.19489439      0.10787043      0.99998554      0.99961715       1.0011883      0.99579995        1.003302      0.05141706   2.1091348e-09      0.95171718      0.84356311      0.26982461      0.80001426       14.171565       1023.9331       1467.7568      -21.366437       -26.271064          4.9046265       2814.5549                 21.041884                 396.52121                                594.83495                      11.535003                   14.171565                  1467.7568       167.54265         141.1508
              1         1388.67     0.022985361       68.996866       3.0488629      0.97775185       8.0048221      0.72546441      0.19489439      0.10787043      0.99998554       1.0026262       1.0024145       1.0022876       1.0047214      0.05141706   2.1091348e-09      0.95171718      0.84356311      0.26982461      0.80001426       14.171565       1023.9331       1467.7568      -21.191416       -26.096042          4.9046265       2819.7229                 21.041884                 396.52121                                594.83495                      11.535003                   14.171565                  1467.7568       169.90015        143.96132
              1       1387.3142     0.022985361       68.996866       3.0488629      0.97775185       8.0048221      0.72546441      0.19489439      0.10787043       1.0005528        1.001563       1.0018672       1.0024463       1.0038587      0.05141706   2.1091348e-09      0.95171718      0.84356311      0.26982461      0.80001426       14.171565       1023.8104       1467.7568      -21.465806       -26.370432          4.9046265         2817.56                 20.993864                 396.54022                                594.42986                       11.84648                   14.171565                  1467.7568        167.8835        143.93765
              1        1387.365     0.022985361       68.996866       3.0488629      0.97775185       8.0048221      0.72546441      0.19489439      0.10787043       1.0005528      0.99844257       1.0062084       1.0025938        1.003305      0.05141706   2.1091348e-09      0.95171718      0.84356311      0.26982461      0.80001426       14.171565       1023.8104       1467.7568      -21.485853        -26.39048          4.9046265       2817.7017                 20.993864                 396.54022                                594.42986                       11.84648                   14.171565                  1467.7568       167.90396        144.05894
              1        1386.046     0.022985361       68.996866       3.0488629      0.97775185       8.0048221      0.72546441      0.19489439      0.10787043       1.0005528       1.0002769       1.0001011       1.0002136       1.0025177      0.05141706   2.1091348e-09      0.95171718      0.84356311      0.26982461      0.80001426       14.171565       1023.8104       1467.7568      -21.825447       -26.730073          4.9046265       2815.7428                 20.993864                 396.54022                                594.42986                       11.84648                   14.171565                  1467.7568       168.35202        141.65198
              1       1385.7688     0.022985361       68.996866       3.0488629      0.97775185       8.0048221      0.72546441      0.19489439      0.10787043       1.0005528      0.99951071       1.0027261       1.0009981         1.00034      0.05141706   2.1091348e-09      0.95171718      0.84356311      0.26982461      0.80001426       14.171565       1023.8104       1467.7568      -21.851703        -26.75633          4.9046265       2815.2411                 20.993864                 396.54022                                594.42986                       11.84648                   14.171565                  1467.7568       166.66498        142.83725
              1       1386.2242     0.022985361       68.996866       3.0488629      0.97775185       8.0048221      0.72546441      0.19489439      0.10787043       1.0005528      0.99951071       1.0027261       1.0000374      0.99787603      0.05141706   2.1091348e-09      0.95171718      0.84356311      0.26982461      0.80001426       14.171565       1023.8104       1467.7568      -21.834794        -26.73942          4.9046265        2816.118                 20.993864                 396.54022                                594.42986                       11.84648                   14.171565                  1467.7568       166.66498        143.71414
              1       1389.3834     0.022985361       68.996866       3.0488629      0.97775185       8.0048221      0.72546441      0.19489439      0.10787043       1.0013544      0.99755972        1.008599        1.000714       1.0050664      0.05141706   2.1091348e-09      0.95171718      0.84356311      0.26982461      0.80001426       14.171565       1025.4759       1467.7568      -21.182194       -26.086821          4.9046265       2821.1312                 20.927702                 396.55019                                595.68073                      12.317266                   14.171565                  1467.7568         171.209        142.51791
              1        1386.658     0.022985361       68.996866       3.0488629      0.97775185       8.0048221      0.72546441      0.19489439      0.10787043       1.0007584      0.99822482        1.003357        1.000664       1.0050353      0.05141706   2.1091348e-09      0.95171718      0.84356311      0.26982461      0.80001426       14.171565       1024.0285       1467.7568      -21.443378       -26.348004          4.9046265       2816.2027                  20.97671                 396.54042                                594.54754                      11.963808                   14.171565                  1467.7568       167.78036        142.46542
              1       1386.1496     0.022985361       68.996866       3.0488629      0.97775185       8.0048221      0.72546441      0.19489439      0.10787043       1.0003691      0.99822454        1.003504       0.9963822       1.0046339      0.05141706   2.1091348e-09      0.95171718      0.84356311      0.26982461      0.80001426       14.171565       1023.7321       1467.7568      -21.201475       -26.106102          4.9046265       2814.7021                 21.009301                 396.53552                                594.44362                       11.74364                   14.171565                  1467.7568       167.73062        141.31099
              1        1385.879     0.022982226       68.968482       3.0491237      0.97781006       7.9827506      0.72491951      0.19447001      0.10932233       1.0004224      0.99825016       1.0035499      0.99640451       1.0046833     0.052271026    2.109685e-09      0.95168402      0.84385182      0.27036069      0.80108267       14.110547       1022.7061       1467.8688      -21.254358       -26.107379          4.8530204       2814.2668                 21.019835                 396.46056                                593.60174                      11.623939                   14.110547                  1467.8688       167.68005        141.90128
              1       1386.6913     0.022982226       68.968482       3.0491237      0.97781006       7.9827506      0.72491951      0.19447001      0.10932233       1.0004224      0.99825016       1.0035499      0.99791576      0.99715569     0.052271026    2.109685e-09      0.95168402      0.84385182      0.27036069      0.80108267       14.110547       1022.7061       1467.8688      -21.598202       -26.451222          4.8530204       2816.5789                 21.019835                 396.46056                                593.60174                      11.623939                   14.110547                  1467.8688       167.68005        144.21341
              1       1385.2152     0.022982226       68.968482       3.0491237      0.97781006       7.9827506      0.72491951      0.19447001      0.10932233       1.0004224      0.99825016       1.0035499      0.99791451       1.0027852     0.052271026    2.109685e-09      0.95168402      0.84385182      0.27036069      0.80108267       14.110547       1022.7061       1467.8688      -21.601222       -26.454242          4.8530204       2813.6329                 21.019835                 396.46056                                593.60174                      11.623939                   14.110547                  1467.8688       167.68005        141.26741
              2       1384.4697     0.022982226       68.968482       3.0491237      0.97781006       7.9827506      0.72491951      0.19447001      0.10932233       1.0004224       1.0005418        1.002114      0.99786802       1.0033065     0.052271026    2.109685e-09      0.95168402      0.84385182      0.27036069      0.80108267       14.110547       1022.7061       1467.8688      -21.720114       -26.573134          4.8530204       2812.3796                 21.019835                 396.46056                                593.60174                      11.623939                   14.110547                  1467.8688       166.39986        141.29428
              1       1384.5518     0.022982226       68.968482       3.0491237      0.97781006       7.9827506      0.72491951      0.19447001      0.10932233       1.0004224       1.0005418        1.002114      0.99766517       1.0037285     0.052271026    2.109685e-09      0.95168402      0.84385182      0.27036069      0.80108267       14.110547       1022.7061       1467.8688      -21.669556       -26.522576          4.8530204       2812.4427                 21.019835                 396.46056                                593.60174                      11.623939                   14.110547                  1467.8688       166.39986        141.35741
