#        weight    minuslogpost         omega_b              H0            logA             n_s          z_reio    dcdf_rho_inf      varying_me        A_planck           A_act           P_act            Tcal            Ecal          m_ncdm             A_s     Omega0_dcdf          sigma8         Omega_m              S8       chi2__BAO       chi2__CMB        chi2__SN   minuslogprior minuslogprior__0 minuslogprior__bbn            chi2 chi2__planck_2018_lowl.TT chi2__planck_2018_lowl.EE chi2__planck_2018_highl_plik.TTTEEE_lite chi2__planck_2018_lensing.clik chi2__bao.sixdf_2011_bao chi2__bao.sdss_dr7_mgs chi2__bao.sdss_dr12_consensus_final chi2__sn.pantheonplusshoes   chi2__act_dr6 chi2__spt3g_lite
              1       1524.3554      0.02265856       64.093949       3.0379891      0.97137384       8.6615756      0.62487197       1.0076175      0.98386076      0.99012987      0.99984598      0.98979958      0.99298813      0.47612791   2.0863248e-09       0.9448433      0.74879251      0.37504002      0.83722015       63.665805       1096.8906       1551.5533       4.6585276       0.86655815          3.7919695       3039.3938                  21.78947                 399.30309                                667.71182                      8.0862476                2.7162871             0.59086275                           60.358655                  1551.5533       171.21558        156.06854
              1       1527.5584      0.02265856       64.093949       3.0379891      0.97137384       8.6615756      0.62487197       1.0076175      0.98386076      0.98943933      0.99139935      0.98800691      0.98777342      0.47612791   2.0863248e-09       0.9448433      0.74879251      0.37504002      0.83722015       63.665805       1096.8906       1551.5533       7.3781326        3.5861632          3.7919695       3040.3605                  21.78947                 399.30309                                667.71182                      8.0862476                2.7162871             0.59086275                           60.358655                  1551.5533       177.82689         150.4239
              1       1524.6985      0.02265856       64.093949       3.0379891      0.97137384       8.6615756      0.62487197       1.0076175      0.98386076      0.98712913      0.99809231      0.98834272      0.98761136      0.47612791   2.0863248e-09       0.9448433      0.74879251      0.37504002      0.83722015       63.665805       1096.8906       1551.5533       10.226212        6.4342427          3.7919695       3028.9446                  21.78947                 399.30309                                667.71182                      8.0862476                2.7162871             0.59086275                           60.358655                  1551.5533       166.14136        150.69359
              1       1523.0399      0.02265856       64.093949       3.0379891      0.97137384       8.6615756      0.62487197       1.0076175       0.9841141      0.99025291      0.99771535      0.99052437      0.98868756      0.47612791   2.0863248e-09       0.9448433      0.74879251      0.37504002      0.83722015       63.665805       1097.4605       1551.5533       4.2672027       0.47523327          3.7919695       3037.5455                  21.75985                 399.30309                                668.29677                      8.1007701                2.7162871             0.59086275                           60.358655                  1551.5533       171.16019        153.70573
              1       1523.0346      0.02265856       64.093949       3.0379891      0.97137384       8.6615756      0.62487197       1.0076175       0.9841141      0.99025291      0.99771535       0.9904929      0.98857045      0.47612791   2.0863248e-09       0.9448433      0.74879251      0.37504002      0.83722015       63.665805       1097.4605       1551.5533       4.3072153       0.51524587          3.7919695       3037.4548                  21.75985                 399.30309                                668.29677                      8.1007701                2.7162871             0.59086275                           60.358655                  1551.5533       171.16019        153.61511
              1        1524.513      0.02265856       64.093949       3.0379891      0.97137384       8.6615756      0.62487197       1.0076175       0.9841141      0.99025291      0.99771535      0.98461139      0.98820249      0.47612791   2.0863248e-09       0.9448433      0.74879251      0.37504002      0.83722015       63.665805       1097.4605       1551.5533       8.0196107        4.2276413          3.7919695       3032.9867                  21.75985                 399.30309                                668.29677                      8.1007701                2.7162871             0.59086275                           60.358655                  1551.5533       171.16019        149.14697
              1       1524.5318      0.02265856       64.093949       3.0379891      0.97137384       8.6615756      0.62487197       1.0076175      0.98499376      0.98903588      0.99784119       0.9872936       0.9945892      0.47612791   2.0863248e-09       0.9448433      0.74879251      0.37504002      0.83722015       63.665805       1101.1413       1551.5533        4.337294       0.54532458          3.7919695       3040.3891                 21.658756                 399.27343                                672.02853                      8.1805659                2.7162871             0.59086275                           60.358655                  1551.5533        168.1076        155.92114
              1       1528.1394      0.02265856       64.093949       3.0379891      0.97137384       8.6615756      0.62487197       1.0076175      0.98639158      0.98909683      0.99773684      0.99052312      0.99639376      0.47612791   2.0863248e-09       0.9448433      0.74879251      0.37504002      0.83722015       63.665805        1112.486       1551.5533     -0.86734177       -4.6593112          3.7919695       3058.0135                 21.503011                 399.23369                                683.34881                      8.4004532                2.7162871             0.59086275                           60.358655                  1551.5533       168.25909        162.04941
              1       1526.3418      0.02265856       64.093949       3.0379891      0.97137384       8.6615756      0.62487197       1.0076175      0.98639158        0.989182      0.99932429      0.98509293      0.99058744      0.47612791   2.0863248e-09       0.9448433      0.74879251      0.37504002      0.83722015       63.665805        1112.486       1551.5533       3.0289355      -0.76303391          3.7919695       3046.6257                 21.503011                 399.23369                                683.34881                      8.4004532                2.7162871             0.59086275                           60.358655                  1551.5533        168.3387        150.58194
              1       1526.8436      0.02265856       64.093949       3.0379891      0.97137384       8.6615756      0.62487197       1.0076175      0.98639158      0.98815129      0.99758825      0.98587068      0.98525265      0.47612791   2.0863248e-09       0.9448433      0.74879251      0.37504002      0.83722015       63.665805        1112.486       1551.5533       4.9860832        1.1941137          3.7919695        3043.715                 21.503011                 399.23369                                683.34881                      8.4004532                2.7162871             0.59086275                           60.358655                  1551.5533       166.95055        149.05943
              1       1526.1709      0.02265856       64.093949       3.0379891      0.97137384       8.6615756      0.62487197       1.0076175      0.98639158      0.98988983      0.99846155      0.98580537      0.98563813      0.47612791   2.0863248e-09       0.9448433      0.74879251      0.37504002      0.83722015       63.665805        1112.486       1551.5533       2.8049047       -0.9870648          3.7919695       3046.7321                 21.503011                 399.23369                                683.34881                      8.4004532                2.7162871             0.59086275                           60.358655                  1551.5533        170.0508        148.97626
              1       1523.6407      0.02265856       64.093949       3.0379891      0.97137384       8.6615756      0.62487197       1.0076175      0.98501405      0.98988546      0.99860541      0.99017991      0.98434642      0.47612791   2.0863248e-09       0.9448433      0.74879251      0.37504002      0.83722015       63.665805       1101.2585       1551.5533       3.7222866     -0.069682866          3.7919695       3039.8368                 21.656456                 399.27343                                672.14568                       8.182943                2.7162871             0.59086275                           60.358655                  1551.5533       170.04874        153.31053
              1       1527.4942      0.02265856       64.093949       3.0379891      0.97137384       8.6615756      0.62487197       1.0076175      0.98501405      0.99100874       0.9958023      0.98696491      0.98048511      0.47612791   2.0863248e-09       0.9448433      0.74879251      0.37504002      0.83722015       63.665805       1101.2585       1551.5533       5.6370553        1.8450858          3.7919695       3043.7143                 21.656456                 399.27343                                672.14568                       8.182943                2.7162871             0.59086275                           60.358655                  1551.5533       174.39812        152.83858
              1       1523.2363      0.02265856       64.093949       3.0379891      0.97137384       8.6615756      0.62487197       1.0076175      0.98501405      0.99039101      0.99591133      0.98800868      0.98677554      0.47612791   2.0863248e-09       0.9448433      0.74879251      0.37504002      0.83722015       63.665805       1101.2585       1551.5533        3.679247      -0.11272248          3.7919695       3039.1141                 21.656456                 399.27343                                672.14568                       8.182943                2.7162871             0.59086275                           60.358655                  1551.5533       172.36511        150.27142
              1       1523.3184      0.02265856       64.093949       3.0379891      0.97137384       8.6615756      0.62487197       1.0076175      0.98501405      0.98753626       1.0001731      0.98823361      0.98785083      0.47612791   2.0863248e-09       0.9448433      0.74879251      0.37504002      0.83722015       63.665805       1101.2585       1551.5533       6.7892758        2.9973064          3.7919695       3033.0583                 21.656456                 399.27343                                672.14568                       8.182943                2.7162871             0.59086275                           60.358655                  1551.5533       165.93356        150.64719
              1       1522.4157      0.02265856       64.093949       3.0379891      0.97137384       8.6615756      0.62487197       1.0076175      0.98501405       0.9898198       0.9982358      0.98813739      0.98787921      0.47612791   2.0863248e-09       0.9448433      0.74879251      0.37504002      0.83722015       63.665805       1101.2585       1551.5533       3.9664534       0.17448399          3.7919695       3036.8985                 21.656456                 399.27343                                672.14568                       8.182943                2.7162871             0.59086275                           60.358655                  1551.5533       169.85429        150.56667
              1       1523.7115      0.02265856       64.093949       3.0379891      0.97137384       8.6615756      0.62487197       1.0076175      0.98434723      0.98866175      0.99692695      0.98617206      0.98687217      0.47612791   2.0863248e-09       0.9448433      0.74879251      0.37504002      0.83722015       63.665805       1098.1816       1551.5533       8.4780847        4.6861153          3.7919695       3030.4669                 21.732783                 399.30237                                669.02898                      8.1174832                2.7162871             0.59086275                           60.358655                  1551.5533       167.96692        149.09932
              1       1524.4138      0.02265856       64.093949       3.0379891      0.97137384       8.6615756      0.62487197       1.0076175      0.98433765      0.98866172      0.99692795      0.99186714      0.99277218      0.47612791   2.0863248e-09       0.9448433      0.74879251      0.37504002      0.83722015       63.665805       1098.1482       1551.5533       4.2640834       0.47211399          3.7919695       3040.2994                 21.733891                 399.30237                                668.99523                      8.1167331                2.7162871             0.59086275                           60.358655                  1551.5533       167.96617        158.96594
              1        1520.538     0.022689603       64.195702       3.0456065      0.96809257       8.8597123      0.62400506       1.0090633      0.98492812      0.98712112      0.99832641      0.99281465      0.98866164      0.46618173   2.1022777e-09      0.94494269      0.75614335      0.37590721      0.84641594       64.433113        1096.185         1549.41       5.5134038        1.4550188          4.0583851       3030.0492                 22.505358                 400.42555                                664.96702                       8.287088                2.7814255             0.62909188                           61.022596                    1549.41       163.02077        157.00032
              1       1520.7716     0.022689603       64.195702       3.0456065      0.96809257       8.8597123      0.62400506       1.0090633      0.98492812      0.98712112      0.99832641      0.99092852      0.99374188      0.46618173   2.1022777e-09      0.94494269      0.75614335      0.37590721      0.84641594       64.433113        1096.185         1549.41       5.4281855        1.3698004          4.0583851       3030.6868                 22.505358                 400.42555                                664.96702                       8.287088                2.7814255             0.62909188                           61.022596                    1549.41       163.02077        157.63791
              1        1521.025     0.022689603       64.195702       3.0456065      0.96809257       8.8597123      0.62400506       1.0090633      0.98492812      0.98712112      0.99832641       0.9876669      0.99423088      0.46618173   2.1022777e-09      0.94494269      0.75614335      0.37590721      0.84641594       64.433113        1096.185         1549.41       7.1040278        3.0456427          4.0583851        3027.842                 22.505358                 400.42555                                664.96702                       8.287088                2.7814255             0.62909188                           61.022596                    1549.41       163.02077        154.79311
              1       1522.4606     0.022689603       64.195702       3.0456065      0.96809257       8.8597123      0.62400506       1.0090633      0.98415615      0.98722795      0.99837948      0.98676428      0.99425916      0.46618173   2.1022777e-09      0.94494269      0.75614335      0.37590721      0.84641594       64.433113       1094.8621         1549.41        9.430398        5.3720129          4.0583851       3026.0604                 22.611136                 400.44526                                663.38757                       8.418105                2.7814255             0.62909188                           61.022596                    1549.41       162.99396         154.3613
              1       1518.8425     0.022689603       64.195702       3.0456065      0.96809257       8.8597123      0.62400506       1.0090633      0.98484261      0.98843118      0.99984521      0.98929425      0.99302779      0.46618173   2.1022777e-09      0.94494269      0.75614335      0.37590721      0.84641594       64.433113       1095.9341         1549.41       4.7466661       0.68828099          4.0583851       3028.1918                 22.516975                 400.42555                                664.69173                      8.2998533                2.7814255             0.62909188                           61.022596                    1549.41        163.7514        154.66315
              1       1518.9634     0.022689603       64.195702       3.0456065      0.96809257       8.8597123      0.62400506       1.0090633      0.98600371      0.98836422      0.99945306      0.98932989      0.99312196      0.46618173   2.1022777e-09      0.94494269      0.75614335      0.37590721      0.84641594       64.433113       1101.4878         1549.41       2.0937159       -1.9646692          4.0583851       3033.7394                 22.361179                 400.41126                                670.55187                       8.163508                2.7814255             0.62909188                           61.022596                    1549.41       163.59677        154.81177
              1       1517.8603     0.022689603       64.195702       3.0456065      0.96809257       8.8597123      0.62400506       1.0090633      0.98521922      0.98959313      0.99917993      0.98912339      0.98605003      0.46618173   2.1022777e-09      0.94494269      0.75614335      0.37590721      0.84641594       64.433113       1097.2289         1549.41       3.8986171      -0.15976795          4.0583851       3027.9233                 22.465991                  400.4252                                666.09086                      8.2468881                2.7814255             0.62909188                           61.022596                    1549.41       165.99731        150.85396
              1       1518.2044     0.022689603       64.195702       3.0456065      0.96809257       8.8597123      0.62400506       1.0090633      0.98521922      0.99027683      0.99925992      0.98651216      0.98912329      0.46618173   2.1022777e-09      0.94494269      0.75614335      0.37590721      0.84641594       64.433113       1097.2289         1549.41       3.9901041     -0.068281018          4.0583851       3028.4287                 22.465991                  400.4252                                666.09086                      8.2468881                2.7814255             0.62909188                           61.022596                    1549.41       168.00674        149.34988
              1       1518.5476     0.022689603       64.195702       3.0456065      0.96809257       8.8597123      0.62400506       1.0090633      0.98521922      0.99112703        0.996888      0.98929339      0.98645874      0.46618173   2.1022777e-09      0.94494269      0.75614335      0.37590721      0.84641594       64.433113       1097.2289         1549.41       2.0583632       -2.0000219          4.0583851       3032.9784                 22.465991                  400.4252                                666.09086                      8.2468881                2.7814255             0.62909188                           61.022596                    1549.41       170.89287        151.01349
              1       1515.4869     0.022676265       64.397925       3.0352213      0.96873302       8.1042156      0.62421292       1.0109961      0.98599718      0.99212074       1.0009917      0.99090572      0.98814992      0.46087343   2.0805582e-09      0.94532009      0.75775053       0.3756999      0.84798108       63.532815       1104.6683       1545.0423      -2.0360332        -5.914291          3.8782578       3035.0459                 22.304748                 397.17083                                 676.7399                      8.4527937                2.7522102             0.61155871                           60.169046                  1545.0423       170.82103        150.98148
              1       1517.6849     0.022676265       64.397925       3.0352213      0.96873302       8.1042156      0.62421292       1.0109961      0.98599718      0.99036792      0.99485818      0.99217141      0.98617525      0.46087343   2.0805582e-09      0.94532009      0.75775053       0.3756999      0.84798108       63.532815       1104.6683       1545.0423     -0.38238648       -4.2606443          3.8782578       3036.1346                 22.304748                 397.17083                                 676.7399                      8.4527937                2.7522102             0.61155871                           60.169046                  1545.0423       169.70479        153.18637
              1       1517.2401     0.022676265       64.397925       3.0352213      0.96873302       8.1042156      0.62421292       1.0109961      0.98580735      0.99266861      0.99367588      0.98961295      0.99193655      0.46087343   2.0805582e-09      0.94532009      0.75775053       0.3756999      0.84798108       63.532815        1104.641       1545.0423      -2.1595305       -6.0377883          3.8782578       3038.7993                 22.329489                 397.17083                                676.65863                      8.4820056                2.7522102             0.61155871                           60.169046                  1545.0423       174.79897        150.78424
              1       1516.3446     0.022676265       64.397925       3.0352213      0.96873302       8.1042156      0.62421292       1.0109961      0.98737844       0.9891886      0.99881446      0.98733537      0.99423104      0.46087343   2.0805582e-09      0.94532009      0.75775053       0.3756999      0.84798108       63.532815       1108.6044       1545.0423       -1.020239       -4.8984968          3.8782578       3034.7297                 22.128166                 397.14285                                681.02879                      8.3045489                2.7522102             0.61155871                           60.169046                  1545.0423       165.62875         151.9214
              1        1514.914     0.022676265       64.397925       3.0352213      0.96873302       8.1042156      0.62421292       1.0109961      0.98737844       0.9891886      0.99881446      0.98870672      0.99024098      0.46087343   2.0805582e-09      0.94532009      0.75775053       0.3756999      0.84798108       63.532815       1108.6044       1545.0423      -1.2489488       -5.1272066          3.8782578       3032.3258                 22.128166                 397.14285                                681.02879                      8.3045489                2.7522102             0.61155871                           60.169046                  1545.0423       165.62875        149.51756
              1         1515.78     0.022676265       64.397925       3.0352213      0.96873302       8.1042156      0.62421292       1.0109961      0.98737844      0.98985717       1.0016498      0.98745955      0.98695016      0.46087343   2.0805582e-09      0.94532009      0.75775053       0.3756999      0.84798108       63.532815       1108.6044       1545.0423     -0.57994484       -4.4582027          3.8782578       3032.7198                 22.128166                 397.14285                                681.02879                      8.3045489                2.7522102             0.61155871                           60.169046                  1545.0423       166.40797        149.13234
              1       1517.1103     0.022676265       64.397925       3.0352213      0.96873302       8.1042156      0.62421292       1.0109961      0.98737844      0.99070261      0.99379803      0.99405297      0.99238803      0.46087343   2.0805582e-09      0.94532009      0.75775053       0.3756999      0.84798108       63.532815       1108.6044       1545.0423      -5.5791448       -9.4574026          3.8782578       3045.3788                 22.128166                 397.14285                                681.02879                      8.3045489                2.7522102             0.61155871                           60.169046                  1545.0423       171.68677        156.51254
              1       1519.3919     0.022676265       64.397925       3.0352213      0.96873302       8.1042156      0.62421292       1.0109961      0.98742599      0.98895652       1.0044997      0.99228452      0.98389345      0.46087343   2.0805582e-09      0.94532009      0.75775053       0.3756999      0.84798108       63.532815       1108.8582       1545.0423      -1.1965671        -5.074825          3.8782578        3041.177                 22.122203                 397.14285                                681.29167                      8.3014485                2.7522102             0.61155871                           60.169046                  1545.0423       168.67993        155.06372
              1       1515.8037     0.022676265       64.397925       3.0352213      0.96873302       8.1042156      0.62421292       1.0109961      0.98716802      0.99178861      0.99798588      0.99581637      0.99123272      0.46087343   2.0805582e-09      0.94532009      0.75775053       0.3756999      0.84798108       63.532815       1107.5747       1545.0423      -6.4710859       -10.349344          3.8782578       3044.5495                 22.154648                 397.14285                                679.95738                      8.3198616                2.7522102             0.61155871                           60.169046                  1545.0423       168.89441        159.50525
              1       1515.9039     0.022676265       64.397925       3.0352213      0.96873302       8.1042156      0.62421292       1.0109961      0.98716802      0.99181736        1.003902      0.99184749      0.99019661      0.46087343   2.0805582e-09      0.94532009      0.75775053       0.3756999      0.84798108       63.532815       1107.5747       1545.0423      -5.1009454       -8.9792032          3.8782578       3042.0097                 22.154648                 397.14285                                679.95738                      8.3198616                2.7522102             0.61155871                           60.169046                  1545.0423       173.66516        152.19463
              1       1511.5482     0.022698426        64.23384       3.0366216      0.96909845        8.154273       0.6219856       1.0115405      0.98853735      0.99228024       1.0038576      0.99223194      0.99223093      0.50148088   2.0834736e-09      0.94498666      0.75053598      0.37792677      0.84239294       68.334571       1107.4271       1548.8072      -8.4559082       -12.539523          4.0836149       3040.0082                 21.935301                 397.28263                                680.10656                        8.10261                2.9335997             0.72018685                           64.680785                  1548.8072       166.07309         149.3662
              1       1514.2772     0.022698426        64.23384       3.0366216      0.96909845        8.154273       0.6219856       1.0115405      0.98933182      0.99363907      0.99476413      0.99603326      0.99055613      0.50148088   2.0834736e-09      0.94498666      0.75053598      0.37792677      0.84239294       68.334571       1113.4944       1548.8072      -11.759062       -15.842677          4.0836149       3052.0726                 21.839974                 397.28915                                686.25539                      8.1099203                2.9335997             0.72018685                           64.680785                  1548.8072       166.47244        154.96391
              1       1512.1479     0.022697906       64.229711       3.0365941       0.9690596       8.1513155      0.62194988       1.0115249      0.98910365      0.99363975      0.99479165      0.98908436      0.98901724      0.50137978   2.0834163e-09      0.94498085      0.75050545      0.37796248      0.84239847       68.401585       1111.2009       1548.9008       -8.508482       -12.587284          4.0788018       3041.3127                 21.874663                 397.27497                                683.94849                       8.102738                2.9364323             0.72189557                           64.743257                  1548.9008       166.38835        146.42113
              1       1515.6495     0.022703668        64.25949       3.0367771      0.96897732        8.162455      0.62218035       1.0116457      0.98907556       0.9949797      0.99389263      0.99148205      0.98513891      0.50211824   2.0837976e-09      0.94501788      0.75064854       0.3777321      0.84230225       67.980406       1111.6796       1548.2304      -9.4594234       -13.592865          4.1334416       3050.2178                 21.893655                 397.29296                                684.38895                      8.1040025                2.9183587             0.71100108                           64.351046                  1548.2304       172.22737        150.10004
              1       1511.0213     0.022703668        64.25949       3.0367771      0.96897732        8.162455      0.62218035       1.0116457      0.98907556      0.99200564      0.99910804      0.98957131      0.99464387      0.50211824   2.0837976e-09      0.94501788      0.75064854       0.3777321      0.84230225       67.980406       1111.6796       1548.2304      -8.2291141       -12.362556          4.1334416       3038.5008                 21.893655                 397.29296                                684.38895                      8.1040025                2.9183587             0.71100108                           64.351046                  1548.2304       161.18028        149.43015
              1       1509.0771     0.022703668        64.25949       3.0367771      0.96897732        8.162455      0.62218035       1.0116457      0.98821368      0.99188611      0.99691423      0.99201534      0.99067282      0.50211824   2.0837976e-09      0.94501788      0.75064854       0.3777321      0.84230225       67.980406       1105.7827       1548.2304      -7.1207738       -11.254215          4.1334416       3032.3958                  21.99822                 397.30059                                678.37442                      8.1094218                2.9183587             0.71100108                           64.351046                  1548.2304       161.50455        148.89778
              1       1510.5928     0.022703668        64.25949       3.0367771      0.96897732        8.162455      0.62218035       1.0116457      0.98821368      0.99285435      0.99766556      0.98780861      0.98779897      0.50211824   2.0837976e-09      0.94501788      0.75064854       0.3777321      0.84230225       67.980406       1105.7827       1548.2304      -5.2512757       -9.3847173          4.1334416       3031.6881                  21.99822                 397.30059                                678.37442                      8.1094218                2.9183587             0.71100108                           64.351046                  1548.2304       163.06097        146.63359
              1       1509.8814     0.022703668        64.25949       3.0367771      0.96897732        8.162455      0.62218035       1.0116457      0.98717225      0.99210698      0.99750978      0.98929765      0.98809823      0.50211824   2.0837976e-09      0.94501788      0.75064854       0.3777321      0.84230225       67.980406       1102.0968       1548.2304      -3.4898541       -7.6232957          4.1334416       3026.7426                 22.127478                 397.34564                                674.44961                       8.174114                2.9183587             0.71100108                           64.351046                  1548.2304       161.54535        146.88957
              1       1509.2876     0.022703668        64.25949       3.0367771      0.96897732        8.162455      0.62218035       1.0116457      0.98707288      0.99125334       1.0001484      0.99139857      0.99124272      0.50211824   2.0837976e-09      0.94501788      0.75064854       0.3777321      0.84230225       67.980406       1101.9367       1548.2304      -4.1163928       -8.2498344          4.1334416        3026.808                 22.139983                 397.34564                                674.26747                      8.1836318                2.9183587             0.71100108                           64.351046                  1548.2304       160.23409         148.4263
              1        1509.811     0.022703668        64.25949       3.0367771      0.96897732        8.162455      0.62218035       1.0116457      0.98707288      0.99263647      0.99597486      0.99207427      0.99267823      0.50211824   2.0837976e-09      0.94501788      0.75064854       0.3777321      0.84230225       67.980406       1101.9367       1548.2304       -5.849629       -9.9830706          4.1334416       3031.3212                 22.139983                 397.34564                                674.26747                      8.1836318                2.9183587             0.71100108                           64.351046                  1548.2304       163.43134        149.74234
              1       1511.0879     0.022703668        64.25949       3.0367771      0.96897732        8.162455      0.62218035       1.0116457      0.98859934      0.99223891      0.99705025      0.99310294      0.99645609      0.50211824   2.0837976e-09      0.94501788      0.75064854       0.3777321      0.84230225       67.980406       1108.1005       1548.2304      -9.2529052       -13.386347          4.1334416       3040.6815                 21.951189                 397.29038                                680.75731                      8.1016329                2.9183587             0.71100108                           64.351046                  1548.2304       161.97942        154.39076
              1        1509.095     0.022703668        64.25949       3.0367771      0.96897732        8.162455      0.62218035       1.0116457      0.98750296      0.99223543      0.99716475      0.99299637      0.99128341      0.50211824   2.0837976e-09      0.94501788      0.75064854       0.3777321      0.84230225       67.980406       1102.8561       1548.2304      -6.5171211       -10.650563          4.1334416       3031.2243                 22.086074                 397.32576                                675.29766                      8.1466433                2.9183587             0.71100108                           64.351046                  1548.2304       161.91647        150.24084
              1       1509.4006     0.022703668        64.25949       3.0367771      0.96897732        8.162455      0.62218035       1.0116457      0.98825418       0.9913681         1.00095      0.99019116      0.99279879      0.50211824   2.0837976e-09      0.94501788      0.75064854       0.3777321      0.84230225       67.980406       1106.0032       1548.2304      -6.2424971       -10.375939          4.1334416       3031.2861                 21.993261                 397.30059                                678.60111                      8.1081946                2.9183587             0.71100108                           64.351046                  1548.2304       160.81676        148.25536
              1       1509.4661     0.022703668        64.25949       3.0367771      0.96897732        8.162455      0.62218035       1.0116457      0.98825418      0.99142852       1.0010288      0.99298612      0.99140139      0.50211824   2.0837976e-09      0.94501788      0.75064854       0.3777321      0.84230225       67.980406       1106.0032       1548.2304      -7.2575051       -11.390947          4.1334416       3033.4472                 21.993261                 397.30059                                678.60111                      8.1081946                2.9183587             0.71100108                           64.351046                  1548.2304       160.96909        150.26411
              1       1510.5455     0.022703668        64.25949       3.0367771      0.96897732        8.162455      0.62218035       1.0116457      0.98825418      0.99142852       1.0010288       0.9928343      0.99590603      0.50211824   2.0837976e-09      0.94501788      0.75064854       0.3777321      0.84230225       67.980406       1106.0032       1548.2304      -7.7450047       -11.878446          4.1334416        3036.581                 21.993261                 397.30059                                678.60111                      8.1081946                2.9183587             0.71100108                           64.351046                  1548.2304       160.96909        153.39787
              1       1509.2696     0.022656606       64.053895       3.0416926      0.96954154       8.5043692      0.62119861       1.0108074      0.98796405       0.9935769      0.99783808      0.98615437      0.99211714      0.51788841   2.0940657e-09      0.94477906      0.74715492      0.37871327      0.83947021        70.21468       1097.3747       1552.8393      -5.5120619       -9.2058521          3.6937902       3029.5633                 21.917826                 398.61545                                668.82005                      8.0213827                3.0003583             0.76067229                           66.453649                  1552.8393       163.46344         145.6711
              1       1502.5985     0.022682995       64.496854       3.0429741      0.96535844       8.6291112      0.62380239       1.0144578      0.98566881      0.98982405      0.99694682      0.99076734      0.99200684      0.53791588    2.096751e-09      0.94547153      0.74826028       0.3761107      0.83781843       66.170795       1084.8024       1543.0051      0.35027044       -3.5273529          3.8776233       3004.4964                 23.009927                 399.27026                                654.31556                      8.2066759                2.8185133             0.65162285                           62.700658                  1543.0051       162.06682        148.45129
              1       1502.4365     0.022682995       64.496854       3.0429741      0.96535844       8.6291112      0.62380239       1.0144578      0.98566881      0.99118294       1.0002949      0.98877194      0.98848923      0.53791588    2.096751e-09      0.94547153      0.74826028       0.3761107      0.83781843       66.170795       1084.8024       1543.0051        0.578025       -3.2995983          3.8776233       3003.7169                 23.009927                 399.27026                                654.31556                      8.2066759                2.8185133             0.65162285                           62.700658                  1543.0051       165.14697        144.59161
              1       1496.5733     0.022608999       64.271924       3.0454417      0.96822844       8.6906557      0.62857027       1.0074878      0.98893564       0.9890214       1.0018283      0.99393143      0.98773471      0.46880548   2.1019314e-09      0.94526833      0.75039091      0.37134221      0.83486085       57.949935       1079.0983       1547.3255       -6.276038       -9.6030666          3.3270286       3005.6988                 22.192425                 399.54134                                649.29042                      8.0740787                2.4598023             0.44749547                           55.042637                  1547.3255       167.17963         154.1454
              1       1495.4397     0.022608999       64.271924       3.0454417      0.96822844       8.6906557      0.62857027       1.0074878      0.98878759       0.9917319       1.0042185      0.99023481      0.99389253      0.46880548   2.1019314e-09      0.94526833      0.75039091      0.37134221      0.83486085       57.949935       1078.1564       1547.3255      -8.5290576       -11.856086          3.3270286       3007.9376                 22.211354                 399.53523                                648.35077                      8.0590928                2.4598023             0.44749547                           55.042637                  1547.3255       173.88565           150.62
              1       1490.4228      0.02257826       64.028313       3.0614196      0.96756729       8.8314546      0.62061801       1.0115552      0.99329095      0.99422199       1.0048217      0.99658694      0.99493771        0.500438   2.1357855e-09      0.94492604      0.75842661       0.3792938      0.85278747       70.350842       1089.0883       1553.4763      -19.462677       -22.442321          2.9796441        3019.771                 22.524962                 400.20646                                656.76383                      9.5930706                3.0519302             0.79228932                           66.506623                  1553.4763        162.3235        144.53201
              1       1489.8787      0.02257826       64.028313       3.0614196      0.96756729       8.8314546      0.62061801       1.0115552      0.99329095       0.9950572       1.0045439      0.99710258      0.99425694        0.500438   2.1357855e-09      0.94492604      0.75842661       0.3792938      0.85278747       70.350842       1089.0883       1553.4763      -19.971242       -22.950886          2.9796441       3019.6999                 22.524962                 400.20646                                656.76383                      9.5930706                3.0519302             0.79228932                           66.506623                  1553.4763       161.63754        145.14693
              1       1489.8561      0.02257826       64.028313       3.0614196      0.96756729       8.8314546      0.62061801       1.0115552      0.99329095       0.9950572       1.0045439      0.99452017      0.99336971        0.500438   2.1357855e-09      0.94492604      0.75842661       0.3792938      0.85278747       70.350842       1089.0883       1553.4763      -19.330845       -22.310489          2.9796441       3018.3739                 22.524962                 400.20646                                656.76383                      9.5930706                3.0519302             0.79228932                           66.506623                  1553.4763       161.63754        143.82088
              1        1490.075      0.02257826       64.028313       3.0614196      0.96756729       8.8314546      0.62061801       1.0115552      0.99389335      0.99773242      0.99484918       0.9985115      0.99405957        0.500438   2.1357855e-09      0.94492604      0.75842661       0.3792938      0.85278747       70.350842        1089.633       1553.4763      -21.791929       -24.771573          2.9796441       3023.7338                 22.443903                 400.19808                                 657.6444                      9.3466562                3.0519302             0.79228932                           66.506623                  1553.4763       163.44676        146.82683
              1        1489.098      0.02257826       64.028313       3.0614196      0.96756729       8.8314546      0.62061801       1.0115552      0.99389335      0.99773242      0.99484918      0.99715081      0.99619168        0.500438   2.1357855e-09      0.94492604      0.75842661       0.3792938      0.85278747       70.350842        1089.633       1553.4763      -21.842179       -24.821823          2.9796441       3021.8803                 22.443903                 400.19808                                 657.6444                      9.3466562                3.0519302             0.79228932                           66.506623                  1553.4763       163.44676        144.97333
              1       1491.8395      0.02257826       64.028313       3.0614196      0.96756729       8.8314546      0.62061801       1.0115552        0.992794      0.99973195      0.99871381      0.99578473       1.0010646        0.500438   2.1357855e-09      0.94492604      0.75842661       0.3792938      0.85278747       70.350842       1089.5583       1553.4763      -20.840164       -23.819808          2.9796441       3025.3593                  22.59273                 400.19473                                656.95832                      9.8125624                3.0519302             0.79228932                           66.506623                  1553.4763       165.43977        146.53407
              2       1488.1956      0.02257826       64.028313       3.0614196      0.96756729       8.8314546      0.62061801       1.0115552      0.99441815      0.99650151        1.003019      0.99541941      0.99461472        0.500438   2.1357855e-09      0.94492604      0.75842661       0.3792938      0.85278747       70.350842       1091.0987       1553.4763      -21.482406        -24.46205          2.9796441       3019.3561                 22.374124                 400.17128                                659.40382                      9.1494542                3.0519302             0.79228932                           66.506623                  1553.4763       160.62473        143.80557
              1       1488.2424      0.02257826       64.028313       3.0614196      0.96756729       8.8314546      0.62061801       1.0115552      0.99441815      0.99650151        1.003019      0.99646964      0.99788222        0.500438   2.1357855e-09      0.94492604      0.75842661       0.3792938      0.85278747       70.350842       1091.0987       1553.4763      -21.925603       -24.905247          2.9796441        3020.336                 22.374124                 400.17128                                659.40382                      9.1494542                3.0519302             0.79228932                           66.506623                  1553.4763       160.62473        144.78543
              1       1489.7034      0.02257826       64.028313       3.0614196      0.96756729       8.8314546      0.62061801       1.0115552      0.99441815      0.99773021       1.0041434      0.99650558      0.99575205        0.500438   2.1357855e-09      0.94492604      0.75842661       0.3792938      0.85278747       70.350842       1091.0987       1553.4763       -22.19733       -25.176974          2.9796441       3023.8015                 22.374124                 400.17128                                659.40382                      9.1494542                3.0519302             0.79228932                           66.506623                  1553.4763       164.47539        144.40027
              1       1490.1825      0.02257826       64.028313       3.0614196      0.96756729       8.8314546      0.62061801       1.0115552      0.99474941      0.99773126       1.0041088      0.99511973       0.9943539        0.500438   2.1357855e-09      0.94492604      0.75842661       0.3792938      0.85278747       70.350842       1092.5311       1553.4763      -22.065951       -25.045595          2.9796441       3024.4968                 22.330461                 400.17934                                660.98798                      9.0333155                3.0519302             0.79228932                           66.506623                  1553.4763       164.42024        143.71834
              1       1488.3176      0.02257826       64.028313       3.0614196      0.96756729       8.8314546      0.62061801       1.0115552      0.99432511      0.99819784      0.99889762      0.99275014      0.99702782        0.500438   2.1357855e-09      0.94492604      0.75842661       0.3792938      0.85278747       70.350842       1090.7736       1553.4763      -21.305747       -24.285391          2.9796441       3019.2466                  22.38644                 400.17924                                659.02472                       9.183233                3.0519302             0.79228932                           66.506623                  1553.4763       161.13251        143.51334
              1       1487.8464      0.02257826       64.028313       3.0614196      0.96756729       8.8314546      0.62061801       1.0115552      0.99432511       0.9951658      0.99970208      0.99516367      0.99793967        0.500438   2.1357855e-09      0.94492604      0.75842661       0.3792938      0.85278747       70.350842       1090.7736       1553.4763      -20.954752       -23.934396          2.9796441       3017.6024                  22.38644                 400.17924                                659.02472                       9.183233                3.0519302             0.79228932                           66.506623                  1553.4763       158.94197        144.05962
              1       1487.2477      0.02257826       64.028313       3.0614196      0.96756729       8.8314546      0.62061801       1.0115552      0.99432511      0.99660558        1.000522      0.99644005      0.99734989        0.500438   2.1357855e-09      0.94492604      0.75842661       0.3792938      0.85278747       70.350842       1090.7736       1553.4763      -21.852452       -24.832097          2.9796441       3018.2003                  22.38644                 400.17924                                659.02472                       9.183233                3.0519302             0.79228932                           66.506623                  1553.4763       159.01811        144.58138
              1       1487.6676      0.02257826       64.028313       3.0614196      0.96756729       8.8314546      0.62061801       1.0115552       0.9944664       0.9962134       1.0001833      0.99715164      0.99496524        0.500438   2.1357855e-09      0.94492604      0.75842661       0.3792938      0.85278747       70.350842        1091.283       1553.4763       -21.76242       -24.742064          2.9796441       3018.8599                 22.367746                 400.17128                                 659.6118                       9.132137                3.0519302             0.79228932                           66.506623                  1553.4763       158.71771        145.03215
              1        1489.942      0.02257826       64.028313       3.0614196      0.96756729       8.8314546      0.62061801       1.0115552       0.9944664      0.99948037      0.99584285      0.99634798      0.99655694        0.500438   2.1357855e-09      0.94492604      0.75842661       0.3792938      0.85278747       70.350842        1091.283       1553.4763      -22.542085       -25.521729          2.9796441       3024.9681                 22.367746                 400.17128                                 659.6118                       9.132137                3.0519302             0.79228932                           66.506623                  1553.4763       165.51973        144.33832
              1       1489.9165      0.02257826       64.028313       3.0614196      0.96756729       8.8314546      0.62061801       1.0115552       0.9944664      0.99948037      0.99584285      0.99618728      0.99667593        0.500438   2.1357855e-09      0.94492604      0.75842661       0.3792938      0.85278747       70.350842        1091.283       1553.4763       -22.51995       -25.499594          2.9796441       3024.8729                 22.367746                 400.17128                                 659.6118                       9.132137                3.0519302             0.79228932                           66.506623                  1553.4763       165.51973        144.24306
              1       1492.4336      0.02257826       64.028313       3.0614196      0.96756729       8.8314546      0.62061801       1.0115552      0.99420209       1.0002561      0.99817365      0.99501712      0.99058864        0.500438   2.1357855e-09      0.94492604      0.75842661       0.3792938      0.85278747       70.350842       1090.3841       1553.4763      -21.303044       -24.282688          2.9796441       3027.4732                  22.40276                 400.18482                                658.56787                      9.2286789                3.0519302             0.79228932                           66.506623                  1553.4763       167.31248        145.94946
              1       1493.3671      0.02257826       64.028313       3.0614196      0.96756729       8.8314546      0.62061801       1.0115552      0.99420209      0.99544163       1.0028553       1.0031658       0.9969748        0.500438   2.1357855e-09      0.94492604      0.75842661       0.3792938      0.85278747       70.350842       1090.3841       1553.4763      -21.270895       -24.250539          2.9796441        3029.276                  22.40276                 400.18482                                658.56787                      9.2286789                3.0519302             0.79228932                           66.506623                  1553.4763       159.79227        155.27252
              1       1490.5757      0.02257826       64.028313       3.0614196      0.96756729       8.8314546      0.62061801       1.0115552      0.99442889      0.99544235       1.0028316       1.0003166      0.99897918        0.500438   2.1357855e-09      0.94492604      0.75842661       0.3792938      0.85278747       70.350842        1091.139       1553.4763      -21.800338       -24.779982          2.9796441        3024.752                 22.372704                 400.17128                                659.44943                      9.1455884                3.0519302             0.79228932                           66.506623                  1553.4763       159.77214        150.01373
              1       1490.4987      0.02257826       64.028313       3.0614196      0.96756729       8.8314546      0.62061801       1.0115552      0.99442889       0.9949417       1.0014071       1.0003229      0.99890611        0.500438   2.1357855e-09      0.94492604      0.75842661       0.3792938      0.85278747       70.350842        1091.139       1553.4763      -21.531318       -24.510962          2.9796441         3024.06                 22.372704                 400.17128                                659.44943                      9.1455884                3.0519302             0.79228932                           66.506623                  1553.4763        159.1077        149.98613
              1       1485.5699     0.022599813       64.163587       3.0613067      0.96706417       8.8085531      0.62167072       1.0120424      0.99447437      0.99567676       1.0009553      0.99617782      0.99981065      0.49838553   2.1355443e-09      0.94510566      0.75975065      0.37824146      0.85309033       68.328533       1090.8061       1550.3712       -21.42867       -24.585687          3.1570178       3013.9972                 22.488632                 400.09294                                659.07787                      9.1466527                2.9676325             0.74095008                            64.61995                  1550.3712       157.87469        146.61668
              1       1484.3211     0.022599813       64.163587       3.0613067      0.96706417       8.8085531      0.62167072       1.0120424      0.99350792      0.99567369       1.0010562      0.99512419      0.99653421      0.49838553   2.1355443e-09      0.94510566      0.75975065      0.37824146      0.85309033       68.328533       1087.9766       1550.3712      -20.157452        -23.31447          3.1570178       3008.9571                 22.620389                 400.11675                                655.72075                      9.5187362                2.9676325             0.74095008                            64.61995                  1550.3712       157.90387        144.37686
              1       1484.0362     0.022608571       64.301971       3.0632095       0.9671273       8.8855428      0.62262908       1.0127478      0.99367997      0.99853544      0.99712344      0.99510021      0.99667485      0.50138054   2.1396118e-09       0.9453205      0.76138315      0.37728348      0.85384006       66.357898       1089.3622       1547.2649       -21.19117       -24.414698          3.2235272       3010.4547                 22.637923                 400.44808                                656.60462                      9.6715332                2.8877375             0.69265874                           62.777502                  1547.2649       162.35422        145.11555
              1       1485.1313     0.022608571       64.301971       3.0632095       0.9671273       8.8855428      0.62262908       1.0127478      0.99367997      0.99853544      0.99712344      0.99169796      0.99549718      0.50138054   2.1396118e-09       0.9453205      0.76138315      0.37728348      0.85384006       66.357898       1089.3622       1547.2649      -19.989978       -23.213506          3.2235272       3010.2425                 22.637923                 400.44808                                656.60462                      9.6715332                2.8877375             0.69265874                           62.777502                  1547.2649       162.35422        144.90338
              1        1485.355     0.022608571       64.301971       3.0632095       0.9671273       8.8855428      0.62262908       1.0127478      0.99367997       0.9978842       0.9957919      0.99505846      0.99151904      0.50138054   2.1396118e-09       0.9453205      0.76138315      0.37728348      0.85384006       66.357898       1089.3622       1547.2649      -20.475599       -23.699126          3.2235272       3011.6612                 22.637923                 400.44808                                656.60462                      9.6715332                2.8877375             0.69265874                           62.777502                  1547.2649       162.22151        146.45471
              1       1484.4435     0.022608571       64.301971       3.0632095       0.9671273       8.8855428      0.62262908       1.0127478      0.99367997      0.99820963       1.0013711      0.99718928      0.99507839      0.50138054   2.1396118e-09       0.9453205      0.76138315      0.37728348      0.85384006       66.357898       1089.3622       1547.2649      -21.407203        -24.63073          3.2235272       3011.7013                 22.637923                 400.44808                                656.60462                      9.6715332                2.8877375             0.69265874                           62.777502                  1547.2649       162.14609         146.5703
              1       1483.9326     0.022608571       64.301971       3.0632095       0.9671273       8.8855428      0.62262908       1.0127478      0.99439838      0.99596382      0.99875288      0.99786019      0.99538271      0.50138054   2.1396118e-09       0.9453205      0.76138315      0.37728348      0.85384006       66.357898       1091.6083       1547.2649      -21.475245       -24.698772          3.2235272       3010.8157                 22.539165                 400.43581                                659.25615                      9.3772079                2.8877375             0.69265874                           62.777502                  1547.2649       158.29941         147.2852
              1       1483.2178     0.022608571       64.301971       3.0632095       0.9671273       8.8855428      0.62262908       1.0127478      0.99439838      0.99657556      0.99983102      0.99497431      0.99809902      0.50138054   2.1396118e-09       0.9453205      0.76138315      0.37728348      0.85384006       66.357898       1091.6083       1547.2649      -21.383437       -24.606965          3.2235272       3009.2026                 22.539165                 400.43581                                659.25615                      9.3772079                2.8877375             0.69265874                           62.777502                  1547.2649       158.40692        145.56453
              1        1482.888     0.022608571       64.301971       3.0632095       0.9671273       8.8855428      0.62262908       1.0127478      0.99332277       0.9966586      0.99975738      0.99419385      0.99508363      0.50138054   2.1396118e-09       0.9453205      0.76138315      0.37728348      0.85384006       66.357898       1088.9023       1547.2649      -19.953928       -23.177456          3.2235272       3005.6838                 22.687634                 400.45532                                655.93013                      9.8292187                2.8877375             0.69265874                           62.777502                  1547.2649       158.48622        144.67245
              1       1483.9258     0.022608571       64.301971       3.0632095       0.9671273       8.8855428      0.62262908       1.0127478      0.99332277      0.99623746      0.99907817      0.99795887      0.99365236      0.50138054   2.1396118e-09       0.9453205      0.76138315      0.37728348      0.85384006       66.357898       1088.9023       1547.2649      -20.367969       -23.591496          3.2235272       3008.5876                 22.687634                 400.45532                                655.93013                      9.8292187                2.8877375             0.69265874                           62.777502                  1547.2649       158.26419        147.79832
              1        1483.438     0.022608571       64.301971       3.0632095       0.9671273       8.8855428      0.62262908       1.0127478      0.99332277      0.99679489      0.99724761      0.99662898      0.99650182      0.50138054   2.1396118e-09       0.9453205      0.76138315      0.37728348      0.85384006       66.357898       1088.9023       1547.2649      -20.670644       -23.894171          3.2235272       3008.2172                 22.687634                 400.45532                                655.93013                      9.8292187                2.8877375             0.69265874                           62.777502                  1547.2649       159.60818        146.08394
              1       1483.1962     0.022608571       64.301971       3.0632095       0.9671273       8.8855428      0.62262908       1.0127478      0.99332277      0.99542308       1.0017554       0.9948912      0.99684269      0.50138054   2.1396118e-09       0.9453205      0.76138315      0.37728348      0.85384006       66.357898       1088.9023       1547.2649      -19.733549       -22.957076          3.2235272       3005.8595                 22.687634                 400.45532                                655.93013                      9.8292187                2.8877375             0.69265874                           62.777502                  1547.2649       158.26794        145.06642
              1       1483.3431     0.022611455       64.332142       3.0589328      0.96628193       8.5450137      0.62214263       1.0131423      0.99407073      0.99609168        1.001808      0.99861969      0.99625359       0.4957392   2.1304809e-09      0.94536481      0.76207178      0.37777001      0.85516318       66.831424       1089.2211       1546.6759      -21.344557       -24.588178          3.2436214       3009.3753                 22.794369                  398.8215                                657.72852                      9.8767558                2.9151978             0.70895419                           63.207272                  1546.6759       159.02846        147.61836
              1       1482.6706     0.022611455       64.332142       3.0589328      0.96628193       8.5450137      0.62214263       1.0131423      0.99407073      0.99699726      0.99784543      0.99553262      0.99839082       0.4957392   2.1304809e-09      0.94536481      0.76207178      0.37777001      0.85516318       66.831424       1089.2211       1546.6759      -21.352813       -24.596435          3.2436214       3008.0468                 22.794369                  398.8215                                657.72852                      9.8767558                2.9151978             0.70895419                           63.207272                  1546.6759         159.709        145.60936
              1       1483.3742     0.022611455       64.332142       3.0589328      0.96628193       8.5450137      0.62214263       1.0131423      0.99407073      0.99531407       1.0010933      0.99364815      0.99565648       0.4957392   2.1304809e-09      0.94536481      0.76207178      0.37777001      0.85516318       66.831424       1089.2211       1546.6759      -19.974196       -23.217818          3.2436214       3006.6968                 22.794369                  398.8215                                657.72852                      9.8767558                2.9151978             0.70895419                           63.207272                  1546.6759       159.08577        144.88254
              1       1483.4449     0.022611455       64.332142       3.0589328      0.96628193       8.5450137      0.62214263       1.0131423      0.99407073      0.99531407       1.0010933      0.99696378      0.99946861       0.4957392   2.1304809e-09      0.94536481      0.76207178      0.37777001      0.85516318       66.831424       1089.2211       1546.6759      -20.922007       -24.165628          3.2436214       3008.7337                 22.794369                  398.8215                                657.72852                      9.8767558                2.9151978             0.70895419                           63.207272                  1546.6759       159.08577        146.91951
              1       1482.9201     0.022611455       64.332142       3.0589328      0.96628193       8.5450137      0.62214263       1.0131423      0.99393932       0.9970642      0.99899023      0.99773673      0.99890207       0.4957392   2.1304809e-09      0.94536481      0.76207178      0.37777001      0.85516318       66.831424       1089.1949       1546.6759      -21.629878         -24.8735          3.2436214          3009.1                 22.813025                 398.83796                                657.60726                      9.9366016                2.9151978             0.70895419                           63.207272                  1546.6759       159.13983        147.25804
              1       1484.3092     0.022611455       64.332142       3.0589328      0.96628193       8.5450137      0.62214263       1.0131423      0.99393932      0.99566691       1.0014413      0.99668807       1.0019674       0.4957392   2.1304809e-09      0.94536481      0.76207178      0.37777001      0.85516318       66.831424       1089.1949       1546.6759        -20.8954       -24.139021          3.2436214       3010.4092                 22.813025                 398.83796                                657.60726                      9.9366016                2.9151978             0.70895419                           63.207272                  1546.6759       158.94582        148.76125
              1       1483.7928     0.022611455       64.332142       3.0589328      0.96628193       8.5450137      0.62214263       1.0131423      0.99393932      0.99656262      0.99774202      0.99248303      0.99577794       0.4957392   2.1304809e-09      0.94536481      0.76207178      0.37777001      0.85516318       66.831424       1089.1949       1546.6759      -20.020692       -23.264313          3.2436214        3007.627                 22.813025                 398.83796                                657.60726                      9.9366016                2.9151978             0.70895419                           63.207272                  1546.6759       159.75943        145.16541
              1        1484.685     0.022611455       64.332142       3.0589328      0.96628193       8.5450137      0.62214263       1.0131423      0.99550919       0.9965676      0.99757807       0.9958287      0.99273247       0.4957392   2.1304809e-09      0.94536481      0.76207178      0.37777001      0.85516318       66.831424       1093.5109       1546.6759      -21.986591       -25.230212          3.2436214       3013.3432                 22.593686                  398.7918                                662.83714                      9.2882601                2.9151978             0.70895419                           63.207272                  1546.6759       159.90158        146.42345
              1       1484.4793     0.022611455       64.332142       3.0589328      0.96628193       8.5450137      0.62214263       1.0131423      0.99550919      0.99909674        1.000138      0.99559935      0.99736722       0.4957392   2.1304809e-09      0.94536481      0.76207178      0.37777001      0.85516318       66.831424       1093.5109       1546.6759      -22.981111       -26.224732          3.2436214       3014.9208                 22.593686                  398.7918                                662.83714                      9.2882601                2.9151978             0.70895419                           63.207272                  1546.6759        162.5898        145.31277
              1       1483.7896     0.022611455       64.332142       3.0589328      0.96628193       8.5450137      0.62214263       1.0131423      0.99550919       0.9981384       1.0012677      0.99564227      0.99736676       0.4957392   2.1304809e-09      0.94536481      0.76207178      0.37777001      0.85516318       66.831424       1093.5109       1546.6759      -22.843206       -26.086828          3.2436214       3013.2657                 22.593686                  398.7918                                662.83714                      9.2882601                2.9151978             0.70895419                           63.207272                  1546.6759        160.9175        145.32996
              1       1485.5885     0.022611455       64.332142       3.0589328      0.96628193       8.5450137      0.62214263       1.0131423      0.99550919      0.99829976       1.0010485      0.99920199       1.0004944       0.4957392   2.1304809e-09      0.94536481      0.76207178      0.37777001      0.85516318       66.831424       1093.5109       1546.6759      -23.393601       -26.637223          3.2436214       3017.9643                 22.593686                  398.7918                                662.83714                      9.2882601                2.9151978             0.70895419                           63.207272                  1546.6759       161.11568        149.83038
              1       1485.8702     0.022611455       64.332142       3.0589328      0.96628193       8.5450137      0.62214263       1.0131423      0.99553824      0.99750468       1.0021559       0.9926437      0.99185825       0.4957392   2.1304809e-09      0.94536481      0.76207178      0.37777001      0.85516318       66.831424       1093.6703       1546.6759      -21.277953       -24.521575          3.2436214       3014.2963                 22.589703                 398.79167                                 663.0113                      9.2776294                2.9151978             0.70895419                           63.207272                  1546.6759       160.44308         146.6756
              1       1485.3473     0.022611455       64.332142       3.0589328      0.96628193       8.5450137      0.62214263       1.0131423      0.99553824      0.99660828       0.9999503      0.99510349       1.0029964       0.4957392   2.1304809e-09      0.94536481      0.76207178      0.37777001      0.85516318       66.831424       1093.6703       1546.6759      -22.274438        -25.51806          3.2436214       3015.2435                 22.589703                 398.79167                                 663.0113                      9.2776294                2.9151978             0.70895419                           63.207272                  1546.6759       158.75775        149.30812
              1       1484.3076     0.022611455       64.332142       3.0589328      0.96628193       8.5450137      0.62214263       1.0131423      0.99560633       0.9964157       1.0031014      0.99543189      0.99880658       0.4957392   2.1304809e-09      0.94536481      0.76207178      0.37777001      0.85516318       66.831424       1094.0556       1546.6759      -22.396595       -25.640216          3.2436214       3013.4084                 22.580375                 398.79167                                663.43063                      9.2528977                2.9151978             0.70895419                           63.207272                  1546.6759        160.0849        145.76062
              1       1483.9677     0.022611455       64.332142       3.0589328      0.96628193       8.5450137      0.62214263       1.0131423      0.99560633      0.99782236      0.99748777      0.99594483      0.99829224       0.4957392   2.1304809e-09      0.94536481      0.76207178      0.37777001      0.85516318       66.831424       1094.0556       1546.6759      -22.942464       -26.186085          3.2436214       3013.8203                 22.580375                 398.79167                                663.43063                      9.2528977                2.9151978             0.70895419                           63.207272                  1546.6759        160.5148        145.74261
              1       1484.6204     0.022626074       64.440381       3.0635447      0.96530096       8.6547083      0.62278625       1.0133435      0.99618238      0.99630192       1.0008022      0.99500051      0.99968408      0.48239849    2.140329e-09      0.94551299      0.76733813      0.37712669      0.86033935       65.018207       1096.7363       1544.3057      -22.513055        -25.88276          3.3697049       3014.2669                 22.915122                 399.34082                                664.41211                      10.068286                2.8562527             0.67327115                           61.488683                  1544.3057       160.76564        147.44095
              1       1482.9003     0.022594717       64.418873       3.0595922      0.96455369       8.4125847      0.62372302         1.01215      0.99664392      0.99755376      0.99746731      0.99505281      0.99992346      0.46057141   2.1318862e-09      0.94555216      0.76803711      0.37618985       0.8600528       63.219873       1091.2632       1544.6527      -23.477115       -26.588744          3.1116283       3012.7549                 22.990005                  398.3039                                660.32692                       9.642406                2.7794656             0.62739323                           59.813014                  1544.6527       165.51462        148.10446
              1       1482.3773     0.022621278       64.509631       3.0566905      0.96434206        8.302477      0.62274198       1.0143938      0.99619952      0.99714022      0.99828059      0.99725277      0.99491543      0.49080922   2.1257091e-09      0.94564143      0.76455302      0.37717114      0.85726721       65.348389       1093.6576       1542.8602      -23.072709       -26.387718           3.315009       3010.8999                 23.010196                 397.84148                                663.28806                      9.5178703                2.8607806             0.67601667                           61.811591                  1542.8602       162.04491        146.98878
              1       1482.9039     0.022610107       64.478593       3.0555158      0.96476718       8.2549439      0.62283294       1.0138909      0.99614441      0.99719864      0.99820211      0.99782829      0.99589855      0.48221215   2.1232133e-09      0.94561595      0.76509683      0.37708009      0.85777341       65.108774       1094.0205       1543.4981      -23.304714       -26.527982           3.223268       3012.4172                 22.891255                 397.67071                                664.01429                      9.4442937                2.8524533              0.6709861                           61.585335                  1543.4981        162.3549        147.43494
              1       1481.9568     0.022555279       64.348677       3.0558825       0.9655294        8.325118      0.62229525       1.0131967      0.99602327      0.99715578      0.99846299      0.99861913      0.99467941      0.48131322   2.1239922e-09      0.94552855      0.76408704      0.37761744      0.85725145       66.002392       1089.1101       1546.3052      -23.625694       -26.399649          2.7739545        3011.165                 22.692061                 397.93421                                659.14169                      9.3421144                2.8902073             0.69359708                           62.418588                  1546.3052       162.01492        147.73241
              1       1481.5131     0.022555279       64.348677       3.0558825       0.9655294        8.325118      0.62229525       1.0131967      0.99602327      0.99768964      0.99955432      0.99888869      0.99822576      0.48131322   2.1239922e-09      0.94552855      0.76408704      0.37761744      0.85725145       66.002392       1089.1101       1546.3052      -24.033262       -26.807217          2.7739545       3011.0927                 22.692061                 397.93421                                659.14169                      9.3421144                2.8902073             0.69359708                           62.418588                  1546.3052       161.91339        147.76163
              1       1482.5649     0.022555279       64.348677       3.0558825       0.9655294        8.325118      0.62229525       1.0131967      0.99446055      0.99954459      0.99804343      0.99821913      0.99359207      0.48131322   2.1239922e-09      0.94552855      0.76408704      0.37761744      0.85725145       66.002392        1084.821       1546.3052      -22.721888       -25.495842          2.7739545       3010.5736                 22.913219                 397.91836                                 654.0069                      9.9825609                2.8902073             0.69359708                           62.418588                  1546.3052       165.60614        147.83879
              1       1482.0152     0.022555279       64.348677       3.0558825       0.9655294        8.325118      0.62229525       1.0131967      0.99457646      0.99535437       1.0033288       0.9938649       1.0010764      0.48131322   2.1239922e-09      0.94552855      0.76408704      0.37761744      0.85725145       66.002392       1084.8593       1546.3052      -21.158709       -23.932664          2.7739545       3006.3478                 22.896567                 397.92538                                 654.1072                      9.9301216                2.8902073             0.69359708                           62.418588                  1546.3052        162.4476        146.73328
              1       1480.9247     0.022555279       64.348677       3.0558825       0.9655294        8.325118      0.62229525       1.0131967      0.99457646      0.99709381      0.99687428      0.99387909      0.99655693      0.48131322   2.1239922e-09      0.94552855      0.76408704      0.37761744      0.85725145       66.002392       1084.8593       1546.3052      -21.791612       -24.565567          2.7739545       3005.4327                 22.896567                 397.92538                                 654.1072                      9.9301216                2.8902073             0.69359708                           62.418588                  1546.3052       163.48779        144.77802
              1       1480.9334     0.022555279       64.348677       3.0558825       0.9655294        8.325118      0.62229525       1.0131967      0.99457646      0.99709381      0.99687428       0.9946366      0.99505955      0.48131322   2.1239922e-09      0.94552855      0.76408704      0.37761744      0.85725145       66.002392       1084.8593       1546.3052      -21.888615        -24.66257          2.7739545       3005.6439                 22.896567                 397.92538                                 654.1072                      9.9301216                2.8902073             0.69359708                           62.418588                  1546.3052       163.48779        144.98924
              1       1480.4845     0.022555279       64.348677       3.0558825       0.9655294        8.325118      0.62229525       1.0131967      0.99457646       0.9966295       1.0025884      0.99780619        0.995373      0.48131322   2.1239922e-09      0.94552855      0.76408704      0.37761744      0.85725145       66.002392       1084.8593       1546.3052      -22.349151       -25.123106          2.7739545       3005.6673                 22.896567                 397.92538                                 654.1072                      9.9301216                2.8902073             0.69359708                           62.418588                  1546.3052       161.86868        146.63174
              1       1481.1333     0.022555279       64.348677       3.0558825       0.9655294        8.325118      0.62229525       1.0131967      0.99414305      0.99819867      0.99784986       0.9975296      0.99503411      0.48131322   2.1239922e-09      0.94552855      0.76408704      0.37761744      0.85725145       66.002392       1084.9802       1546.3052      -22.346141       -25.120095          2.7739545       3006.9589                 22.959038                 397.92719                                653.96368                      10.130268                2.8902073             0.69359708                           62.418588                  1546.3052       163.19284        146.47824
              1       1484.3166     0.022555279       64.348677       3.0558825       0.9655294        8.325118      0.62229525       1.0131967       0.9950796      0.99784128       1.0007259       0.9966226       1.0065039      0.48131322   2.1239922e-09      0.94552855      0.76408704      0.37761744      0.85725145       66.002392       1085.5189       1546.3052      -22.776564       -25.550519          2.7739545       3014.1864                 22.824725                 397.91733                                655.06514                        9.71169                2.8902073             0.69359708                           62.418588                  1546.3052       162.14162        154.21826
              1       1481.3629     0.022555279       64.348677       3.0558825       0.9655294        8.325118      0.62229525       1.0131967       0.9950796      0.99791195        1.000736      0.99659436       0.9918118      0.48131322   2.1239922e-09      0.94552855      0.76408704      0.37761744      0.85725145       66.002392       1085.5189       1546.3052      -22.554384       -25.328339          2.7739545       3007.8346                 22.824725                 397.91733                                655.06514                        9.71169                2.8902073             0.69359708                           62.418588                  1546.3052       162.24323        147.76485
              1       1480.6429     0.022555279       64.348677       3.0558825       0.9655294        8.325118      0.62229525       1.0131967       0.9947223      0.99793698       1.0007447      0.99280008      0.99533897      0.48131322   2.1239922e-09      0.94552855      0.76408704      0.37761744      0.85725145       66.002392       1084.9638       1546.3052       -21.69938       -24.473334          2.7739545       3004.6846                 22.875668                 397.92538                                654.29751                      9.8652705                2.8902073             0.69359708                           62.418588                  1546.3052       162.28186         145.1313
              1       1480.6368     0.022555279       64.348677       3.0558825       0.9655294        8.325118      0.62229525       1.0131967       0.9947223      0.99793698       1.0007447      0.99373146       1.0002925      0.48131322   2.1239922e-09      0.94552855      0.76408704      0.37761744      0.85725145       66.002392       1084.9638       1546.3052      -22.215213       -24.989167          2.7739545        3005.704                 22.875668                 397.92538                                654.29751                      9.8652705                2.8902073             0.69359708                           62.418588                  1546.3052       162.28186        146.15065
              1       1480.4013     0.022555279       64.348677       3.0558825       0.9655294        8.325118      0.62229525       1.0131967       0.9947223      0.99693557       1.0006623      0.99376618       1.0002463      0.48131322   2.1239922e-09      0.94552855      0.76408704      0.37761744      0.85725145       66.002392       1084.9638       1546.3052      -21.940955       -24.714909          2.7739545       3004.6844                 22.875668                 397.92538                                654.29751                      9.8652705                2.8902073             0.69359708                           62.418588                  1546.3052       161.30103        146.11195
              1       1483.2302     0.022555279       64.348677       3.0558825       0.9655294        8.325118      0.62229525       1.0131967      0.99424525      0.99833134      0.99775276      0.99685221        1.004164      0.48131322   2.1239922e-09      0.94552855      0.76408704      0.37761744      0.85725145       66.002392       1084.8923       1546.3052      -22.441528       -25.215482          2.7739545       3011.3434                 22.944254                 397.92542                                653.94054                       10.08207                2.8902073             0.69359708                           62.418588                  1546.3052       163.42451        150.71899
              1       1481.5854     0.022555279       64.348677       3.0558825       0.9655294        8.325118      0.62229525       1.0131967      0.99424525      0.99833134      0.99775276      0.99276765       0.9988978      0.48131322   2.1239922e-09      0.94552855      0.76408704      0.37761744      0.85725145       66.002392       1084.8923       1546.3052       -21.54252       -24.316475          2.7739545       3006.2558                 22.944254                 397.92542                                653.94054                       10.08207                2.8902073             0.69359708                           62.418588                  1546.3052       163.42451        145.63133
              1       1484.0077     0.022555279       64.348677       3.0558825       0.9655294        8.325118      0.62229525       1.0131967      0.99513237      0.99782799      0.99805508      0.98911781      0.99629379      0.48131322   2.1239922e-09      0.94552855      0.76408704      0.37761744      0.85725145       66.002392       1085.6389       1546.3052      -20.430786       -23.204741          2.7739545       3008.8771                 22.817232                 397.91733                                655.21474                       9.689644                2.8902073             0.69359708                           62.418588                  1546.3052       162.67238         148.2581
              1       1482.9511     0.022555279       64.348677       3.0558825       0.9655294        8.325118      0.62229525       1.0131967      0.99513237      0.99492441       1.0000727       1.0004995      0.99767728      0.48131322   2.1239922e-09      0.94552855      0.76408704      0.37761744      0.85725145       66.002392       1085.6389       1546.3052      -22.271432       -25.045387          2.7739545       3010.4452                 22.817232                 397.91733                                655.21474                       9.689644                2.8902073             0.69359708                           62.418588                  1546.3052       162.59248         149.9061
              1       1481.2344     0.022555279       64.348677       3.0558825       0.9655294        8.325118      0.62229525       1.0131967       0.9949333      0.99517161       1.0030744      0.99466045      0.99968327      0.48131322   2.1239922e-09      0.94552855      0.76408704      0.37761744      0.85725145       66.002392       1085.2357       1546.3052      -21.598404       -24.372358          2.7739545       3005.6657                 22.845538                 397.91733                                654.69914                       9.773665                2.8902073             0.69359708                           62.418588                  1546.3052       162.41998        145.70238
              1       1481.2604     0.022555279       64.348677       3.0558825       0.9655294        8.325118      0.62229525       1.0131967       0.9949333      0.99517161       1.0030744      0.99698122      0.99995684      0.48131322   2.1239922e-09      0.94552855      0.76408704      0.37761744      0.85725145       66.002392       1085.2357       1546.3052      -22.080429       -24.854383          2.7739545       3006.6817                 22.845538                 397.91733                                654.69914                       9.773665                2.8902073             0.69359708                           62.418588                  1546.3052       162.41998        146.71838
              1       1480.4395     0.022555279       64.348677       3.0558825       0.9655294        8.325118      0.62229525       1.0131967        0.994965      0.99869887      0.99955135      0.99616674      0.99463315      0.48131322   2.1239922e-09      0.94552855      0.76408704      0.37761744      0.85725145       66.002392       1085.2909       1546.3052      -22.896303       -25.670258          2.7739545       3006.6717                 22.841023                 397.91733                                654.77237                      9.7601284                2.8902073             0.69359708                           62.418588                  1546.3052       163.42665        145.64655
              1       1480.2326     0.022555279       64.348677       3.0558825       0.9655294        8.325118      0.62229525       1.0131967      0.99494189      0.99807791       1.0014788      0.99620341      0.99467385      0.48131322   2.1239922e-09      0.94552855      0.76408704      0.37761744      0.85725145       66.002392       1085.2503       1546.3052      -22.777501       -25.551456          2.7739545       3006.0202                 22.844315                 397.91733                                654.71864                      9.7699921                2.8902073             0.69359708                           62.418588                  1546.3052        162.8112        145.65112
              1       1480.0023     0.022555279       64.348677       3.0558825       0.9655294        8.325118      0.62229525       1.0131967      0.99494189      0.99721739      0.99947475      0.99518502       1.0001878      0.48131322   2.1239922e-09      0.94552855      0.76408704      0.37761744      0.85725145       66.002392       1085.2503       1546.3052       -22.60311       -25.377065          2.7739545       3005.2108                 22.844315                 397.91733                                654.71864                      9.7699921                2.8902073             0.69359708                           62.418588                  1546.3052       161.56831        146.08455
              1       1481.6122     0.022555279       64.348677       3.0558825       0.9655294        8.325118      0.62229525       1.0131967      0.99494189      0.99607739      0.99792644      0.99913013      0.99909876      0.48131322   2.1239922e-09      0.94552855      0.76408704      0.37761744      0.85725145       66.002392       1085.2503       1546.3052      -22.727328       -25.501283          2.7739545       3008.6791                 22.844315                 397.91733                                654.71864                      9.7699921                2.8902073             0.69359708                           62.418588                  1546.3052       162.78386        148.33734
              1       1482.8346     0.022555279       64.348677       3.0558825       0.9655294        8.325118      0.62229525       1.0131967      0.99426893      0.99607525      0.99799672      0.99172305      0.99407724      0.48131322   2.1239922e-09      0.94552855      0.76408704      0.37761744      0.85725145       66.002392       1084.8774       1546.3052      -20.141041       -22.914996          2.7739545       3005.9513                 22.940833                 397.92542                                 653.9402                      10.070991                2.8902073             0.69359708                           62.418588                  1546.3052       162.71393        146.05228
              1       1480.7562     0.022482579       64.246983       3.0619175      0.96799973       8.5568174      0.62502725       1.0094887      0.99576738       0.9971278       1.0012165      0.99922779      0.99710977      0.43481106   2.1368491e-09       0.9455321      0.76987231      0.37488515      0.86061159       60.679066       1084.3041       1548.1906       -24.19407       -26.443989          2.2499183       3009.9005                  22.48881                 398.79424                                652.97323                      10.047856                2.6733497             0.56534902                           57.440367                  1548.1906       167.22455        149.50211
              1       1480.4312     0.022482579       64.246983       3.0619175      0.96799973       8.5568174      0.62502725       1.0094887      0.99576738      0.99955234      0.99854615      0.99658137      0.99817011      0.43481106   2.1368491e-09       0.9455321      0.76987231      0.37488515      0.86061159       60.679066       1084.3041       1548.1906      -24.413525       -26.663443          2.2499183       3009.6895                  22.48881                 398.79424                                652.97323                      10.047856                2.6733497             0.56534902                           57.440367                  1548.1906       168.64493        147.87071
              1       1481.0811     0.022482579       64.246983       3.0619175      0.96799973       8.5568174      0.62502725       1.0094887      0.99576738       0.9982481      0.99711657      0.99672852       1.0000656      0.43481106   2.1368491e-09       0.9455321      0.76987231      0.37488515      0.86061159       60.679066       1084.3041       1548.1906      -24.310203       -26.560121          2.2499183       3010.7825                  22.48881                 398.79424                                652.97323                      10.047856                2.6733497             0.56534902                           57.440367                  1548.1906       169.39989         148.2088
              1       1481.3949     0.022482579       64.246983       3.0619175      0.96799973       8.5568174      0.62502725       1.0094887      0.99576738      0.99697989      0.99813197      0.99809716      0.99761622      0.43481106   2.1368491e-09       0.9455321      0.76987231      0.37488515      0.86061159       60.679066       1084.3041       1548.1906      -24.095907       -26.345826          2.2499183       3010.9817                  22.48881                 398.79424                                652.97323                      10.047856                2.6733497             0.56534902                           57.440367                  1548.1906       169.26892        148.53893
              1       1481.6516     0.022482579       64.246983       3.0619175      0.96799973       8.5568174      0.62502725       1.0094887      0.99576738      0.99697989      0.99813197      0.99658599       1.0012899      0.43481106   2.1368491e-09       0.9455321      0.76987231      0.37488515      0.86061159       60.679066       1084.3041       1548.1906      -23.934652        -26.18457          2.2499183       3011.1724                  22.48881                 398.79424                                652.97323                      10.047856                2.6733497             0.56534902                           57.440367                  1548.1906       169.26892        148.72966
              1       1479.9213     0.022482579       64.246983       3.0619175      0.96799973       8.5568174      0.62502725       1.0094887      0.99576738      0.99783741       1.0009831      0.99641535      0.99738023      0.43481106   2.1368491e-09       0.9455321      0.76987231      0.37488515      0.86061159       60.679066       1084.3041       1548.1906      -24.102751       -26.352669          2.2499183       3008.0482                  22.48881                 398.79424                                652.97323                      10.047856                2.6733497             0.56534902                           57.440367                  1548.1906       166.96884        147.90553
              1       1480.5892     0.022482579       64.246983       3.0619175      0.96799973       8.5568174      0.62502725       1.0094887      0.99576738      0.99783741       1.0009831      0.99408397      0.99899169      0.43481106   2.1368491e-09       0.9455321      0.76987231      0.37488515      0.86061159       60.679066       1084.3041       1548.1906      -23.608715       -25.858634          2.2499183       3008.3959                  22.48881                 398.79424                                652.97323                      10.047856                2.6733497             0.56534902                           57.440367                  1548.1906       166.96884        148.25323
              1       1481.5121     0.022482579       64.246983       3.0619175      0.96799973       8.5568174      0.62502725       1.0094887      0.99568001      0.99950767        1.003181      0.99547563       1.0008435      0.43481106   2.1368491e-09       0.9455321      0.76987231      0.37488515      0.86061159       60.679066       1084.3093       1548.1906      -24.158531       -26.408449          2.2499183       3011.3412                  22.50048                 398.79424                                652.92745                      10.087124                2.6733497             0.56534902                           57.440367                  1548.1906        169.6913        148.47095
              1       1482.8618     0.022482579       64.246983       3.0619175      0.96799973       8.5568174      0.62502725       1.0094887      0.99617306      0.99768134        1.005269      0.99298463      0.99631576      0.43481106   2.1368491e-09       0.9455321      0.76987231      0.37488515      0.86061159       60.679066       1084.6022       1548.1906      -23.360066       -25.609984          2.2499183       3012.4437                 22.434941                 398.77497                                653.52091                      9.8714081                2.6733497             0.56534902                           57.440367                  1548.1906       169.90324        149.06859
              1       1481.9359     0.022482579       64.246983       3.0619175      0.96799973       8.5568174      0.62502725       1.0094887      0.99617306      0.99768134        1.005269      0.99434269       0.9970175      0.43481106   2.1368491e-09       0.9455321      0.76987231      0.37488515      0.86061159       60.679066       1084.6022       1548.1906      -23.831163       -26.081082          2.2499183       3011.5342                 22.434941                 398.77497                                653.52091                      9.8714081                2.6733497             0.56534902                           57.440367                  1548.1906       169.90324          148.159
              1       1481.1463     0.022482579       64.246983       3.0619175      0.96799973       8.5568174      0.62502725       1.0094887      0.99582303      0.99821096       1.0047022      0.99824074      0.99842328      0.43481106   2.1368491e-09       0.9455321      0.76987231      0.37488515      0.86061159       60.679066       1084.3144       1548.1906      -24.505541       -26.755459          2.2499183       3011.3037                 22.481389                 398.79424                                653.01574                      10.023077                2.6733497             0.56534902                           57.440367                  1548.1906       169.54358        148.57599
              1       1480.1551     0.022482579       64.246983       3.0619175      0.96799973       8.5568174      0.62502725       1.0094887      0.99582303       0.9979552       1.0022727      0.99810886      0.99713011      0.43481106   2.1368491e-09       0.9455321      0.76987231      0.37488515      0.86061159       60.679066       1084.3144       1548.1906      -24.384728       -26.634646          2.2499183       3009.0796                 22.481389                 398.79424                                653.01574                      10.023077                2.6733497             0.56534902                           57.440367                  1548.1906       167.25912        148.63632
              1       1481.1291     0.022482579       64.246983       3.0619175      0.96799973       8.5568174      0.62502725       1.0094887      0.99575771      0.99795499       1.0022795      0.99846632       1.0028728      0.43481106   2.1368491e-09       0.9455321      0.76987231      0.37488515      0.86061159       60.679066       1084.3034       1548.1906      -24.370892        -26.62081          2.2499183       3010.9999                 22.490099                 398.79424                                 652.9669                      10.052179                2.6733497             0.56534902                           57.440367                  1548.1906       167.26208         150.5647
              1        1480.404     0.022482579       64.246983       3.0619175      0.96799973       8.5568174      0.62502725       1.0094887      0.99575771      0.99838758      0.99825047      0.99784163      0.99931801      0.43481106   2.1368491e-09       0.9455321      0.76987231      0.37488515      0.86061159       60.679066       1084.3034       1548.1906       -24.47526       -26.725178          2.2499183       3009.7585                 22.490099                 398.79424                                 652.9669                      10.052179                2.6733497             0.56534902                           57.440367                  1548.1906       168.15639          148.429
              1        1482.399     0.022482579       64.246983       3.0619175      0.96799973       8.5568174      0.62502725       1.0094887      0.99575771      0.99838758      0.99825047       1.0001027      0.99415714      0.43481106   2.1368491e-09       0.9455321      0.76987231      0.37488515      0.86061159       60.679066       1084.3034       1548.1906      -24.271974       -26.521892          2.2499183        3013.342                 22.490099                 398.79424                                 652.9669                      10.052179                2.6733497             0.56534902                           57.440367                  1548.1906       168.15639        152.01251
              1       1480.5527     0.022482579       64.246983       3.0619175      0.96799973       8.5568174      0.62502725       1.0094887       0.9964612      0.99838981      0.99817701      0.99853922      0.99847063      0.43481106   2.1368491e-09       0.9455321      0.76987231      0.37488515      0.86061159       60.679066       1085.1532       1548.1906      -24.958459       -27.208377          2.2499183       3011.0222                 22.396986                 398.76026                                654.24404                      9.7519563                2.6733497             0.56534902                           57.440367                  1548.1906       168.22073        148.77858
              1       1482.1462     0.022482579       64.246983       3.0619175      0.96799973       8.5568174      0.62502725       1.0094887      0.99550661      0.99715586      0.99715346      0.99854467        0.998289      0.43481106   2.1368491e-09       0.9455321      0.76987231      0.37488515      0.86061159       60.679066       1084.3956       1548.1906       -24.03453       -26.284448          2.2499183       3012.3615                 22.523716                 398.79294                                652.91252                       10.16639                2.6733497             0.56534902                           57.440367                  1548.1906       170.31305        148.78325
              1       1485.1011     0.022482579       64.246983       3.0619175      0.96799973       8.5568174      0.62502725       1.0094887      0.99640745       1.0013426        0.997239       1.0018456       1.0014907      0.43481106   2.1368491e-09       0.9455321      0.76987231      0.37488515      0.86061159       60.679066        1085.032       1548.1906      -24.941239       -27.191158          2.2499183       3020.0847                 22.404048                 398.76594                                654.08815                      9.7738675                2.6733497             0.56534902                           57.440367                  1548.1906       172.92032        153.26266
              1       1480.3507     0.022482579       64.246983       3.0619175      0.96799973       8.5568174      0.62502725       1.0094887      0.99640745      0.99783588       1.0017318      0.99474452      0.99962645      0.43481106   2.1368491e-09       0.9455321      0.76987231      0.37488515      0.86061159       60.679066        1085.032       1548.1906       -24.20036       -26.450278          2.2499183       3009.1021                 22.404048                 398.76594                                654.08815                      9.7738675                2.6733497             0.56534902                           57.440367                  1548.1906       167.05171        148.14868
              1        1480.051     0.022482579       64.246983       3.0619175      0.96799973       8.5568174      0.62502725       1.0094887       0.9960675       0.9978348       1.0017673      0.99526769      0.99762708      0.43481106   2.1368491e-09       0.9455321      0.76987231      0.37488515      0.86061159       60.679066       1084.4739       1548.1906      -24.073096       -26.323014          2.2499183       3008.2482                 22.448908                  398.7832                                653.32538                      9.9163908                2.6733497             0.56534902                           57.440367                  1548.1906       167.06029        147.84435
              1       1481.7647     0.022482579       64.246983       3.0619175      0.96799973       8.5568174      0.62502725       1.0094887       0.9960675      0.99770249       1.0040017      0.99920021      0.99483516      0.43481106   2.1368491e-09       0.9455321      0.76987231      0.37488515      0.86061159       60.679066       1084.4739       1548.1906      -24.380762        -26.63068          2.2499183        3012.291                 22.448908                  398.7832                                653.32538                      9.9163908                2.6733497             0.56534902                           57.440367                  1548.1906       168.40691        150.54053
              1        1481.974     0.022484314       64.260156       3.0616877      0.96795246       8.5406218      0.62509575       1.0095627       0.9960909      0.99771768       1.0040069       1.0007482      0.99697502      0.43464707   2.1363581e-09      0.94555022      0.76997124      0.37481669      0.86064359       60.549246        1084.712       1547.8988      -24.555071       -26.816994          2.2619231       3013.0581                 22.456346                 398.73784                                653.60992                      9.9078562                2.6679012              0.5622183                           57.319126                  1547.8988       168.56757        151.33054
              1       1481.4359     0.022484314       64.260156       3.0616877      0.96795246       8.5406218      0.62509575       1.0095627       0.9960909      0.99921802       1.0030578      0.99463029       1.0010524      0.43464707   2.1363581e-09      0.94555022      0.76997124      0.37481669      0.86064359       60.549246        1084.712       1547.8988      -24.185338       -26.447261          2.2619231       3011.2425                 22.456346                 398.73784                                653.60992                      9.9078562                2.6679012              0.5622183                           57.319126                  1547.8988       169.19467         148.8878
              1       1480.9988     0.022484314       64.260156       3.0616877      0.96795246       8.5406218      0.62509575       1.0095627       0.9960909      0.99850909      0.99770401      0.99455355      0.99879962      0.43464707   2.1363581e-09      0.94555022      0.76997124      0.37481669      0.86064359       60.549246        1084.712       1547.8988      -24.072082       -26.334005          2.2619231       3010.1417                 22.456346                 398.73784                                653.60992                      9.9078562                2.6679012              0.5622183                           57.319126                  1547.8988       168.83656        148.14517
              1       1480.4636     0.022484314       64.260156       3.0616877      0.96795246       8.5406218      0.62509575       1.0095627      0.99579357      0.99940921       1.0014215      0.99746198      0.99673699      0.43464707   2.1363581e-09      0.94555022      0.76997124      0.37481669      0.86064359       60.549246       1084.5153       1547.8988      -24.471993       -26.733916          2.2619231       3009.8713                 22.495926                   398.739                                653.24283                      10.037506                2.6679012              0.5622183                           57.319126                  1547.8988       168.41063        148.49738
              1       1481.7273     0.022484314       64.260156       3.0616877      0.96795246       8.5406218      0.62509575       1.0095627      0.99657646       0.9994117       1.0013398      0.99422498      0.99479205      0.43464707   2.1363581e-09      0.94555022      0.76997124      0.37481669      0.86064359       60.549246       1085.6649       1547.8988      -24.126779       -26.388702          2.2619231       3011.7081                 22.392294                 398.72063                                654.84471                      9.7072838                2.6679012              0.5622183                           57.319126                  1547.8988       168.38213        149.21303
              1       1480.5566     0.022484314       64.260156       3.0616877      0.96795246       8.5406218      0.62509575       1.0095627      0.99657646      0.99813017      0.99929125      0.99831593       1.0009271      0.43464707   2.1363581e-09      0.94555022      0.76997124      0.37481669      0.86064359       60.549246       1085.6649       1547.8988      -24.957036       -27.218959          2.2619231       3011.0273                 22.392294                 398.72063                                654.84471                      9.7072838                2.6679012              0.5622183                           57.319126                  1547.8988       167.58833        149.32605
              1       1482.0046     0.022484314       64.260156       3.0616877      0.96795246       8.5406218      0.62509575       1.0095627      0.99657646      0.99868503      0.99723302      0.99346174      0.99846484      0.43464707   2.1363581e-09      0.94555022      0.76997124      0.37481669      0.86064359       60.549246       1085.6649       1547.8988      -24.051149       -26.313072          2.2619231       3012.1114                 22.392294                 398.72063                                654.84471                      9.7072838                2.6679012              0.5622183                           57.319126                  1547.8988       169.36609         148.6324
              1       1482.3087     0.022484314       64.260156       3.0616877      0.96795246       8.5406218      0.62509575       1.0095627      0.99662113      0.99917736       1.0009723      0.99287115      0.99494268      0.43464707   2.1363581e-09      0.94555022      0.76997124      0.37481669      0.86064359       60.549246       1085.7944       1547.8988      -23.714074       -25.975997          2.2619231       3012.0456                 22.386435                 398.72063                                654.99781                      9.6895229                2.6679012              0.5622183                           57.319126                  1547.8988        167.9415        149.86174
              1       1481.9222     0.022484314       64.260156       3.0616877      0.96795246       8.5406218      0.62509575       1.0095627      0.99662113        1.000039       1.0008808      0.99400944       1.0006785      0.43464707   2.1363581e-09      0.94555022      0.76997124      0.37481669      0.86064359       60.549246       1085.7944       1547.8988      -24.359568       -26.621491          2.2619231       3012.5635                 22.386435                 398.72063                                654.99781                      9.6895229                2.6679012              0.5622183                           57.319126                  1547.8988       169.35854        148.96254
              1        1481.009     0.022484314       64.260156       3.0616877      0.96795246       8.5406218      0.62509575       1.0095627      0.99662113        1.000039       1.0008808      0.99766416       1.0001246      0.43464707   2.1363581e-09      0.94555022      0.76997124      0.37481669      0.86064359       60.549246       1085.7944       1547.8988      -25.118503       -27.380426          2.2619231        3012.255                 22.386435                 398.72063                                654.99781                      9.6895229                2.6679012              0.5622183                           57.319126                  1547.8988       169.35854        148.65402
              1       1483.2855     0.022484314       64.260156       3.0616877      0.96795246       8.5406218      0.62509575       1.0095627      0.99662113      0.99857651       1.0001439      0.99271001      0.99281566      0.43464707   2.1363581e-09      0.94555022      0.76997124      0.37481669      0.86064359       60.549246       1085.7944       1547.8988      -23.335147        -25.59707          2.2619231       3013.2412                 22.386435                 398.72063                                654.99781                      9.6895229                2.6679012              0.5622183                           57.319126                  1547.8988       167.38449        151.61433
              1       1479.1423     0.022491814        64.26753       3.0601518      0.96751112       8.4560947      0.62484704       1.0098885      0.99660047      0.99807984        1.000015       0.9983575       0.9997642      0.43871381   2.1330794e-09      0.94554456      0.76897289      0.37506542      0.85981282       61.082578       1084.2934       1547.7648      -24.918413       -27.232504          2.3140902       3008.1214                 22.450424                 398.37938                                653.86044                       9.603106                2.6881786             0.57390537                           57.820494                  1547.7648       166.46481        148.51587
              1        1480.124     0.022491814        64.26753       3.0601518      0.96751112       8.4560947      0.62484704       1.0098885      0.99539796      0.99715409       1.0032439      0.99523747      0.99655969      0.43871381   2.1330794e-09      0.94554456      0.76897289      0.37506542      0.85981282       61.082578       1083.2515       1547.7648      -23.296459        -25.61055          2.3140902       3006.8408                 22.612119                 398.39479                                652.13379                      10.110774                2.6881786             0.57390537                           57.820494                  1547.7648       167.10658        147.63538
              1       1480.1895     0.022491814        64.26753       3.0601518      0.96751112       8.4560947      0.62484704       1.0098885      0.99611292      0.99937733      0.99849524      0.99462867      0.99525793      0.43871381   2.1330794e-09      0.94554456      0.76897289      0.37506542      0.85981282       61.082578       1083.2951       1547.7648      -23.956649       -26.270739          2.3140902       3008.2923                 22.515404                 398.40382                                652.57721                      9.7987027                2.6881786             0.57390537                           57.820494                  1547.7648       167.89287         148.2569
              1       1478.9988     0.022491814        64.26753       3.0601518      0.96751112       8.4560947      0.62484704       1.0098885      0.99611292       0.9979499      0.99984413      0.99739295       1.0006963      0.43871381   2.1330794e-09      0.94554456      0.76897289      0.37506542      0.85981282       61.082578       1083.2951       1547.7648      -24.499824       -26.813914          2.3140902       3006.9973                 22.515404                 398.40382                                652.57721                      9.7987027                2.6881786             0.57390537                           57.820494                  1547.7648       166.52075        148.33406
              1       1481.8186     0.022491814        64.26753       3.0601518      0.96751112       8.4560947      0.62484704       1.0098885      0.99611292       0.9979499      0.99984413      0.99106741      0.99852492      0.43871381   2.1330794e-09      0.94554456      0.76897289      0.37506542      0.85981282       61.082578       1083.2951       1547.7648      -22.673455       -24.987546          2.3140902       3008.9841                 22.515404                 398.40382                                652.57721                      9.7987027                2.6881786             0.57390537                           57.820494                  1547.7648       166.52075        150.32085
              1        1481.389     0.022491814        64.26753       3.0601518      0.96751112       8.4560947      0.62484704       1.0098885      0.99611292      0.99620562      0.99838703      0.99944495      0.99809722      0.43871381   2.1330794e-09      0.94554456      0.76897289      0.37506542      0.85981282       61.082578       1083.2951       1547.7648      -24.064731       -26.378821          2.3140902       3010.9074                 22.515404                 398.40382                                652.57721                      9.7987027                2.6881786             0.57390537                           57.820494                  1547.7648       169.53123        149.23364
              1       1479.4841     0.022491814        64.26753       3.0601518      0.96751112       8.4560947      0.62484704       1.0098885       0.9965756      0.99755445       1.0017344      0.99713171       1.0016188      0.43871381   2.1330794e-09      0.94554456      0.76897289      0.37506542      0.85981282       61.082578       1084.2217       1547.7648      -24.616009       -26.930099          2.3140902       3008.2002                 22.453721                 398.37938                                653.77581                      9.6127464                2.6881786             0.57390537                           57.820494                  1547.7648       166.39511        148.73604
              1       1480.2528     0.022491814        64.26753       3.0601518      0.96751112       8.4560947      0.62484704       1.0098885      0.99507501      0.99754969       1.0018911      0.99708607       1.0014805      0.43871381   2.1330794e-09      0.94554456      0.76897289      0.37506542      0.85981282       61.082578       1083.8097       1547.7648        -23.6099        -25.92399          2.3140902       3007.7254                 22.656391                 398.39479                                652.49686                      10.261624                2.6881786             0.57390537                           57.820494                  1547.7648       166.43138        148.63695
              1       1481.3799     0.022491814        64.26753       3.0601518      0.96751112       8.4560947      0.62484704       1.0098885      0.99507162       0.9996784       1.0036988      0.99631085      0.99741367      0.43871381   2.1330794e-09      0.94554456      0.76897289      0.37506542      0.85981282       61.082578       1083.8174       1547.7648      -23.765545       -26.079635          2.3140902       3010.2909                 22.656857                 398.39479                                652.50253                      10.263238                2.6881786             0.57390537                           57.820494                  1547.7648       170.12825        147.49783
              1       1480.8876     0.022491814        64.26753       3.0601518      0.96751112       8.4560947      0.62484704       1.0098885      0.99713616      0.99956412        1.002821       0.9966002      0.99654992      0.43871381   2.1330794e-09      0.94554456      0.76897289      0.37506542      0.85981282       61.082578       1086.3403       1547.7648      -25.049271       -27.363362          2.3140902       3011.8738                 22.379872                 398.37357                                656.18266                      9.4042056                2.6881786             0.57390537                           57.820494                  1547.7648       168.93555         147.7506
              1        1480.627     0.022491814        64.26753       3.0601518      0.96751112       8.4560947      0.62484704       1.0098885       0.9952672      0.99649071       1.0025172      0.99804694      0.99608477      0.43871381   2.1330794e-09      0.94554456      0.76897289      0.37506542      0.85981282       61.082578       1083.4344       1547.7648      -23.399479        -25.71357          2.3140902        3008.053                 22.630003                 398.39479                                652.23845                       10.17111                2.6881786             0.57390537                           57.820494                  1547.7648       167.19644        148.57478
              1       1480.4292     0.022491814        64.26753       3.0601518      0.96751112       8.4560947      0.62484704       1.0098885       0.9952672       0.9991138      0.99952036      0.99462161       1.0012051      0.43871381   2.1330794e-09      0.94554456      0.76897289      0.37506542      0.85981282       61.082578       1083.4344       1547.7648      -23.548471       -25.862561          2.3140902       3007.9553                 22.630003                 398.39479                                652.23845                       10.17111                2.6881786             0.57390537                           57.820494                  1547.7648       167.17557        148.49799
              1       1482.4504     0.022491814        64.26753       3.0601518      0.96751112       8.4560947      0.62484704       1.0098885      0.99686417       1.0002694       1.0034719      0.99466256       1.0015507      0.43871381   2.1330794e-09      0.94554456      0.76897289      0.37506542      0.85981282       61.082578       1085.1871       1547.7648       -24.59522        -26.90931          2.3140902       3014.0912                 22.415588                 398.38395                                654.88447                      9.5031053                2.6881786             0.57390537                           57.820494                  1547.7648       171.35832        148.69839
              1       1482.0567     0.022491814        64.26753       3.0601518      0.96751112       8.4560947      0.62484704       1.0098885      0.99583882       1.0002419       1.0037683      0.99403063       1.0001371      0.43871381   2.1330794e-09      0.94554456      0.76897289      0.37506542      0.85981282       61.082578       1083.0767       1547.7648      -23.842801       -26.156891          2.3140902       3011.7991                 22.552267                  398.4051                                652.20458                      9.9147888                2.6881786             0.57390537                           57.820494                  1547.7648       171.66707        148.20787
              1       1477.3503     0.022482699       64.101421       3.0645791      0.96718923       8.7378867      0.62253674       1.0109052      0.99561566       1.0009872      0.99750142      0.99867764       0.9987626      0.48269188   2.1425443e-09      0.94528415      0.76223686      0.37737527      0.85490142        65.91525       1076.1785       1551.6353      -24.540568       -26.779527          2.2389595       3003.7817                  22.62817                 399.67322                                643.94952                      9.9275392                2.8773025             0.68596506                           62.351983                  1551.6353       165.07646        144.97626
              1       1475.2281     0.022482699       64.101421       3.0645791      0.96718923       8.7378867      0.62253674       1.0109052      0.99581772      0.99788637      0.99992988      0.99753023      0.99619392      0.48269188   2.1425443e-09      0.94528415      0.76223686      0.37737527      0.85490142        65.91525       1075.9514       1551.6353      -24.254526       -26.493486          2.2389595       2998.9652                 22.600459                 399.67301                                643.84275                      9.8352112                2.8773025             0.68596506                           62.351983                  1551.6353        160.7614        144.70181
              1       1477.8403     0.022482699       64.101421       3.0645791      0.96718923       8.7378867      0.62253674       1.0109052      0.99705683      0.99930047      0.99890658      0.99164906      0.99984126      0.48269188   2.1425443e-09      0.94528415      0.76223686      0.37737527      0.85490142        65.91525        1077.587       1551.6353      -23.740342       -25.979302          2.2389595       3003.1613                 22.433494                 399.65327                                646.17865                      9.3215836                2.8773025             0.68596506                           62.351983                  1551.6353       161.61383        146.40994
              1       1475.4115     0.022482699       64.101421       3.0645791      0.96718923       8.7378867      0.62253674       1.0109052      0.99705683      0.99956147      0.99946959      0.99652233        1.000413      0.48269188   2.1425443e-09      0.94528415      0.76223686      0.37737527      0.85490142        65.91525        1077.587       1551.6353      -25.185128       -27.424087          2.2389595       3001.1934                 22.433494                 399.65327                                646.17865                      9.3215836                2.8773025             0.68596506                           62.351983                  1551.6353       161.72134        144.33446
              1       1476.4981     0.022482699       64.101421       3.0645791      0.96718923       8.7378867      0.62253674       1.0109052      0.99509464      0.99955524      0.99967451      0.99593719      0.99967504      0.48269188   2.1425443e-09      0.94528415      0.76223686      0.37737527      0.85490142        65.91525        1077.423       1551.6353      -23.843984       -26.082943          2.2389595       3000.6841                 22.700271                 399.68646                                644.85948                      10.176751                2.8773025             0.68596506                           62.351983                  1551.6353       161.67992        144.03067
              1       1476.3664     0.022482699       64.101421       3.0645791      0.96718923       8.7378867      0.62253674       1.0109052      0.99527424      0.99946822      0.99942946      0.99906845      0.99970695      0.48269188   2.1425443e-09      0.94528415      0.76223686      0.37737527      0.85490142        65.91525       1076.8761       1551.6353       -24.36569        -26.60465          2.2389595       3001.4641                 22.675313                 399.66939                                644.44234                      10.089026                2.8773025             0.68596506                           62.351983                  1551.6353       161.61548        145.42203
              1       1477.6155     0.022482699       64.101421       3.0645791      0.96718923       8.7378867      0.62253674       1.0109052       0.9952352      0.99850362      0.99665951      0.99531971      0.99579235      0.48269188   2.1425443e-09      0.94528415      0.76223686      0.37737527      0.85490142        65.91525       1076.9818       1551.6353      -23.538931        -25.77789          2.2389595        3002.309                 22.680729                 399.66939                                644.52375                      10.107933                2.8773025             0.68596506                           62.351983                  1551.6353       163.38589         144.3907
              1       1477.1303     0.022482699       64.101421       3.0645791      0.96718923       8.7378867      0.62253674       1.0109052       0.9952352      0.99850362      0.99665951      0.99784177      0.99749977      0.48269188   2.1425443e-09      0.94528415      0.76223686      0.37737527      0.85490142        65.91525       1076.9818       1551.6353      -24.075035       -26.313994          2.2389595       3002.4107                 22.680729                 399.66939                                644.52375                      10.107933                2.8773025             0.68596506                           62.351983                  1551.6353       163.38589        144.49243
              1       1478.5402     0.022482699       64.101421       3.0645791      0.96718923       8.7378867      0.62253674       1.0109052      0.99543661      0.99839156       0.9971359       1.0019205      0.99889825      0.48269188   2.1425443e-09      0.94528415      0.76223686      0.37737527      0.85490142        65.91525       1076.4964       1551.6353      -24.277712       -26.516672          2.2389595       3005.6358                 22.652843                 399.67322                                644.15896                      10.011364                2.8773025             0.68596506                           62.351983                  1551.6353       162.79893        148.78996
              1       1476.4091     0.022482699       64.101421       3.0645791      0.96718923       8.7378867      0.62253674       1.0109052      0.99690458      0.99898195      0.99664919      0.99848754        1.000881      0.48269188   2.1425443e-09      0.94528415      0.76223686      0.37737527      0.85490142        65.91525       1077.1189       1551.6353      -25.302171        -27.54113          2.2389595       3003.4226                 22.453753                 399.66977                                645.61558                      9.3798438                2.8773025             0.68596506                           62.351983                  1551.6353       163.38103        145.37202
              1         1475.57     0.022482699       64.101421       3.0645791      0.96718923       8.7378867      0.62253674       1.0109052      0.99690458      0.99772568       1.0028183      0.99850722       1.0009828      0.48269188   2.1425443e-09      0.94528415      0.76223686      0.37737527      0.85490142        65.91525       1077.1189       1551.6353      -25.072059       -27.311018          2.2389595       3001.2842                 22.453753                 399.66977                                645.61558                      9.3798438                2.8773025             0.68596506                           62.351983                  1551.6353       161.18288        145.43182
              1       1476.0639     0.022482699       64.101421       3.0645791      0.96718923       8.7378867      0.62253674       1.0109052      0.99690458      0.99972651       1.0026482      0.99735029      0.99632597      0.48269188   2.1425443e-09      0.94528415      0.76223686      0.37737527      0.85490142        65.91525       1077.1189       1551.6353      -25.117843       -27.356802          2.2389595       3002.3635                 22.453753                 399.66977                                645.61558                      9.3798438                2.8773025             0.68596506                           62.351983                  1551.6353       163.13081        144.56316
              1       1476.8313     0.022481217        64.00245       3.0646071      0.96721386       8.7111295      0.62184222       1.0102876      0.99710567      0.99959324        1.003114      0.99616025       1.0020173      0.47929528   2.1426042e-09      0.94511842      0.76182587      0.37806952      0.85522605       67.197264       1076.1451       1553.9082      -25.112977       -27.345792           2.232815       3003.8886                 22.440471                 399.56079                                644.72432                      9.4195613                2.9326514             0.71932978                           63.545283                  1553.9082       161.94443        144.69351
              1       1477.0057     0.022481217        64.00245       3.0646071      0.96721386       8.7111295      0.62184222       1.0102876       0.9958867      0.99946288       1.0000638      0.99671511      0.99427483      0.47929528   2.1426042e-09      0.94511842      0.76182587      0.37806952      0.85522605       67.197264       1075.7013       1553.9082      -24.249228       -26.482043           2.232815       3002.5098                 22.604641                 399.56313                                643.58943                      9.9441103                2.9326514             0.71932978                           63.545283                  1553.9082       160.31337        145.38959
              1       1476.7918     0.022508523       64.366659       3.0401234      0.96738534       7.4562988      0.62285317       1.0137641      0.99607798      0.99893201       1.0017552      0.99791334       1.0007636      0.50375071   2.0907823e-09      0.94567183      0.75429775      0.37705956      0.84564321       65.934954       1083.1981       1545.8577      -24.608594       -27.021865          2.4132714       3002.8008                 22.166688                 395.86749                                656.78638                      8.3775644                2.8486488             0.66865117                           62.417654                  1545.8577       163.50879        144.30122
              1       1477.4332     0.022508523       64.366659       3.0401234      0.96738534       7.4562988      0.62285317       1.0137641      0.99620686      0.99927283        1.002129      0.99662377      0.99496935      0.50375071   2.0907823e-09      0.94567183      0.75429775      0.37705956      0.84564321       65.934954        1083.362       1545.8577      -24.313511       -26.726782          2.4132714       3003.4934                 22.150522                 395.86549                                656.98967                      8.3563594                2.8486488             0.66865117                           62.417654                  1545.8577       164.11847        144.22023
              1       1478.2836     0.022508523       64.366659       3.0401234      0.96738534       7.4562988      0.62285317       1.0137641      0.99620686      0.99607069       1.0012536      0.99789046      0.99623301      0.50375071   2.0907823e-09      0.94567183      0.75429775      0.37705956      0.84564321       65.934954        1083.362       1545.8577      -23.762648        -26.17592          2.4132714       3004.0924                 22.150522                 395.86549                                656.98967                      8.3563594                2.8486488             0.66865117                           62.417654                  1545.8577        164.7916        144.14615
              1       1476.9572     0.022508523       64.366659       3.0401234      0.96738534       7.4562988      0.62285317       1.0137641      0.99603617      0.99738716       1.0010741       0.9989026      0.99787283      0.50375071   2.0907823e-09      0.94567183      0.75429775      0.37705956      0.84564321       65.934954       1083.1565       1545.8577       -24.30714       -26.720412          2.4132714       3002.5286                 22.171945                 395.86749                                656.73237                       8.384652                2.8486488             0.66865117                           62.417654                  1545.8577       163.11168        144.46782
              1       1477.1549     0.022491726       64.239887       3.0399545      0.96690294        7.362013      0.62211255       1.0127198      0.99692937      0.99772574       1.0041606      0.99677621       1.0007536      0.48827756   2.0904291e-09       0.9454979      0.75553475      0.37779984      0.84786108       67.024282       1080.6226       1548.6616      -24.829904       -27.124539          2.2946343       3003.9697                 22.226472                 395.78593                                654.19776                      8.4124818                2.9032966             0.70145272                           63.419532                  1548.6616       164.25079        143.41034
              1       1477.0836     0.022491726       64.239887       3.0399545      0.96690294        7.362013      0.62211255       1.0127198      0.99692937      0.99731937       1.0017723       0.9952451       1.0001297      0.48827756   2.0904291e-09       0.9454979      0.75553475      0.37779984      0.84786108       67.024282       1080.6226       1548.6616      -24.420275        -26.71491          2.2946343       3003.0077                 22.226472                 395.78593                                654.19776                      8.4124818                2.9032966             0.70145272                           63.419532                  1548.6616       163.33029         143.3689
              1       1477.8987     0.022491726       64.239887       3.0399545      0.96690294        7.362013      0.62211255       1.0127198      0.99692937      0.99799029       1.0032984       1.0008637      0.99702578      0.48827756   2.0904291e-09       0.9454979      0.75553475      0.37779984      0.84786108       67.024282       1080.6226       1548.6616      -25.053812       -27.348446          2.2946343        3005.905                 22.226472                 395.78593                                654.19776                      8.4124818                2.9032966             0.70145272                           63.419532                  1548.6616       163.46056        146.13588
              1       1476.6283     0.022491726       64.239887       3.0399545      0.96690294        7.362013      0.62211255       1.0127198      0.99692937      0.99799029       1.0032984       0.9963009      0.99977722      0.48827756   2.0904291e-09       0.9454979      0.75553475      0.37779984      0.84786108       67.024282       1080.6226       1548.6616       -24.81616       -27.110794          2.2946343        3002.889                 22.226472                 395.78593                                654.19776                      8.4124818                2.9032966             0.70145272                           63.419532                  1548.6616       163.46056        143.11989
              1       1477.3921     0.022491726       64.239887       3.0399545      0.96690294        7.362013      0.62211255       1.0127198      0.99692937       0.9977028       1.0003352      0.99466872       1.0013976      0.48827756   2.0904291e-09       0.9454979      0.75553475      0.37779984      0.84786108       67.024282       1080.6226       1548.6616      -24.363807       -26.658441          2.2946343       3003.5118                 22.226472                 395.78593                                654.19776                      8.4124818                2.9032966             0.70145272                           63.419532                  1548.6616        163.1107        144.09251
              1        1478.478     0.022491726       64.239887       3.0399545      0.96690294        7.362013      0.62211255       1.0127198      0.99651737      0.99802481      0.99725727      0.99461973       1.0012607      0.48827756   2.0904291e-09       0.9454979      0.75553475      0.37779984      0.84786108       67.024282       1080.2633       1548.6616       -24.21467       -26.509304          2.2946343       3005.3854                 22.278951                  395.7847                                653.71034                      8.4892881                2.9032966             0.70145272                           63.419532                  1548.6616       165.38884        144.04735
              1       1474.2003     0.022457506       64.190053       3.0401801      0.96663416       7.3708511      0.62327911       1.0114479      0.99686758      0.99819112      0.99763811      0.99330124      0.99669231      0.48733526   2.0909008e-09      0.94549629      0.75297462      0.37663314      0.84368237       65.198613       1070.2096       1549.6112      -24.186843       -26.246144           2.059301       2996.7743                 22.321673                 395.80626                                643.84434                      8.2373606                2.8117211             0.64648678                           61.740406                  1549.6112       167.00597        144.74886
              1        1473.906     0.022457506       64.190053       3.0401801      0.96663416       7.3708511      0.62327911       1.0114479      0.99729207      0.99900555      0.99716408      0.99328197      0.99675094      0.48733526   2.0909008e-09      0.94549629      0.75297462      0.37663314      0.84368237       65.198613       1070.3534       1549.6112      -24.509242       -26.568543           2.059301       2996.8305                 22.267244                 395.80041                                644.10036                      8.1854201                2.8117211             0.64648678                           61.740406                  1549.6112       166.92641        144.74084
              1       1473.1153     0.022457506       64.190053       3.0401801      0.96663416       7.3708511      0.62327911       1.0114479      0.99729207       1.0003251       1.0017497      0.99327212      0.99697358      0.48733526   2.0909008e-09      0.94549629      0.75297462      0.37663314      0.84368237       65.198613       1070.3534       1549.6112      -24.568243       -26.627544           2.059301       2995.3671                 22.267244                 395.80041                                644.10036                      8.1854201                2.8117211             0.64648678                           61.740406                  1549.6112       165.53842        144.66539
              1       1474.5145     0.022457506       64.190053       3.0401801      0.96663416       7.3708511      0.62327911       1.0114479      0.99729207      0.99880423       1.0061641      0.99959284       1.0043947      0.48733526   2.0909008e-09      0.94549629      0.75297462      0.37663314      0.84368237       65.198613       1070.3534       1549.6112      -25.517128       -27.576429           2.059301       3000.0633                 22.267244                 395.80041                                644.10036                      8.1854201                2.8117211             0.64648678                           61.740406                  1549.6112       168.32916        146.57092
              1       1475.1152     0.022457506       64.190053       3.0401801      0.96663416       7.3708511      0.62327911       1.0114479      0.99839062      0.99664997       1.0053693      0.99970565       1.0020573      0.48733526   2.0909008e-09      0.94549629      0.75297462      0.37663314      0.84368237       65.198613       1073.5631       1549.6112      -25.497134       -27.556435           2.059301       3001.2246                 22.129172                  395.7837                                647.55091                      8.0993015                2.8117211             0.64648678                           61.740406                  1549.6112       167.82481        145.02693
              1       1474.5283     0.022457506       64.190053       3.0401801      0.96663416       7.3708511      0.62327911       1.0114479      0.99712139      0.99995998       1.0057258      0.99976207       1.0035509      0.48733526   2.0909008e-09      0.94549629      0.75297462      0.37663314      0.84368237       65.198613       1070.2195       1549.6112      -25.586327       -27.645628           2.059301       3000.2293                 22.289065                 395.80041                                643.92496                      8.2050487                2.8117211             0.64648678                           61.740406                  1549.6112       169.20064        145.99937
              1       1471.7749     0.022407579       64.070006       3.0437506      0.96852472       7.6836319      0.62376586       1.0104309      0.99843782      0.99852685       1.0004973      0.99385731      0.99949358      0.50336574   2.0983798e-09      0.94541348      0.74875268      0.37614606      0.83840918       64.875864       1069.4746       1552.1959      -25.439639        -27.17527          1.7356304        2994.429                 21.751907                 396.10213                                643.61464                      8.0059425                2.7780653             0.62660772                           61.471191                  1552.1959       164.62561        143.25703
              1       1473.4942     0.022407579       64.070006       3.0437506      0.96852472       7.6836319      0.62376586       1.0104309      0.99843782      0.99686792       1.0061012      0.99574192       1.0014687      0.50336574   2.0983798e-09      0.94541348      0.74875268      0.37614606      0.83840918       64.875864       1069.4746       1552.1959      -25.483372       -27.219002          1.7356304       2997.9551                 21.751907                 396.10213                                643.61464                      8.0059425                2.7780653             0.62660772                           61.471191                  1552.1959        168.6369        142.77182
              1       1472.1463     0.022407579       64.070006       3.0437506      0.96852472       7.6836319      0.62376586       1.0104309      0.99843782      0.99802029        0.999605       1.0008219       1.0006702      0.50336574   2.0983798e-09      0.94541348      0.74875268      0.37614606      0.83840918       64.875864       1069.4746       1552.1959      -26.259716       -27.995347          1.7356304       2996.8121                 21.751907                 396.10213                                643.61464                      8.0059425                2.7780653             0.62660772                           61.471191                  1552.1959       165.60916        144.65656
              1       1471.9236     0.022407579       64.070006       3.0437506      0.96852472       7.6836319      0.62376586       1.0104309      0.99657619       1.0007479      0.99949434      0.99341549      0.99873087      0.50336574   2.0983798e-09      0.94541348      0.74875268      0.37614606      0.83840918       64.875864       1066.6011       1552.1959      -24.634287       -26.369917          1.7356304       2993.1158                 21.970352                 396.10051                                640.47208                      8.0581689                2.7780653             0.62660772                           61.471191                  1552.1959       165.83195        143.61101
              1       1470.1513     0.022407579       64.070006       3.0437506      0.96852472       7.6836319      0.62376586       1.0104309      0.99793966        0.999834      0.99888172      0.99859166       1.0008991      0.50336574   2.0983798e-09      0.94541348      0.74875268      0.37614606      0.83840918       64.875864       1067.5475       1552.1959      -26.295717       -28.031348          1.7356304        2992.894                   21.8092                 396.09543                                641.64245                      8.0003828                2.7780653             0.62660772                           61.471191                  1552.1959       165.33252        142.94223
              1       1471.1953     0.022407579       64.070006       3.0437506      0.96852472       7.6836319      0.62376586       1.0104309      0.99793966      0.99926401      0.99700298      0.99859674       1.0008066      0.50336574   2.0983798e-09      0.94541348      0.74875268      0.37614606      0.83840918       64.875864       1067.5475       1552.1959      -26.269001       -28.004631          1.7356304       2994.9286                   21.8092                 396.09543                                641.64245                      8.0003828                2.7780653             0.62660772                           61.471191                  1552.1959       167.38631        142.92308
              1       1471.5644     0.022396007       64.245792       3.0427021      0.96705172       7.3815685      0.62384972       1.0120718      0.99954653       1.0009623      0.99792228      0.99968346       1.0023675      0.50474699   2.0961807e-09      0.94573982      0.75164689      0.37606268      0.84155665       63.823877       1069.6396       1548.3392      -26.639212       -28.305907           1.666695       2996.4072                 22.071528                  395.8151                                643.66906                      8.0839092                2.7507449             0.61003389                           60.463099                  1548.3392       170.76613        143.83832
              1       1472.1727     0.022396007       64.245792       3.0427021      0.96705172       7.3815685      0.62384972       1.0120718      0.99954653       1.0004075      0.99710757      0.99855745      0.99874355      0.50474699   2.0961807e-09      0.94573982      0.75164689      0.37606268      0.84155665       63.823877       1069.6396       1548.3392      -26.670399       -28.337094           1.666695       2997.6862                 22.071528                  395.8151                                643.66906                      8.0839092                2.7507449             0.61003389                           60.463099                  1548.3392       172.08969        143.79382
              1       1470.8616     0.022396007       64.245792       3.0427021      0.96705172       7.3815685      0.62384972       1.0120718      0.99887214      0.99976835      0.99889831      0.99980119      0.99893124      0.50474699   2.0961807e-09      0.94573982      0.75164689      0.37606268      0.84155665       63.823877       1068.3682       1548.3392       -26.64609       -28.312785           1.666695       2995.0153                 22.154829                 395.80122                                642.27619                      8.1359956                2.7507449             0.61003389                           60.463099                  1548.3392       170.32108         144.1629
              1       1471.9366     0.022396007       64.245792       3.0427021      0.96705172       7.3815685      0.62384972       1.0120718      0.99861802      0.99948897       1.0005037      0.99436719      0.99797186      0.50474699   2.0961807e-09      0.94573982      0.75164689      0.37606268      0.84155665       63.823877       1068.2929       1548.3392      -25.769495       -27.436191           1.666695       2995.4122                 22.186589                 395.79999                                642.14386                      8.1624094                2.7507449             0.61003389                           60.463099                  1548.3392       169.33791        145.61836
              1       1472.0958     0.022396007       64.245792       3.0427021      0.96705172       7.3815685      0.62384972       1.0120718      0.99923642      0.99949093       1.0004391       1.0014025      0.99653015      0.50474699   2.0961807e-09      0.94573982      0.75164689      0.37606268      0.84155665       63.823877       1068.8436       1548.3392      -26.538899       -28.205594           1.666695       2997.2693                 22.109667                 395.78833                                642.84099                      8.1046171                2.7507449             0.61003389                           60.463099                  1548.3392       169.37123        146.89137
              1       1470.3941     0.022396007       64.245792       3.0427021      0.96705172       7.3815685      0.62384972       1.0120718      0.99923642      0.99949093       1.0004391      0.99804107      0.99906237      0.50474699   2.0961807e-09      0.94573982      0.75164689      0.37606268      0.84155665       63.823877       1068.8436       1548.3392      -26.598091       -28.264786           1.666695       2993.9843                 22.109667                 395.78833                                642.84099                      8.1046171                2.7507449             0.61003389                           60.463099                  1548.3392       169.37123        143.60637
              1       1472.5557     0.022396007       64.245792       3.0427021      0.96705172       7.3815685      0.62384972       1.0120718      0.99916946      0.99944552       1.0022676       1.0038981       1.0009573      0.50474699   2.0961807e-09      0.94573982      0.75164689      0.37606268      0.84155665       63.823877       1068.7202       1548.3392      -26.304821       -27.971516           1.666695        2997.721                 22.117939                 395.78833                                642.70408                      8.1098126                2.7507449             0.61003389                           60.463099                  1548.3392       168.96019        147.87752
              1       1473.2958     0.022396007       64.245792       3.0427021      0.96705172       7.3815685      0.62384972       1.0120718      0.99887076       1.0012586       1.0033632      0.99856587       1.0081386      0.50474699   2.0961807e-09      0.94573982      0.75164689      0.37606268      0.84155665       63.823877       1068.3672       1548.3392       -25.89497       -27.561665           1.666695       2998.3816                 22.155001                 395.80122                                642.27489                      8.1361289                2.7507449             0.61003389                           60.463099                  1548.3392       169.85757         147.9937
              1       1471.5948     0.022396007       64.245792       3.0427021      0.96705172       7.3815685      0.62384972       1.0120718      0.99887076       1.0012586       1.0033632      0.99610485       1.0042638      0.50474699   2.0961807e-09      0.94573982      0.75164689      0.37606268      0.84155665       63.823877       1068.3672       1548.3392      -26.024314       -27.691009           1.666695       2995.2382                 22.155001                 395.80122                                642.27489                      8.1361289                2.7507449             0.61003389                           60.463099                  1548.3392       169.85757        144.85027
              1       1472.3067     0.022396007       64.245792       3.0427021      0.96705172       7.3815685      0.62384972       1.0120718      0.99811796       1.0012563       1.0034419       1.0018021      0.99786455      0.50474699   2.0961807e-09      0.94573982      0.75164689      0.37606268      0.84155665       63.823877       1068.7886       1548.3392      -26.267896       -27.934591           1.666695       2997.1492                 22.249762                 395.79999                                642.51359                      8.2252792                2.7507449             0.61003389                           60.463099                  1548.3392       169.91479        146.28267
              1       1472.1086     0.022396007       64.245792       3.0427021      0.96705172       7.3815685      0.62384972       1.0120718      0.99770034        1.002102       1.0027481      0.99836808       0.9995535      0.50474699   2.0961807e-09      0.94573982      0.75164689      0.37606268      0.84155665       63.823877        1069.871       1548.3392      -26.026137       -27.692832           1.666695       2996.2695                 22.303191                 395.81396                                643.46493                      8.2888931                2.7507449             0.61003389                           60.463099                  1548.3392       170.74683        143.48862
              1       1473.5268     0.022396007       64.245792       3.0427021      0.96705172       7.3815685      0.62384972       1.0120718      0.99963844       1.0035007       1.0016686      0.99849684       1.0016341      0.50474699   2.0961807e-09      0.94573982      0.75164689      0.37606268      0.84155665       63.823877       1069.9299       1548.3392       -25.99003       -27.656725           1.666695       2999.0337                 22.060278                  395.8151                                 643.9757                      8.0788299                2.7507449             0.61003389                           60.463099                  1548.3392       173.57494        143.36577
              1       1473.3174     0.022427695       64.240377       3.0421728       0.9684862       7.4317256      0.62294346       1.0129515      0.99862213       1.0000438       1.0023003      0.99803275      0.99855193      0.52639475   2.0950715e-09      0.94565389       0.7489258      0.37696893       0.8395198       65.847903       1075.9154       1548.5559      -26.298543       -28.161507          1.8629639       2999.2318                  21.84813                 395.83735                                650.15324                      8.0766806                2.8271957             0.65547389                           62.365233                  1548.5559        165.8703        143.04225
              1       1475.1369     0.022427695       64.240377       3.0421728       0.9684862       7.4317256      0.62294346       1.0129515      0.99862213      0.99889616       1.0039349      0.99625516       0.9966004      0.52639475   2.0950715e-09      0.94565389       0.7489258      0.37696893       0.8395198       65.847903       1075.9154       1548.5559      -25.889631       -27.752595          1.8629639       3002.0531                  21.84813                 395.83735                                650.15324                      8.0766806                2.8271957             0.65547389                           62.365233                  1548.5559       167.29039        144.44347
              1       1475.0913     0.022427695       64.240377       3.0421728       0.9684862       7.4317256      0.62294346       1.0129515      0.99862213      0.99941898       1.0042184      0.99614649      0.99652191      0.52639475   2.0950715e-09      0.94565389       0.7489258      0.37696893       0.8395198       65.847903       1075.9154       1548.5559      -25.912983       -27.775947          1.8629639       3002.0086                  21.84813                 395.83735                                650.15324                      8.0766806                2.8271957             0.65547389                           62.365233                  1548.5559       167.14395        144.54538
              1       1475.2197     0.022427695       64.240377       3.0421728       0.9684862       7.4317256      0.62294346       1.0129515      0.99862213      0.99941898       1.0042184      0.99698317        1.005324      0.52639475   2.0950715e-09      0.94565389       0.7489258      0.37696893       0.8395198       65.847903       1075.9154       1548.5559      -25.901838       -27.764802          1.8629639        3002.243                  21.84813                 395.83735                                650.15324                      8.0766806                2.8271957             0.65547389                           62.365233                  1548.5559       167.14395        144.77982
              1       1475.1288     0.022427695       64.240377       3.0421728       0.9684862       7.4317256      0.62294346       1.0129515      0.99862213       1.0010235      0.99640355      0.99828248      0.99845063      0.52639475   2.0950715e-09      0.94565389       0.7489258      0.37696893       0.8395198       65.847903       1075.9154       1548.5559        -26.2604       -28.123363          1.8629639       3002.7785                  21.84813                 395.83735                                650.15324                      8.0766806                2.8271957             0.65547389                           62.365233                  1548.5559       169.35265         143.1066
              1        1473.488     0.022427695       64.240377       3.0421728       0.9684862       7.4317256      0.62294346       1.0129515      0.99862213       1.0007552       1.0032543      0.99855649        1.001278      0.52639475   2.0950715e-09      0.94565389       0.7489258      0.37696893       0.8395198       65.847903       1075.9154       1548.5559      -26.315651       -28.178615          1.8629639       2999.6072                  21.84813                 395.83735                                650.15324                      8.0766806                2.8271957             0.65547389                           62.365233                  1548.5559       166.59404        142.69392
              1       1474.8095     0.022427695       64.240377       3.0421728       0.9684862       7.4317256      0.62294346       1.0129515      0.99768637       1.0023294       1.0001555      0.99655358      0.99984893      0.52639475   2.0950715e-09      0.94565389       0.7489258      0.37696893       0.8395198       65.847903       1076.0037       1548.5559      -25.541868       -27.404832          1.8629639       3000.7027                 21.959417                 395.84194                                650.03662                      8.1657553                2.8271957             0.65547389                           62.365233                  1548.5559       167.37781        142.91736
              1       1474.3915     0.022427695       64.240377       3.0421728       0.9684862       7.4317256      0.62294346       1.0129515       0.9981107       1.0012588       1.0014678      0.99510098       1.0015897      0.52639475   2.0950715e-09      0.94565389       0.7489258      0.37696893       0.8395198       65.847903       1075.6011       1548.5559      -25.573615       -27.436579          1.8629639       2999.9303                 21.908642                 395.84657                                649.72684                      8.1190875                2.8271957             0.65547389                           62.365233                  1548.5559       166.11876        143.80653
              1       1474.3579     0.022427695       64.240377       3.0421728       0.9684862       7.4317256      0.62294346       1.0129515       0.9981107       1.0012588       1.0014678      0.99776275      0.99623548      0.52639475   2.0950715e-09      0.94565389       0.7489258      0.37696893       0.8395198       65.847903       1075.6011       1548.5559      -25.934564       -27.797528          1.8629639        3000.585                 21.908642                 395.84657                                649.72684                      8.1190875                2.8271957             0.65547389                           62.365233                  1548.5559       166.11876        144.46126
              1       1475.3601     0.022427695       64.240377       3.0421728       0.9684862       7.4317256      0.62294346       1.0129515      0.99872545       1.0012607       1.0014036      0.99867244      0.99464669      0.52639475   2.0950715e-09      0.94565389       0.7489258      0.37696893       0.8395198       65.847903       1076.0885       1548.5559      -26.033272       -27.896236          1.8629639       3002.7867                 21.836016                 395.83735                                650.34521                      8.0699439                2.8271957             0.65547389                           62.365233                  1548.5559       166.10579        146.18857
              1       1475.3815     0.022427695       64.240377       3.0421728       0.9684862       7.4317256      0.62294346       1.0129515      0.99872545      0.99963144        1.001134      0.99371661       1.0016622      0.52639475   2.0950715e-09      0.94565389       0.7489258      0.37696893       0.8395198       65.847903       1076.0885       1548.5559      -25.423523       -27.286487          1.8629639         3001.61                 21.836016                 395.83735                                650.34521                      8.0699439                2.8271957             0.65547389                           62.365233                  1548.5559       165.96425        145.15337
              1       1474.6053     0.022427695       64.240377       3.0421728       0.9684862       7.4317256      0.62294346       1.0129515      0.99872545       1.0010439        1.000739       0.9946902       1.0015478      0.52639475   2.0950715e-09      0.94565389       0.7489258      0.37696893       0.8395198       65.847903       1076.0885       1548.5559      -25.653934       -27.516898          1.8629639       3000.5185                 21.836016                 395.83735                                650.34521                      8.0699439                2.8271957             0.65547389                           62.365233                  1548.5559       165.88853         144.1376
              1       1474.6401     0.022427695       64.240377       3.0421728       0.9684862       7.4317256      0.62294346       1.0129515      0.99872545       1.0010439        1.000739      0.99481113       1.0022367      0.52639475   2.0950715e-09      0.94565389       0.7489258      0.37696893       0.8395198       65.847903       1076.0885       1548.5559      -25.660759       -27.523723          1.8629639       3000.6018                 21.836016                 395.83735                                650.34521                      8.0699439                2.8271957             0.65547389                           62.365233                  1548.5559       165.88853        144.22089
              1       1475.2648     0.022427695       64.240377       3.0421728       0.9684862       7.4317256      0.62294346       1.0129515      0.99872545      0.99867618       1.0018716      0.99447059       0.9999569      0.52639475   2.0950715e-09      0.94565389       0.7489258      0.37696893       0.8395198       65.847903       1076.0885       1548.5559      -25.580728       -27.443692          1.8629639       3001.6911                 21.836016                 395.83735                                650.34521                      8.0699439                2.8271957             0.65547389                           62.365233                  1548.5559       166.96967        144.22911
              1       1464.8951     0.022454586       64.117291       3.0526917      0.96348298       7.5002536      0.62306385       1.0113323       1.0018586        1.000823       1.0028199       1.0011166       1.0052645      0.51249374   2.1172257e-09      0.94537962      0.75088205      0.37684821       0.8415779       65.959944       1054.5346       1551.2276      -25.782434       -27.822233          2.0397988       2981.3552                 22.981977                 395.94074                                627.16325                      8.4486218                2.8346543                0.66032                            62.46497                  1551.2276       167.50662        142.12643
              1       1467.1864     0.022454586       64.117291       3.0526917      0.96348298       7.5002536      0.62306385       1.0113323       1.0019366       1.0005515       1.0033343        1.004818       1.0069026      0.51249374   2.1172257e-09      0.94537962      0.75088205      0.37684821       0.8415779       65.959944       1054.4226       1551.2276      -25.046128       -27.085927          2.0397988        2984.465                 22.970801                  395.9419                                627.08019                      8.4297554                2.8346543                0.66032                            62.46497                  1551.2276       168.12097        144.73392
              1       1465.0685     0.022454586       64.117291       3.0526917      0.96348298       7.5002536      0.62306385       1.0113323       1.0019366       1.0008299       1.0045528      0.99920377        1.004214      0.51249374   2.1172257e-09      0.94537962      0.75088205      0.37684821       0.8415779       65.959944       1054.4226       1551.2276      -25.867525       -27.907324          2.0397988        2981.872                 22.970801                  395.9419                                627.08019                      8.4297554                2.8346543                0.66032                            62.46497                  1551.2276       167.99413         142.2677
              1       1464.9867     0.022454586       64.117291       3.0526917      0.96348298       7.5002536      0.62306385       1.0113323       1.0021432       1.0006735       1.0042842       1.0005314       1.0046129      0.51249374   2.1172257e-09      0.94537962      0.75088205      0.37684821       0.8415779       65.959944       1054.2254       1551.2276      -25.788557       -27.828356          2.0397988       2981.5506                 22.941283                 395.94483                                 626.9578                      8.3814691                2.8346543                0.66032                            62.46497                  1551.2276        168.1432        141.99448
              1       1464.0827     0.022454586       64.117291       3.0526917      0.96348298       7.5002536      0.62306385       1.0113323       1.0021432       1.0019203        1.001916       1.0008884       1.0013536      0.51249374   2.1172257e-09      0.94537962      0.75088205      0.37684821       0.8415779       65.959944       1054.2254       1551.2276      -25.780299       -27.820098          2.0397988        2979.726                 22.941283                 395.94483                                 626.9578                      8.3814691                2.8346543                0.66032                            62.46497                  1551.2276       165.80455        142.50858
              1       1465.7044     0.022454586       64.117291       3.0526917      0.96348298       7.5002536      0.62306385       1.0113323       1.0021432        1.002074       1.0062544      0.99849095       1.0044283      0.51249374   2.1172257e-09      0.94537962      0.75088205      0.37684821       0.8415779       65.959944       1054.2254       1551.2276      -25.541107       -27.580906          2.0397988       2982.4911                 22.941283                 395.94483                                 626.9578                      8.3814691                2.8346543                0.66032                            62.46497                  1551.2276        168.4207        142.65749
              1       1465.3512     0.022454586       64.117291       3.0526917      0.96348298       7.5002536      0.62306385       1.0113323       1.0029425       1.0013926       1.0039537      0.99852165       1.0043923      0.51249374   2.1172257e-09      0.94537962      0.75088205      0.37684821       0.8415779       65.959944       1054.7698       1551.2276      -25.352382       -27.392181          2.0397988       2981.4073                  22.82827                 395.90775                                627.81602                      8.2177664                2.8346543                0.66032                            62.46497                  1551.2276       166.81604         142.6339
              1       1466.1889     0.022454586       64.117291       3.0526917      0.96348298       7.5002536      0.62306385       1.0113323       1.0029425       1.0013961        1.003999      0.99688236       1.0041983      0.51249374   2.1172257e-09      0.94537962      0.75088205      0.37684821       0.8415779       65.959944       1054.7698       1551.2276      -25.180751        -27.22055          2.0397988       2982.7393                  22.82827                 395.90775                                627.81602                      8.2177664                2.8346543                0.66032                            62.46497                  1551.2276       166.83359        143.94841
              1       1466.6715     0.022454586       64.117291       3.0526917      0.96348298       7.5002536      0.62306385       1.0113323        1.002674       1.0014296        1.003984        1.004526       1.0069855      0.51249374   2.1172257e-09      0.94537962      0.75088205      0.37684821       0.8415779       65.959944       1054.3454       1551.2276      -24.734244       -26.774043          2.0397988       2982.8115                 22.866027                 395.91851                                627.29221                      8.2686613                2.8346543                0.66032                            62.46497                  1551.2276       166.78342        144.49516
              1       1468.9593     0.022454586       64.117291       3.0526917      0.96348298       7.5002536      0.62306385       1.0113323        1.002674       1.0014932       1.0042586      0.99396768       1.0055369      0.51249374   2.1172257e-09      0.94537962      0.75088205      0.37684821       0.8415779       65.959944       1054.3454       1551.2276      -24.501102       -26.540901          2.0397988       2986.9208                 22.866027                 395.91851                                627.29221                      8.2686613                2.8346543                0.66032                            62.46497                  1551.2276       166.85739        148.53047
              1       1467.0735     0.022445636       64.057648       3.0541962      0.96345326       7.5724255      0.62263042       1.0108849       1.0025619       1.0048981      0.99909381      0.99781522        1.003243       0.5025384   2.1204134e-09      0.94529967       0.7527563      0.37728147      0.84416338       66.503208       1054.3111       1552.5922      -24.372562       -26.353473          1.9809112       2982.8921                 22.911406                 396.02121                                626.93096                      8.4475429                2.8671217             0.67977301                           62.956314                  1552.5922        166.3645        143.12106
              1       1465.9194     0.022445636       64.057648       3.0541962      0.96345326       7.5724255      0.62263042       1.0108849       1.0017233       1.0043867        1.001125       1.0007466       1.0007575       0.5025384   2.1204134e-09      0.94529967       0.7527563      0.37728147      0.84416338       66.503208       1054.8837       1552.5922      -25.122504       -27.103415          1.9809112       2982.0839                 23.031507                 396.02658                                627.15592                      8.6697373                2.8671217             0.67977301                           62.956314                  1552.5922       165.26111        142.84367
              1       1466.6261     0.022445636       64.057648       3.0541962      0.96345326       7.5724255      0.62263042       1.0108849       1.0017233       1.0043867        1.001125      0.99980138      0.99891883       0.5025384   2.1204134e-09      0.94529967       0.7527563      0.37728147      0.84416338       66.503208       1054.8837       1552.5922      -25.129718       -27.110629          1.9809112       2983.5117                 23.031507                 396.02658                                627.15592                      8.6697373                2.8671217             0.67977301                           62.956314                  1552.5922       165.26111        144.27147
              1       1466.7375     0.022445636       64.057648       3.0541962      0.96345326       7.5724255      0.62263042       1.0108849        1.001466        1.001415       1.0057355       1.0021308       1.0059952       0.5025384   2.1204134e-09      0.94529967       0.7527563      0.37728147      0.84416338       66.503208       1055.5353       1552.5922      -25.712617       -27.693528          1.9809112       2984.9002                 23.068766                 396.02658                                627.69389                      8.7460826                2.8671217             0.67977301                           62.956314                  1552.5922       167.68382        142.58566
              1        1465.241     0.022436005        64.09758       3.0530822      0.96363309       7.5436814      0.62316652       1.0110015       1.0013485       1.0019608       1.0007309       1.0037345       1.0021435      0.50160641   2.1180526e-09      0.94539125      0.75265525      0.37674548       0.8434503       65.594288       1054.9971       1551.6505      -25.764338       -27.680887          1.9165484       2982.0106                 23.007487                 395.99601                                627.37629                      8.6172638                2.8260292             0.65514807                            62.11311                  1551.6505       166.17487        143.59392
              1       1466.7367     0.022436005        64.09758       3.0530822      0.96363309       7.5436814      0.62316652       1.0110015       1.0013485       1.0021378      0.99785056       1.0000801      0.99833974      0.50160641   2.1180526e-09      0.94539125      0.75265525      0.37674548       0.8434503       65.594288       1054.9971       1551.6505      -26.087159       -28.003707          1.9165484       2985.6476                 23.007487                 395.99601                                627.37629                      8.6172638                2.8260292             0.65514807                            62.11311                  1551.6505       168.78899        144.61679
              1       1465.8047     0.022436005        64.09758       3.0530822      0.96363309       7.5436814      0.62316652       1.0110015       1.0024007       1.0040754       1.0021415      0.99819574        1.006311      0.50160641   2.1180526e-09      0.94539125      0.75265525      0.37674548       0.8434503       65.594288       1054.0788       1551.6505      -24.671471       -26.588019          1.9165484       2980.9523                  22.85768                 395.97008                                626.89414                      8.3569274                2.8260292             0.65514807                            62.11311                  1551.6505       166.18158        143.44714
              1       1468.4179     0.022436005        64.09758       3.0530822      0.96363309       7.5436814      0.62316652       1.0110015       1.0024007       1.0052532      0.99778634       1.0046571       1.0038617      0.50160641   2.1180526e-09      0.94539125      0.75265525      0.37674548       0.8434503       65.594288       1054.0788       1551.6505      -23.839597       -25.756145          1.9165484       2984.5149                  22.85768                 395.97008                                626.89414                      8.3569274                2.8260292             0.65514807                            62.11311                  1551.6505        169.0247        144.16663
              1       1468.2052     0.022436005        64.09758       3.0530822      0.96363309       7.5436814      0.62316652       1.0110015       1.0009461       1.0052485      0.99793824       1.0019215       1.0063358      0.50160641   2.1180526e-09      0.94539125      0.75265525      0.37674548       0.8434503       65.594288       1056.3351       1551.6505      -24.439432        -26.35598          1.9165484       2985.2893                 23.065643                 396.00049                                628.53522                      8.7337385                2.8260292             0.65514807                            62.11311                  1551.6505       168.88065        142.82874
              1       1468.5558     0.022436005        64.09758       3.0530822      0.96363309       7.5436814      0.62316652       1.0110015       1.0009461       1.0053596      0.99828373       1.0034395       1.0010418      0.50160641   2.1180526e-09      0.94539125      0.75265525      0.37674548       0.8434503       65.594288       1056.3351       1551.6505      -24.541622       -26.458171          1.9165484       2986.1949                 23.065643                 396.00049                                628.53522                      8.7337385                2.8260292             0.65514807                            62.11311                  1551.6505       168.78716        143.82784
              1       1466.7631     0.022436005        64.09758       3.0530822      0.96363309       7.5436814      0.62316652       1.0110015       1.0006481       1.0023242      0.99788376       1.0013848       1.0039818      0.50160641   2.1180526e-09      0.94539125      0.75265525      0.37674548       0.8434503       65.594288       1057.6788       1551.6505      -25.981506       -27.898054          1.9165484       2985.4892                 23.108982                 396.00049                                629.74327                      8.8261007                2.8260292             0.65514807                            62.11311                  1551.6505       168.48534        142.08023
              1       1469.7688     0.022436005        64.09758       3.0530822      0.96363309       7.5436814      0.62316652       1.0110015       1.0004104       1.0019686       1.0060122       1.0058621       1.0032441      0.50160641   2.1180526e-09      0.94539125      0.75265525      0.37674548       0.8434503       65.594288       1058.9769       1551.6505      -25.332151         -27.2487          1.9165484       2990.2019                 23.143689                 396.00947                                630.92031                       8.903463                2.8260292             0.65514807                            62.11311                  1551.6505       168.29533        145.68481
              1        1470.227     0.022436005        64.09758       3.0530822      0.96363309       7.5436814      0.62316652       1.0110015       1.0030937      0.99924572        1.007476      0.99654872       1.0043213      0.50160641   2.1180526e-09      0.94539125      0.75265525      0.37674548       0.8434503       65.594288       1055.5361       1551.6505       -25.24342       -27.159968          1.9165484       2990.9408                 22.760857                 395.97732                                628.57766                      8.2202595                2.8260292             0.65514807                            62.11311                  1551.6505       173.98456        144.17531
              1       1465.5511     0.022464167       64.102889       3.0536109      0.96000859       7.4740955      0.62438117       1.0097658       1.0009048       1.0042955       1.0054623       1.0018291      0.99985332      0.49541416   2.1191727e-09      0.94533176      0.75087376      0.37553084      0.84009637       63.743189       1048.5945       1551.4054      -25.140596       -27.255565          2.1149684       2981.3834                 24.020274                 395.90792                                619.97898                      8.6873371                2.7351172             0.60143642                           60.406635                  1551.4054       173.19551        144.44481
              1       1463.1153     0.022584587       64.533504       3.0297709      0.96000869       6.7664166      0.62712201       1.0135659      0.99755624       1.0000724        1.004464      0.99053647       1.0026687      0.54939435   2.0692492e-09      0.94576974      0.73603289      0.37279118      0.82048266       62.203601       1049.2207       1541.8968      -22.652765       -25.662715          3.0099493       2971.5361                 23.535109                 396.00328                                621.59331                      8.0889689                2.5810602             0.51436172                           59.108179                  1541.8968       173.37689        144.83818
              1       1462.2186     0.022584587       64.533504       3.0297709      0.96000869       6.7664166      0.62712201       1.0135659      0.99755624      0.99780345      0.99817209      0.99617088       1.0079855      0.54939435   2.0692492e-09      0.94576974      0.73603289      0.37279118      0.82048266       62.203601       1049.2207       1541.8968      -23.706652       -26.716602          3.0099493       2971.8505                 23.535109                 396.00328                                621.59331                      8.0889689                2.5810602             0.51436172                           59.108179                  1541.8968        169.6458        148.88368
              1       1458.6695     0.022584587       64.533504       3.0297709      0.96000869       6.7664166      0.62712201       1.0135659      0.99755624      0.99634049      0.99857263       0.9984582      0.99825606      0.54939435   2.0692492e-09      0.94576974      0.73603289      0.37279118      0.82048266       62.203601       1049.2207       1541.8968      -24.109882       -27.119831          3.0099493       2965.5587                 23.535109                 396.00328                                621.59331                      8.0889689                2.5810602             0.51436172                           59.108179                  1541.8968       170.51196        141.72574
              1        1461.357     0.022584587       64.533504       3.0297709      0.96000869       6.7664166      0.62712201       1.0135659      0.99787673       1.0017176       1.0025344      0.99636014      0.99653534      0.54939435   2.0692492e-09      0.94576974      0.73603289      0.37279118      0.82048266       62.203601        1049.685       1541.8968      -24.452665       -27.462615          3.0099493       2971.6192                 23.485407                 396.00589                                622.05657                      8.1370816                2.5810602             0.51436172                           59.108179                  1541.8968       177.20921        140.62469
              1       1460.4613     0.022587489        64.53996       3.0302824      0.95986559       6.7919636      0.62699045       1.0137677      0.99811112      0.99886275       1.0072543      0.99645355      0.99656005       0.5516581   2.0703077e-09      0.94577363      0.73611777      0.37292276      0.82072208       62.428838       1050.5402       1541.7747      -24.615848       -27.648154           3.032306       2970.1543                 23.488977                 395.98263                                622.92449                      8.1440798                2.5913322             0.52014761                           59.317358                  1541.7747       174.80252        140.60806
              1       1459.5126     0.022587489        64.53996       3.0302824      0.95986559       6.7919636      0.62699045       1.0137677      0.99680247      0.99502123       1.0017242      0.99713107      0.99963989       0.5516581   2.0703077e-09      0.94577363      0.73611777      0.37292276      0.82072208       62.428838       1049.7916       1541.7747      -22.996597       -26.028903           3.032306       2965.0184                 23.694016                 395.98777                                622.12913                      7.9806916                2.5913322             0.52014761                           59.317358                  1541.7747       170.17014        140.85312
              1       1457.6887     0.022587489        64.53996       3.0302824      0.95986559       6.7919636      0.62699045       1.0137677      0.99680247      0.99775903      0.99892851      0.99651482      0.99990183       0.5516581   2.0703077e-09      0.94577363      0.73611777      0.37292276      0.82072208       62.428838       1049.7916       1541.7747      -23.998739       -27.031045           3.032306       2963.3748                 23.694016                 395.98777                                622.12913                      7.9806916                2.5913322             0.52014761                           59.317358                  1541.7747       168.75325         140.6264
              1       1457.9767     0.022587489        64.53996       3.0302824      0.95986559       6.7919636      0.62699045       1.0137677      0.99672849       0.9969353       1.0025395      0.99503059       1.0015034       0.5516581   2.0703077e-09      0.94577363      0.73611777      0.37292276      0.82072208       62.428838       1049.9235       1541.7747      -23.385134        -26.41744           3.032306       2962.7237                 23.705764                 395.98777                                622.25555                      7.9743877                2.5913322             0.52014761                           59.317358                  1541.7747       167.51733        141.07933
              2       1457.4029     0.022587489        64.53996       3.0302824      0.95986559       6.7919636      0.62699045       1.0137677      0.99672849      0.99685578       1.0017344      0.99591143         0.99935       0.5516581   2.0703077e-09      0.94577363      0.73611777      0.37292276      0.82072208       62.428838       1049.9235       1541.7747      -23.572969       -26.605275           3.032306       2961.9517                 23.705764                 395.98777                                622.25555                      7.9743877                2.5913322             0.52014761                           59.317358                  1541.7747       167.54076        140.28392
              1       1456.7026     0.022587094       64.551068        3.030425      0.95991078        6.806037      0.62718419       1.0137298       0.9974067      0.99681749       1.0016633      0.99472141      0.99905379      0.55065132    2.070603e-09      0.94579323      0.73628552      0.37272905      0.82069588       62.087759       1049.1649        1541.525      -23.599731       -26.629087          3.0293558       2960.6046                  23.58734                 395.98561                                 621.5411                      8.0508012                2.5769406             0.51206207                           58.998757                   1541.525       167.65857        140.16841
              1       1456.9174     0.022587094       64.551068        3.030425      0.95991078        6.806037      0.62718419       1.0137298      0.99744984      0.99894742       1.0024723      0.99712819      0.99673723      0.55065132    2.070603e-09      0.94579323      0.73628552      0.37272905      0.82069588       62.087759       1049.1928        1541.525       -24.51289       -27.542246          3.0293558       2962.8606                 23.580587                 395.98561                                621.57035                      8.0562542                2.5769406             0.51206207                           58.998757                   1541.525       169.07315         140.9818
              1       1458.1516     0.022587094       64.551068        3.030425      0.95991078        6.806037      0.62718419       1.0137298      0.99754321      0.99616762        1.003995        0.996366       1.0027878      0.55065132    2.070603e-09      0.94579323      0.73628552      0.37272905      0.82069588       62.087759        1049.275        1541.525      -23.700094       -26.729449          3.0293558       2963.7033                  23.56599                 395.98561                                621.65496                      8.0684204                2.5769406             0.51206207                           58.998757                   1541.525       168.48645        142.32909
              1        1458.894     0.022587094       64.551068        3.030425      0.95991078        6.806037      0.62718419       1.0137298      0.99754321      0.99616762        1.003995      0.99453065      0.99322753      0.55065132    2.070603e-09      0.94579323      0.73628552      0.37272905      0.82069588       62.087759        1049.275        1541.525      -22.925332       -25.954687          3.0293558       2963.6386                  23.56599                 395.98561                                621.65496                      8.0684204                2.5769406             0.51206207                           58.998757                   1541.525       168.48645        142.26439
              1       1457.0867     0.022570534       64.540564       3.0275437      0.96172313        6.847224      0.62972016       1.0114803      0.99672827      0.99772011       1.0043405      0.99395584      0.99525044      0.54064259   2.0646456e-09      0.94581534      0.73312139      0.37019305       0.8143843       58.199216       1046.7008       1541.5215      -23.248813        -26.16476          2.9159465        2960.671                 23.079074                 395.91889                                618.96201                      8.7408431                2.3887619              0.4099466                           55.400507                  1541.5215       172.16399        142.08545
              1       1455.3961     0.022625126        64.79714       3.0365175       0.9635132       7.2634087      0.63071275       1.0140545      0.99749568      0.99564072       1.0037401      0.99490685       0.9959292      0.58861543   2.0832567e-09      0.94611358      0.73183595      0.36920115      0.81186652       56.962978        1050.777       1536.1778      -22.719201       -26.071725          3.3525242       2956.2305                 22.836403                 395.76729                                623.76514                      8.4081712                2.3246186             0.37671519                           54.261644                  1536.1778       169.71324         142.5995
              1       1458.0384     0.022625126        64.79714       3.0365175       0.9635132       7.2634087      0.63071275       1.0140545      0.99889473      0.99564516        1.003594      0.99327263      0.99736854      0.58861543   2.0832567e-09      0.94611358      0.73183595      0.36920115      0.81186652       56.962978       1056.0853       1536.1778      -22.737512       -26.090036          3.3525242       2961.5518                 22.641368                  395.7634                                  628.897                      8.7834993                2.3246186             0.37671519                           54.261644                  1536.1778        169.6678        142.65802
              1       1456.4064     0.022625126        64.79714       3.0365175       0.9635132       7.2634087      0.63071275       1.0140545      0.99689638       1.0010998       1.0026381      0.99381645      0.99864111      0.58861543   2.0832567e-09      0.94611358      0.73183595      0.36920115      0.81186652       56.962978       1050.5115       1536.1778      -23.273221       -26.625745          3.3525242       2959.3593                  22.92188                 395.74733                                623.56086                       8.281397                2.3246186             0.37671519                           54.261644                  1536.1778       173.39267        142.31442
              1       1454.7096     0.022625126        64.79714       3.0365175       0.9635132       7.2634087      0.63071275       1.0140545      0.99689638      0.99901185       1.0052958      0.99516308      0.99795318      0.58861543   2.0832567e-09      0.94611358      0.73183595      0.36920115      0.81186652       56.962978       1050.5115       1536.1778      -23.632069       -26.984593          3.3525242       2956.6834                  22.92188                 395.74733                                623.56086                       8.281397                2.3246186             0.37671519                           54.261644                  1536.1778       171.02654        142.00465
              1       1454.7275     0.022625126        64.79714       3.0365175       0.9635132       7.2634087      0.63071275       1.0140545      0.99785761       0.9990149       1.0051954      0.99519232      0.99804177      0.58861543   2.0832567e-09      0.94611358      0.73183595      0.36920115      0.81186652       56.962978       1051.5169       1536.1778      -24.046162       -27.398686          3.3525242       2957.5473                 22.785395                 395.76729                                624.46956                      8.4946408                2.3246186             0.37671519                           54.261644                  1536.1778       170.89435        141.99532
              1       1453.5034     0.022625126        64.79714       3.0365175       0.9635132       7.2634087      0.63071275       1.0140545      0.99785761      0.99852656       1.0032506      0.99519398      0.99795042      0.58861543   2.0832567e-09      0.94611358      0.73183595      0.36920115      0.81186652       56.962978       1051.5169       1536.1778      -23.976394       -27.328918          3.3525242       2954.9596                 22.785395                 395.76729                                624.46956                      8.4946408                2.3246186             0.37671519                           54.261644                  1536.1778       168.29863        142.00333
              1       1456.4724     0.022625126        64.79714       3.0365175       0.9635132       7.2634087      0.63071275       1.0140545      0.99785761      0.99852656       1.0032506       0.9908039      0.99741017      0.58861543   2.0832567e-09      0.94611358      0.73183595      0.36920115      0.81186652       56.962978       1051.5169       1536.1778      -22.428127       -25.780651          3.3525242        2957.801                 22.785395                 395.76729                                624.46956                      8.4946408                2.3246186             0.37671519                           54.261644                  1536.1778       168.29863         144.8447
              1       1459.9312     0.022625126        64.79714       3.0365175       0.9635132       7.2634087      0.63071275       1.0140545      0.99785761      0.99853656       1.0037182      0.98826113      0.99827639      0.58861543   2.0832567e-09      0.94611358      0.73183595      0.36920115      0.81186652       56.962978       1051.5169       1536.1778      -21.144852       -24.497377          3.3525242       2962.1522                 22.785395                 395.76729                                624.46956                      8.4946408                2.3246186             0.37671519                           54.261644                  1536.1778       168.63753        148.85699
              1       1455.8034     0.022625126        64.79714       3.0365175       0.9635132       7.2634087      0.63071275       1.0140545      0.99703461      0.99997267      0.99977281       0.9960116       1.0049595      0.58861543   2.0832567e-09      0.94611358      0.73183595      0.36920115      0.81186652       56.962978       1050.4779       1536.1778      -23.746055       -27.098579          3.3525242       2959.0988                 22.902049                 395.76573                                623.50127                      8.3088179                2.3246186             0.37671519                           54.261644                  1536.1778       169.69922        145.78101
              1       1455.3877     0.022625126        64.79714       3.0365175       0.9635132       7.2634087      0.63071275       1.0140545      0.99670018      0.99777192      0.99784769       0.9948127       1.0019942      0.58861543   2.0832567e-09      0.94611358      0.73183595      0.36920115      0.81186652       56.962978        1050.704       1536.1778      -23.224911       -26.577435          3.3525242       2957.2252                 22.950138                 395.75393                                623.75557                      8.2443538                2.3246186             0.37671519                           54.261644                  1536.1778        170.1972        143.18326
              1        1456.319     0.022625126        64.79714       3.0365175       0.9635132       7.2634087      0.63071275       1.0140545      0.99734255        1.000815      0.99877465         0.99559       1.0040017      0.58861543   2.0832567e-09      0.94611358      0.73183595      0.36920115      0.81186652       56.962978       1050.5979       1536.1778      -23.841096       -27.193621          3.3525242       2960.3202                  22.85812                 395.76729                                623.59866                      8.3738298                2.3246186             0.37671519                           54.261644                  1536.1778        171.8387         144.7428
              1       1453.8006     0.022625126        64.79714       3.0365175       0.9635132       7.2634087      0.63071275       1.0140545      0.99734255      0.99939861       1.0020337      0.99721142       1.0021888      0.58861543   2.0832567e-09      0.94611358      0.73183595      0.36920115      0.81186652       56.962978       1050.5979       1536.1778      -24.253555        -27.60608          3.3525242       2956.1082                  22.85812                 395.76729                                623.59866                      8.3738298                2.3246186             0.37671519                           54.261644                  1536.1778       168.81348        143.55611
              1        1454.347     0.022625126        64.79714       3.0365175       0.9635132       7.2634087      0.63071275       1.0140545      0.99725799      0.99919484       1.0026949      0.99666102      0.99428713      0.58861543   2.0832567e-09      0.94611358      0.73183595      0.36920115      0.81186652       56.962978       1050.5332       1536.1778      -23.854031       -27.206555          3.3525242       2956.4021                 22.870148                 395.76729                                623.54031                      8.3554385                2.3246186             0.37671519                           54.261644                  1536.1778       168.80061        143.92754
              1       1453.9776     0.022625126        64.79714       3.0365175       0.9635132       7.2634087      0.63071275       1.0140545      0.99697382      0.99919394       1.0027246      0.99802771      0.99587177      0.58861543   2.0832567e-09      0.94611358      0.73183595      0.36920115      0.81186652       56.962978       1050.4743       1536.1778      -24.050376       -27.402901          3.3525242       2956.0559                 22.910762                 395.74733                                623.51958                      8.2966238                2.3246186             0.37671519                           54.261644                  1536.1778       168.81584        143.62497
              1       1453.3741     0.022625126        64.79714       3.0365175       0.9635132       7.2634087      0.63071275       1.0140545      0.99697382      0.99919394       1.0027246      0.99751193      0.99824646      0.58861543   2.0832567e-09      0.94611358      0.73183595      0.36920115      0.81186652       56.962978       1050.4743       1536.1778      -24.125453       -27.477977          3.3525242       2954.9992                 22.910762                 395.74733                                623.51958                      8.2966238                2.3246186             0.37671519                           54.261644                  1536.1778       168.81584         142.5683
              1       1453.9438     0.022629748       64.823633       3.0359428      0.96362067       7.2683316      0.63109249       1.0141353      0.99679233      0.99899195       1.0027285      0.99878255       1.0016998       0.5921345   2.0820599e-09      0.94614662      0.73093048      0.36882148        0.810445       56.546624       1050.3116       1535.6147      -24.093183        -27.48564          3.3924561        2956.074                 22.876359                 395.75393                                623.28735                      8.3939109                2.3004598             0.36442628                           53.881738                  1535.6147       169.04298        144.55814
              1        1453.547     0.022629748       64.823633       3.0359428      0.96362067       7.2683316      0.63109249       1.0141353      0.99679233      0.99840843        1.001702      0.99356884      0.99657033       0.5921345   2.0820599e-09      0.94614662      0.73093048      0.36882148        0.810445       56.546624       1050.3116       1535.6147      -22.935944         -26.3284          3.3924561       2952.9659                 22.876359                 395.75393                                623.28735                      8.3939109                2.3004598             0.36442628                           53.881738                  1535.6147       167.99701        142.49603
              1       1454.6229     0.022629748       64.823633       3.0359428      0.96362067       7.2683316      0.63109249       1.0141353       0.9972136       0.9983641      0.99922051      0.99536471      0.99319822       0.5921345   2.0820599e-09      0.94614662      0.73093048      0.36882148        0.810445       56.546624       1050.5635       1535.6147      -23.296513       -26.688969          3.3924561       2955.8388                 22.816585                 395.75393                                623.49999                      8.4930302                2.3004598             0.36442628                           53.881738                  1535.6147        168.7419        144.37201
              1       1452.9193     0.022629748       64.823633       3.0359428      0.96362067       7.2683316      0.63109249       1.0141353       0.9972136       0.9983641      0.99922051      0.99662003      0.99780048       0.5921345   2.0820599e-09      0.94614662      0.73093048      0.36882148        0.810445       56.546624       1050.5635       1535.6147      -23.937959       -27.330415          3.3924561       2953.7146                 22.816585                 395.75393                                623.49999                      8.4930302                2.3004598             0.36442628                           53.881738                  1535.6147        168.7419        142.24779
              1       1456.7127     0.022629748       64.823633       3.0359428      0.96362067       7.2683316      0.63109249       1.0141353      0.99694702      0.99836325      0.99924835       1.0014648       1.0044526       0.5921345   2.0820599e-09      0.94614662      0.73093048      0.36882148        0.810445       56.546624       1050.3338       1535.6147      -23.901605       -27.294061          3.3924561       2961.2287                 22.854337                 395.75393                                623.29641                      8.4291299                2.3004598             0.36442628                           53.881738                  1535.6147       168.72107        150.01248
              1       1452.9984     0.022629748       64.823633       3.0359428      0.96362067       7.2683316      0.63109249       1.0141353      0.99694702      0.99836325      0.99924835      0.99727365      0.99759422       0.5921345   2.0820599e-09      0.94614662      0.73093048      0.36882148        0.810445       56.546624       1050.3338       1535.6147      -23.903271       -27.295728          3.3924561       2953.8034                 22.854337                 395.75393                                623.29641                      8.4291299                2.3004598             0.36442628                           53.881738                  1535.6147       168.72107         142.5872
              1       1454.4905     0.022629748       64.823633       3.0359428      0.96362067       7.2683316      0.63109249       1.0141353      0.99694702      0.99841881       1.0055165      0.99829472       1.0008388       0.5921345   2.0820599e-09      0.94614662      0.73093048      0.36882148        0.810445       56.546624       1050.3338       1535.6147      -24.073527       -27.465984          3.3924561       2957.1281                 22.854337                 395.75393                                623.29641                      8.4291299                2.3004598             0.36442628                           53.881738                  1535.6147       170.91411         143.7189
              1       1454.7835     0.022629748       64.823633       3.0359428      0.96362067       7.2683316      0.63109249       1.0141353      0.99694702      0.99841881       1.0055165      0.99692165       1.0024803       0.5921345   2.0820599e-09      0.94614662      0.73093048      0.36882148        0.810445       56.546624       1050.3338       1535.6147      -23.859082       -27.251538          3.3924561       2957.2851                 22.854337                 395.75393                                623.29641                      8.4291299                2.3004598             0.36442628                           53.881738                  1535.6147       170.91411        143.87589
              1       1452.6848     0.022629748       64.823633       3.0359428      0.96362067       7.2683316      0.63109249       1.0141353      0.99694702       0.9988199       1.0017643      0.99620804      0.99919816       0.5921345   2.0820599e-09      0.94614662      0.73093048      0.36882148        0.810445       56.546624       1050.3338       1535.6147      -23.851135       -27.243591          3.3924561       2953.0718                 22.854337                 395.75393                                623.29641                      8.4291299                2.3004598             0.36442628                           53.881738                  1535.6147       168.42593        142.15071
              1       1452.6854     0.022629748       64.823633       3.0359428      0.96362067       7.2683316      0.63109249       1.0141353      0.99694702       0.9988199       1.0017643      0.99637701      0.99930973       0.5921345   2.0820599e-09      0.94614662      0.73093048      0.36882148        0.810445       56.546624       1050.3338       1535.6147      -23.883783       -27.276239          3.3924561       2953.1383                 22.854337                 395.75393                                623.29641                      8.4291299                2.3004598             0.36442628                           53.881738                  1535.6147       168.42593        142.21724
              1       1453.1273     0.022629748       64.823633       3.0359428      0.96362067       7.2683316      0.63109249       1.0141353       0.9978095      0.99882264       1.0016742      0.99640324      0.99938922       0.5921345   2.0820599e-09      0.94614662      0.73093048      0.36882148        0.810445       56.546624       1051.9451       1535.6147      -24.251612       -27.644069          3.3924561       2954.7578                 22.733032                 395.74889                                624.81274                      8.6504796                2.3004598             0.36442628                           53.881738                  1535.6147       168.41141        142.23994
              1       1454.1172     0.022629748       64.823633       3.0359428      0.96362067       7.2683316      0.63109249       1.0141353      0.99720738      0.99910518      0.99846707      0.99379597      0.99680859       0.5921345   2.0820599e-09      0.94614662      0.73093048      0.36882148        0.810445       56.546624       1050.5554       1535.6147      -23.317519       -26.709976          3.3924561       2954.8695                 22.817463                 395.75393                                623.49254                      8.4914932                2.3004598             0.36442628                           53.881738                  1535.6147       169.80463         142.3481
              1       1454.7809     0.022629748       64.823633       3.0359428      0.96362067       7.2683316      0.63109249       1.0141353      0.99739119       1.0003347      0.99730438      0.99599205      0.99892334       0.5921345   2.0820599e-09      0.94614662      0.73093048      0.36882148        0.810445       56.546624       1050.8508       1535.6147      -24.076798       -27.469254          3.3924561       2957.7154                  22.79157                 395.75393                                623.76741                      8.5378428                2.3004598             0.36442628                           53.881738                  1535.6147        172.6407        142.06262
              1       1453.0051     0.022629748       64.823633       3.0359428      0.96362067       7.2683316      0.63109249       1.0141353      0.99739119      0.99842173       1.0012067      0.99840839       1.0002499       0.5921345   2.0820599e-09      0.94614662      0.73093048      0.36882148        0.810445       56.546624       1050.8508       1535.6147      -24.290585       -27.683041          3.3924561       2954.5913                  22.79157                 395.75393                                623.76741                      8.5378428                2.3004598             0.36442628                           53.881738                  1535.6147       167.98952        143.58969
              1       1455.4808     0.022629748       64.823633       3.0359428      0.96362067       7.2683316      0.63109249       1.0141353      0.99728131      0.99842138       1.0012182       1.0019486       1.0014779       0.5921345   2.0820599e-09      0.94614662      0.73093048      0.36882148        0.810445       56.546624       1050.6604       1535.6147      -24.192274        -27.58473          3.3924561       2959.3462                 22.807036                 395.75393                                623.58953                      8.5099037                2.3004598             0.36442628                           53.881738                  1535.6147       167.98874        148.53577
              1       1453.1311     0.022629748       64.823633       3.0359428      0.96362067       7.2683316      0.63109249       1.0141353      0.99728131      0.99737591       1.0015039      0.99518261      0.99600395       0.5921345   2.0820599e-09      0.94614662      0.73093048      0.36882148        0.810445       56.546624       1050.6604       1535.6147      -23.336373        -26.72883          3.3924561        2952.935                 22.807036                 395.75393                                623.58953                      8.5099037                2.3004598             0.36442628                           53.881738                  1535.6147       167.70207        142.41121
              1       1453.9042     0.022629748       64.823633       3.0359428      0.96362067       7.2683316      0.63109249       1.0141353      0.99752426      0.99737668       1.0014785       0.9941498      0.99505629       0.5921345   2.0820599e-09      0.94614662      0.73093048      0.36882148        0.810445       56.546624       1051.1296       1535.6147      -23.084161       -26.476617          3.3924561       2953.9767                 22.772892                 395.74733                                624.03675                      8.5725977                2.3004598             0.36442628                           53.881738                  1535.6147       167.70537        142.98048
              1       1454.4002     0.022629748       64.823633       3.0359428      0.96362067       7.2683316      0.63109249       1.0141353      0.99752426      0.99723801       1.0002169       0.9980066      0.99423978       0.5921345   2.0820599e-09      0.94614662      0.73093048      0.36882148        0.810445       56.546624       1051.1296       1535.6147      -23.710266       -27.102722          3.3924561       2956.2209                 22.772892                 395.74733                                624.03675                      8.5725977                2.3004598             0.36442628                           53.881738                  1535.6147       168.23274        144.69727
              1       1454.2352     0.022558998       64.588275        3.038702      0.96566684       7.4817708      0.62977165       1.0132447       0.9974973      0.99752665        1.000316      0.99859667      0.99641009      0.59920369   2.0878125e-09      0.94592302      0.72889919      0.37014169      0.80963792         58.9363       1049.3671       1540.5246      -24.614269       -27.417619          2.8033499        2957.699                 22.335683                 395.85259                                622.64286                      8.5359302                 2.396586              0.4143045                            56.12541                  1540.5246       166.85175        142.01932
              1       1453.8779     0.022558998       64.588275        3.038702      0.96566684       7.4817708      0.62977165       1.0132447      0.99740659      0.99723354       1.0016876      0.99741808       1.0018649      0.59920369   2.0878125e-09      0.94592302      0.72889919      0.37014169      0.80963792         58.9363       1049.3334       1540.5246      -24.464489       -27.267838          2.8033499       2956.6847                 22.347566                 395.85787                                622.61493                      8.5130013                 2.396586              0.4143045                            56.12541                  1540.5246       166.59814        141.29231
              1       1455.7674     0.022558998       64.588275        3.038702      0.96566684       7.4817708      0.62977165       1.0132447      0.99755952      0.99723403       1.0016716      0.99199887      0.99959512      0.59920369   2.0878125e-09      0.94592302      0.72889919      0.37014169      0.80963792         58.9363         1049.41       1540.5246      -23.135168       -25.938518          2.8033499       2957.8051                 22.327546                 395.85259                                622.67794                      8.5519287                 2.396586              0.4143045                            56.12541                  1540.5246       166.60097        142.33325
              1       1456.6355     0.022558998       64.588275        3.038702      0.96566684       7.4817708      0.62977165       1.0132447      0.99755952       1.0001461       1.0028149       0.9914376      0.99813532      0.59920369   2.0878125e-09      0.94592302      0.72889919      0.37014169      0.80963792         58.9363         1049.41       1540.5246      -23.297102       -26.100452          2.8033499       2959.8653                 22.327546                 395.85259                                622.67794                      8.5519287                 2.396586              0.4143045                            56.12541                  1540.5246       168.09602        142.89836
              1       1455.8301     0.022558998       64.588275        3.038702      0.96566684       7.4817708      0.62977165       1.0132447      0.99755952       0.9972974       1.0057403      0.99717041       1.0043334      0.59920369   2.0878125e-09      0.94592302      0.72889919      0.37014169      0.80963792         58.9363         1049.41       1540.5246      -24.367493       -27.170843          2.8033499       2960.3951                 22.327546                 395.85259                                622.67794                      8.5519287                 2.396586              0.4143045                            56.12541                  1540.5246        168.5217        143.00258
              1       1453.2035     0.022558998       64.588275        3.038702      0.96566684       7.4817708      0.62977165       1.0132447      0.99780699      0.99823402       1.0022253       0.9960265       1.0007617      0.59920369   2.0878125e-09      0.94592302      0.72889919      0.37014169      0.80963792         58.9363       1049.7059       1540.5246      -24.670892       -27.474242          2.8033499       2955.7489                 22.295321                 395.84736                                622.94544                      8.6177393                 2.396586              0.4143045                            56.12541                  1540.5246       166.01373        140.56841
              1       1454.1209     0.022558998       64.588275        3.038702      0.96566684       7.4817708      0.62977165       1.0132447      0.99704531      0.99823161       1.0023049      0.99943119        1.002117      0.59920369   2.0878125e-09      0.94592302      0.72889919      0.37014169      0.80963792         58.9363        1049.478       1540.5246      -24.703398       -27.506748          2.8033499       2957.6486                 22.395144                 395.87939                                622.77715                      8.4263391                 2.396586              0.4143045                            56.12541                  1540.5246       166.02716         142.6826
              1       1455.6709     0.022558998       64.588275        3.038702      0.96566684       7.4817708      0.62977165       1.0132447        0.998163       0.9991108       1.0025388      0.99403842       0.9938792      0.59920369   2.0878125e-09      0.94592302      0.72889919      0.37014169      0.80963792         58.9363       1050.5036       1540.5246      -24.076203       -26.879553          2.8033499       2959.4942                 22.249342                 395.84736                                 623.6884                      8.7185178                 2.396586              0.4143045                            56.12541                  1540.5246        166.4798         143.0499
              1       1453.0841     0.022558998       64.588275        3.038702      0.96566684       7.4817708      0.62977165       1.0132447      0.99758089      0.99866817       1.0020842      0.99677254       1.0011526      0.59920369   2.0878125e-09      0.94592302      0.72889919      0.37014169      0.80963792         58.9363       1049.4278       1540.5246      -24.788343       -27.591693          2.8033499       2955.7449                 22.324755                 395.85259                                622.69297                      8.5574723                 2.396586              0.4143045                            56.12541                  1540.5246       166.06467        140.79161
              1       1453.4132     0.022558998       64.588275        3.038702      0.96566684       7.4817708      0.62977165       1.0132447      0.99758089      0.99817248       1.0000734      0.99597947       1.0007635      0.59920369   2.0878125e-09      0.94592302      0.72889919      0.37014169      0.80963792         58.9363       1049.4278       1540.5246      -24.565829       -27.369179          2.8033499       2955.9582                 22.324755                 395.85259                                622.69297                      8.5574723                 2.396586              0.4143045                            56.12541                  1540.5246       166.50114        140.56836
              1       1453.9396     0.022558998       64.588275        3.038702      0.96566684       7.4817708      0.62977165       1.0132447      0.99773698       0.9990136      0.99958082      0.99424441      0.99793267      0.59920369   2.0878125e-09      0.94592302      0.72889919      0.37014169      0.80963792         58.9363       1049.6048       1540.5246      -24.300185       -27.103535          2.8033499       2956.4795                 22.304415                 395.85259                                622.84903                      8.5987675                 2.396586              0.4143045                            56.12541                  1540.5246       166.70956        140.70425
              1        1454.123     0.022558998       64.588275        3.038702      0.96566684       7.4817708      0.62977165       1.0132447      0.99773698      0.99813604       1.0005637       0.9995745       1.0022095      0.59920369   2.0878125e-09      0.94592302      0.72889919      0.37014169      0.80963792         58.9363       1049.6048       1540.5246      -24.972574       -27.775924          2.8033499       2958.1912                 22.304415                 395.85259                                622.84903                      8.5987675                 2.396586              0.4143045                            56.12541                  1540.5246       166.26537        142.86017
              1       1451.9375      0.02252604       64.556903       3.0538031      0.96226558       8.0659979      0.63049218        1.011305      0.99844664      0.99821298       1.0024215       0.9997447       1.0026019      0.54655072   2.1195802e-09      0.94594953      0.74132066      0.36942107      0.82263334        55.82399        1041.824       1541.1199      -25.433067       -27.993209          2.5601423       2954.7411                 23.346361                 397.12752                                613.47963                      7.8704983                2.3238106             0.37597303                           53.124207                  1541.1199       170.32906        145.64407
              1       1451.6818      0.02252604       64.556903       3.0538031      0.96226558       8.0659979      0.63049218        1.011305      0.99844664      0.99952723       1.0010522      0.99444636       0.9993377      0.54655072   2.1195802e-09      0.94594953      0.74132066      0.36942107      0.82263334        55.82399        1041.824       1541.1199      -24.894623       -27.454766          2.5601423       2953.1529                 23.346361                 397.12752                                613.47963                      7.8704983                2.3238106             0.37597303                           53.124207                  1541.1199       171.15468        143.23032
              1       1453.5681      0.02252604       64.556903       3.0538031      0.96226558       8.0659979      0.63049218        1.011305      0.99844664      0.99798806      0.99772623      0.99632757       1.0031002      0.54655072   2.1195802e-09      0.94594953      0.74132066      0.36942107      0.82263334        55.82399        1041.824       1541.1199      -25.025841       -27.585983          2.5601423       2957.1878                 23.346361                 397.12752                                613.47963                      7.8704983                2.3238106             0.37597303                           53.124207                  1541.1199        174.2036        144.21631
              1       1449.9732     0.022488967       64.565849       3.0744045      0.96535286       9.1453839      0.63173029       1.0113056      0.99829046       1.0005747       1.0014277      0.99919607       1.0035762       0.5664166   2.1636992e-09      0.94605344      0.74455375      0.36818299      0.82483539       53.878507       1045.0996       1540.8426      -25.758454        -28.04015          2.2816967       2951.4632                 23.059954                 401.92965                                611.96057                       8.149464                2.2463708             0.33713516                           51.295001                  1540.8426       167.72476        143.91771
              1       1451.7846     0.022488967       64.565849       3.0744045      0.96535286       9.1453839      0.63173029       1.0113056       1.0000312       1.0008038        1.001315      0.99404864      0.99615231       0.5664166   2.1636992e-09      0.94605344      0.74455375      0.36818299      0.82483539       53.878507       1045.5263       1540.8426      -25.093162       -27.374859          2.2816967       2953.7555                  22.80775                 401.92057                                612.88396                      7.9140194                2.2463708             0.33713516                           51.295001                  1540.8426       167.98109        145.52704
              1       1455.4299     0.022488967       64.565849       3.0744045      0.96535286       9.1453839      0.63173029       1.0113056      0.99969351       1.0008027       1.0013502      0.99137113      0.99345064       0.5664166   2.1636992e-09      0.94605344      0.74455375      0.36818299      0.82483539       53.878507       1044.6271       1540.8426      -23.851869       -26.133566          2.2816967       2958.5636                 22.855908                 401.90843                                611.91672                        7.94607                2.2463708             0.33713516                           51.295001                  1540.8426       167.97791        151.23746
              1       1448.2206     0.022367378       64.157668       3.0704475      0.96530001       9.1491517      0.63375373       1.0058372      0.99945285      0.99852991        1.002525      0.99491996       1.0043019      0.53769847   2.1551545e-09      0.94566021      0.73671514      0.36615843      0.81390457        51.89512       1031.6305       1549.4733      -25.959592       -27.470185          1.5105936       2948.3603                 22.680357                 401.96862                                598.87635                      8.1052118                 2.117121             0.27538192                           49.502617                  1549.4733       171.76814        143.59322
              1       1446.7171     0.022367378       64.157668       3.0704475      0.96530001       9.1491517      0.63375373       1.0058372      0.99839998      0.99852657        1.002635      0.99703319       1.0010243      0.53769847   2.1551545e-09      0.94566021      0.73671514      0.36615843      0.81390457        51.89512       1031.0526       1549.4733      -26.365081       -27.875674          1.5105936       2946.1643                 22.828031                 402.02749                                598.22976                      7.9673468                 2.117121             0.27538192                           49.502617                  1549.4733       171.75851        141.98473
              1       1448.0457     0.022367378       64.157668       3.0704475      0.96530001       9.1491517      0.63375373       1.0058372      0.99839998      0.99811113       1.0034916      0.99366945      0.99731692      0.53769847   2.1551545e-09      0.94566021      0.73671514      0.36615843      0.81390457        51.89512       1031.0526       1549.4733      -25.453661       -26.964254          1.5105936       2946.9986                 22.828031                 402.02749                                598.22976                      7.9673468                 2.117121             0.27538192                           49.502617                  1549.4733       171.73122        142.84636
              1       1449.0556     0.022367378       64.157668       3.0704475      0.96530001       9.1491517      0.63375373       1.0058372      0.99850385       0.9974415       1.0017527      0.99659231       1.0058945      0.53769847   2.1551545e-09      0.94566021      0.73671514      0.36615843      0.81390457        51.89512        1030.948       1549.4733      -25.759283       -27.269877          1.5105936       2949.6297                 22.813341                 402.02749                                598.12904                      7.9781437                 2.117121             0.27538192                           49.502617                  1549.4733       172.37917        144.93405
              1       1448.2723     0.022367378       64.157668       3.0704475      0.96530001       9.1491517      0.63375373       1.0058372      0.99795761      0.99743976       1.0018097       0.9989641        0.998584      0.53769847   2.1551545e-09      0.94566021      0.73671514      0.36615843      0.81390457        51.89512        1031.923       1549.4733      -26.175277        -27.68587          1.5105936       2948.8952                 22.890946                 402.03997                                599.06385                      7.9282705                 2.117121             0.27538192                           49.502617                  1549.4733       172.34944        143.25426
              1        1449.801     0.022348574       64.044554       3.0722127      0.96577904        9.326996       0.6330427       1.0053062      0.99728426      0.99617105        1.003901      0.99808939       0.9969029      0.53980962    2.158962e-09      0.94551394      0.73595142      0.36686915      0.81384953       53.077464       1031.6749       1552.0242      -25.440863       -26.843527          1.4026641       2950.4838                 22.817285                 403.08472                                597.84814                      7.9247043                2.1668042              0.2988144                           50.611845                  1552.0242        170.8737         142.8335
              1       1450.1304     0.022348574       64.044554       3.0722127      0.96577904        9.326996       0.6330427       1.0053062      0.99728426      0.99554345       1.0040041      0.99734772       1.0012207      0.53980962    2.158962e-09      0.94551394      0.73595142      0.36686915      0.81384953       53.077464       1031.6749       1552.0242       -25.14469       -26.547354          1.4026641       2950.5502                 22.817285                 403.08472                                597.84814                      7.9247043                2.1668042              0.2988144                           50.611845                  1552.0242       171.84836        141.92531
              1       1447.9352     0.022348574       64.044554       3.0722127      0.96577904        9.326996       0.6330427       1.0053062      0.99791385      0.99891632       1.0038053      0.99724671       1.0014192      0.53980962    2.158962e-09      0.94551394      0.73595142      0.36686915      0.81384953       53.077464       1030.5121       1552.0242      -26.406185       -27.808849          1.4026641       2948.6828                 22.728622                  403.0722                                596.73129                      7.9800162                2.1668042              0.2988144                           50.611845                  1552.0242       171.13092        141.93803
              1        1447.813     0.022348574       64.044554       3.0722127      0.96577904        9.326996       0.6330427       1.0053062      0.99791385      0.99899647        1.003822      0.99658117       1.0005282      0.53980962    2.158962e-09      0.94551394      0.73595142      0.36686915      0.81384953       53.077464       1030.5121       1552.0242      -26.330015       -27.732679          1.4026641       2948.2861                 22.728622                  403.0722                                596.73129                      7.9800162                2.1668042              0.2988144                           50.611845                  1552.0242       171.25853        141.41371
              1       1448.0486     0.022348574       64.044554       3.0722127      0.96577904        9.326996       0.6330427       1.0053062      0.99778099      0.99899604       1.0038358      0.99730239       1.0010692      0.53980962    2.158962e-09      0.94551394      0.73595142      0.36686915      0.81384953       53.077464       1030.6446       1552.0242      -26.385439       -27.788103          1.4026641       2948.8682                 22.747251                 403.07467                                596.85618                      7.9664548                2.1668042              0.2988144                           50.611845                  1552.0242       171.26544        141.85646
              1       1449.6768     0.022348574       64.044554       3.0722127      0.96577904        9.326996       0.6330427       1.0053062       0.9988999      0.99712061       1.0071656      0.99533802      0.99660662      0.53980962    2.158962e-09      0.94551394      0.73595142      0.36686915      0.81384953       53.077464       1031.4062       1552.0242      -25.821258       -27.223922          1.4026641       2950.9961                 22.592085                 403.05438                                597.64762                      8.1120981                2.1668042              0.2988144                           50.611845                  1552.0242       172.70888        141.77934
              1       1449.0193     0.022348574       64.044554       3.0722127      0.96577904        9.326996       0.6330427       1.0053062       0.9988999      0.99719915       1.0062606      0.99424671      0.99884362      0.53980962    2.158962e-09      0.94551394      0.73595142      0.36686915      0.81384953       53.077464       1031.4062       1552.0242      -25.660428       -27.063092          1.4026641       2949.3595                 22.592085                 403.05438                                597.64762                      8.1120981                2.1668042              0.2988144                           50.611845                  1552.0242         171.653        141.19859
              1       1449.4926     0.022359458        64.08592       3.0747337      0.96585197       9.4362793       0.6329986       1.0056958      0.99769792       0.9984772       1.0069287      0.99715711       1.0017714      0.53820802   2.1644117e-09      0.94555775      0.73810703      0.36691337       0.8162825       52.910342        1032.047       1551.1034      -26.182382       -27.646392          1.4640103       2951.3501                 22.796323                  403.7384                                597.63354                      7.8787826                2.1694127             0.30004747                           50.440882                  1551.1034       173.01099        142.27826
              1       1448.2994     0.022359458        64.08592       3.0747337      0.96585197       9.4362793       0.6329986       1.0056958       0.9978126      0.99760836       1.0037203       0.9982293      0.99645044      0.53820802   2.1644117e-09      0.94555775      0.73810703      0.36691337       0.8162825       52.910342       1031.9259       1551.1034      -26.067802       -27.531812          1.4640103       2948.7343                 22.780124                  403.7384                                597.52311                      7.8842836                2.1694127             0.30004747                           50.440882                  1551.1034       169.38361        143.41104
              1       1448.8702     0.022359458        64.08592       3.0747337      0.96585197       9.4362793       0.6329986       1.0056958       0.9978126      0.99760836       1.0037203       1.0004126        1.000951      0.53820802   2.1644117e-09      0.94555775      0.73810703      0.36691337       0.8162825       52.910342       1031.9259       1551.1034       -26.25198        -27.71599          1.4640103       2950.2443                 22.780124                  403.7384                                597.52311                      7.8842836                2.1694127             0.30004747                           50.440882                  1551.1034       169.38361        144.92105
              1       1447.7422     0.022359458        64.08592       3.0747337      0.96585197       9.4362793       0.6329986       1.0056958       0.9978126      0.99858447       1.0039592      0.99762218      0.99909987      0.53820802   2.1644117e-09      0.94555775      0.73810703      0.36691337       0.8162825       52.910342       1031.9259       1551.1034      -26.323321       -27.787331          1.4640103        2948.131                 22.780124                  403.7384                                597.52311                      7.8842836                2.1694127             0.30004747                           50.440882                  1551.1034       170.11024        142.08107
              1        1447.467     0.022473413       64.221789        3.074019      0.96489005       9.3016101      0.63299445       1.0068294      0.99765185      0.99959446       1.0060994      0.99787553      0.99900967        0.544147   2.1628653e-09      0.94551158      0.73850801       0.3669179      0.81673098       53.431987       1033.3282       1548.1067      -25.642307       -27.857859          2.2155522       2946.2187                 23.078398                 403.06372                                599.30735                       7.878722                2.1882169             0.30937805                           50.934392                  1548.1067       169.35063        142.00113
              1       1448.6899     0.022473413       64.221789        3.074019      0.96489005       9.3016101      0.63299445       1.0068294      0.99693793       1.0003041       1.0033183      0.99921147       1.0011963        0.544147   2.1628653e-09      0.94551158      0.73850801       0.3669179      0.81673098       53.431987       1035.6189       1548.1067      -25.429567       -27.645119          2.2155522        2948.239                 23.184213                 403.07932                                601.45115                      7.9041709                2.1882169             0.30937805                           50.934392                  1548.1067       167.87787        143.20354
              1       1449.9533     0.022473413       64.221789        3.074019      0.96489005       9.3016101      0.63299445       1.0068294       1.0001491      0.99885516       1.0051399      0.99466913       1.0037421        0.544147   2.1628653e-09      0.94551158      0.73850801       0.3669179      0.81673098       53.431987        1038.931       1548.1067      -25.301886       -27.517438          2.2155522       2950.5104                 22.720608                 402.98549                                605.20541                      8.0195391                2.1882169             0.30937805                           50.934392                  1548.1067       166.78021        143.26044
              1       1446.5785     0.022473413       64.221789        3.074019      0.96489005       9.3016101      0.63299445       1.0068294      0.99905633      0.99885169        1.005254      0.99516029      0.99742048        0.544147   2.1628653e-09      0.94551158      0.73850801       0.3669179      0.81673098       53.431987       1033.8905       1548.1067      -25.425401       -27.640954          2.2155522       2944.0078                 22.874832                 403.02469                                600.07681                       7.914212                2.1882169             0.30937805                           50.934392                  1548.1067       166.90085        141.67766
              1       1445.9285     0.022473413       64.221789        3.074019      0.96489005       9.3016101      0.63299445       1.0068294      0.99905633      0.99823871       1.0004225      0.99514321      0.99721939        0.544147   2.1628653e-09      0.94551158      0.73850801       0.3669179      0.81673098       53.431987       1033.8905       1548.1067      -25.312011       -27.527564          2.2155522       2942.4809                 22.874832                 403.02469                                600.07681                       7.914212                2.1882169             0.30937805                           50.934392                  1548.1067         165.297        141.75467
              1       1445.4637     0.022473413       64.221789        3.074019      0.96489005       9.3016101      0.63299445       1.0068294      0.99900111      0.99823854       1.0004282      0.99716343      0.99807499        0.544147   2.1628653e-09      0.94551158      0.73850801       0.3669179      0.81673098       53.431987       1033.7405       1548.1067      -25.726955       -27.942507          2.2155522       2942.3813                 22.882712                 403.02469                                599.92243                       7.910687                2.1882169             0.30937805                           50.934392                  1548.1067       165.29338        141.80869
              1       1446.6077     0.022473413       64.221789        3.074019      0.96489005       9.3016101      0.63299445       1.0068294      0.99900111      0.99817755       0.9995008      0.99949193       1.0019062        0.544147   2.1628653e-09      0.94551158      0.73850801       0.3669179      0.81673098       53.431987       1033.7405       1548.1067      -25.908647       -28.124199          2.2155522       2945.0326                 22.882712                 403.02469                                599.92243                       7.910687                2.1882169             0.30937805                           50.934392                  1548.1067       166.04254        143.71083
              1       1446.0646     0.022473413       64.221789        3.074019      0.96489005       9.3016101      0.63299445       1.0068294      0.99900111      0.99817755       0.9995008      0.99680834       1.0020644        0.544147   2.1628653e-09      0.94551158      0.73850801       0.3669179      0.81673098       53.431987       1033.7405       1548.1067      -25.656464       -27.872016          2.2155522       2943.4422                 22.882712                 403.02469                                599.92243                       7.910687                2.1882169             0.30937805                           50.934392                  1548.1067       166.04254        142.12039
              1       1447.8868     0.022473413       64.221789        3.074019      0.96489005       9.3016101      0.63299445       1.0068294      0.99804314      0.99827596        1.000028      0.99423892       1.0054832        0.544147   2.1628653e-09      0.94551158      0.73850801       0.3669179      0.81673098       53.431987        1032.816       1548.1067      -24.634707       -26.850259          2.2155522       2945.0429                  23.02101                 403.05828                                598.85943                      7.8772472                2.1882169             0.30937805                           50.934392                  1548.1067       165.56688        145.12137
              1       1448.3324     0.022473413       64.221789        3.074019      0.96489005       9.3016101      0.63299445       1.0068294      0.99786517       0.9977283       1.0068055       1.0007472       1.0023533        0.544147   2.1628653e-09      0.94551158      0.73850801       0.3669179      0.81673098       53.431987       1032.9871       1548.1067      -25.496227       -27.711779          2.2155522       2947.6574                 23.047057                 403.06372                                 598.9995                       7.876826                2.1882169             0.30937805                           50.934392                  1548.1067        167.8161        145.31541
              1       1447.0101     0.022472221       64.213442       3.0742296      0.96494739       9.3128162      0.63296348       1.0067669      0.99787376      0.99776139       1.0036373       1.0007415       1.0022513      0.54395255   2.1633208e-09       0.9455003      0.73851247      0.36694884      0.81677035       53.482372       1033.0951       1548.2911      -25.520011       -27.727651          2.2076395       2945.0602                 23.034957                 403.12108                                599.06312                      7.8759932                2.1904736             0.31046428                           50.981435                  1548.2911       164.97734        145.21428
              1       1446.6388     0.022472221       64.213442       3.0742296      0.96494739       9.3128162      0.63296348       1.0067669      0.99787376      0.99828997        1.005412      0.99498986      0.99692619      0.54395255   2.1633208e-09       0.9455003      0.73851247      0.36694884      0.81677035       53.482372       1033.0951       1548.2911      -24.985614       -27.193253          2.2076395       2943.2488                 23.034957                 403.12108                                599.06312                      7.8759932                2.1904736             0.31046428                           50.981435                  1548.2911       166.48528        141.89497
              1       1446.1277     0.022472221       64.213442       3.0742296      0.96494739       9.3128162      0.63296348       1.0067669      0.99813116      0.99902267       1.0001653      0.99524917      0.99612821      0.54395255   2.1633208e-09       0.9455003      0.73851247      0.36694884      0.81677035       53.482372       1032.8733       1548.2911      -25.187613       -27.395253          2.2076395       2942.6306                 22.997347                 403.10791                                 598.8911                      7.8769755                2.1904736             0.31046428                           50.981435                  1548.2911       165.69159        142.29222
              1       1446.4087     0.022472221       64.213442       3.0742296      0.96494739       9.3128162      0.63296348       1.0067669      0.99813116      0.99851426       1.0002008      0.99854663      0.99567117      0.54395255   2.1633208e-09       0.9455003      0.73851247      0.36694884      0.81677035       53.482372       1032.8733       1548.2911      -25.589978       -27.797617          2.2076395       2943.9973                 22.997347                 403.10791                                 598.8911                      7.8769755                2.1904736             0.31046428                           50.981435                  1548.2911       165.48473        143.86584
              1       1446.6798     0.022472221       64.213442       3.0742296      0.96494739       9.3128162      0.63296348       1.0067669      0.99900036      0.99851702         1.00011      0.99857307      0.99575127      0.54395255   2.1633208e-09       0.9455003      0.73851247      0.36694884      0.81677035       53.482372       1033.8083       1548.2911      -25.798285       -28.005924          2.2076395       2944.9562                 22.872083                 403.08286                                599.94499                      7.9083403                2.1904736             0.31046428                           50.981435                  1548.2911       165.54622        143.82825
              1        1447.109     0.022472221       64.213442       3.0742296      0.96494739       9.3128162      0.63296348       1.0067669      0.99900036       0.9992007       1.0035747      0.99288437      0.99850193      0.54395255   2.1633208e-09       0.9455003      0.73851247      0.36694884      0.81677035       53.482372       1033.8083       1548.2911      -24.829261         -27.0369          2.2076395       2943.8766                 22.872083                 403.08286                                599.94499                      7.9083403                2.1904736             0.31046428                           50.981435                  1548.2911       165.94374        142.35114
              1       1447.1402     0.022472221       64.213442       3.0742296      0.96494739       9.3128162      0.63296348       1.0067669       0.9980108      0.99982343       1.0006989      0.99280827      0.99833001      0.54395255   2.1633208e-09       0.9455003      0.73851247      0.36694884      0.81677035       53.482372       1032.9552       1548.2911      -24.594255       -26.801895          2.2076395       2943.4688                 23.014908                 403.12037                                598.94391                      7.8760424                2.1904736             0.31046428                           50.981435                  1548.2911       166.30989        142.43027
              1       1449.8391     0.022472221       64.213442       3.0742296      0.96494739       9.3128162      0.63296348       1.0067669      0.99780529      0.99692596       1.0057338      0.99110188       1.0018009      0.54395255   2.1633208e-09       0.9455003      0.73851247      0.36694884      0.81677035       53.482372       1033.1887       1548.2911      -23.316978       -25.524617          2.2076395       2946.3122                 23.044992                 403.12108                                599.14626                      7.8763732                2.1904736             0.31046428                           50.981435                  1548.2911       166.56367        144.78635
              1       1445.9831     0.022472221       64.213442       3.0742296      0.96494739       9.3128162      0.63296348       1.0067669      0.99780529      0.99772549       1.0051112      0.99611825        1.000551      0.54395255   2.1633208e-09       0.9455003      0.73851247      0.36694884      0.81677035       53.482372       1033.1887       1548.2911      -25.172346       -27.379986          2.2076395       2942.3108                 23.044992                 403.12108                                599.14626                      7.8763732                2.1904736             0.31046428                           50.981435                  1548.2911       165.90018        141.44852
              1       1447.6559     0.022472221       64.213442       3.0742296      0.96494739       9.3128162      0.63296348       1.0067669      0.99707271      0.99772316       1.0051877      0.99475726       0.9985754      0.54395255   2.1633208e-09       0.9455003      0.73851247      0.36694884      0.81677035       53.482372       1035.2114       1548.2911      -24.547259       -26.754899          2.2076395       2944.4062                 23.153169                 403.13868                                601.02215                      7.8973616                2.1904736             0.31046428                           50.981435                  1548.2911       165.96738        141.45406
              1       1447.6688     0.022472221       64.213442       3.0742296      0.96494739       9.3128162      0.63296348       1.0067669      0.99702957      0.99772303       1.0051922      0.99876562       1.0000663      0.54395255   2.1633208e-09       0.9455003      0.73851247      0.36694884      0.81677035       53.482372       1035.3869       1548.2911      -25.189937       -27.397576          2.2076395       2945.7175                 23.159587                 403.13868                                601.18902                      7.8995652                2.1904736             0.31046428                           50.981435                  1548.2911       165.97139        142.58583
              1       1448.4759     0.022472221       64.213442       3.0742296      0.96494739       9.3128162      0.63296348       1.0067669      0.99702957       0.9989294       1.0010183       1.0010679      0.99829722      0.54395255   2.1633208e-09       0.9455003      0.73851247      0.36694884      0.81677035       53.482372       1035.3869       1548.2911       -25.39641        -27.60405          2.2076395       2947.7447                 23.159587                 403.13868                                601.18902                      7.8995652                2.1904736             0.31046428                           50.981435                  1548.2911       165.25687        145.32748
              1       1451.2787     0.022472221       64.213442       3.0742296      0.96494739       9.3128162      0.63296348       1.0067669      0.99702957      0.99815508      0.99623124      0.99392829       0.9958793      0.54395255   2.1633208e-09       0.9455003      0.73851247      0.36694884      0.81677035       53.482372       1035.3869       1548.2911      -24.251747       -26.459387          2.2076395        2951.061                 23.159587                 403.13868                                601.18902                      7.8995652                2.1904736             0.31046428                           50.981435                  1548.2911       171.15373        142.74695
              1       1448.2586     0.022472221       64.213442       3.0742296      0.96494739       9.3128162      0.63296348       1.0067669      0.99911166      0.99692558      0.99943139      0.99310521      0.99947164      0.54395255   2.1633208e-09       0.9455003      0.73851247      0.36694884      0.81677035       53.482372       1034.1039       1548.2911      -24.451777       -26.659416          2.2076395       2945.4207                 22.856227                 403.07077                                600.26144                      7.9154704                2.1904736             0.31046428                           50.981435                  1548.2911       167.37752        142.16583
              1       1448.6389     0.022472221       64.213442       3.0742296      0.96494739       9.3128162      0.63296348       1.0067669      0.99911166      0.99692558      0.99943139      0.99669469      0.99416085      0.54395255   2.1633208e-09       0.9455003      0.73851247      0.36694884      0.81677035       53.482372       1034.1039       1548.2911       -25.03992        -27.24756          2.2076395       2947.3577                 22.856227                 403.07077                                600.26144                      7.9154704                2.1904736             0.31046428                           50.981435                  1548.2911       167.37752        144.10284
              1       1447.2124     0.022472221       64.213442       3.0742296      0.96494739       9.3128162      0.63296348       1.0067669      0.99753277      0.99710922       1.0050134      0.99617941       1.0032322      0.54395255   2.1633208e-09       0.9455003      0.73851247      0.36694884      0.81677035       53.482372       1033.7198       1548.2911      -24.809591        -27.01723          2.2076395        2944.044                 23.085056                 403.12108                                599.63315                      7.8805618                2.1904736             0.31046428                           50.981435                  1548.2911        165.8808        142.66992
              1       1448.6091     0.022472221       64.213442       3.0742296      0.96494739       9.3128162      0.63296348       1.0067669       1.0000813      0.99969689       1.0016358      0.99955587      0.99959895      0.54395255   2.1633208e-09       0.9455003      0.73851247      0.36694884      0.81677035       53.482372       1038.5498       1548.2911      -26.209631       -28.417271          2.2076395       2949.6376                 22.719451                 403.07168                                604.75137                      8.0073207                2.1904736             0.31046428                           50.981435                  1548.2911       166.02441        143.28987
              1       1447.2527     0.022472221       64.213442       3.0742296      0.96494739       9.3128162      0.63296348       1.0067669      0.99912136      0.99871873       1.0019164       1.0009804      0.99730567      0.54395255   2.1633208e-09       0.9455003      0.73851247      0.36694884      0.81677035       53.482372       1034.1327       1548.2911        -25.9762       -28.183839          2.2076395       2946.4579                 22.854847                 403.07077                                600.29097                      7.9161254                2.1904736             0.31046428                           50.981435                  1548.2911       164.97101        145.58073
              1       1448.6322     0.022472221       64.213442       3.0742296      0.96494739       9.3128162      0.63296348       1.0067669      0.99912136      0.99871873       1.0019164       1.0016795      0.99531561      0.54395255   2.1633208e-09       0.9455003      0.73851247      0.36694884      0.81677035       53.482372       1034.1327       1548.2911      -25.791166       -27.998806          2.2076395       2948.8468                 22.854847                 403.07077                                600.29097                      7.9161254                2.1904736             0.31046428                           50.981435                  1548.2911       164.97101         147.9696
              1       1448.3191     0.022472221       64.213442       3.0742296      0.96494739       9.3128162      0.63296348       1.0067669      0.99842537      0.99871652       1.0019891       1.0012029      0.99432885      0.54395255   2.1633208e-09       0.9455003      0.73851247      0.36694884      0.81677035       53.482372       1032.9118       1548.2911      -25.591658       -27.799297          2.2076395       2947.8215                  22.95465                 403.10855                                598.96587                      7.8827547                2.1904736             0.31046428                           50.981435                  1548.2911       164.96825        148.16797
              1       1445.3455     0.022472221       64.213442       3.0742296      0.96494739       9.3128162      0.63296348       1.0067669      0.99842537      0.99871652       1.0019891      0.99504701      0.99772843      0.54395255   2.1633208e-09       0.9455003      0.73851247      0.36694884      0.81677035       53.482372       1032.9118       1548.2911      -25.274556       -27.482195          2.2076395       2941.2401                  22.95465                 403.10855                                598.96587                      7.8827547                2.1904736             0.31046428                           50.981435                  1548.2911       164.96825        141.58664
              1       1446.1204     0.022472221       64.213442       3.0742296      0.96494739       9.3128162      0.63296348       1.0067669      0.99831243      0.99932334        1.001003      0.99472051       1.0026161      0.54395255   2.1633208e-09       0.9455003      0.73851247      0.36694884      0.81677035       53.482372        1032.865       1548.2911      -25.212374       -27.420013          2.2076395       2942.6655                 22.971002                 403.11102                                598.90298                      7.8799496                2.1904736             0.31046428                           50.981435                  1548.2911       165.60103        142.42604
              1       1446.3231     0.022472221       64.213442       3.0742296      0.96494739       9.3128162      0.63296348       1.0067669      0.99761733      0.99995541       1.0019292      0.99563322       1.0005746      0.54395255   2.1633208e-09       0.9455003      0.73851247      0.36694884      0.81677035       53.482372       1033.5279       1548.2911      -25.291341       -27.498981          2.2076395       2943.2289                 23.072603                 403.12108                                599.45538                      7.8788042                2.1904736             0.31046428                           50.981435                  1548.2911       166.49442        141.43323
              1       1448.8423     0.022472221       64.213442       3.0742296      0.96494739       9.3128162      0.63296348       1.0067669      0.99761733      0.99995541       1.0019292      0.99722387      0.99269554      0.54395255   2.1633208e-09       0.9455003      0.73851247      0.36694884      0.81677035       53.482372       1033.5279       1548.2911      -25.071505       -27.279144          2.2076395       2947.8277                 23.072603                 403.12108                                599.45538                      7.8788042                2.1904736             0.31046428                           50.981435                  1548.2911       166.49442        146.03197
              1       1446.1305     0.022472221       64.213442       3.0742296      0.96494739       9.3128162      0.63296348       1.0067669      0.99853551      0.99995833       1.0018333      0.99435552      0.99954861      0.54395255   2.1633208e-09       0.9455003      0.73851247      0.36694884      0.81677035       53.482372       1032.9927       1548.2911      -25.257896       -27.465536          2.2076395       2942.7769                 22.938745                 403.09961                                 599.0682                      7.8861935                2.1904736             0.31046428                           50.981435                  1548.2911       166.48276        141.52792
              1       1445.9583     0.022472221       64.213442       3.0742296      0.96494739       9.3128162      0.63296348       1.0067669      0.99853551      0.99995833       1.0018333      0.99581351      0.99720766      0.54395255   2.1633208e-09       0.9455003      0.73851247      0.36694884      0.81677035       53.482372       1032.9927       1548.2911      -25.541553       -27.749193          2.2076395       2942.9997                 22.938745                 403.09961                                 599.0682                      7.8861935                2.1904736             0.31046428                           50.981435                  1548.2911       166.48276        141.75073
              1       1449.5926     0.022472221       64.213442       3.0742296      0.96494739       9.3128162      0.63296348       1.0067669      0.99713054      0.99978816       1.0033987      0.99292798       1.0035065      0.54395255   2.1633208e-09       0.9455003      0.73851247      0.36694884      0.81677035       53.482372       1034.9855       1548.2911      -24.203758       -26.411397          2.2076395       2947.5926                 23.144575                 403.13797                                600.80835                      7.8945773                2.1904736             0.31046428                           50.981435                  1548.2911       166.80664        144.02707
              1       1452.1522     0.022472221       64.213442       3.0742296      0.96494739       9.3128162      0.63296348       1.0067669      0.99713054      0.99486182       1.0007829      0.99299414         1.00022      0.54395255   2.1633208e-09       0.9455003      0.73851247      0.36694884      0.81677035       53.482372       1034.9855       1548.2911      -22.878494       -25.086133          2.2076395       2950.0614                 23.144575                 403.13797                                600.80835                      7.8945773                2.1904736             0.31046428                           50.981435                  1548.2911       170.96298        142.33952
              1       1456.1154     0.022472221       64.213442       3.0742296      0.96494739       9.3128162      0.63296348       1.0067669      0.99713054      0.99486182       1.0007829      0.99162482       1.0064326      0.54395255   2.1633208e-09       0.9455003      0.73851247      0.36694884      0.81677035       53.482372       1034.9855       1548.2911      -21.965143       -24.172783          2.2076395       2956.1612                 23.144575                 403.13797                                600.80835                      7.8945773                2.1904736             0.31046428                           50.981435                  1548.2911       170.96298        148.43927
              1       1449.6492     0.022495066       64.265354       3.0769987       0.9644276       9.4124658       0.6328598       1.0072469      0.99721124      0.99629766       1.0004034      0.99456254        1.002907      0.54566001   2.1693198e-09        0.945533       0.7402289      0.36705266      0.81878447       53.429664       1036.1849       1547.1651       -23.85967       -26.232399          2.3727286       2947.0177                  23.33588                 403.79024                                601.09685                      7.9619665                2.1963772             0.31328225                           50.920005                  1547.1651       167.13574        143.10222
              1       1448.2789     0.022495066       64.265354       3.0769987       0.9644276       9.4124658       0.6328598       1.0072469      0.99721124      0.99916784      0.99999605       1.0005245       1.0010987      0.54566001   2.1693198e-09        0.945533       0.7402289      0.36705266      0.81878447       53.429664       1036.1849       1547.1651      -25.377701        -27.75043          2.3727286       2947.3132                  23.33588                 403.79024                                601.09685                      7.9619665                2.1963772             0.31328225                           50.920005                  1547.1651        165.6026        144.93089
              1       1447.0129     0.022495066       64.265354       3.0769987       0.9644276       9.4124658       0.6328598       1.0072469      0.99780759      0.99817686        1.001216      0.99730624        1.004485      0.54566001   2.1693198e-09        0.945533       0.7402289      0.36705266      0.81878447       53.429664       1034.6453       1547.1651      -25.117141       -27.489869          2.3727286       2944.2602                  23.24538                 403.78944                                599.69839                      7.9120687                2.1963772             0.31328225                           50.920005                  1547.1651       164.67439         144.3457
              1       1446.7669     0.022495066       64.265354       3.0769987       0.9644276       9.4124658       0.6328598       1.0072469      0.99780759      0.99817686        1.001216      0.99605177       1.0038278      0.54566001   2.1693198e-09        0.945533       0.7402289      0.36705266      0.81878447       53.429664       1034.6453       1547.1651      -24.962173       -27.334902          2.3727286       2943.4582                  23.24538                 403.78944                                599.69839                      7.9120687                2.1963772             0.31328225                           50.920005                  1547.1651       164.67439        143.54372
              1       1446.5246     0.022495066       64.265354       3.0769987       0.9644276       9.4124658       0.6328598       1.0072469      0.99933871      0.99818172       1.0010561      0.99479124        1.000012      0.54566001   2.1693198e-09        0.945533       0.7402289      0.36705266      0.81878447       53.429664       1036.1837       1547.1651      -25.165035       -27.537763          2.3727286       2943.3792                 23.018008                 403.73125                                601.55681                      7.8776796                2.1963772             0.31328225                           50.920005                  1547.1651       164.73462        141.86609
              1       1446.6493     0.022495066       64.265354       3.0769987       0.9644276       9.4124658       0.6328598       1.0072469      0.99946396      0.99818211       1.0010431      0.99503496      0.99938581      0.54566001   2.1693198e-09        0.945533       0.7402289      0.36705266      0.81878447       53.429664       1036.6664       1547.1651      -25.235042       -27.607771          2.3727286       2943.7686                 22.999729                 403.73237                                602.05349                       7.880795                2.1963772             0.31328225                           50.920005                  1547.1651       164.73993        141.76752
              1       1445.6141     0.022495066       64.265354       3.0769987       0.9644276       9.4124658       0.6328598       1.0072469      0.99891615      0.99879113       1.0029763      0.99643302      0.99880156      0.54566001   2.1693198e-09        0.945533       0.7402289      0.36705266      0.81878447       53.429664       1034.9596       1547.1651       -25.55228       -27.925008          2.3727286       2942.3328                 23.080091                  403.7414                                600.26434                      7.8737615                2.1963772             0.31328225                           50.920005                  1547.1651       164.95451        141.82385
              1       1449.6962     0.022495066       64.265354       3.0769987       0.9644276       9.4124658       0.6328598       1.0072469      0.99881063      0.99865777       1.0066181      0.99787839      0.99306617      0.54566001   2.1693198e-09        0.945533       0.7402289      0.36705266      0.81878447       53.429664       1034.7509       1547.1651      -25.276868       -27.649596          2.3727286       2949.9462                 23.095678                  403.7468                                600.03404                      7.8743734                2.1963772             0.31328225                           50.920005                  1547.1651       168.28717        146.31334
              1       1446.8009     0.022495066       64.265354       3.0769987       0.9644276       9.4124658       0.6328598       1.0072469      0.99881063      0.99880986       1.0024364      0.99641165       1.0044879      0.54566001   2.1693198e-09        0.945533       0.7402289      0.36705266      0.81878447       53.429664       1034.7509       1547.1651       -25.35484       -27.727569          2.3727286       2944.3116                 23.095678                  403.7468                                600.03404                      7.8743734                2.1963772             0.31328225                           50.920005                  1547.1651       164.82475        144.14113
              1       1446.5782     0.022497128       64.283393       3.0769192      0.96447721       9.4015418       0.6329555       1.0073287      0.99884382       0.9988632       1.0024273      0.99951382        1.003167       0.5443988   2.1691472e-09      0.94555857      0.74066764      0.36695701      0.81916302       53.221674       1035.0327        1546.768      -25.762549       -28.149835          2.3872866       2944.6815                 23.088156                 403.66356                                600.41182                      7.8691244                2.1891506             0.30979388                           50.722729                   1546.768       164.82259        144.83655
              1       1447.4256     0.022497128       64.283393       3.0769192      0.96447721       9.4015418       0.6329555       1.0073287      0.99881636      0.99886963       1.0062211      0.99450766      0.99851624       0.5443988   2.1691472e-09      0.94555857      0.74066764      0.36695701      0.81916302       53.221674       1034.9816        1546.768      -25.089982       -27.477269          2.3872866       2945.0311                 23.092214                 403.66356                                600.35638                      7.8694615                2.1891506             0.30979388                           50.722729                   1546.768       167.93825        142.12155
              1       1450.4401     0.022548501        64.34651       3.0845229      0.96222489       9.7721303      0.63122145       1.0098836      0.99893914      0.99805426       1.0063146      0.99388944      0.99793411      0.57920372   2.1857035e-09      0.94554125      0.74052729      0.36869123      0.82094081       56.356495       1040.5432       1545.5172      -24.406434       -27.162519          2.7560852       2949.6931                 23.717359                  406.3246                                602.42001                      8.0812306                2.3249969             0.37763396                           53.653865                  1545.5172        166.8212        140.45503
              1       1449.5566     0.022548501        64.34651       3.0845229      0.96222489       9.7721303      0.63122145       1.0098836      0.99868712      0.99805346       1.0063409       0.9958949      0.99876181      0.57920372   2.1857035e-09      0.94554125      0.74052729      0.36869123      0.82094081       56.356495       1039.7936       1545.5172      -24.892384       -27.648469          2.7560852       2948.8981                 23.757925                 406.34348                                 601.5751                      8.1171396                2.3249969             0.37763396                           53.653865                  1545.5172       166.86015        140.37054
              1       1448.4215     0.022579926       64.456303       3.0895915      0.96135042       9.8991399      0.63255373       1.0095674       1.0000147      0.99740012      0.99866455      0.99653572      0.99915132      0.56557644   2.1968103e-09      0.94565098      0.74452261      0.36735925      0.82387772       53.828672        1042.223       1543.0883      -24.724596       -27.749317          3.0247209       2946.2922                 24.024757                 407.38881                                602.63636                      8.1730358                2.2292834             0.32949428                           51.269894                  1543.0883       165.34702        141.80522
              1       1446.7355     0.022579926       64.456303       3.0895915      0.96135042       9.8991399      0.63255373       1.0095674      0.99866077      0.99739582      0.99880595      0.99671127       1.0005781      0.56557644   2.1968103e-09      0.94565098      0.74452261      0.36735925      0.82387772       53.828672       1038.5815       1543.0883      -24.612943       -27.637664          3.0247209       2942.6969                 24.252687                 407.44309                                598.41269                      8.4729978                2.2292834             0.32949428                           51.269894                  1543.0883       165.17015        142.02826
              1        1446.533     0.022579926       64.456303       3.0895915      0.96135042       9.8991399      0.63255373       1.0095674      0.99866077       0.9988531      0.99967124      0.99571771       1.0027111      0.56557644   2.1968103e-09      0.94565098      0.74452261      0.36735925      0.82387772       53.828672       1038.5815       1543.0883      -24.663695       -27.688416          3.0247209       2942.3934                 24.252687                 407.44309                                598.41269                      8.4729978                2.2292834             0.32949428                           51.269894                  1543.0883       164.05528        142.83969
              1       1447.5228     0.022579926       64.456303       3.0895915      0.96135042       9.8991399      0.63255373       1.0095674      0.99866077       0.9988531      0.99967124      0.99235551      0.99910229      0.56557644   2.1968103e-09      0.94565098      0.74452261      0.36735925      0.82387772       53.828672       1038.5815       1543.0883       -23.73106       -26.755781          3.0247209       2942.5078                 24.252687                 407.44309                                598.41269                      8.4729978                2.2292834             0.32949428                           51.269894                  1543.0883       164.05528        142.95406
              1       1448.3541     0.022579926       64.456303       3.0895915      0.96135042       9.8991399      0.63255373       1.0095674      0.99866077      0.99623545       1.0061911      0.99327152      0.99895506      0.56557644   2.1968103e-09      0.94565098      0.74452261      0.36735925      0.82387772       53.828672       1038.5815       1543.0883      -23.340635       -26.365356          3.0247209       2943.3894                 24.252687                 407.44309                                598.41269                      8.4729978                2.2292834             0.32949428                           51.269894                  1543.0883       165.59212         142.2988
              1       1448.7199     0.022579926       64.456303       3.0895915      0.96135042       9.8991399      0.63255373       1.0095674      0.99866077      0.99623545       1.0061911       1.0007471      0.99981066      0.56557644   2.1968103e-09      0.94565098      0.74452261      0.36735925      0.82387772       53.828672       1038.5815       1543.0883      -24.459607       -27.484328          3.0247209        2946.359                 24.252687                 407.44309                                598.41269                      8.4729978                2.2292834             0.32949428                           51.269894                  1543.0883       165.59212        145.26839
              1       1449.5634     0.022579926       64.456303       3.0895915      0.96135042       9.8991399      0.63255373       1.0095674      0.99961847      0.99623849       1.0060911       1.0008406      0.99991027      0.56557644   2.1968103e-09      0.94565098      0.74452261      0.36735925      0.82387772       53.828672       1040.5026       1543.0883      -24.589295       -27.614016          3.0247209       2948.3054                 24.090853                 407.38981                                600.77199                      8.2499125                2.2292834             0.32949428                           51.269894                  1543.0883       165.48454        145.40134
              1       1449.5108     0.022579926       64.456303       3.0895915      0.96135042       9.8991399      0.63255373       1.0095674      0.99961847       1.0002501      0.99642541      0.99828256       1.0014746      0.56557644   2.1968103e-09      0.94565098      0.74452261      0.36735925      0.82387772       53.828672       1040.5026       1543.0883      -25.295754       -28.320475          3.0247209       2949.6131                 24.090853                 407.38981                                600.77199                      8.2499125                2.2292834             0.32949428                           51.269894                  1543.0883       169.09114        143.10234
              1       1444.4268     0.022636886       64.919213       3.0843687      0.96205975       9.6896084      0.63595928       1.0118946      0.99828551      0.99785796       1.0043644      0.99576375      0.99739481      0.57465833   2.1853666e-09      0.94628814      0.74505107      0.36395494      0.82063346       48.716439       1043.2067       1533.3857      -23.940722       -27.429964          3.4892424       2936.7351                 24.030976                 405.77218                                605.25225                       8.151262                1.9984349             0.22295187                           46.495053                  1533.3857       167.73741        143.68887
              1       1444.6903     0.022636886       64.919213       3.0843687      0.96205975       9.6896084      0.63595928       1.0118946      0.99828551      0.99925036       1.0024334      0.99569907      0.99738501      0.57465833   2.1853666e-09      0.94628814      0.74505107      0.36395494      0.82063346       48.716439       1043.2067       1533.3857      -24.150229       -27.639471          3.4892424        2937.681                 24.030976                 405.77218                                605.25225                       8.151262                1.9984349             0.22295187                           46.495053                  1533.3857       168.69582        143.67639
              1        1446.088     0.022636886       64.919213       3.0843687      0.96205975       9.6896084      0.63595928       1.0118946      0.99828551      0.99925036       1.0024334      0.99468387      0.99393674      0.57465833   2.1853666e-09      0.94628814      0.74505107      0.36395494      0.82063346       48.716439       1043.2067       1533.3857      -23.624988        -27.11423          3.4892424        2939.426                 24.030976                 405.77218                                605.25225                       8.151262                1.9984349             0.22295187                           46.495053                  1533.3857       168.69582        145.42136
              1       1445.4821     0.022636886       64.919213       3.0843687      0.96205975       9.6896084      0.63595928       1.0118946      0.99828551      0.99740279       1.0016359      0.99247044      0.99629643      0.57465833   2.1853666e-09      0.94628814      0.74505107      0.36395494      0.82063346       48.716439       1043.2067       1533.3857      -22.794306       -26.283548          3.4892424       2936.5529                 24.030976                 405.77218                                605.25225                       8.151262                1.9984349             0.22295187                           46.495053                  1533.3857        166.5918        144.65225
              1       1444.2107     0.022636886       64.919213       3.0843687      0.96205975       9.6896084      0.63595928       1.0118946      0.99706869      0.99790874       1.0017737      0.99634079       0.9984596      0.57465833   2.1853666e-09      0.94628814      0.74505107      0.36395494      0.82063346       48.716439       1043.1326       1533.3857       -23.65517       -27.144412          3.4892424       2935.7318                 24.236243                 405.82063                                604.66992                      8.4058189                1.9984349             0.22295187                           46.495053                  1533.3857       166.76503        143.73198
              1        1448.211     0.022636886       64.919213       3.0843687      0.96205975       9.6896084      0.63595928       1.0118946      0.99706869      0.99571152       1.0064295       1.0006943      0.99716504      0.57465833   2.1853666e-09      0.94628814      0.74505107      0.36395494      0.82063346       48.716439       1043.1326       1533.3857       -23.14296       -26.632203          3.4892424        2942.708                 24.236243                 405.82063                                604.66992                      8.4058189                1.9984349             0.22295187                           46.495053                  1533.3857       169.40746        148.06577
              1       1447.5078     0.022636886       64.919213       3.0843687      0.96205975       9.6896084      0.63595928       1.0118946      0.99706869      0.99571152       1.0064295      0.99923772      0.99620163      0.57465833   2.1853666e-09      0.94628814      0.74505107      0.36395494      0.82063346       48.716439       1043.1326       1533.3857      -23.080047       -26.569289          3.4892424       2941.1756                 24.236243                 405.82063                                604.66992                      8.4058189                1.9984349             0.22295187                           46.495053                  1533.3857       169.40746        146.53337
              1       1446.6811     0.022636886       64.919213       3.0843687      0.96205975       9.6896084      0.63595928       1.0118946      0.99709647      0.99862958      0.99915079      0.99220086       1.0007635      0.57465833   2.1853666e-09      0.94628814      0.74505107      0.36395494      0.82063346       48.716439       1043.0727       1533.3857      -22.647197       -26.136439          3.4892424       2938.6567                 24.231499                 405.81424                                604.62791                      8.3990491                1.9984349             0.22295187                           46.495053                  1533.3857       168.43127        145.05052
              1       1448.1873     0.022636886       64.919213       3.0843687      0.96205975       9.6896084      0.63595928       1.0118946      0.99709647       1.0000296       1.0036721      0.99323267       1.0029001      0.57465833   2.1853666e-09      0.94628814      0.74505107      0.36395494      0.82063346       48.716439       1043.0727       1533.3857      -23.050197        -26.53944          3.4892424       2942.4751                 24.231499                 405.81424                                604.62791                      8.3990491                1.9984349             0.22295187                           46.495053                  1533.3857        171.5358        145.76443
              1       1446.0473     0.022636886       64.919213       3.0843687      0.96205975       9.6896084      0.63595928       1.0118946       0.9985599       0.9993554      0.99894201      0.99619372        1.002729      0.57465833   2.1853666e-09      0.94628814      0.74505107      0.36395494      0.82063346       48.716439       1043.9226       1533.3857      -24.321305       -27.810548          3.4892424       2940.7372                 23.985398                 405.76579                                606.06569                      8.1056777                1.9984349             0.22295187                           46.495053                  1533.3857       169.46584        145.24664
              1       1445.7347     0.022636886       64.919213       3.0843687      0.96205975       9.6896084      0.63595928       1.0118946       0.9985599      0.99948192      0.99865977      0.99447594      0.99827197      0.57465833   2.1853666e-09      0.94628814      0.74505107      0.36395494      0.82063346       48.716439       1043.9226       1533.3857       -23.97418       -27.463422          3.4892424       2939.4177                 23.985398                 405.76579                                606.06569                      8.1056777                1.9984349             0.22295187                           46.495053                  1533.3857       169.88876        143.50423
              1       1445.6122     0.022636886       64.919213       3.0843687      0.96205975       9.6896084      0.63595928       1.0118946       0.9985599      0.99948192      0.99865977      0.99749303      0.99770545      0.57465833   2.1853666e-09      0.94628814      0.74505107      0.36395494      0.82063346       48.716439       1043.9226       1533.3857       -24.55357       -28.042813          3.4892424       2940.3316                 23.985398                 405.76579                                606.06569                      8.1056777                1.9984349             0.22295187                           46.495053                  1533.3857       169.88876        144.41812
              1       1444.5006     0.022636886       64.919213       3.0843687      0.96205975       9.6896084      0.63595928       1.0118946      0.99834799      0.99915443       1.0010788      0.99526597      0.99917917      0.57465833   2.1853666e-09      0.94628814      0.74505107      0.36395494      0.82063346       48.716439       1043.3424       1533.3857      -24.119824       -27.609066          3.4892424       2937.2408                 24.020577                 405.76579                                 605.4155                      8.1405004                1.9984349             0.22295187                           46.495053                  1533.3857       168.26927        143.52701
              1       1446.2343     0.022636886       64.919213       3.0843687      0.96205975       9.6896084      0.63595928       1.0118946      0.99689363      0.99995707       1.0026312      0.99520444      0.99913055      0.57465833   2.1853666e-09      0.94628814      0.74505107      0.36395494      0.82063346       48.716439       1043.5263       1533.3857      -23.590492       -27.079735          3.4892424       2939.6495                 24.266182                 405.81626                                604.99438                      8.4495136                1.9984349             0.22295187                           46.495053                  1533.3857       170.50394        143.51711
              1       1445.0499     0.022636886       64.919213       3.0843687      0.96205975       9.6896084      0.63595928       1.0118946      0.99855697      0.99757052      0.99888134      0.99531087      0.99905148      0.57465833   2.1853666e-09      0.94628814      0.74505107      0.36395494      0.82063346       48.716439       1043.9135       1533.3857      -23.891734       -27.380977          3.4892424       2937.8833                 23.985884                 405.76579                                606.05568                       8.106142                1.9984349             0.22295187                           46.495053                  1533.3857         168.351        143.51662
              1       1445.3948     0.022571304       64.660739       3.0814314      0.96070809       9.6140462      0.63546573       1.0097109      0.99745737      0.99925786       1.0023098      0.99409244      0.99655749      0.56918891   2.1789569e-09      0.94601473      0.74024704       0.3644478      0.81589397       49.811422       1035.1168        1538.649      -23.955254       -26.903855          2.9486008       2938.7001                 24.356774                 405.41193                                597.31018                      8.0379681                 2.028585             0.23594975                           47.546887                   1538.649       172.42392        142.69891
              1       1445.3627     0.022571304       64.660739       3.0814314      0.96070809       9.6140462      0.63546573       1.0097109      0.99745737      0.99780568       1.0056997      0.99802945      0.99937484      0.56918891   2.1789569e-09      0.94601473      0.74024704       0.3644478      0.81589397       49.811422       1035.1168        1538.649      -24.596014       -27.544615          2.9486008       2939.9174                 24.356774                 405.41193                                597.31018                      8.0379681                 2.028585             0.23594975                           47.546887                   1538.649       171.82272        144.51743
              1       1447.7541     0.022571304       64.660739       3.0814314      0.96070809       9.6140462      0.63546573       1.0097109      0.99881633      0.99771606       1.0082701       0.9958268      0.99918655      0.56918891   2.1789569e-09      0.94601473      0.74024704       0.3644478      0.81589397       49.811422       1037.5309        1538.649      -24.640639        -27.58924          2.9486008       2944.7895                 24.125425                 405.35497                                 600.1107                      7.9397882                 2.028585             0.23594975                           47.546887                   1538.649       175.86829        142.92993
              1       1447.3154     0.022571304       64.660739       3.0814314      0.96070809       9.6140462      0.63546573       1.0097109      0.99798653      0.99771342       1.0083567       0.9964477       1.0010994      0.56918891   2.1789569e-09      0.94601473      0.74024704       0.3644478      0.81589397       49.811422       1035.3132        1538.649      -24.541525       -27.490125          2.9486008       2943.7139                 24.266013                 405.39059                                597.66949                      7.9871466                 2.028585             0.23594975                           47.546887                   1538.649        176.0417        143.89853
              1        1445.022     0.022571304       64.660739       3.0814314      0.96070809       9.6140462      0.63546573       1.0097109      0.99826354       0.9992397       1.0012113      0.99488875      0.99948993      0.56918891   2.1789569e-09      0.94601473      0.74024704       0.3644478      0.81589397       49.811422       1035.7863        1538.649      -24.556983       -27.505584          2.9486008        2939.158                 24.218849                 405.37046                                598.23006                      7.9669569                 2.028585             0.23594975                           47.546887                   1538.649       172.19415         142.7171
              1       1443.9373     0.022571304       64.660739       3.0814314      0.96070809       9.6140462      0.63546573       1.0097109      0.99826354      0.99785906       1.0027314       0.9963356      0.99941037      0.56918891   2.1789569e-09      0.94601473      0.74024704       0.3644478      0.81589397       49.811422       1035.7863        1538.649      -24.648528       -27.597129          2.9486008       2937.1716                 24.218849                 405.37046                                598.23006                      7.9669569                 2.028585             0.23594975                           47.546887                   1538.649       169.70433        143.22052
              1       1447.1234     0.022571304       64.660739       3.0814314      0.96070809       9.6140462      0.63546573       1.0097109      0.99820044      0.99785886        1.002738      0.98975684      0.99803565      0.56918891   2.1789569e-09      0.94601473      0.74024704       0.3644478      0.81589397       49.811422       1035.6511        1538.649      -22.328217       -25.276818          2.9486008       2938.9032                 24.229572                 405.37046                                 598.0799                      7.9711691                 2.028585             0.23594975                           47.546887                   1538.649        169.7057          145.086
              1       1451.1734     0.022571304       64.660739       3.0814314      0.96070809       9.6140462      0.63546573       1.0097109      0.99820044      0.99796416      0.99760726      0.99636569       1.0087986      0.56918891   2.1789569e-09      0.94601473      0.74024704       0.3644478      0.81589397       49.811422       1035.6511        1538.649      -23.931436       -26.880037          2.9486008       2950.2097                 24.229572                 405.37046                                 598.0799                      7.9711691                 2.028585             0.23594975                           47.546887                   1538.649       172.99251        153.10565
              1       1449.9331     0.022515282       64.455094       3.0851895      0.96135188       9.8124149      0.63318624       1.0100892      0.99847619      0.99930243      0.99648453       1.0020113       1.0023035      0.59474517   2.1871611e-09      0.94580454      0.73708034      0.36672674      0.81493972       53.633995       1033.7462       1543.0748      -25.576412       -28.065997          2.4895846       2951.0191                 24.063026                  406.6918                                594.87484                      8.1165158                2.1866397             0.30883808                           51.138517                  1543.0748       173.09166        147.47249
              1        1447.412     0.022484625       65.088336       3.0582303      0.96404542       8.5684247       0.6405457       1.0115909      0.99736583      0.99800722       1.0073493      0.99376835      0.99280695       0.5961211   2.1289847e-09      0.94692631      0.72911087      0.35936896      0.79800061       43.561268       1036.5503       1529.8655      -23.952339        -26.20099          2.2486503       2942.7287                 23.115827                 398.98336                                605.76392                      8.6872162                1.6933613             0.10583378                           41.762073                  1529.8655       185.66605         147.0856
              1       1446.1852     0.022410469        64.73679       3.0543434      0.96460184       8.4157445      0.63871974       1.0092606      0.99918732      0.99889192       1.0001563      0.99117507      0.99574027      0.57286236   2.1207257e-09      0.94652527      0.72810051        0.361194      0.79891572       46.138054       1032.3726       1536.9481      -24.447861       -26.205089          1.7572282        2941.266                 22.593422                 398.21658                                601.97565                      9.5869301                 1.807068             0.14540805                           44.185578                  1536.9481       181.38206         144.4252
              1       1447.3363     0.022410469        64.73679       3.0543434      0.96460184       8.4157445      0.63871974       1.0092606      0.99911943      0.99526981        1.006117       1.0003647       1.0051664      0.57286236   2.1207257e-09      0.94652527      0.72810051        0.361194      0.79891572       46.138054       1032.1601       1536.9481      -25.111213       -26.868441          1.7572282        2944.895                 22.602712                 398.21658                                601.78262                      9.5581682                 1.807068             0.14540805                           44.185578                  1536.9481       181.64937        147.99939
              1       1445.0764     0.022410469        64.73679       3.0543434      0.96460184       8.4157445      0.63871974       1.0092606      0.99911943      0.99528505       1.0062792      0.99907398       1.0007411      0.57286236   2.1207257e-09      0.94652527      0.72810051        0.361194      0.79891572       46.138054       1032.1601       1536.9481      -25.348553       -27.105781          1.7572282       2940.8499                 22.602712                 398.21658                                601.78262                      9.5581682                 1.807068             0.14540805                           44.185578                  1536.9481       181.71451        143.88908
              1       1444.4608     0.022410469        64.73679       3.0543434      0.96460184       8.4157445      0.63871974       1.0092606      0.99911943      0.99528505       1.0062792       0.9958272      0.99821701      0.57286236   2.1207257e-09      0.94652527      0.72810051        0.361194      0.79891572       46.138054       1032.1601       1536.9481      -24.913091       -26.670319          1.7572282       2938.7478                 22.602712                 398.21658                                601.78262                      9.5581682                 1.807068             0.14540805                           44.185578                  1536.9481       181.71451        141.78702
              1       1443.6645     0.022410469        64.73679       3.0543434      0.96460184       8.4157445      0.63871974       1.0092606      0.99907081      0.99735673       1.0074807      0.99576211      0.99834507      0.57286236   2.1207257e-09      0.94652527      0.72810051        0.361194      0.79891572       46.138054       1032.0232       1536.9481      -25.743522       -27.500751          1.7572282       2938.8161                 22.609374                  398.2223                                601.65378                      9.5377305                 1.807068             0.14540805                           44.185578                  1536.9481       181.96349        141.74326
              1        1443.423     0.022410469        64.73679       3.0543434      0.96460184       8.4157445      0.63871974       1.0092606      0.99907081      0.99863088      0.99995953      0.99417277       1.0001656      0.57286236   2.1207257e-09      0.94652527      0.72810051        0.361194      0.79891572       46.138054       1032.0232       1536.9481      -25.656447       -27.413675          1.7572282       2938.1589                 22.609374                  398.2223                                601.65378                      9.5377305                 1.807068             0.14540805                           44.185578                  1536.9481       181.36786        141.68166
              1       1443.6069     0.022410469        64.73679       3.0543434      0.96460184       8.4157445      0.63871974       1.0092606      0.99891578      0.99863039      0.99997572      0.99592579      0.99578103      0.57286236   2.1207257e-09      0.94652527      0.72810051        0.361194      0.79891572       46.138054         1031.63       1536.9481      -25.893761       -27.650989          1.7572282       2939.0014                  22.63067                 398.23054                                601.29533                      9.4734352                 1.807068             0.14540805                           44.185578                  1536.9481       181.35173        142.93353
              1       1443.0584     0.022410469        64.73679       3.0543434      0.96460184       8.4157445      0.63871974       1.0092606      0.99891578      0.99863039      0.99997572      0.99554459        1.001444      0.57286236   2.1207257e-09      0.94652527      0.72810051        0.361194      0.79891572       46.138054         1031.63       1536.9481      -25.961781       -27.719009          1.7572282       2938.0404                  22.63067                 398.23054                                601.29533                      9.4734352                 1.807068             0.14540805                           44.185578                  1536.9481       181.35173        141.97253
              1       1444.0821     0.022410469        64.73679       3.0543434      0.96460184       8.4157445      0.63871974       1.0092606       0.9993501       0.9996712       1.0024915      0.99363729      0.99936998      0.57286236   2.1207257e-09      0.94652527      0.72810051        0.361194      0.79891572       46.138054       1032.9454       1536.9481      -25.624475       -27.381703          1.7572282       2939.4132                 22.571209                 398.21658                                602.50072                      9.6569406                 1.807068             0.14540805                           44.185578                  1536.9481        181.6257        141.75581
              1       1445.5085     0.022410469        64.73679       3.0543434      0.96460184       8.4157445      0.63871974       1.0092606       0.9993501       0.9996712       1.0024915      0.99648593       1.0057158      0.57286236   2.1207257e-09      0.94652527      0.72810051        0.361194      0.79891572       46.138054       1032.9454       1536.9481      -26.016954       -27.774182          1.7572282       2943.0508                 22.571209                 398.21658                                602.50072                      9.6569406                 1.807068             0.14540805                           44.185578                  1536.9481        181.6257        145.39349
              1       1445.8943     0.022357022       64.487377       3.0526534      0.96594413       8.4678327      0.63737879       1.0075864      0.99826062      0.99906517       1.0021299      0.99573681       1.0030398      0.55616083   2.1171446e-09      0.94623935       0.7281441      0.36253427      0.80044454       47.950625       1031.8256        1542.187       -26.16166       -27.600553          1.4388933       2944.1119                 22.279208                 398.41784                                 601.3642                       9.764392                1.8909337             0.17785588                           45.881836                   1542.187       179.38258        142.76613
              1       1445.7269     0.022357022       64.487377       3.0526534      0.96594413       8.4678327      0.63737879       1.0075864      0.99758302      0.99916185       1.0018149      0.99389681       1.0025478      0.55616083   2.1171446e-09      0.94623935       0.7281441      0.36253427      0.80044454       47.950625       1030.4878        1542.187      -25.498819       -26.937712          1.4388933       2942.4515                 22.367527                 398.42815                                600.22233                      9.4697535                1.8909337             0.17785588                           45.881836                   1542.187       179.60075        142.22539
              1       1445.1165     0.022357022       64.487377       3.0526534      0.96594413       8.4678327      0.63737879       1.0075864      0.99714306      0.99916045       1.0018608      0.99575303        1.001367      0.55616083   2.1171446e-09      0.94623935       0.7281441      0.36253427      0.80044454       47.950625       1030.4496        1542.187      -25.833284       -27.272177          1.4388933       2941.8995                 22.425553                 398.42955                                600.30221                       9.292267                1.8909337             0.17785588                           45.881836                   1542.187       179.59393        141.71846
              1       1445.4046     0.022357022       64.487377       3.0526534      0.96594413       8.4678327      0.63737879       1.0075864       0.9970224      0.99599635       1.0050501      0.99324985       1.0003815      0.55616083   2.1171446e-09      0.94623935       0.7281441      0.36253427      0.80044454       47.950625       1030.5541        1542.187      -24.259184       -25.698077          1.4388933       2939.3275                 22.441556                 398.42955                                600.43752                      9.2454997                1.8909337             0.17785588                           45.881836                   1542.187       177.41858        141.21724
              1       1446.7971     0.022357022       64.487377       3.0526534      0.96594413       8.4678327      0.63737879       1.0075864      0.99824923      0.99600024       1.0049219      0.99131067      0.99696579      0.55616083   2.1171446e-09      0.94623935       0.7281441      0.36253427      0.80044454       47.950625       1031.7901        1542.187       -23.89671       -25.335603          1.4388933       2941.3876                 22.280681                 398.41784                                601.33237                      9.7592274                1.8909337             0.17785588                           45.881836                   1542.187       177.36307         142.0968
              1       1445.4834     0.022359613       64.511741        3.044607      0.96256941       7.8016178      0.63531405       1.0094139      0.99972651      0.99695029       1.0053249      0.99620483        0.994859      0.56464292   2.1001775e-09      0.94627372      0.72695371      0.36459908      0.80140844       50.841765       1027.9131        1541.762      -25.848461       -27.299371          1.4509102       2942.6637                 22.832876                 396.37559                                599.09792                      9.6067159                2.0194018             0.23165179                           48.590712                   1541.762        179.9631         142.1837
              1       1447.0385     0.022359613       64.511741        3.044607      0.96256941       7.8016178      0.63531405       1.0094139       1.0006365      0.99759504       1.0054314      0.99621144      0.99497782      0.56464292   2.1001775e-09      0.94627372      0.72695371      0.36459908      0.80140844       50.841765       1031.5722        1541.762      -26.030088       -27.480998          1.4509102       2946.1372                 22.705529                 396.38561                                 602.4598                      10.021264                2.0194018             0.23165179                           48.590712                   1541.762       179.88785        142.07341
              1       1445.6792     0.022359613       64.511741        3.044607      0.96256941       7.8016178      0.63531405       1.0094139       1.0000243       0.9975931       1.0054953      0.99619282       0.9949214      0.56464292   2.1001775e-09      0.94627372      0.72695371      0.36459908      0.80140844       50.841765       1028.8142        1541.762       -26.05303        -27.50394          1.4509102       2943.4644                 22.790916                 396.38908                                599.89689                       9.737318                2.0194018             0.23165179                           48.590712                   1541.762       179.92613        142.12033
              1       1444.7635     0.022359613       64.511741        3.044607      0.96256941       7.8016178      0.63531405       1.0094139       1.0000243       0.9980644       1.0036991      0.99962463      0.99924426      0.56464292   2.1001775e-09      0.94627372      0.72695371      0.36459908      0.80140844       50.841765       1028.8142        1541.762      -26.761322       -28.212232          1.4509102       2943.0495                 22.790916                 396.38908                                599.89689                       9.737318                2.0194018             0.23165179                           48.590712                   1541.762       179.39027        142.24129
              1       1447.0149     0.022359613       64.511741        3.044607      0.96256941       7.8016178      0.63531405       1.0094139        0.999718      0.99806343       1.0037311       1.0024528       1.0033724      0.56464292   2.1001775e-09      0.94627372      0.72695371      0.36459908      0.80140844       50.841765       1027.8921        1541.762      -26.506889       -27.957799          1.4509102       2947.0435                 22.834079                 396.37559                                599.07941                      9.6030571                2.0194018             0.23165179                           48.590712                   1541.762       179.39308         147.1545
              1        1445.777     0.022359613       64.511741        3.044607      0.96256941       7.8016178      0.63531405       1.0094139      0.99805867      0.99805816       1.0039044       1.0004748      0.99766438      0.56464292   2.1001775e-09      0.94627372      0.72695371      0.36459908      0.80140844       50.841765       1028.5145        1541.762      -26.410224       -27.861134          1.4509102       2944.3745                 23.072718                 396.39098                                600.08363                      8.9671787                2.0194018             0.23165179                           48.590712                   1541.762        179.4142        143.84204
              1       1448.3912     0.022400954       64.769557       3.0334059      0.96299842       7.3950814      0.63696507       1.0109837      0.99673685      0.99613384       1.0081928      0.99870044      0.99568356      0.57601286   2.0767845e-09      0.94660204      0.72343136      0.36294875      0.79571832         48.9323       1031.5784       1536.3483       -24.83443       -26.528918          1.6944884       2946.4512                 22.831604                  395.8211                                 602.7061                      10.219623                1.9136042             0.18689509                             46.8318                  1536.3483       185.19777        144.39449
              1       1446.7366     0.022400954       64.769557       3.0334059      0.96299842       7.3950814      0.63696507       1.0109837      0.99673685      0.99675907       1.0027028      0.99231101       1.0026041      0.57601286   2.0767845e-09      0.94660204      0.72343136      0.36294875      0.79571832         48.9323       1031.5784       1536.3483      -23.769014       -25.463503          1.6944884       2941.0113                 22.831604                  395.8211                                 602.7061                      10.219623                1.9136042             0.18689509                             46.8318                  1536.3483       181.75145        142.40088
              1       1447.0425     0.022400954       64.769557       3.0334059      0.96299842       7.3950814      0.63696507       1.0109837      0.99641348      0.99872668        1.003841      0.99763864      0.99770569      0.57601286   2.0767845e-09      0.94660204      0.72343136      0.36294875      0.79571832         48.9323       1032.0139       1536.3483      -25.427614       -27.122102          1.6944884       2944.9402                 22.877543                  395.8205                                 603.2563                      10.059528                1.9136042             0.18689509                             46.8318                  1536.3483       185.19701        142.44876
              1       1446.0439     0.022400954       64.769557       3.0334059      0.96299842       7.3950814      0.63696507       1.0109837      0.99752248       0.9987302       1.0037251      0.99475856      0.99705785      0.57601286   2.0767845e-09      0.94660204      0.72343136      0.36294875      0.79571832         48.9323       1031.9861       1536.3483      -25.390948       -27.085436          1.6944884       2942.8698                 22.721377                 395.80031                                 602.8314                       10.63305                1.9136042             0.18689509                             46.8318                  1536.3483       185.14174        140.46133
              1       1446.9271     0.022400954       64.769557       3.0334059      0.96299842       7.3950814      0.63696507       1.0109837      0.99720275      0.99774994       0.9988049      0.99374688      0.99508595      0.57601286   2.0767845e-09      0.94660204      0.72343136      0.36294875      0.79571832         48.9323       1031.5722       1536.3483      -24.629377       -26.323865          1.6944884        2943.113                 22.765998                 395.81458                                602.53103                      10.460625                1.9136042             0.18689509                             46.8318                  1536.3483       185.31583        140.94437
              1       1447.3139     0.022400954       64.769557       3.0334059      0.96299842       7.3950814      0.63696507       1.0109837      0.99720275      0.99872741       1.0062951      0.99379361      0.99758771      0.57601286   2.0767845e-09      0.94660204      0.72343136      0.36294875      0.79571832         48.9323       1031.5722       1536.3483      -25.008505       -26.702993          1.6944884       2944.6448                 22.765998                 395.81458                                602.53103                      10.460625                1.9136042             0.18689509                             46.8318                  1536.3483        187.6149        140.17711
              1       1447.0012     0.022400954       64.769557       3.0334059      0.96299842       7.3950814      0.63696507       1.0109837      0.99690837      0.99551675      0.99973027       0.9940489       1.0003713      0.57601286   2.0767845e-09      0.94660204      0.72343136      0.36294875      0.79571832         48.9323       1031.4924       1536.3483      -23.973868       -25.668357          1.6944884       2941.9501                 22.807371                  395.8211                                602.55696                      10.306928                1.9136042             0.18689509                             46.8318                  1536.3483       184.46504        140.71216
              1       1447.1594     0.022400954       64.769557       3.0334059      0.96299842       7.3950814      0.63696507       1.0109837      0.99690837      0.99590412      0.99870526      0.99532145      0.99694097      0.57601286   2.0767845e-09      0.94660204      0.72343136      0.36294875      0.79571832         48.9323       1031.4924       1536.3483      -24.406759       -26.101248          1.6944884       2943.1322                 22.807371                  395.8211                                602.55696                      10.306928                1.9136042             0.18689509                             46.8318                  1536.3483       185.63289        140.72644
              1       1446.3418     0.022400954       64.769557       3.0334059      0.96299842       7.3950814      0.63696507       1.0109837      0.99690837      0.99796724      0.99887057      0.99524988      0.99703586      0.57601286   2.0767845e-09      0.94660204      0.72343136      0.36294875      0.79571832         48.9323       1031.4924       1536.3483      -25.097881        -26.79237          1.6944884       2942.8793                 22.807371                  395.8211                                602.55696                      10.306928                1.9136042             0.18689509                             46.8318                  1536.3483       185.43513        140.67128
              1       1445.8354     0.022400954       64.769557       3.0334059      0.96299842       7.3950814      0.63696507       1.0109837      0.99782842      0.99571254       1.0044054      0.99293464      0.99824723      0.57601286   2.0767845e-09      0.94660204      0.72343136      0.36294875      0.79571832         48.9323       1032.7222       1536.3483       -24.06919       -25.763678          1.6944884       2939.8091                  22.67897                 395.80165                                603.43823                      10.803388                1.9136042             0.18689509                             46.8318                  1536.3483       181.60843        140.19792
              1       1446.4214     0.022400954       64.769557       3.0334059      0.96299842       7.3950814      0.63696507       1.0109837      0.99782842       0.9961361       1.0059706      0.99268239       1.0001648      0.57601286   2.0767845e-09      0.94660204      0.72343136      0.36294875      0.79571832         48.9323       1032.7222       1536.3483      -24.199827       -25.894315          1.6944884       2941.2425                  22.67897                 395.80165                                603.43823                      10.803388                1.9136042             0.18689509                             46.8318                  1536.3483       182.52751        140.71222
              1       1448.2977     0.022400954       64.769557       3.0334059      0.96299842       7.3950814      0.63696507       1.0109837      0.99713276      0.99753745       1.0016662      0.99422387       1.0061352      0.57601286   2.0767845e-09      0.94660204      0.72343136      0.36294875      0.79571832         48.9323       1031.5249       1536.3483       -24.55669       -26.251179          1.6944884       2945.7087                 22.775809                 395.81458                                602.51089                      10.423643                1.9136042             0.18689509                             46.8318                  1536.3483        182.6889        146.21432
              1       1444.9761     0.022400954       64.769557       3.0334059      0.96299842       7.3950814      0.63696507       1.0109837      0.99713276      0.99753745       1.0016662      0.99631969      0.99867007      0.57601286   2.0767845e-09      0.94660204      0.72343136      0.36294875      0.79571832         48.9323       1031.5249       1536.3483      -25.387587       -27.082075          1.6944884       2940.7274                 22.775809                 395.81458                                602.51089                      10.423643                1.9136042             0.18689509                             46.8318                  1536.3483        182.6889          141.233
              1       1445.2228     0.022400954       64.769557       3.0334059      0.96299842       7.3950814      0.63696507       1.0109837      0.99677083      0.99753631        1.001704      0.99504328       0.9967362      0.57601286   2.0767845e-09      0.94660204      0.72343136      0.36294875      0.79571832         48.9323       1031.5534       1536.3483      -24.853293       -26.547782          1.6944884       2940.1522                 22.826795                  395.8211                                 602.6687                       10.23679                1.9136042             0.18689509                             46.8318                  1536.3483       182.67386        140.64441
              1       1447.1745     0.022397201        64.73443       3.0338055      0.96293875       7.4172468      0.63688838       1.0107057       0.9987774      0.99754385       1.0015249      0.99571854       1.0011762      0.57667171   2.0776147e-09      0.94655303      0.72283583      0.36302534      0.79514717       49.140609       1035.7683        1537.068      -25.835266       -27.506869          1.6716034       2946.0196                 22.565334                 395.83728                                605.97885                      11.386852                1.9196105             0.18934795                            47.03165                   1537.068       182.58603        141.45663
              1       1445.4331     0.022397201        64.73443       3.0338055      0.96293875       7.4172468      0.63688838       1.0107057      0.99648474      0.99768854       1.0021214      0.99480191      0.99851566      0.57667171   2.0776147e-09      0.94655303      0.72283583      0.36302534      0.79514717       49.140609       1031.4127        1537.068      -24.781346       -26.452949          1.6716034       2940.4289                 22.884327                 395.84088                                602.57415                      10.113337                1.9196105             0.18934795                            47.03165                   1537.068       182.57068        140.23697
              1       1447.6314     0.022397201        64.73443       3.0338055      0.96293875       7.4172468      0.63688838       1.0107057      0.99648474      0.99466545        1.005974      0.99226254      0.99875689      0.57667171   2.0776147e-09      0.94655303      0.72283583      0.36302534      0.79514717       49.140609       1031.4127        1537.068      -22.688745       -24.360349          1.6716034       2940.6402                 22.884327                 395.84088                                602.57415                      10.113337                1.9196105             0.18934795                            47.03165                   1537.068       182.73877        140.28014
              1       1446.8411     0.022397201        64.73443       3.0338055      0.96293875       7.4172468      0.63688838       1.0107057      0.99666531      0.99694654      0.99991564      0.99333052       1.0018303      0.57667171   2.0776147e-09      0.94655303      0.72283583      0.36302534      0.79514717       49.140609       1031.1079        1537.068       -24.21521       -25.886813          1.6716034       2942.1126                 22.858619                 395.84204                                602.20428                       10.20296                1.9196105             0.18934795                            47.03165                   1537.068       183.43657        141.35951
              1        1447.422     0.022397201        64.73443       3.0338055      0.96293875       7.4172468      0.63688838       1.0107057      0.99594293      0.99638665       1.0037612      0.99335848        1.001876      0.57667171   2.0776147e-09      0.94655303      0.72283583      0.36302534      0.79514717       49.140609       1032.9956        1537.068      -23.588298       -25.259902          1.6716034       2942.0206                 22.962031                 395.83371                                604.34442                      9.8554528                1.9196105             0.18934795                            47.03165                   1537.068       181.42758        141.38876
              1       1445.8454     0.022397201        64.73443       3.0338055      0.96293875       7.4172468      0.63688838       1.0107057      0.99618618      0.99638743       1.0037358       0.9959138      0.99862118      0.57667171   2.0776147e-09      0.94655303      0.72283583      0.36302534      0.79514717       49.140609       1032.1569        1537.068      -24.436961       -26.108565          1.6716034       2940.5647                 22.927042                 395.83371                                603.42693                      9.9691779                1.9196105             0.18934795                            47.03165                   1537.068       181.42477        140.77446
              1       1447.0411     0.022397201        64.73443       3.0338055      0.96293875       7.4172468      0.63688838       1.0107057      0.99614595      0.99624386       1.0032132      0.99542285      0.99407234      0.57667171   2.0776147e-09      0.94655303      0.72283583      0.36302534      0.79514717       49.140609       1032.2815        1537.068      -23.933604       -25.605207          1.6716034       2941.9494                 22.932817                 395.83371                                603.56485                      9.9501384                1.9196105             0.18934795                            47.03165                   1537.068        181.3862        142.07304
              1        1446.331     0.022397201        64.73443       3.0338055      0.96293875       7.4172468      0.63688838       1.0107057      0.99614595      0.99624386       1.0032132      0.99697081       1.0002123      0.57667171   2.0776147e-09      0.94655303      0.72283583      0.36302534      0.79514717       49.140609       1032.2815        1537.068      -24.557603       -26.229206          1.6716034       2941.7772                 22.932817                 395.83371                                603.56485                      9.9501384                1.9196105             0.18934795                            47.03165                   1537.068        181.3862        141.90085
              1       1446.7706     0.022397201        64.73443       3.0338055      0.96293875       7.4172468      0.63688838       1.0107057      0.99784928      0.99869203       0.9996889      0.99311409      0.99710782      0.57667171   2.0776147e-09      0.94655303      0.72283583      0.36302534      0.79514717       49.140609         1031.86        1537.068      -25.037511       -26.709115          1.6716034       2943.6162                 22.692496                 395.84215                                602.48934                      10.835986                1.9196105             0.18934795                            47.03165                   1537.068       185.44926        140.09834
              1       1446.4198     0.022397201        64.73443       3.0338055      0.96293875       7.4172468      0.63688838       1.0107057      0.99784928      0.99869203       0.9996889      0.99547953      0.99677738      0.57667171   2.0776147e-09      0.94655303      0.72283583      0.36302534      0.79514717       49.140609         1031.86        1537.068      -25.687566       -27.359169          1.6716034       2944.2147                 22.692496                 395.84215                                602.48934                      10.835986                1.9196105             0.18934795                            47.03165                   1537.068       185.44926        140.69681
              1       1445.9194     0.022544117       65.157782       3.0388776      0.96066689       7.6444202      0.63845304       1.0133759      0.99563679       0.9976506      0.99949236      0.99305981      0.99818918      0.58354521   2.0881791e-09      0.94689925      0.72813773       0.3614618       0.7992527       46.571935       1034.7022       1528.5948      -22.689565       -25.374048          2.6844822       2937.2179                 23.644198                 396.08594                                605.85407                      9.1179763                 1.826474             0.15275395                           44.592707                  1528.5948          185.17        142.17903
              1       1445.1448     0.022544117       65.157782       3.0388776      0.96066689       7.6444202      0.63845304       1.0133759      0.99563679      0.99504646       1.0044169      0.99569435       1.0000127      0.58354521   2.0881791e-09      0.94689925      0.72813773       0.3614618       0.7992527       46.571935       1034.7022       1528.5948      -22.398845       -25.083327          2.6844822       2935.0872                 23.644198                 396.08594                                605.85407                      9.1179763                 1.826474             0.15275395                           44.592707                  1528.5948       180.95673        144.26161
              1       1447.1311     0.022544117       65.157782       3.0388776      0.96066689       7.6444202      0.63845304       1.0133759      0.99563679      0.99654786       0.9996505      0.99450197      0.99130718      0.58354521   2.0881791e-09      0.94689925      0.72813773       0.3614618       0.7992527       46.571935       1034.7022       1528.5948      -22.095188        -24.77967          2.6844822       2938.4527                 23.644198                 396.08594                                605.85407                      9.1179763                 1.826474             0.15275395                           44.592707                  1528.5948       183.29382        145.28995
              1       1446.2354     0.022544117       65.157782       3.0388776      0.96066689       7.6444202      0.63845304       1.0133759      0.99631549      0.99379541       1.0048049      0.99369613       1.0013084      0.58354521   2.0881791e-09      0.94689925      0.72813773       0.3614618       0.7992527       46.571935       1034.9564       1528.5948      -21.518289       -24.202771          2.6844822       2935.5074                 23.537108                  396.0704                                 605.9749                      9.3739368                 1.826474             0.15275395                           44.592707                  1528.5948       181.28915        144.09521
              1        1446.316     0.022544117       65.157782       3.0388776      0.96066689       7.6444202      0.63845304       1.0133759      0.99611311      0.99531626       1.0071424      0.99698888       0.9995784      0.58354521   2.0881791e-09      0.94689925      0.72813773       0.3614618       0.7992527       46.571935       1034.7114       1528.5948      -23.090903       -25.775385          2.6844822       2938.8139                 23.568916                  396.0704                                605.77716                       9.294886                 1.826474             0.15275395                           44.592707                  1528.5948       183.62839        145.30743
              1       1447.4436     0.022544117       65.157782       3.0388776      0.96066689       7.6444202      0.63845304       1.0133759      0.99566986      0.99531486       1.0071887      0.99198272      0.99279233      0.58354521   2.0881791e-09      0.94689925      0.72813773       0.3614618       0.7992527       46.571935       1034.6788       1528.5948      -20.939732       -23.624215          2.6844822       2936.7666                  23.63895                 396.08594                                605.82409                      9.1298439                 1.826474             0.15275395                           44.592707                  1528.5948       183.69067        143.23039
              1       1447.7523     0.022544117       65.157782       3.0388776      0.96066689       7.6444202      0.63845304       1.0133759      0.99612129      0.99533004       1.0027566      0.99461913       0.9892903      0.58354521   2.0881791e-09      0.94689925      0.72813773       0.3614618       0.7992527       46.571935       1034.7186       1528.5948      -21.526539       -24.211022          2.6844822       2938.5576                 23.567628                  396.0704                                605.78249                      9.2980374                 1.826474             0.15275395                           44.592707                  1528.5948       180.80124        147.87112
              2       1444.4956     0.022544117       65.157782       3.0388776      0.96066689       7.6444202      0.63845304       1.0133759      0.99612129      0.99533004       1.0027566      0.99599439      0.99931538      0.58354521   2.0881791e-09      0.94689925      0.72813773       0.3614618       0.7992527       46.571935       1034.7186       1528.5948       -22.92733       -25.611812          2.6844822       2934.8459                 23.567628                  396.0704                                605.78249                      9.2980374                 1.826474             0.15275395                           44.592707                  1528.5948       180.80124        144.15936
              1       1444.1807     0.022544117       65.157782       3.0388776      0.96066689       7.6444202      0.63845304       1.0133759       0.9963759      0.99533085         1.00273       0.9942059      0.99837322      0.58354521   2.0881791e-09      0.94689925      0.72813773       0.3614618       0.7992527       46.571935       1035.0565       1528.5948      -22.625281       -25.309763          2.6844822       2933.6121                 23.527632                  396.0704                                 606.0605                        9.39798                 1.826474             0.15275395                           44.592707                  1528.5948       180.80408        142.58476
              1       1446.9206     0.022544117       65.157782       3.0388776      0.96066689       7.6444202      0.63845304       1.0133759        0.996131      0.99533008       1.0027556      0.99674703      0.99097955      0.58354521   2.0881791e-09      0.94689925      0.72813773       0.3614618       0.7992527       46.571935       1034.7274       1528.5948      -22.303526       -24.988009          2.6844822       2938.4483                 23.566099                  396.0704                                605.78911                       9.301782                 1.826474             0.15275395                           44.592707                  1528.5948       180.80135        147.75287
              1       1444.1498     0.022544117       65.157782       3.0388776      0.96066689       7.6444202      0.63845304       1.0133759       0.9962511      0.99533046        1.002743      0.99424528      0.99832942      0.58354521   2.0881791e-09      0.94689925      0.72813773       0.3614618       0.7992527       46.571935       1034.8633       1528.5948      -22.561383       -25.245866          2.6844822       2933.4223                 23.547216                  396.0704                                605.89712                       9.348538                 1.826474             0.15275395                           44.592707                  1528.5948       180.80266        142.58966
              1       1444.7241     0.022544117       65.157782       3.0388776      0.96066689       7.6444202      0.63845304       1.0133759       0.9962511      0.99444011       1.0021613      0.99399314      0.99737826      0.58354521   2.0881791e-09      0.94689925      0.72813773       0.3614618       0.7992527       46.571935       1034.8633       1528.5948      -21.943225       -24.627707          2.6844822       2933.3347                 23.547216                  396.0704                                605.89712                       9.348538                 1.826474             0.15275395                           44.592707                  1528.5948       181.02788        142.27684
              1        1447.542     0.022544117       65.157782       3.0388776      0.96066689       7.6444202      0.63845304       1.0133759      0.99690218      0.99383054        1.000138      0.99750014      0.99735393      0.58354521   2.0881791e-09      0.94689925      0.72813773       0.3614618       0.7992527       46.571935       1036.4585       1528.5948      -22.641314       -25.325796          2.6844822       2940.3667                  23.44551                 396.07509                                607.32181                      9.6161346                 1.826474             0.15275395                           44.592707                  1528.5948       183.41467        145.32677
              1       1446.8884     0.022544117       65.157782       3.0388776      0.96066689       7.6444202      0.63845304       1.0133759       0.9957182      0.99382678       1.0002616      0.99638965        0.996037      0.58354521   2.0881791e-09      0.94689925      0.72813773       0.3614618       0.7992527       46.571935       1034.6542       1528.5948       -21.68913       -24.373612          2.6844822       2937.1551                 23.631284                 396.08867                                605.78689                      9.1473023                 1.826474             0.15275395                           44.592707                  1528.5948       183.26596        144.06831
              1        1447.707     0.022544117       65.157782       3.0388776      0.96066689       7.6444202      0.63845304       1.0133759       0.9957182      0.99382678       1.0002616      0.99126698      0.99942422      0.58354521   2.0881791e-09      0.94689925      0.72813773       0.3614618       0.7992527       46.571935       1034.6542       1528.5948       -20.26635       -22.950832          2.6844822       2935.9466                 23.631284                 396.08867                                605.78689                      9.1473023                 1.826474             0.15275395                           44.592707                  1528.5948       183.26596        142.85982
              1       1447.2701     0.022620552       65.147364       3.0332334      0.96376513         7.19919      0.63652845       1.0143721      0.99756612      0.99601473      0.99955015      0.99574125      0.99495923      0.59360903   2.0764264e-09      0.94670217      0.72755072      0.36338637      0.80073159       49.525171        1044.604       1528.8877      -23.073961       -26.382859          3.3088977       2940.6881                 22.716235                 395.72665                                616.65546                      9.5057033                1.9564242             0.20482746                           47.363919                  1528.8877       174.79976         142.8714
              1       1445.1181     0.022620552       65.147364       3.0332334      0.96376513         7.19919      0.63652845       1.0143721      0.99677223      0.99697435       1.0012347      0.99504711      0.99931538      0.59360903   2.0764264e-09      0.94670217      0.72755072      0.36338637      0.80073159       49.525171       1043.8595       1528.8877      -23.165513       -26.474411          3.3088977       2936.5671                 22.827816                 395.74358                                616.09477                      9.1933608                1.9564242             0.20482746                           47.363919                  1528.8877       172.49084        141.80386
              1       1445.9914     0.022620552       65.147364       3.0332334      0.96376513         7.19919      0.63652845       1.0143721      0.99677223      0.99811233       1.0027246      0.99382463        1.001998      0.59360903   2.0764264e-09      0.94670217      0.72755072      0.36338637      0.80073159       49.525171       1043.8595       1528.8877      -23.105408       -26.414305          3.3088977       2938.1935                 22.827816                 395.74358                                616.09477                      9.1933608                1.9564242             0.20482746                           47.363919                  1528.8877       172.75987        143.16124
              1       1446.1665     0.022620552       65.147364       3.0332334      0.96376513         7.19919      0.63652845       1.0143721      0.99833835      0.99811731        1.002561      0.99781611      0.99840931      0.59360903   2.0764264e-09      0.94670217      0.72755072      0.36338637      0.80073159       49.525171       1047.3901       1528.8877      -24.560391       -27.869288          3.3088977       2941.4539                 22.609469                 395.72071                                619.21635                      9.8435913                1.9564242             0.20482746                           47.363919                  1528.8877       172.72003        142.93083
              1       1446.9381     0.022620552       65.147364       3.0332334      0.96376513         7.19919      0.63652845       1.0143721      0.99695832      0.99784184       1.0010934      0.99159126      0.99575268      0.59360903   2.0764264e-09      0.94670217      0.72755072      0.36338637      0.80073159       49.525171       1043.8454       1528.8877      -22.197223       -25.506121          3.3088977       2938.2706                 22.801481                 395.74358                                616.03693                      9.2633777                1.9564242             0.20482746                           47.363919                  1528.8877       172.56586        143.44644
              1        1445.419     0.022620552       65.147364       3.0332334      0.96376513         7.19919      0.63652845       1.0143721      0.99738588      0.99784319       1.0010487      0.99395555       1.0007823      0.59360903   2.0764264e-09      0.94670217      0.72755072      0.36338637      0.80073159       49.525171       1044.2497       1528.8877      -23.403376       -26.712273          3.3088977       2937.6448                   22.7414                  395.7333                                616.34333                      9.4316691                1.9564242             0.20482746                           47.363919                  1528.8877       172.58034        142.40182
              1       1445.1479     0.022620552       65.147364       3.0332334      0.96376513         7.19919      0.63652845       1.0143721      0.99738588      0.99784319       1.0010487      0.99475675       0.9962392      0.59360903   2.0764264e-09      0.94670217      0.72755072      0.36338637      0.80073159       49.525171       1044.2497       1528.8877       -23.49966       -26.808558          3.3088977        2937.295                   22.7414                  395.7333                                616.34333                      9.4316691                1.9564242             0.20482746                           47.363919                  1528.8877       172.58034        142.05211
              1       1445.4094     0.022620552       65.147364       3.0332334      0.96376513         7.19919      0.63652845       1.0143721      0.99738588      0.99724062       1.0040895      0.99481025      0.99619547      0.59360903   2.0764264e-09      0.94670217      0.72755072      0.36338637      0.80073159       49.525171       1044.2497       1528.8877      -23.345798       -26.654696          3.3088977       2937.5103                   22.7414                  395.7333                                616.34333                      9.4316691                1.9564242             0.20482746                           47.363919                  1528.8877       172.77663        142.07109
              1       1448.5636     0.022620552       65.147364       3.0332334      0.96376513         7.19919      0.63652845       1.0143721      0.99791184      0.99724228       1.0040346       0.9926228       1.0044252      0.59360903   2.0764264e-09      0.94670217      0.72755072      0.36338637      0.80073159       49.525171       1045.5975       1528.8877      -22.814067       -26.122964          3.3088977       2942.7553                 22.668216                 395.71936                                617.55707                      9.6528353                1.9564242             0.20482746                           47.363919                  1528.8877       172.74442        146.00052
              1       1447.8305     0.022620552       65.147364       3.0332334      0.96376513         7.19919      0.63652845       1.0143721      0.99759181      0.99685527       1.0023832      0.99148617       1.0022983      0.59360903   2.0764264e-09      0.94670217      0.72755072      0.36338637      0.80073159       49.525171       1044.6645       1528.8877      -22.259348       -25.568246          3.3088977       2940.1797                 22.712655                 395.72665                                616.70879                      9.5164084                1.9564242             0.20482746                           47.363919                  1528.8877       172.27325        144.82906
              1       1446.3859     0.022620552       65.147364       3.0332334      0.96376513         7.19919      0.63652845       1.0143721      0.99759181      0.99816671       1.0013014      0.99214477      0.99974983      0.59360903   2.0764264e-09      0.94670217      0.72755072      0.36338637      0.80073159       49.525171       1044.6645       1528.8877      -22.938794       -26.247691          3.3088977       2938.6495                 22.712655                 395.72665                                616.70879                      9.5164084                1.9564242             0.20482746                           47.363919                  1528.8877       172.71764        142.85445
              1         1445.72     0.022620552       65.147364       3.0332334      0.96376513         7.19919      0.63652845       1.0143721      0.99763514      0.99784527       1.0030757       0.9987344      0.99656812      0.59360903   2.0764264e-09      0.94670217      0.72755072      0.36338637      0.80073159       49.525171       1044.7715       1528.8877      -24.263935       -27.572833          3.3088977       2939.9678                 22.706622                 395.72665                                616.80369                      9.5345427                1.9564242             0.20482746                           47.363919                  1528.8877       172.63805        144.14532
              1       1446.4046     0.022620552       65.147364       3.0332334      0.96376513         7.19919      0.63652845       1.0143721      0.99763514        0.999363       1.0006389      0.99915677      0.99747683      0.59360903   2.0764264e-09      0.94670217      0.72755072      0.36338637      0.80073159       49.525171       1044.7715       1528.8877      -24.572612       -27.881509          3.3088977       2941.9544                 22.706622                 395.72665                                616.80369                      9.5345427                1.9564242             0.20482746                           47.363919                  1528.8877       174.41756        144.35245
              1       1446.5664     0.022581081        65.07702       3.0411957      0.95889158       7.1665651      0.63206416       1.0172708      0.99955672       1.0008789       1.0014225         1.00059      0.99906117      0.58985078   2.0930255e-09      0.94668009       0.7364357      0.36785047      0.81547353       55.083487       1042.5945        1530.538      -25.391048       -28.353717          2.9626692       2943.9149                 24.036445                 395.73778                                614.87058                       7.949652                2.2534978             0.34124982                            52.48874                   1530.538       174.23032        141.46867
              1       1445.9623     0.022581081        65.07702       3.0411957      0.95889158       7.1665651      0.63206416       1.0172708       1.0001763       1.0008808       1.0013578      0.99969526       1.0016414      0.58985078   2.0930255e-09      0.94668009       0.7364357      0.36785047      0.81547353       55.083487       1042.4085        1530.538       -25.39327        -28.35594          2.9626692       2942.7112                 23.934112                 395.75038                                614.74052                      7.9835024                2.2534978             0.34124982                            52.48874                   1530.538       174.23955        140.44171
              1       1449.4143     0.022581081        65.07702       3.0411957      0.95889158       7.1665651      0.63206416       1.0172708       1.0000664      0.99810009       0.9985479      0.99667173       1.0064762      0.58985078   2.0930255e-09      0.94668009       0.7364357      0.36785047      0.81547353       55.083487       1042.3444        1530.538      -24.594247       -27.556916          2.9626692       2948.0172                 23.952169                 395.74601                                614.67033                      7.9759034                2.2534978             0.34124982                            52.48874                   1530.538       177.58038         142.4709
              1       1448.2099     0.022581081        65.07702       3.0411957      0.95889158       7.1665651      0.63206416       1.0172708       1.0000664      0.99948351      0.99824017       1.0015384      0.99815533      0.58985078   2.0930255e-09      0.94668009       0.7364357      0.36785047      0.81547353       55.083487       1042.3444        1530.538      -25.360588       -28.323257          2.9626692        2947.141                 23.952169                 395.74601                                614.67033                      7.9759034                2.2534978             0.34124982                            52.48874                   1530.538       176.23381        142.94127
              1       1445.8332     0.022549295       65.172766       3.0431918      0.95729865       7.2627123       0.6327277       1.0176424      0.99986545      0.99889857      0.99854206      0.99882965       1.0021474      0.58262123   2.0972076e-09      0.94691147      0.73929728      0.36718719      0.81790382       53.306718       1039.1283       1528.6436      -25.566502       -28.282878          2.7163761       2942.7994                 24.450875                 395.73309                                611.02474                       7.919632                 2.191975             0.31091248                            50.80383                  1528.6436       180.26984        141.45097
              1       1445.6178     0.022549295       65.172766       3.0431918      0.95729865       7.2627123       0.6327277       1.0176424      0.99986545      0.99969061       1.0051944       1.0003172       1.0005069      0.58262123   2.0972076e-09      0.94691147      0.73929728      0.36718719      0.81790382       53.306718       1039.1283       1528.6436       -25.70125       -28.417626          2.7163761        2942.638                 24.450875                 395.73309                                611.02474                       7.919632                 2.191975             0.31091248                            50.80383                  1528.6436       179.05156        142.50781
              1       1445.2597     0.022549295       65.172766       3.0431918      0.95729865       7.2627123       0.6327277       1.0176424      0.99986545      0.99969061       1.0051944      0.99675147      0.99706115      0.58262123   2.0972076e-09      0.94691147      0.73929728      0.36718719      0.81790382       53.306718       1039.1283       1528.6436      -25.362741       -28.079117          2.7163761       2941.2449                 24.450875                 395.73309                                611.02474                       7.919632                 2.191975             0.31091248                            50.80383                  1528.6436       179.05156        141.11465
              1       1447.0614     0.022549295       65.172766       3.0431918      0.95729865       7.2627123       0.6327277       1.0176424      0.99986545      0.99854997       1.0070028      0.99381101       1.0037552      0.58262123   2.0972076e-09      0.94691147      0.73929728      0.36718719      0.81790382       53.306718       1039.1283       1528.6436      -24.511291       -27.227667          2.7163761       2943.1454                 24.450875                 395.73309                                611.02474                       7.919632                 2.191975             0.31091248                            50.80383                  1528.6436        179.9037        142.16304
              1       1447.2886     0.022549295       65.172766       3.0431918      0.95729865       7.2627123       0.6327277       1.0176424      0.99949311      0.99779144      0.99933619      0.99376465       1.0034097      0.58262123   2.0972076e-09      0.94691147      0.73929728      0.36718719      0.81790382       53.306718       1039.1664       1528.6436      -24.347146       -27.063522          2.7163761       2943.2716                 24.515615                 395.74174                                610.99398                      7.9151007                 2.191975             0.31091248                            50.80383                  1528.6436       180.19269        141.96216
              1       1445.2354     0.022549295       65.172766       3.0431918      0.95729865       7.2627123       0.6327277       1.0176424      0.99949311      0.99848597       1.0041426      0.99994294      0.99738939      0.58262123   2.0972076e-09      0.94691147      0.73929728      0.36718719      0.81790382       53.306718       1039.1664       1528.6436      -25.500482       -28.216859          2.7163761       2941.4718                 24.515615                 395.74174                                610.99398                      7.9151007                 2.191975             0.31091248                            50.80383                  1528.6436       177.37155        142.98354
              1       1444.5944     0.022549295       65.172766       3.0431918      0.95729865       7.2627123       0.6327277       1.0176424      0.99949311      0.99849112       1.0040324      0.99578506       1.0028177      0.58262123   2.0972076e-09      0.94691147      0.73929728      0.36718719      0.81790382       53.306718       1039.1664       1528.6436      -25.050177       -27.766553          2.7163761       2939.2891                 24.515615                 395.74174                                610.99398                      7.9151007                 2.191975             0.31091248                            50.80383                  1528.6436       177.33089        140.84148
              1       1444.7462     0.022541681       65.168675        3.046006      0.95724402       7.3490607      0.63250263       1.0178056       1.0007516      0.99889346       1.0040758      0.99874141      0.99870054        0.583199   2.1031177e-09      0.94692274       0.7405909      0.36741224      0.81958604       53.465777        1039.534       1528.7388      -25.600877       -28.260838          2.6599604       2940.6941                 24.447105                 395.79154                                611.38274                      7.9125717                 2.205708             0.31750236                           50.942567                  1528.7388       177.75526        141.20026
              1       1446.4122     0.022541681       65.168675        3.046006      0.95724402       7.3490607      0.63250263       1.0178056      0.99902685      0.99794023       1.0030141      0.99590601      0.99954166        0.583199   2.1031177e-09      0.94692274       0.7405909      0.36741224      0.81958604       53.465777       1042.0555       1528.7388      -25.040214       -27.700175          2.6599604       2942.9049                 24.750124                 395.81238                                613.48841                      8.0046318                 2.205708             0.31750236                           50.942567                  1528.7388       178.28551        140.35922
              1       1446.2126     0.022541681       65.168675        3.046006      0.95724402       7.3490607      0.63250263       1.0178056      0.99960328       0.9990039       1.0067053      0.99522588       0.9994426        0.583199   2.1031177e-09      0.94692274       0.7405909      0.36741224      0.81958604       53.465777       1040.0882       1528.7388      -25.133423       -27.793383          2.6599604        2942.692                 24.647922                 395.80715                                611.67828                      7.9548674                 2.205708             0.31750236                           50.942567                  1528.7388       179.83876        140.56044
              1       1447.2578     0.022541681       65.168675        3.046006      0.95724402       7.3490607      0.63250263       1.0178056      0.99960328       0.9990039       1.0067053       1.0009788      0.99776721        0.583199   2.1031177e-09      0.94692274       0.7405909      0.36741224      0.81958604       53.465777       1040.0882       1528.7388       -25.63072        -28.29068          2.6599604        2945.777                 24.647922                 395.80715                                611.67828                      7.9548674                 2.205708             0.31750236                           50.942567                  1528.7388       179.83876        143.64537
              1       1445.7859     0.022541681       65.168675        3.046006      0.95724402       7.3490607      0.63250263       1.0178056       1.0005109      0.99900678       1.0066105       0.9996321      0.99898145        0.583199   2.1031177e-09      0.94692274       0.7405909      0.36741224      0.81958604       53.465777       1039.2938       1528.7388      -25.680501       -28.340462          2.6599604       2942.9329                 24.488884                 395.80862                                611.08111                      7.9151958                 2.205708             0.31750236                           50.942567                  1528.7388       179.72505        141.70938
              1       1446.8538     0.022541681       65.168675        3.046006      0.95724402       7.3490607      0.63250263       1.0178056      0.99974288      0.99900434       1.0066907      0.99385105       1.0018597        0.583199   2.1031177e-09      0.94692274       0.7405909      0.36741224      0.81958604       53.465777         1039.78       1528.7388      -24.738542       -27.398502          2.6599604       2943.1847                 24.623307                 395.80349                                611.40748                      7.9456928                 2.205708             0.31750236                           50.942567                  1528.7388       179.82109        141.37907
              1       1448.8214     0.022541681       65.168675        3.046006      0.95724402       7.3490607      0.63250263       1.0178056       1.0013056      0.99634057       1.0051216       0.9939816       1.0018379        0.583199   2.1031177e-09      0.94692274       0.7405909      0.36741224      0.81958604       53.465777       1040.8629       1528.7388      -23.958725       -26.618685          2.6599604       2945.5603                 24.351704                 395.78632                                612.80581                      7.9190493                 2.205708             0.31750236                           50.942567                  1528.7388       181.21657        141.27621
              1       1446.0236     0.022541681       65.168675        3.046006      0.95724402       7.3490607      0.63250263       1.0178056       1.0012231      0.99743148       1.0045653      0.99648266       1.0001086        0.583199   2.1031177e-09      0.94692274       0.7405909      0.36741224      0.81958604       53.465777       1040.5987       1528.7388      -24.976217       -27.636178          2.6599604       2941.9997                 24.365848                 395.78632                                612.52951                      7.9169804                 2.205708             0.31750236                           50.942567                  1528.7388       178.98686        140.20956
              1       1446.3028     0.022541681       65.168675        3.046006      0.95724402       7.3490607      0.63250263       1.0178056       1.0012231       1.0012829       1.0001149      0.99689585       1.0019523        0.583199   2.1031177e-09      0.94692274       0.7405909      0.36741224      0.81958604       53.465777       1040.5987       1528.7388      -25.283201       -27.943162          2.6599604       2943.1721                 24.365848                 395.78632                                612.52951                      7.9169804                 2.205708             0.31750236                           50.942567                  1528.7388       180.05052        140.31827
              1        1444.234     0.022541681       65.168675        3.046006      0.95724402       7.3490607      0.63250263       1.0178056        1.000358      0.99979649       1.0017294      0.99691267       1.0008929        0.583199   2.1031177e-09      0.94692274       0.7405909      0.36741224      0.81958604       53.465777       1039.2322       1528.7388       -25.51286        -28.17282          2.6599604       2939.4938                 24.515499                 395.80862                                610.98949                      7.9185764                 2.205708             0.31750236                           50.942567                  1528.7388       177.87138        140.18561
              1       1445.6754     0.022541681       65.168675        3.046006      0.95724402       7.3490607      0.63250263       1.0178056        1.000071      0.99979558       1.0017593      0.99468226       1.0039948        0.583199   2.1031177e-09      0.94692274       0.7405909      0.36741224      0.81958604       53.465777       1039.3439       1528.7388      -24.914317       -27.574277          2.6599604       2941.1794                 24.565659                 395.82226                                611.02746                       7.928531                 2.205708             0.31750236                           50.942567                  1528.7388         177.862        141.76892
              1       1446.1348     0.022541681       65.168675        3.046006      0.95724402       7.3490607      0.63250263       1.0178056       1.0004135      0.99903573       1.0009904       1.0018692       1.0016179        0.583199   2.1031177e-09      0.94692274       0.7405909      0.36741224      0.81958604       53.465777       1039.2454       1528.7388      -25.592603       -28.252563          2.6599604       2943.4548                 24.505836                 395.80862                                611.01376                      7.9171959                 2.205708             0.31750236                           50.942567                  1528.7388       178.27249        143.73233
              1       1446.3995     0.022541681       65.168675        3.046006      0.95724402       7.3490607      0.63250263       1.0178056      0.99980084      0.99773299       1.0019323      0.99989698      0.99742601        0.583199   2.1031177e-09      0.94692274       0.7405909      0.36741224      0.81958604       53.465777        1039.673       1528.7388      -25.417723       -28.077683          2.6599604       2943.6345                 24.613102                 395.80349                                 611.3142                      7.9422122                 2.205708             0.31750236                           50.942567                  1528.7388       179.01106        142.74586
              1       1447.4847     0.022501887       65.184082       3.0438861      0.95926758       7.3464259      0.63436091       1.0161969       1.0000066      0.99760636       1.0016759       1.0015488      0.99685715      0.55573607   2.0986641e-09      0.94704148      0.74272755        0.365554       0.8198694       50.164848       1040.2071       1528.3121        -25.5913        -27.95807          2.3667703       2946.1519                 23.905727                 395.82538                                612.54304                      7.9329173                2.0684973             0.25291132                            47.84344                  1528.3121       180.59004        146.87785
              1       1445.0753     0.022501887       65.184082       3.0438861      0.95926758       7.3464259      0.63436091       1.0161969      0.99929281       0.9976041       1.0017505      0.99773863       1.0019116      0.55573607   2.0986641e-09      0.94704148      0.74272755        0.365554       0.8198694       50.164848       1039.9398       1528.3121      -25.542231       -27.909002          2.3667703       2941.2352                  24.02316                 395.82204                                612.19428                      7.9002799                2.0684973             0.25291132                            47.84344                  1528.3121       180.54315        142.27528
              1       1447.3226     0.022501887       65.184082       3.0438861      0.95926758       7.3464259      0.63436091       1.0161969       1.0004492       1.0003782       0.9998184      0.99395835       1.0031235      0.55573607   2.0986641e-09      0.94704148      0.74272755        0.365554       0.8198694       50.164848       1041.2336       1528.3121      -25.040877       -27.407647          2.3667703        2944.727                 23.833762                 395.82299                                613.60911                      7.9676871                2.0684973             0.25291132                            47.84344                  1528.3121       181.75529        143.26122
              1       1444.8223     0.022501887       65.184082       3.0438861      0.95926758       7.3464259      0.63436091       1.0161969       1.0004492      0.99855826       1.0030616      0.99771569      0.99986589      0.55573607   2.0986641e-09      0.94704148      0.74272755        0.365554       0.8198694       50.164848       1041.2336       1528.3121      -25.801343       -28.168114          2.3667703       2941.2473                 23.833762                 395.82299                                613.60911                      7.9676871                2.0684973             0.25291132                            47.84344                  1528.3121       179.44725        142.08951
              1       1444.9702     0.022501887       65.184082       3.0438861      0.95926758       7.3464259      0.63436091       1.0161969      0.99928764      0.99959172       1.0020563      0.99752303       1.0038267      0.55573607   2.0986641e-09      0.94704148      0.74272755        0.365554       0.8198694       50.164848       1039.9441       1528.3121      -25.721991       -28.088762          2.3667703       2941.3844                 24.024015                 395.82204                                612.19795                      7.9001498                2.0684973             0.25291132                            47.84344                  1528.3121       179.89841        143.06488
              1        1445.084     0.022501887       65.184082       3.0438861      0.95926758       7.3464259      0.63436091       1.0161969      0.99898904      0.99959077       1.0020875      0.99517838       1.0019731      0.55573607   2.0986641e-09      0.94704148      0.74272755        0.365554       0.8198694       50.164848       1040.3317       1528.3121      -25.358065       -27.724835          2.3667703       2940.8841                 24.073604                 395.80134                                612.56151                      7.8952119                2.0684973             0.25291132                            47.84344                  1528.3121       179.89191        142.18352
              1       1445.5666     0.022501887       65.184082       3.0438861      0.95926758       7.3464259      0.63436091       1.0161969      0.99898904      0.99788697        1.000281      0.99749539       1.0006311      0.55573607   2.0986641e-09      0.94704148      0.74272755        0.365554       0.8198694       50.164848       1040.3317       1528.3121      -25.573386       -27.940156          2.3667703         2942.28                 24.073604                 395.80134                                612.56151                      7.8952119                2.0684973             0.25291132                            47.84344                  1528.3121       181.48651        141.98486
              1       1445.6286     0.022501887       65.184082       3.0438861      0.95926758       7.3464259      0.63436091       1.0161969      0.99997731      0.99789011       1.0001778       0.9975586       1.0021083      0.55573607   2.0986641e-09      0.94704148      0.74272755        0.365554       0.8198694       50.164848       1040.1622       1528.3121      -25.625314       -27.992084          2.3667703       2942.5079                 23.910519                 395.82538                                612.49531                      7.9310048                2.0684973             0.25291132                            47.84344                  1528.3121       181.59952        142.26923
              1       1447.0174     0.022501887       65.184082       3.0438861      0.95926758       7.3464259      0.63436091       1.0161969      0.99995784       1.0017068        1.001422      0.99878792      0.99755818      0.55573607   2.0986641e-09      0.94704148      0.74272755        0.365554       0.8198694       50.164848       1040.1341       1528.3121      -25.807725       -28.174496          2.3667703       2945.6503                   23.9137                 395.82538                                612.46521                      7.9297626                2.0684973             0.25291132                            47.84344                  1528.3121       183.58986        143.44942
              1       1445.6399     0.022501887       65.184082       3.0438861      0.95926758       7.3464259      0.63436091       1.0161969       1.0004262      0.99970311       1.0037473      0.99984785      0.99989161      0.55573607   2.0986641e-09      0.94704148      0.74272755        0.365554       0.8198694       50.164848       1041.1638       1528.3121      -26.042436       -28.409206          2.3667703       2943.3648                 23.837486                 395.82299                                613.53773                      7.9656068                2.0684973             0.25291132                            47.84344                  1528.3121       180.18439        143.53958
              1       1446.8059     0.022501887       65.184082       3.0438861      0.95926758       7.3464259      0.63436091       1.0161969       1.0004262      0.99970311       1.0037473       1.0008694       1.0039129      0.55573607   2.0986641e-09      0.94704148      0.74272755        0.365554       0.8198694       50.164848       1041.1638       1528.3121      -25.879534       -28.246304          2.3667703       2945.3708                 23.837486                 395.82299                                613.53773                      7.9656068                2.0684973             0.25291132                            47.84344                  1528.3121       180.18439        145.54561
              1       1446.6229     0.022501887       65.184082       3.0438861      0.95926758       7.3464259      0.63436091       1.0161969      0.99959663      0.99970047       1.0038339       1.0022445      0.99995124      0.55573607   2.0986641e-09      0.94704148      0.74272755        0.365554       0.8198694       50.164848       1039.8418       1528.3121      -25.919575       -28.286346          2.3667703        2945.085                 23.972976                 395.82294                                 612.1353                      7.9106229                2.0684973             0.25291132                            47.84344                  1528.3121       180.21745        146.54871
              1       1446.9217     0.022501887       65.184082       3.0438861      0.95926758       7.3464259      0.63436091       1.0161969      0.99959663       1.0003824       1.0051123      0.99363519      0.99746496      0.55573607   2.0986641e-09      0.94704148      0.74272755        0.365554       0.8198694       50.164848       1039.8418       1528.3121      -24.975885       -27.342656          2.3667703       2943.7952                 23.972976                 395.82294                                 612.1353                      7.9106229                2.0684973             0.25291132                            47.84344                  1528.3121       182.21399        143.26244
              1       1445.8544     0.022501887       65.184082       3.0438861      0.95926758       7.3464259      0.63436091       1.0161969      0.99959663       1.0001782      0.99937523       0.9974381       1.0036599      0.55573607   2.0986641e-09      0.94704148      0.74272755        0.365554       0.8198694       50.164848       1039.8418       1528.3121      -25.758267       -28.125037          2.3667703       2943.2253                 23.972976                 395.82294                                 612.1353                      7.9106229                2.0684973             0.25291132                            47.84344                  1528.3121       181.96764         142.9389
              2       1447.9497     0.022501887       65.184082       3.0438861      0.95926758       7.3464259      0.63436091       1.0161969      0.99959663       0.9967278      0.99986418       1.0004747       1.0016577      0.55573607   2.0986641e-09      0.94704148      0.74272755        0.365554       0.8198694       50.164848       1039.8418       1528.3121      -25.423098       -27.789868          2.3667703       2946.7457                 23.972976                 395.82294                                 612.1353                      7.9106229                2.0684973             0.25291132                            47.84344                  1528.3121       184.19824        144.22862
              1       1448.8908     0.022501887       65.184082       3.0438861      0.95926758       7.3464259      0.63436091       1.0161969      0.99914556      0.99672637      0.99991128      0.99632445       0.9947193      0.55573607   2.0986641e-09      0.94704148      0.74272755        0.365554       0.8198694       50.164848       1040.0924       1528.3121      -24.809907       -27.176677          2.3667703       2947.4014                 24.047576                 395.81392                                612.33375                       7.897164                2.0684973             0.25291132                            47.84344                  1528.3121       184.13257        144.69948
              1       1447.5743     0.022501887       65.184082       3.0438861      0.95926758       7.3464259      0.63436091       1.0161969       1.0003399      0.99673016      0.99978656      0.99771827      0.99974244      0.55573607   2.0986641e-09      0.94704148      0.74272755        0.365554       0.8198694       50.164848       1040.9181       1528.3121      -25.329564       -27.696334          2.3667703       2945.8078                 23.851475                 395.82299                                613.28553                      7.9580685                2.0684973             0.25291132                            47.84344                  1528.3121       184.30812        142.10466
              1       1445.4759     0.022501887       65.184082       3.0438861      0.95926758       7.3464259      0.63436091       1.0161969       1.0003399      0.99786883       1.0014915      0.99684254      0.99831142      0.55573607   2.0986641e-09      0.94704148      0.74272755        0.365554       0.8198694       50.164848       1040.9181       1528.3121      -25.526745       -27.893516          2.3667703       2942.0053                 23.851475                 395.82299                                613.28553                      7.9580685                2.0684973             0.25291132                            47.84344                  1528.3121       180.41092        142.19934
              1       1445.6514     0.022501887       65.184082       3.0438861      0.95926758       7.3464259      0.63436091       1.0161969       1.0003399      0.99794673       1.0027256      0.99755195      0.99669559      0.55573607   2.0986641e-09      0.94704148      0.74272755        0.365554       0.8198694       50.164848       1040.9181       1528.3121      -25.567158       -27.933928          2.3667703       2942.4372                 23.851475                 395.82299                                613.28553                      7.9580685                2.0684973             0.25291132                            47.84344                  1528.3121       179.75279        143.28937
              1       1446.6533     0.022501887       65.184082       3.0438861      0.95926758       7.3464259      0.63436091       1.0161969       1.0010794      0.99794908       1.0026484      0.99624962       1.0017266      0.55573607   2.0986641e-09      0.94704148      0.74272755        0.365554       0.8198694       50.164848       1043.8269       1528.3121      -25.358616       -27.725386          2.3667703       2944.0239                 23.732408                   395.814                                616.24422                      8.0363092                2.0684973             0.25291132                            47.84344                  1528.3121       179.77187        141.94812
              1       1446.9651     0.022501887       65.184082       3.0438861      0.95926758       7.3464259      0.63436091       1.0161969       1.0010794      0.99880215       1.0035433       1.0002207       1.0010776      0.55573607   2.0986641e-09      0.94704148      0.74272755        0.365554       0.8198694       50.164848       1043.8269       1528.3121      -25.877434       -28.244204          2.3667703        2945.685                 23.732408                   395.814                                616.24422                      8.0363092                2.0684973             0.25291132                            47.84344                  1528.3121       179.49956        143.88155
              1       1446.7062     0.022501887       65.184082       3.0438861      0.95926758       7.3464259      0.63436091       1.0161969       1.0010794      0.99880215       1.0035433       0.9995566       1.0016157      0.55573607   2.0986641e-09      0.94704148      0.74272755        0.365554       0.8198694       50.164848       1043.8269       1528.3121      -25.860055       -28.226825          2.3667703       2945.1325                 23.732408                   395.814                                616.24422                      8.0363092                2.0684973             0.25291132                            47.84344                  1528.3121       179.49956        143.32906
              1       1446.7268     0.022424882       64.799513       3.0403254       0.9606216       7.2316021       0.6328765       1.0133751       1.0010253       1.0004443       1.0031438      0.99991933       1.0016762      0.53849276   2.0912047e-09      0.94659441      0.73963351       0.3670374      0.81810888       52.716948       1037.4018       1535.9705      -26.460851       -28.307518          1.8466672       2946.3754                 23.277443                 395.75677                                610.09147                      8.2761578                 2.170597             0.30047942                           50.245872                  1535.9705       178.32516        141.96094
              1       1445.0394     0.022424882       64.799513       3.0403254       0.9606216       7.2316021       0.6328765       1.0133751        1.000311        1.000442       1.0032183      0.99810807      0.99988099      0.53849276   2.0912047e-09      0.94659441      0.73963351       0.3670374      0.81810888       52.716948       1035.2297       1535.9705      -26.475146       -28.321814          1.8466672        2943.029                 23.385753                 395.73439                                607.96872                      8.1408076                 2.170597             0.30047942                           50.245872                  1535.9705       178.34319        140.76874
              1       1445.9296     0.022424882       64.799513       3.0403254       0.9606216       7.2316021       0.6328765       1.0133751       1.0008582       1.0003314       1.0033861      0.99862284       0.9993772      0.53849276   2.0912047e-09      0.94659441      0.73963351       0.3670374      0.81810888       52.716948        1036.723       1535.9705      -26.466915       -28.313582          1.8466672        2944.793                 23.302609                 395.73439                                609.44408                      8.2419336                 2.170597             0.30047942                           50.245872                  1535.9705       178.23787        141.14467
              1       1445.3449     0.022424882       64.799513       3.0403254       0.9606216       7.2316021       0.6328765       1.0133751      0.99947116       0.9977659       1.0052867      0.99852581       0.9989018      0.53849276   2.0912047e-09      0.94659441      0.73963351       0.3670374      0.81810888       52.716948       1034.9395       1535.9705       -26.21768       -28.064347          1.8466672       2943.1252                 23.515329                 395.76808                                607.63758                      8.0185284                 2.170597             0.30047942                           50.245872                  1535.9705       178.26263        141.23561
              1       1448.9166     0.022424882       64.799513       3.0403254       0.9606216       7.2316021       0.6328765       1.0133751        1.000176      0.99776814       1.0052131       1.0034847        1.004222      0.53849276   2.0912047e-09      0.94659441      0.73963351       0.3670374      0.81810888       52.716948       1035.0429       1535.9705      -25.833641       -27.680308          1.8466672       2949.5005                  23.40643                 395.76075                                607.75726                      8.1184576                 2.170597             0.30047942                           50.245872                  1535.9705       178.22313        147.54707
              1       1445.2604     0.022424882       64.799513       3.0403254       0.9606216       7.2316021       0.6328765       1.0133751        1.000176      0.99960157       1.0002776      0.99764898       1.0030026      0.53849276   2.0912047e-09      0.94659441      0.73963351       0.3670374      0.81810888       52.716948       1035.0429       1535.9705      -26.348978       -28.195646          1.8466672       2943.2188                  23.40643                 395.76075                                607.75726                      8.1184576                 2.170597             0.30047942                           50.245872                  1535.9705       178.48608        141.00235
              1        1445.484     0.022424882       64.799513       3.0403254       0.9606216       7.2316021       0.6328765       1.0133751        1.000176      0.99891255       1.0038436      0.99525158       0.9970197      0.53849276   2.0912047e-09      0.94659441      0.73963351       0.3670374      0.81810888       52.716948       1035.0429       1535.9705      -25.871236       -27.717904          1.8466672       2942.7104                  23.40643                 395.76075                                607.75726                      8.1184576                 2.170597             0.30047942                           50.245872                  1535.9705        177.3138        141.66626
              1       1446.2562     0.022431334       64.791746       3.0457852      0.96201449       7.4738801      0.63453119       1.0118163       1.0010048      0.99972303        1.003904      0.99349904      0.99896203      0.53228954   2.1026535e-09      0.94656624       0.7400564      0.36538268      0.81672936       50.216204       1035.0253       1536.0231      -25.400988       -27.285921          1.8849326       2943.3143                 23.147435                 395.86626                                 607.8657                      8.1459301                2.0583903             0.24843142                           47.909382                  1536.0231       177.60341        144.44621
              1       1446.1564     0.022467465       64.893411       3.0446175      0.96248432       7.4656201      0.63547116       1.0122273       1.0007083       0.9991705       1.0017597      0.99278535      0.99913527      0.54093087   2.1001997e-09      0.94664773      0.73845463      0.36444299      0.81391301       49.192805       1036.8153       1533.9263      -24.927605       -27.052933          2.1253276        2942.168                 23.033479                 395.84961                                609.60369                      8.3285041                2.0020275             0.22402436                           46.966753                  1533.9263       177.31177        144.92188
              1         1447.88     0.022467465       64.893411       3.0446175      0.96248432       7.4656201      0.63547116       1.0122273       1.0007083      0.99874092       1.0082586      0.99316782      0.99840056      0.54093087   2.1001997e-09      0.94664773      0.73845463      0.36444299      0.81391301       49.192805       1036.8153       1533.9263      -24.993878       -27.119205          2.1253276       2945.7479                 23.033479                 395.84961                                609.60369                      8.3285041                2.0020275             0.22402436                           46.966753                  1533.9263       181.02127        144.79224
              1       1444.8733     0.022467465       64.893411       3.0446175      0.96248432       7.4656201      0.63547116       1.0122273      0.99901391       1.0003312        1.001834      0.99998657       0.9993584      0.54093087   2.1001997e-09      0.94664773      0.73845463      0.36444299      0.81391301       49.192805         1038.46       1533.9263      -26.216207       -28.341535          2.1253276       2942.1789                 23.284251                 395.85279                                611.29019                      8.0327447                2.0020275             0.22402436                           46.966753                  1533.9263       177.15961        143.44029
              1       1444.0519     0.022467465       64.893411       3.0446175      0.96248432       7.4656201      0.63547116       1.0122273      0.99966434       1.0003333        1.001766       0.9980298       1.0046222      0.54093087   2.1001997e-09      0.94664773      0.73845463      0.36444299      0.81391301       49.192805       1036.6718       1533.9263      -25.990419       -28.115746          2.1253276       2940.0847                 23.187016                 395.84922                                609.50856                      8.1269971                2.0020275             0.22402436                           46.966753                  1533.9263       177.18027         143.1136
              1       1446.1077     0.022467465       64.893411       3.0446175      0.96248432       7.4656201      0.63547116       1.0122273      0.99963725      0.99946294      0.99809124       0.9995232       1.0041767      0.54093087   2.1001997e-09      0.94664773      0.73845463      0.36444299      0.81391301       49.192805       1036.7173       1533.9263      -26.106766       -28.232093          2.1253276       2944.4288                 23.191043                 395.84922                                609.55448                      8.1225896                2.0020275             0.22402436                           46.966753                  1533.9263       181.18973        143.40271
              1       1445.4512     0.022467465       64.893411       3.0446175      0.96248432       7.4656201      0.63547116       1.0122273      0.99957583       1.0008979       1.0056533      0.99956226       1.0046157      0.54093087   2.1001997e-09      0.94664773      0.73845463      0.36444299      0.81391301       49.192805       1036.8298       1533.9263      -26.038506       -28.163834          2.1253276       2942.9795                 23.200176                 395.84922                                609.66764                      8.1127547                2.0020275             0.22402436                           46.966753                  1533.9263       179.36967        143.66095
              1       1446.6844     0.022467465       64.893411       3.0446175      0.96248432       7.4656201      0.63547116       1.0122273      0.99957583       1.0004624       1.0047994      0.99602824      0.99432207      0.54093087   2.1001997e-09      0.94664773      0.73845463      0.36444299      0.81391301       49.192805       1036.8298       1533.9263      -25.581488       -27.706816          2.1253276       2944.5317                 23.200176                 395.84922                                609.66764                      8.1127547                2.0020275             0.22402436                           46.966753                  1533.9263       177.96593        146.61691
              1       1444.5359     0.022467465       64.893411       3.0446175      0.96248432       7.4656201      0.63547116       1.0122273       1.0004948      0.99986668       1.0068263      0.99834301       1.0025196      0.54093087   2.1001997e-09      0.94664773      0.73845463      0.36444299      0.81391301       49.192805       1036.4858       1533.9263      -26.155264       -28.280591          2.1253276       2941.3824                 23.064607                 395.84961                                609.28931                      8.2822709                2.0020275             0.22402436                           46.966753                  1533.9263       179.45868        142.31885
              1       1445.9982       0.0223782       64.877933       3.0374339      0.96209844       7.2172221      0.63459305       1.0141571      0.99917129      0.99845465       1.0039028       1.0022887       1.0028948      0.57136257   2.0851668e-09      0.94683435      0.73222644      0.36532106      0.80802004       51.281554       1034.4108       1534.2857        -26.4544       -28.032507          1.5781071       2944.9052                 23.083948                 395.74864                                607.08161                      8.4965708                2.0661722             0.25210019                           48.963282                  1534.2857       181.08061        143.84657
              1       1445.5326       0.0223782       64.877933       3.0374339      0.96209844       7.2172221      0.63459305       1.0141571      0.99917129      0.99689288       1.0069343      0.99760122       1.0020271      0.57136257   2.0851668e-09      0.94683435      0.73222644      0.36532106      0.80802004       51.281554       1034.4108       1534.2857       -26.07834       -27.656447          1.5781071       2943.2219                 23.083948                 395.74864                                607.08161                      8.4965708                2.0661722             0.25210019                           48.963282                  1534.2857       183.91008        139.33374
              1       1446.3096       0.0223782       64.877933       3.0374339      0.96209844       7.2172221      0.63459305       1.0141571       1.0008801       1.0008952      0.99863114      0.99744684       1.0020631      0.57136257   2.0851668e-09      0.94683435      0.73222644      0.36532106      0.80802004       51.281554       1035.8491       1534.2857      -26.542785       -28.120892          1.5781071       2945.7049                 22.837017                 395.74653                                608.25085                       9.014723                2.0661722             0.25210019                           48.963282                  1534.2857       184.99307        139.29539
              1       1447.5483       0.0223782       64.877933       3.0374339      0.96209844       7.2172221      0.63459305       1.0141571      0.99909975       1.0004106       1.0090337      0.99749153       1.0022478      0.57136257   2.0851668e-09      0.94683435      0.73222644      0.36532106      0.80802004       51.281554       1034.5733       1534.2857      -26.573149       -28.151256          1.5781071       2948.2429                 23.094471                 395.75529                                607.24503                      8.4784739                2.0661722             0.25210019                           48.963282                  1534.2857       188.75089        139.35147
              1       1446.0014       0.0223782       64.877933       3.0374339      0.96209844       7.2172221      0.63459305       1.0141571      0.99909975       1.0016319       1.0033439      0.99992279       1.0005049      0.57136257   2.0851668e-09      0.94683435      0.73222644      0.36532106      0.80802004       51.281554       1034.5733       1534.2857      -26.635864       -28.213971          1.5781071       2945.2745                 23.094471                 395.75529                                607.24503                      8.4784739                2.0661722             0.25210019                           48.963282                  1534.2857       184.41139        140.72258
              1       1445.5127       0.0223782       64.877933       3.0374339      0.96209844       7.2172221      0.63459305       1.0141571      0.99972239       1.0015108       1.0038023      0.99995027       1.0005759      0.57136257   2.0851668e-09      0.94683435      0.73222644      0.36532106      0.80802004       51.281554       1033.8044       1534.2857      -26.715035       -28.293142          1.5781071       2944.4555                 23.003312                 395.75859                                606.39675                      8.6457072                2.0661722             0.25210019                           48.963282                  1534.2857       184.34248        140.74139
              1       1444.8898       0.0223782       64.877933       3.0374339      0.96209844       7.2172221      0.63459305       1.0141571      0.99985066       1.0011059       1.0052317      0.99748864       1.0007193      0.57136257   2.0851668e-09      0.94683435      0.73222644      0.36532106      0.80802004       51.281554       1033.7947       1534.2857      -26.620168       -28.198275          1.5781071       2943.0199                 22.984662                 395.74433                                606.38284                      8.6828822                2.0661722             0.25210019                           48.963282                  1534.2857       184.47772        139.18016
              1       1445.1594       0.0223782       64.877933       3.0374339      0.96209844       7.2172221      0.63459305       1.0141571      0.99890015      0.99741699       1.0019174      0.99756258       1.0003495      0.57136257   2.0851668e-09      0.94683435      0.73222644      0.36532106      0.80802004       51.281554       1035.0961       1534.2857      -26.235272       -27.813379          1.5781071       2942.7893                 23.123902                 395.75084                                607.79182                      8.4295146                2.0661722             0.25210019                           48.963282                  1534.2857       182.89812        139.22786
              1       1445.3289       0.0223782       64.877933       3.0374339      0.96209844       7.2172221      0.63459305       1.0141571      0.99890015          1.0007       1.0027528      0.99500246      0.99809953      0.57136257   2.0851668e-09      0.94683435      0.73222644      0.36532106      0.80802004       51.281554       1035.0961       1534.2857      -26.073621       -27.651728          1.5781071       2942.8051                 23.123902                 395.75084                                607.79182                      8.4295146                2.0661722             0.25210019                           48.963282                  1534.2857       182.30251        139.83926
              1        1444.693       0.0223782       64.877933       3.0374339      0.96209844       7.2172221      0.63459305       1.0141571      0.99968988       1.0010647       1.0011046      0.99570745       1.0026448      0.57136257   2.0851668e-09      0.94683435      0.73222644      0.36532106      0.80802004       51.281554       1033.8121       1534.2857      -26.257375       -27.835482          1.5781071       2941.9008                 23.008046                 395.75859                                606.40898                      8.6364341                2.0661722             0.25210019                           48.963282                  1534.2857       183.13748        139.38402
              1       1443.7041     0.022417153       65.075636       3.0362922      0.96214191       7.1821281      0.63605728       1.0150093      0.99919743       1.0009269       1.0048033      0.99638417       1.0023984      0.57569411   2.0827874e-09      0.94706491      0.73252029      0.36385734       0.8067233       49.118053       1035.3049       1530.3021      -26.142264       -27.951377          1.8091136       2939.6927                 23.052112                 395.75546                                607.76513                      8.7322546                1.9689626             0.20986183                           46.939228                  1530.3021       184.74158        140.22609
              1       1445.0115     0.022417153       65.075636       3.0362922      0.96214191       7.1821281      0.63605728       1.0150093      0.99847014      0.99578913       1.0038351      0.99833905       1.0022092      0.57569411   2.0827874e-09      0.94706491      0.73252029      0.36385734       0.8067233       49.118053       1036.2037       1530.3021      -25.333292       -27.142405          1.8091136       2940.6897                 23.159439                 395.73556                                608.78067                      8.5279889                1.9689626             0.20986183                           46.939228                  1530.3021       184.20624        140.85965
              1         1442.86     0.022417153       65.075636       3.0362922      0.96214191       7.1821281      0.63605728       1.0150093      0.99847014      0.99821463        1.002049      0.99503592       1.0017654      0.57569411   2.0827874e-09      0.94706491      0.73252029      0.36385734       0.8067233       49.118053       1036.2037       1530.3021      -25.615234       -27.424348          1.8091136       2936.9504                 23.159439                 395.73556                                608.78067                      8.5279889                1.9689626             0.20986183                           46.939228                  1530.3021       181.21593        140.11067
              1       1442.8319     0.022417153       65.075636       3.0362922      0.96214191       7.1821281      0.63605728       1.0150093      0.99847014      0.99821463        1.002049      0.99747826       1.0031696      0.57569411   2.0827874e-09      0.94706491      0.73252029      0.36385734       0.8067233       49.118053       1036.2037       1530.3021      -26.003121       -27.812234          1.8091136       2937.6701                 23.159439                 395.73556                                608.78067                      8.5279889                1.9689626             0.20986183                           46.939228                  1530.3021       181.21593         140.8304
              1       1444.1029     0.022430794       65.082856       3.0388084      0.96180692       7.2941662      0.63582966       1.0152198      0.99845425      0.99946282       1.0078874      0.99738968       1.0015441      0.57800422   2.0880347e-09      0.94704446      0.73337528      0.36408498      0.80791751        49.39711       1036.1352       1530.1742      -26.137239       -28.030592          1.8933533       2940.4803                 23.298934                 395.74959                                608.74818                      8.3384967                1.9852976             0.21690773                           47.194904                  1530.1742       184.60204        140.17177
              1       1441.3379     0.022430794       65.082856       3.0388084      0.96180692       7.2941662      0.63582966       1.0152198      0.99951281      0.99958875       1.0037441      0.99738521       1.0015012      0.57800422   2.0880347e-09      0.94704446      0.73337528      0.36408498      0.80791751        49.39711        1034.994       1530.1742      -26.316691       -28.210044          1.8933533       2935.3092                  23.14037                 395.75818                                607.49861                      8.5968748                1.9852976             0.21690773                           47.194904                  1530.1742       180.58226        140.16159
              1       1443.3652     0.022430794       65.082856       3.0388084      0.96180692       7.2941662      0.63582966       1.0152198      0.99951281      0.99867958       1.0065322      0.99647127      0.99533969      0.57800422   2.0880347e-09      0.94704446      0.73337528      0.36408498      0.80791751        49.39711        1034.994       1530.1742      -25.905826        -27.79918          1.8933533        2938.542                  23.14037                 395.75818                                607.49861                      8.5968748                1.9852976             0.21690773                           47.194904                  1530.1742       181.77805        142.19853
              1       1443.3961     0.022430794       65.082856       3.0388084      0.96180692       7.2941662      0.63582966       1.0152198      0.99951281      0.99721646       1.0058023      0.99399865      0.99709543      0.57800422   2.0880347e-09      0.94704446      0.73337528      0.36408498      0.80791751        49.39711        1034.994       1530.1742      -25.113461       -27.006815          1.8933533        2937.019                  23.14037                 395.75818                                607.49861                      8.5968748                1.9852976             0.21690773                           47.194904                  1530.1742       181.28021        141.17343
              1       1442.4262     0.022430794       65.082856       3.0388084      0.96180692       7.2941662      0.63582966       1.0152198       0.9999073      0.99721771       1.0057611      0.99799964       1.0015184      0.57800422   2.0880347e-09      0.94704446      0.73337528      0.36408498      0.80791751        49.39711       1035.5622       1530.1742      -25.984163       -27.877516          1.8933533       2936.8207                 23.082122                 395.78151                                607.98924                       8.709367                1.9852976             0.21690773                           47.194904                  1530.1742       181.25429        140.43282
              1       1445.9271     0.022430794       65.082856       3.0388084      0.96180692       7.2941662      0.63582966       1.0152198       1.0000577      0.99993796      0.99917514      0.99727597       1.0079254      0.57800422   2.0880347e-09      0.94704446      0.73337528      0.36408498      0.80791751        49.39711       1035.9095       1530.1742      -25.757239       -27.650592          1.8933533       2943.3686                 23.060009                 395.78267                                608.31224                      8.7545444                1.9852976             0.21690773                           47.194904                  1530.1742       182.77748        145.11032
              1       1444.7115     0.022430794       65.082856       3.0388084      0.96180692       7.2941662      0.63582966       1.0152198      0.99982699      0.99964012        1.001694      0.99251091       1.0049688      0.57800422   2.0880347e-09      0.94704446      0.73337528      0.36408498      0.80791751        49.39711       1035.3955       1530.1742      -24.901788       -26.795141          1.8933533       2939.2266                 23.093955                 395.76832                                607.84743                      8.6857543                1.9852976             0.21690773                           47.194904                  1530.1742        180.6492        143.61057
              1       1442.4803     0.022430794       65.082856       3.0388084      0.96180692       7.2941662      0.63582966       1.0152198      0.99969216       1.0003408       1.0013491      0.99496722       1.0023627      0.57800422   2.0880347e-09      0.94704446      0.73337528      0.36408498      0.80791751        49.39711       1035.1977       1530.1742      -25.840928       -27.734281          1.8933533       2936.6425                 23.113849                 395.77941                                607.65753                      8.6469321                1.9852976             0.21690773                           47.194904                  1530.1742       181.53448        140.33896
              1        1444.614     0.022430794       65.082856       3.0388084      0.96180692       7.2941662      0.63582966       1.0152198      0.99969216       0.9980974        1.001303        1.001696       1.0049554      0.57800422   2.0880347e-09      0.94704446      0.73337528      0.36408498      0.80791751        49.39711       1035.1977       1530.1742      -26.023637        -27.91699          1.8933533       2941.2752                 23.113849                 395.77941                                607.65753                      8.6469321                1.9852976             0.21690773                           47.194904                  1530.1742       180.88416        145.62196
              1       1441.9025     0.022430794       65.082856       3.0388084      0.96180692       7.2941662      0.63582966       1.0152198      0.99969216        0.999242       1.0016945      0.99447187       1.0005113      0.57800422   2.0880347e-09      0.94704446      0.73337528      0.36408498      0.80791751        49.39711       1035.1977       1530.1742      -25.736052       -27.629405          1.8933533       2935.2772                 23.113849                 395.77941                                607.65753                      8.6469321                1.9852976             0.21690773                           47.194904                  1530.1742       180.41544        140.09265
              1       1441.4923     0.022430794       65.082856       3.0388084      0.96180692       7.2941662      0.63582966       1.0152198      0.99969216      0.99947761       1.0015686      0.99601283      0.99945041      0.57800422   2.0880347e-09      0.94704446      0.73337528      0.36408498      0.80791751        49.39711       1035.1977       1530.1742      -26.116084       -28.009437          1.8933533       2935.2168                 23.113849                 395.77941                                607.65753                      8.6469321                1.9852976             0.21690773                           47.194904                  1530.1742       180.58594         139.8618
              1       1443.6121     0.022430794       65.082856       3.0388084      0.96180692       7.2941662      0.63582966       1.0152198      0.99994559      0.99832327      0.99983115      0.99516012       1.0039553      0.57800422   2.0880347e-09      0.94704446      0.73337528      0.36408498      0.80791751        49.39711       1035.6431       1530.1742      -25.650578       -27.543931          1.8933533       2938.5253                 23.076486                 395.78151                                608.06437                      8.7207497                1.9852976             0.21690773                           47.194904                  1530.1742       182.17558         141.1353
              1       1442.1008     0.022430794       65.082856       3.0388084      0.96180692       7.2941662      0.63582966       1.0152198      0.99994559        1.000443       1.0017158      0.99667978       1.0009372      0.57800422   2.0880347e-09      0.94704446      0.73337528      0.36408498      0.80791751        49.39711       1035.6431       1530.1742      -26.243105       -28.136458          1.8933533       2936.6877                 23.076486                 395.78151                                608.06437                      8.7207497                1.9852976             0.21690773                           47.194904                  1530.1742       181.58534        139.88792
              1       1443.4398     0.022430794       65.082856       3.0388084      0.96180692       7.2941662      0.63582966       1.0152198       1.0005424       1.0004449       1.0016535      0.99537396       1.0017709      0.57800422   2.0880347e-09      0.94704446      0.73337528      0.36408498      0.80791751        49.39711       1037.5439       1530.1742      -25.941002       -27.834355          1.8933533       2938.7616                 22.989112                 395.78267                                609.86329                      8.9088413                1.9852976             0.21690773                           47.194904                  1530.1742       181.60159        140.04477
              1       1442.8737     0.022430794       65.082856       3.0388084      0.96180692       7.2941662      0.63582966       1.0152198       1.0003681       1.0004444       1.0016717      0.99723015       1.0021436      0.57800422   2.0880347e-09      0.94704446      0.73337528      0.36408498      0.80791751        49.39711       1036.8653       1530.1742      -26.280403       -28.173756          1.8933533       2938.3082                 23.014524                 395.78267                                609.21621                      8.8518535                1.9852976             0.21690773                           47.194904                  1530.1742       181.59671        140.27486
              1       1442.5078     0.022454456       65.142632       3.0406888      0.96156205       7.3801023      0.63602144       1.0156658      0.99793652      0.99984141       1.0024403      0.99714299       1.0018563      0.58224383   2.0919647e-09      0.94708584      0.73401911      0.36389337      0.80841397       49.116341       1038.2228       1529.0066      -25.807138       -27.852244          2.0451057       2936.6298                 23.488965                 395.79968                                610.78339                      8.1507646                1.9747618             0.21240532                           46.929174                  1529.0066       179.96405        140.32002
              1       1443.9357     0.022454456       65.142632       3.0406888      0.96156205       7.3801023      0.63602144       1.0156658      0.99866967      0.99745745       1.0039594       1.0014657       1.0049118      0.58224383   2.0919647e-09      0.94708584      0.73401911      0.36389337      0.80841397       49.116341       1035.7806       1529.0066      -25.601979       -27.647084          2.0451057       2939.0753                 23.375531                 395.78261                                608.34312                      8.2793555                1.9747618             0.21240532                           46.929174                  1529.0066       179.70836        145.46336
              1       1443.3529     0.022454456       65.142632       3.0406888      0.96156205       7.3801023      0.63602144       1.0156658      0.99942205      0.99763787       1.0031177       1.0023656      0.99891763      0.58224383   2.0919647e-09      0.94708584      0.73401911      0.36389337      0.80841397       49.116341       1035.2131       1529.0066      -25.897633       -27.942738          2.0451057       2938.5011                 23.260938                 395.79566                                607.71333                      8.4431235                1.9747618             0.21240532                           46.929174                  1529.0066       179.60481        145.56029
              1       1446.3749     0.022454456       65.142632       3.0406888      0.96156205       7.3801023      0.63602144       1.0156658       1.0017547      0.99764527       1.0028741       0.9978641       1.0022797      0.58224383   2.0919647e-09      0.94708584      0.73401911      0.36389337      0.80841397       49.116341       1045.5811       1529.0066       -25.66755       -27.712656          2.0451057        2944.085                 22.917424                  395.8185                                617.69193                      9.1532984                1.9747618             0.21240532                           46.929174                  1529.0066       179.65677        140.72409
              1       1444.2864     0.022450816       65.156334       3.0402082      0.96248332       7.4212183      0.63610927       1.0161395       1.0003094      0.99738477      0.99994751      0.99600116       1.0038097      0.59532624   2.0909595e-09      0.94711666       0.7319512      0.36380557      0.80603921        49.38729       1039.1781       1528.7379      -25.482613       -27.507795          2.0251815        2939.538                 22.863831                 395.83124                                 611.5537                      8.9293047                1.9750425             0.21262697                            47.19962                  1528.7379       181.70749        140.52724
              1       1443.0667     0.022450816       65.156334       3.0402082      0.96248332       7.4212183      0.63610927       1.0161395       1.0003094      0.99989033       1.0042875       0.9970869       1.0040134      0.59532624   2.0909595e-09      0.94711666       0.7319512      0.36380557      0.80603921        49.38729       1039.1781       1528.7379      -26.032964       -28.058146          2.0251815       2938.1994                 22.863831                 395.83124                                 611.5537                      8.9293047                1.9750425             0.21262697                            47.19962                  1528.7379        180.1071        140.78903
              1       1444.4041     0.022450816       65.156334       3.0402082      0.96248332       7.4212183      0.63610927       1.0161395      0.99920997       1.0000622       1.0042961       1.0018753       1.0051465      0.59532624   2.0909595e-09      0.94711666       0.7319512      0.36380557      0.80603921        49.38729       1036.5441       1528.7379      -26.016205       -28.041387          2.0251815       2940.8405                 23.022851                 395.84868                                609.07438                      8.5981513                1.9750425             0.21262697                            47.19962                  1528.7379       180.39357        145.77769
              1       1441.2422     0.022450816       65.156334       3.0402082      0.96248332       7.4212183      0.63610927       1.0161395      0.99920997      0.99858232       1.0018348      0.99982949       1.0005886      0.59532624   2.0909595e-09      0.94711666       0.7319512      0.36380557      0.80603921        49.38729       1036.5441       1528.7379      -26.238549        -28.26373          2.0251815       2934.9614                 23.022851                 395.84868                                609.07438                      8.5981513                1.9750425             0.21262697                            47.19962                  1528.7379       178.95248        141.33965
              1       1441.1353     0.022450816       65.156334       3.0402082      0.96248332       7.4212183      0.63610927       1.0161395      0.99920997      0.99781565       1.0021254      0.99752694       1.0025644      0.59532624   2.0909595e-09      0.94711666       0.7319512      0.36380557      0.80603921        49.38729       1036.5441       1528.7379      -25.875227       -27.900409          2.0251815        2934.021                 23.022851                 395.84868                                609.07438                      8.5981513                1.9750425             0.21262697                            47.19962                  1528.7379       179.21442        140.13734
              1       1441.4682     0.022450816       65.156334       3.0402082      0.96248332       7.4212183      0.63610927       1.0161395      0.99920997      0.99763978       1.0021607      0.99522738       1.0021915      0.59532624   2.0909595e-09      0.94711666       0.7319512      0.36380557      0.80603921        49.38729       1036.5441       1528.7379      -25.434366       -27.459548          2.0251815        2933.805                 23.022851                 395.84868                                609.07438                      8.5981513                1.9750425             0.21262697                            47.19962                  1528.7379       179.36446        139.77132
              1       1443.2659     0.022450816       65.156334       3.0402082      0.96248332       7.4212183      0.63610927       1.0161395      0.99897696      0.99833738       1.0000422      0.99470411       0.9949925      0.59532624   2.0909595e-09      0.94711666       0.7319512      0.36380557      0.80603921        49.38729       1036.5075       1528.7379      -25.234024       -27.259206          2.0251815       2936.9999                 23.057095                 395.84868                                609.06496                      8.5367142                1.9750425             0.21262697                            47.19962                  1528.7379       180.43896        141.92825
              1       1446.1308     0.022450816       65.156334       3.0402082      0.96248332       7.4212183      0.63610927       1.0161395      0.99897696      0.99802437       1.0015745      0.99222041      0.99239547      0.59532624   2.0909595e-09      0.94711666       0.7319512      0.36380557      0.80603921        49.38729       1036.5075       1528.7379      -24.055462       -26.080643          2.0251815       2940.3725                 23.057095                 395.84868                                609.06496                      8.5367142                1.9750425             0.21262697                            47.19962                  1528.7379       179.34776        146.39212
              1       1441.6225     0.022450816       65.156334       3.0402082      0.96248332       7.4212183      0.63610927       1.0161395      0.99956954      0.99831883       1.0011109      0.99467648      0.99860313      0.59532624   2.0909595e-09      0.94711666       0.7319512      0.36380557      0.80603921        49.38729       1036.9638       1528.7379      -25.510965       -27.536146          2.0251815       2934.2669                 22.970365                  395.8506                                609.44387                      8.6989747                1.9750425             0.21262697                            47.19962                  1528.7379        179.4698        139.70813
              1       1443.9781     0.022450816       65.156334       3.0402082      0.96248332       7.4212183      0.63610927       1.0161395      0.99956954      0.99831883       1.0011109      0.99805995       1.0075285      0.59532624   2.0909595e-09      0.94711666       0.7319512      0.36380557      0.80603921        49.38729       1036.9638       1528.7379      -25.602754       -27.627935          2.0251815       2939.1617                 22.970365                  395.8506                                609.44387                      8.6989747                1.9750425             0.21262697                            47.19962                  1528.7379        179.4698        144.60287
              1       1443.3479     0.022450816       65.156334       3.0402082      0.96248332       7.4212183      0.63610927       1.0161395      0.99956954      0.99925872       1.0042187       1.0011144       1.0048829      0.59532624   2.0909595e-09      0.94711666       0.7319512      0.36380557      0.80603921        49.38729       1036.9638       1528.7379      -26.102427       -28.127609          2.0251815       2938.9007                 22.970365                  395.8506                                609.44387                      8.6989747                1.9750425             0.21262697                            47.19962                  1528.7379       179.28694        144.52478
              1       1442.0487     0.022450816       65.156334       3.0402082      0.96248332       7.4212183      0.63610927       1.0161395      0.99918288      0.99914266       1.0028187      0.99557582       1.0052548      0.59532624   2.0909595e-09      0.94711666       0.7319512      0.36380557      0.80603921        49.38729       1036.5303       1528.7379      -25.563212       -27.588393          2.0251815       2935.2239                 23.026823                 395.84868                                609.06398                      8.5908522                1.9750425             0.21262697                            47.19962                  1528.7379       178.85207        141.71629
              1       1440.7331     0.022450816       65.156334       3.0402082      0.96248332       7.4212183      0.63610927       1.0161395      0.99918288      0.99914266       1.0028187      0.99891785       1.0002117      0.59532624   2.0909595e-09      0.94711666       0.7319512      0.36380557      0.80603921        49.38729       1036.5303       1528.7379      -26.280419         -28.3056          2.0251815        2934.027                 23.026823                 395.84868                                609.06398                      8.5908522                1.9750425             0.21262697                            47.19962                  1528.7379       178.85207        140.51942
              1       1441.0498     0.022450816       65.156334       3.0402082      0.96248332       7.4212183      0.63610927       1.0161395      0.99860414      0.99923586       1.0037674      0.99658365       1.0023739      0.59532624   2.0909595e-09      0.94711666       0.7319512      0.36380557      0.80603921        49.38729       1036.8378       1528.7379      -25.873043       -27.898224          2.0251815       2933.8457                 23.112188                 395.85356                                609.42725                      8.4448124                1.9750425             0.21262697                            47.19962                  1528.7379       179.07863        139.80403
              1       1441.9541     0.022450816       65.156334       3.0402082      0.96248332       7.4212183      0.63610927       1.0161395      0.99910469      0.99876707       1.0002534      0.99727976        1.004322      0.59532624   2.0909595e-09      0.94711666       0.7319512      0.36380557      0.80603921        49.38729       1036.5047       1528.7379      -25.895325       -27.920507          2.0251815       2935.6989                 23.038303                 395.84868                                609.04769                      8.5700135                1.9750425             0.21262697                            47.19962                  1528.7379       180.00757        141.06142
              1       1441.9655     0.022450816       65.156334       3.0402082      0.96248332       7.4212183      0.63610927       1.0161395      0.99910469      0.99756739       1.0005117      0.99804747        1.002319      0.59532624   2.0909595e-09      0.94711666       0.7319512      0.36380557      0.80603921        49.38729       1036.5047       1528.7379      -25.865826       -27.891008          2.0251815       2935.6626                 23.038303                 395.84868                                609.04769                      8.5700135                1.9750425             0.21262697                            47.19962                  1528.7379       180.74934        140.28333
              1       1443.0611     0.022450816       65.156334       3.0402082      0.96248332       7.4212183      0.63610927       1.0161395       0.9993204      0.99756807       1.0004892      0.99902208      0.99612349      0.59532624   2.0909595e-09      0.94711666       0.7319512      0.36380557      0.80603921        49.38729       1036.6264       1528.7379      -25.872736       -27.897917          2.0251815       2937.8677                 23.006682                 395.84928                                609.14207                      8.6283395                1.9750425             0.21262697                            47.19962                  1528.7379        180.7728        142.34335
              1       1445.2228     0.022450816       65.156334       3.0402082      0.96248332       7.4212183      0.63610927       1.0161395      0.99891938       0.9997237       1.0051699      0.99284074      0.99343114      0.59532624   2.0909595e-09      0.94711666       0.7319512      0.36380557      0.80603921        49.38729       1036.5317       1528.7379      -24.627068       -26.652249          2.0251815       2939.6998                 23.065581                 395.85356                                609.09056                      8.5220065                1.9750425             0.21262697                            47.19962                  1528.7379       180.52126        144.52159
              1       1441.9412     0.022450816       65.156334       3.0402082      0.96248332       7.4212183      0.63610927       1.0161395      0.99888403      0.99800055       1.0004609      0.99540607      0.99761893      0.59532624   2.0909595e-09      0.94711666       0.7319512      0.36380557      0.80603921        49.38729       1036.5492       1528.7379      -25.505355       -27.530537          2.0251815       2934.8931                 23.070795                 395.85356                                609.11177                        8.51307                1.9750425             0.21262697                            47.19962                  1528.7379       180.28407        139.93466
              1       1442.3487     0.022450816       65.156334       3.0402082      0.96248332       7.4212183      0.63610927       1.0161395      0.99888403      0.99744063      0.99973834      0.99766678       1.0000189      0.59532624   2.0909595e-09      0.94711666       0.7319512      0.36380557      0.80603921        49.38729       1036.5492       1528.7379      -25.805574       -27.830755          2.0251815       2936.3086                 23.070795                 395.85356                                609.11177                        8.51307                1.9750425             0.21262697                            47.19962                  1528.7379       181.89449        139.73976
              1       1442.4165     0.022450816       65.156334       3.0402082      0.96248332       7.4212183      0.63610927       1.0161395      0.99888403      0.99744063      0.99973834      0.99806839      0.99988001      0.59532624   2.0909595e-09      0.94711666       0.7319512      0.36380557      0.80603921        49.38729       1036.5492       1528.7379      -25.847922       -27.873103          2.0251815       2936.5288                 23.070795                 395.85356                                609.11177                        8.51307                1.9750425             0.21262697                            47.19962                  1528.7379       181.89449        139.95988
              1       1443.3608     0.022450816       65.156334       3.0402082      0.96248332       7.4212183      0.63610927       1.0161395      0.99828819      0.99823666      0.99942348        1.000168       1.0015177      0.59532624   2.0909595e-09      0.94711666       0.7319512      0.36380557      0.80603921        49.38729       1037.4783       1528.7379      -25.974478        -27.99966          2.0251815       2938.6706                 23.159105                 395.84725                                610.09886                      8.3731101                1.9750425             0.21262697                            47.19962                  1528.7379       181.27869        141.78841
              1       1444.1857     0.022450816       65.156334       3.0402082      0.96248332       7.4212183      0.63610927       1.0161395      0.99828819      0.99858381       1.0040812      0.99448194      0.99343349      0.59532624   2.0909595e-09      0.94711666       0.7319512      0.36380557      0.80603921        49.38729       1037.4783       1528.7379      -24.895195       -26.920377          2.0251815       2938.1619                 23.159105                 395.84725                                610.09886                      8.3731101                1.9750425             0.21262697                            47.19962                  1528.7379       178.83719        143.72116
              1       1442.4246     0.022450816       65.156334       3.0402082      0.96248332       7.4212183      0.63610927       1.0161395      0.99828819      0.99858381       1.0040812      0.99772416      0.99555886      0.59532624   2.0909595e-09      0.94711666       0.7319512      0.36380557      0.80603921        49.38729       1037.4783       1528.7379      -25.743242       -27.768424          2.0251815       2936.3356                 23.159105                 395.84725                                610.09886                      8.3731101                1.9750425             0.21262697                            47.19962                  1528.7379       178.83719        141.89487
              1         1443.97     0.022450816       65.156334       3.0402082      0.96248332       7.4212183      0.63610927       1.0161395      0.99806909       1.0001667      0.99944201      0.99762416      0.99543838      0.59532624   2.0909595e-09      0.94711666       0.7319512      0.36380557      0.80603921        49.38729       1038.1288       1528.7379      -25.767473       -27.792654          2.0251815       2939.4749                 23.191787                 395.84879                                610.76153                      8.3267266                1.9750425             0.21262697                            47.19962                  1528.7379       181.27025        141.95061
              1       1442.1039     0.022450816       65.156334       3.0402082      0.96248332       7.4212183      0.63610927       1.0161395         0.99848        1.000168       0.9993991      0.99802234       1.0009277      0.59532624   2.0909595e-09      0.94711666       0.7319512      0.36380557      0.80603921        49.38729       1037.0501       1528.7379      -26.112592       -28.137773          2.0251815       2936.4329                 23.130599                  395.8524                                609.65118                      8.4159622                1.9750425             0.21262697                            47.19962                  1528.7379       181.31372        139.94388
              1       1441.5514     0.022450816       65.156334       3.0402082      0.96248332       7.4212183      0.63610927       1.0161395         0.99848       1.0002068       1.0009112      0.99604457       1.0003829      0.59532624   2.0909595e-09      0.94711666       0.7319512      0.36380557      0.80603921        49.38729       1037.0501       1528.7379      -25.827511       -27.852692          2.0251815       2934.7578                 23.130599                  395.8524                                609.65118                      8.4159622                1.9750425             0.21262697                            47.19962                  1528.7379        180.2596        139.32288
              1       1442.3274      0.02244837       65.103747       3.0401943        0.962799        7.430262      0.63590535       1.0157193      0.99883654      0.99945946         1.00627      0.99633007       0.9979275      0.59403638   2.0909305e-09      0.94703697      0.73146869      0.36400935      0.80573343       49.762003       1036.6104       1529.7646      -25.923517       -27.930123           2.006606       2936.5019                 22.994691                  395.8435                                609.23117                       8.541024                1.9894328             0.21884696                           47.553723                  1529.7646        180.6414        139.72354
              1       1442.4948      0.02244837       65.103747       3.0401943        0.962799        7.430262      0.63590535       1.0157193      0.99883654       1.0005585       1.0012243      0.99493204      0.99728029      0.59403638   2.0909305e-09      0.94703697      0.73146869      0.36400935      0.80573343       49.762003       1036.6104       1529.7646      -25.590111       -27.596717           2.006606       2936.1699                 22.994691                  395.8435                                609.23117                       8.541024                1.9894328             0.21884696                           47.553723                  1529.7646       179.92361        140.10928
              1         1441.65      0.02244837       65.103747       3.0401943        0.962799        7.430262      0.63590535       1.0157193      0.99936452      0.99943613       1.0057364      0.99699229      0.99938975      0.59403638   2.0909305e-09      0.94703697      0.73146869      0.36400935      0.80573343       49.762003       1036.6373       1529.7646      -26.144855       -28.151461           2.006606       2935.5897                 22.918109                 395.83114                                609.20319                      8.6848594                1.9894328             0.21884696                           47.553723                  1529.7646       180.01175        139.41405
              1        1442.286      0.02244837       65.103747       3.0401943        0.962799        7.430262      0.63590535       1.0157193       0.9998857       1.0007171       1.0008004       0.9969238      0.99931645      0.59403638   2.0909305e-09      0.94703697      0.73146869      0.36400935      0.80573343       49.762003        1037.618       1529.7646      -26.153982       -28.160588           2.006606       2936.8799                 22.843491                  395.8464                                610.08581                      8.8422713                1.9894328             0.21884696                           47.553723                  1529.7646       180.32683        139.40852
              1       1443.7024      0.02244837       65.103747       3.0401943        0.962799        7.430262      0.63590535       1.0157193       0.9998857      0.99791039       1.0018852       1.0007732       1.0043916      0.59403638   2.0909305e-09      0.94703697      0.73146869      0.36400935      0.80573343       49.762003        1037.618       1529.7646      -25.981809       -27.988415           2.006606       2939.3684                 22.843491                  395.8464                                610.08581                      8.8422713                1.9894328             0.21884696                           47.553723                  1529.7646       178.75151        143.47229
              1       1442.7558      0.02244837       65.103747       3.0401943        0.962799        7.430262      0.63590535       1.0157193      0.99980836      0.99751795       1.0026398      0.99911732       1.0039411      0.59403638   2.0909305e-09      0.94703697      0.73146869      0.36400935      0.80573343       49.762003       1037.4167       1529.7646      -25.911257       -27.917863           2.006606        2937.334                 22.854509                  395.8464                                609.89786                      8.8179466                1.9894328             0.21884696                           47.553723                  1529.7646       178.81891        141.57182
              1       1443.7669      0.02244837       65.103747       3.0401943        0.962799        7.430262      0.63590535       1.0157193      0.99812659      0.99993172        1.002791      0.99503741      0.99516948      0.59403638   2.0909305e-09      0.94703697      0.73146869      0.36400935      0.80573343       49.762003       1038.0574       1529.7646      -25.310142       -27.316748           2.006606        2938.154                 23.099071                 395.84627                                610.73956                      8.3725457                1.9894328             0.21884696                           47.553723                  1529.7646       178.91786        141.65216
              1       1442.1888      0.02244837       65.103747       3.0401943        0.962799        7.430262      0.63590535       1.0157193      0.99812659      0.99847071       1.0031795      0.99516544      0.99863608      0.59403638   2.0909305e-09      0.94703697      0.73146869      0.36400935      0.80573343       49.762003       1038.0574       1529.7646      -25.414726       -27.421332           2.006606        2935.207                 23.099071                 395.84627                                610.73956                      8.3725457                1.9894328             0.21884696                           47.553723                  1529.7646       178.12013        139.50288
              1       1442.4715      0.02244837       65.103747       3.0401943        0.962799        7.430262      0.63590535       1.0157193      0.99949175      0.99924698       1.0017018      0.99305287       1.0011566      0.59403638   2.0909305e-09      0.94703697      0.73146869      0.36400935      0.80573343       49.762003       1036.7882       1529.7646      -25.160905       -27.167511           2.006606       2935.2649                 22.899806                 395.83114                                609.33539                      8.7218762                1.9894328             0.21884696                           47.553723                  1529.7646       178.48683        140.46326
              1       1443.0044      0.02244837       65.103747       3.0401943        0.962799        7.430262      0.63590535       1.0157193      0.99949175       1.0000606       0.9979727      0.99599155      0.99895946      0.59403638   2.0909305e-09      0.94703697      0.73146869      0.36400935      0.80573343       49.762003       1036.7882       1529.7646      -25.993097       -27.999703           2.006606        2937.995                 22.899806                 395.83114                                609.33539                      8.7218762                1.9894328             0.21884696                           47.553723                  1529.7646       182.33044        139.34981
              1       1442.8524      0.02244837       65.103747       3.0401943        0.962799        7.430262      0.63590535       1.0157193      0.99949175       1.0000606       0.9979727      0.99641419       1.0002233      0.59403638   2.0909305e-09      0.94703697      0.73146869      0.36400935      0.80573343       49.762003       1036.7882       1529.7646      -26.082472       -28.089078           2.006606       2937.8697                 22.899806                 395.83114                                609.33539                      8.7218762                1.9894328             0.21884696                           47.553723                  1529.7646       182.33044        139.22452
              1       1441.8013      0.02244837       65.103747       3.0401943        0.962799        7.430262      0.63590535       1.0157193      0.99949175       1.0007381       1.0017468      0.99743791      0.99938609      0.59403638   2.0909305e-09      0.94703697      0.73146869      0.36400935      0.80573343       49.762003       1036.7882       1529.7646      -26.205413       -28.212019           2.006606       2936.0134                 22.899806                 395.83114                                609.33539                      8.7218762                1.9894328             0.21884696                           47.553723                  1529.7646         180.133        139.56561
              1       1441.2688      0.02242362       65.091599       3.0392589      0.96274856       7.4110773      0.63747016       1.0140426      0.99945379      0.99743772       1.0051862      0.99446002      0.99929036      0.56884552   2.0889756e-09      0.94707561      0.73280998      0.36244451      0.80547398        47.21033       1034.7712       1529.9197      -25.432895       -27.274757          1.8418624       2933.4035                  22.88248                 395.82989                                607.02973                      9.0290692                1.8813374              0.1739824                            45.15501                  1529.9197       180.97456        140.52765
              1       1441.2208      0.02242362       65.091599       3.0392589      0.96274856       7.4110773      0.63747016       1.0140426      0.99939983      0.99743755       1.0051919      0.99445838      0.99928538      0.56884552   2.0889756e-09      0.94707561      0.73280998      0.36244451      0.80547398        47.21033       1034.6604       1529.9197       -25.42738       -27.269242          1.8418624       2933.2964                 22.890202                 395.82989                                606.93018                      9.0100825                1.8813374              0.1739824                            45.15501                  1529.9197       180.97739        140.52861
              1       1440.9477      0.02242362       65.091599       3.0392589      0.96274856       7.4110773      0.63747016       1.0140426      0.99939983      0.99740066       1.0056313      0.99590114       1.0005356      0.56884552   2.0889756e-09      0.94707561      0.73280998      0.36244451      0.80547398        47.21033       1034.6604       1529.9197      -25.763878        -27.60574          1.8418624       2933.4232                 22.890202                 395.82989                                606.93018                      9.0100825                1.8813374              0.1739824                            45.15501                  1529.9197       181.23544        140.39735
              1       1441.3246      0.02242362       65.091599       3.0392589      0.96274856       7.4110773      0.63747016       1.0140426      0.99939983      0.99740066       1.0056313      0.99468594      0.99873729      0.56884552   2.0889756e-09      0.94707561      0.73280998      0.36244451      0.80547398        47.21033       1034.6604       1529.9197      -25.467816       -27.309678          1.8418624       2933.5848                 22.890202                 395.82989                                606.93018                      9.0100825                1.8813374              0.1739824                            45.15501                  1529.9197       181.23544        140.55891
              1       1443.7653      0.02242362       65.091599       3.0392589      0.96274856       7.4110773      0.63747016       1.0140426      0.99941488       1.0004851       1.0061536        0.995226      0.99611475      0.56884552   2.0889756e-09      0.94707561      0.73280998      0.36244451      0.80547398        47.21033       1034.6903       1529.9197      -25.838938         -27.6808          1.8418624       2939.2084                 22.888047                 395.82989                                606.95698                      9.0153616                1.8813374              0.1739824                            45.15501                  1529.9197        185.6825        141.70557
              1       1443.6601     0.022377131       64.809277       3.0468861      0.96783566       7.8856873      0.64023759       1.0086185       1.0000967        1.001278       1.0042174       1.0020454       1.0054601      0.52046171   2.1049696e-09      0.94672419      0.73507487      0.35967634      0.80487211       43.557402       1035.7388       1535.4252      -26.398295        -27.95205          1.5537549       2940.1169                 21.935314                 396.45133                                607.86577                      9.4864082                1.7187734             0.11431705                           41.724312                  1535.4252       179.11981        146.27562
              1       1444.6948     0.022377131       64.809277       3.0468861      0.96783566       7.8856873      0.64023759       1.0086185        1.000712      0.99860167       1.0020233       0.9999098      0.99434633      0.52046171   2.1049696e-09      0.94672419      0.73507487      0.35967634      0.80487211       43.557402       1037.4291       1535.4252      -26.423789       -27.977544          1.5537549       2942.2372                 21.862201                 396.45524                                609.35188                      9.7597746                1.7187734             0.11431705                           41.724312                  1535.4252       178.03294        147.79256
              1       1445.0359     0.022377131       64.809277       3.0468861      0.96783566       7.8856873      0.64023759       1.0086185       1.0005803      0.99860125       1.0020371       1.0034807      0.99750059      0.52046171   2.1049696e-09      0.94672419      0.73507487      0.35967634      0.80487211       43.557402       1036.9552       1535.4252      -26.380346       -27.934101          1.5537549       2942.8324                  21.87776                 396.44957                                608.92839                      9.6994878                1.7187734             0.11431705                           41.724312                  1535.4252       178.02559          148.869
              1       1440.9707     0.022377131       64.809277       3.0468861      0.96783566       7.8856873      0.64023759       1.0086185      0.99994482      0.99859924       1.0021034      0.99997157       1.0017398      0.52046171   2.1049696e-09      0.94672419      0.73507487      0.35967634      0.80487211       43.557402       1035.5192       1535.4252      -26.737656       -28.291411          1.5537549       2935.4166                 21.953512                 396.45133                                607.69216                      9.4221954                1.7187734             0.11431705                           41.724312                  1535.4252       177.99103        142.92381
              1       1441.2464     0.022377131       64.809277       3.0468861      0.96783566       7.8856873      0.64023759       1.0086185       0.9994165       1.0002631       1.0004465      0.99551051       1.0025872      0.52046171   2.1049696e-09      0.94672419      0.73507487      0.35967634      0.80487211       43.557402       1035.3619       1535.4252      -26.281271       -27.835026          1.5537549       2935.0554                 22.017316                 396.44946                                607.68628                      9.2088773                1.7187734             0.11431705                           41.724312                  1535.4252       178.35539        142.35544
              1       1440.5867     0.022377131       64.809277       3.0468861      0.96783566       7.8856873      0.64023759       1.0086185      0.99999168      0.99974084        1.002697      0.99583369       1.0023862      0.52046171   2.1049696e-09      0.94672419      0.73507487      0.35967634      0.80487211       43.557402       1035.5787       1535.4252      -26.387454       -27.941208          1.5537549       2933.9483                  21.94789                 396.45133                                607.73756                      9.4418721                1.7187734             0.11431705                           41.724312                  1535.4252       177.20703        142.18005
              1       1446.0025     0.022377131       64.809277       3.0468861      0.96783566       7.8856873      0.64023759       1.0086185      0.99999168      0.99974084        1.002697      0.99665943      0.99103469      0.52046171   2.1049696e-09      0.94672419      0.73507487      0.35967634      0.80487211       43.557402       1035.5787       1535.4252      -25.834674       -27.388429          1.5537549       2943.6743                  21.94789                 396.45133                                607.73756                      9.4418721                1.7187734             0.11431705                           41.724312                  1535.4252       177.20703        151.90596
              1       1441.6954     0.022377131       64.809277       3.0468861      0.96783566       7.8856873      0.64023759       1.0086185      0.99999168      0.99862164       1.0007848      0.99680504      0.99809488      0.52046171   2.1049696e-09      0.94672419      0.73507487      0.35967634      0.80487211       43.557402       1035.5787       1535.4252      -26.482504       -28.036259          1.5537549       2936.3558                  21.94789                 396.45133                                607.73756                      9.4418721                1.7187734             0.11431705                           41.724312                  1535.4252       178.97932        142.81525
              1       1441.7091     0.022377131       64.809277       3.0468861      0.96783566       7.8856873      0.64023759       1.0086185      0.99948323       1.0015213        1.000183      0.99576976        1.001373      0.52046171   2.1049696e-09      0.94672419      0.73507487      0.35967634      0.80487211       43.557402       1035.3299       1535.4252      -26.263977       -27.817732          1.5537549       2935.9461                 22.009216                  396.4501                                607.63567                      9.2349536                1.7187734             0.11431705                           41.724312                  1535.4252       179.55547        142.07814
              1       1441.3489     0.022377131       64.809277       3.0468861      0.96783566       7.8856873      0.64023759       1.0086185      0.99948323      0.99980512       1.0001178      0.99527343       1.0010703      0.52046171   2.1049696e-09      0.94672419      0.73507487      0.35967634      0.80487211       43.557402       1035.3299       1535.4252      -26.287175        -27.84093          1.5537549       2935.2722                 22.009216                  396.4501                                607.63567                      9.2349536                1.7187734             0.11431705                           41.724312                  1535.4252        178.6768        142.28288
              1       1441.3372     0.022377131       64.809277       3.0468861      0.96783566       7.8856873      0.64023759       1.0086185      0.99948323      0.99976816       1.0001527      0.99527502         1.00107      0.52046171   2.1049696e-09      0.94672419      0.73507487      0.35967634      0.80487211       43.557402       1035.3299       1535.4252      -26.286678       -27.840433          1.5537549       2935.2478                 22.009216                  396.4501                                607.63567                      9.2349536                1.7187734             0.11431705                           41.724312                  1535.4252       178.65317        142.28214
              1       1440.0797     0.022377131       64.809277       3.0468861      0.96783566       7.8856873      0.64023759       1.0086185      0.99948323      0.99929325       1.0024582      0.99786471       1.0010479      0.52046171   2.1049696e-09      0.94672419      0.73507487      0.35967634      0.80487211       43.557402       1035.3299       1535.4252      -26.702979       -28.256734          1.5537549       2933.5654                 22.009216                  396.4501                                607.63567                      9.2349536                1.7187734             0.11431705                           41.724312                  1535.4252       177.31978        141.93304
              1       1441.5318      0.02239647        65.12358         3.05361      0.96571256       7.9362741       0.6417802       1.0102709       1.0011809      0.99967053       1.0013317      0.99907388       1.0021541      0.49297029   2.1191709e-09       0.9471916      0.74630216      0.35813455      0.81541216       40.289367       1038.2257       1529.1471      -26.579231       -28.246563          1.6673315       2936.2221                 22.581411                 396.63073                                610.81852                      8.1950194                1.6177241            0.082375015                           38.589268                  1529.1471       184.56311        143.99686
              1       1437.4094     0.022397446       64.959033       3.0578609      0.96397229       8.0292707      0.63982888       1.0106071       1.0037103       1.0009084       1.0031075      0.99871055       1.0046631      0.52259807   2.1281985e-09      0.94692141      0.74159683      0.36008544      0.81247502       43.545217       1030.2666       1532.4316      -25.362106       -27.035202          1.6730959       2925.5431                 22.751218                  396.8853                                602.33373                      8.2963334                1.7464238             0.12375795                           41.675035                  1532.4316       177.91292        141.38676
              1       1439.1081     0.022397446       64.959033       3.0578609      0.96397229       8.0292707      0.63982888       1.0106071       1.0019223       1.0009028       1.0032943      0.99658755      0.99728904      0.52259807   2.1281985e-09      0.94692141      0.74159683      0.36008544      0.81247502       43.545217       1030.2785       1532.4316      -26.056983       -27.730078          1.6730959       2930.3302                 23.004918                 396.90213                                602.38098                      7.9904962                1.7464238             0.12375795                           41.675035                  1532.4316       177.86949         146.2054
              1        1436.667     0.022397446       64.959033       3.0578609      0.96397229       8.0292707      0.63982888       1.0106071       1.0019009       1.0009027       1.0032965       1.0002371       1.0014331      0.52259807   2.1281985e-09      0.94692141      0.74159683      0.36008544      0.81247502       43.545217       1030.3439       1532.4316      -26.401042       -28.074138          1.6730959       2926.1361                 23.008012                 396.90213                                602.44579                      7.9879307                1.7464238             0.12375795                           41.675035                  1532.4316       177.86905         141.9464
