#        weight    minuslogpost         omega_b              H0            logA             n_s          z_reio    dcdf_rho_inf      varying_me        A_planck           A_act           P_act            Tcal            Ecal          m_ncdm             A_s     Omega0_dcdf          sigma8         Omega_m              S8       chi2__BAO       chi2__CMB        chi2__SN   minuslogprior minuslogprior__0 minuslogprior__bbn            chi2 chi2__planck_2018_lowl.TT chi2__planck_2018_lowl.EE chi2__planck_2018_highl_plik.TTTEEE_lite chi2__planck_2018_lensing.clik chi2__bao.sixdf_2011_bao chi2__bao.sdss_dr7_mgs chi2__bao.sdss_dr12_consensus_final chi2__sn.pantheonplusshoes   chi2__act_dr6 chi2__spt3g_lite
              1        1532.346     0.022937848       69.644211       3.0684995      0.96341961        8.494824      0.70128982       1.0166895       1.0044254       1.0013863        1.002665       0.9993254       1.0023819      0.17631899   2.1509602e-09      0.95270855      0.79816933      0.29863561      0.79635224       8.0336001       1167.8642       1473.3751      -20.066481       -26.690857          6.6243759       3104.8251                 24.291085                 398.69454                                736.90191                      7.9766704             0.0080389567              2.0037169                           6.0218442                  1473.3751       304.66385        150.88835
              1       1533.8626     0.023020533       70.143687       3.0758324      0.96477654       8.9479507      0.70551714       1.0185858       1.0046099       1.0000919       1.0038423       0.9973291      0.99835209      0.19008124    2.166791e-09       0.9532116      0.79842354      0.29440935      0.79094904       8.8286967        1169.017       1470.4732      -18.902927       -26.526172          7.6232451        3105.531                 24.063427                 400.97384                                735.84266                      8.1371048              0.043464877              2.3918748                           6.3933571                  1470.4732       303.44272        153.76938
              1       1532.5704     0.023020533       70.143687       3.0758324      0.96477654       8.9479507      0.70551714       1.0185858       1.0045527       1.0000917       1.0038483        1.000853       1.0044018      0.19008124    2.166791e-09       0.9532116      0.79842354      0.29440935      0.79094904       8.8286967       1169.0701       1470.4732      -18.946065        -26.56931          7.6232451        3103.033                 24.072868                 400.98741                                735.88387                      8.1259993              0.043464877              2.3918748                           6.3933571                  1470.4732       303.44031        151.22064
              1       1532.3318     0.023020533       70.143687       3.0758324      0.96477654       8.9479507      0.70551714       1.0185858       1.0045527       1.0000917       1.0038483       1.0000821       1.0045263      0.19008124    2.166791e-09       0.9532116      0.79842354      0.29440935      0.79094904       8.8286967       1169.0701       1470.4732      -18.953427       -26.576672          7.6232451       3102.5705                 24.072868                 400.98741                                735.88387                      8.1259993              0.043464877              2.3918748                           6.3933571                  1470.4732       303.44031         150.7581
              1        1531.369     0.023022081       70.118269        3.074795      0.96471096        8.864527      0.70510547       1.0186083       1.0047772       1.0023244       0.9992729      0.99745862       1.0074147      0.19227841   2.1645444e-09      0.95317452      0.79778548      0.29482097      0.79086924        8.732132       1165.5036       1470.5456       -17.98015       -25.623109           7.642959       3098.6982                 24.057475                 400.52083                                732.78243                      8.1429127               0.03903078              2.3555347                           6.3375665                  1470.5456        303.1561        150.76076
              1       1529.0072     0.023022081       70.118269        3.074795      0.96471096        8.864527      0.70510547       1.0186083       1.0047772       1.0005841       1.0052133       0.9998542       1.0069656      0.19227841   2.1645444e-09      0.95317452      0.79778548      0.29482097      0.79086924        8.732132       1165.5036       1470.5456      -18.482109       -26.125068           7.642959       3094.9786                 24.057475                 400.52083                                732.78243                      8.1429127               0.03903078              2.3555347                           6.3375665                  1470.5456        299.6452        150.55206
              1       1529.5813     0.023022081       70.118269        3.074795      0.96471096        8.864527      0.70510547       1.0186083       1.0041309       1.0005821       1.0052808      0.99923049       1.0080408      0.19227841   2.1645444e-09      0.95317452      0.79778548      0.29482097      0.79086924        8.732132       1166.8475       1470.5456      -18.776061        -26.41902           7.642959       3096.7147                 24.164692                 400.52451                                734.13114                      8.0271561               0.03903078              2.3555347                           6.3375665                  1470.5456       299.65228        150.93721
              1       1529.3184     0.023022081       70.118269        3.074795      0.96471096        8.864527      0.70510547       1.0186083       1.0041309       1.0005821       1.0052808      0.99887586       1.0074062      0.19227841   2.1645444e-09      0.95317452      0.79778548      0.29482097      0.79086924        8.732132       1166.8475       1470.5456       -18.85214       -26.495099           7.642959       3096.3412                 24.164692                 400.52451                                734.13114                      8.0271561               0.03903078              2.3555347                           6.3375665                  1470.5456       299.65228        150.56366
              2       1511.4268     0.023030579       69.427151       3.0909291      0.96349448       9.7203834      0.70312929       1.0101021       1.0025461       0.9999065         1.00219      0.99890098       1.0011145      0.07805581   2.1997506e-09         0.95222      0.82364238      0.29679561      0.81923179         8.63775       1156.7714       1475.8942      -19.755607       -27.868498          8.1128916       3062.3649                 25.027025                 406.46448                                716.32351                      8.9563349              0.017095152              2.1347782                           6.4858767                  1475.8942       269.70465        151.35689
              1       1514.7887     0.023030579       69.427151       3.0909291      0.96349448       9.7203834      0.70312929       1.0101021       1.0025461      0.99685119       1.0090195      0.99856489        1.002254      0.07805581   2.1997506e-09         0.95222      0.82364238      0.29679561      0.81923179         8.63775       1156.7714       1475.8942      -19.147823       -27.260714          8.1128916        3067.873                 25.027025                 406.46448                                716.32351                      8.9563349              0.017095152              2.1347782                           6.4858767                  1475.8942       275.45676        151.11288
              1        1512.875     0.023030579       69.427151       3.0909291      0.96349448       9.7203834      0.70312929       1.0101021       1.0025461      0.99731611       1.0056801      0.99513401       1.0011459      0.07805581   2.1997506e-09         0.95222      0.82364238      0.29679561      0.81923179         8.63775       1156.7714       1475.8942       -18.79795       -26.910842          8.1128916       3063.3459                 25.027025                 406.46448                                716.32351                      8.9563349              0.017095152              2.1347782                           6.4858767                  1475.8942       271.41708         150.6255
              1       1513.3519     0.023030579       69.427151       3.0909291      0.96349448       9.7203834      0.70312929       1.0101021       1.0015211      0.99731285       1.0057871      0.99858779       1.0049662      0.07805581   2.1997506e-09         0.95222      0.82364238      0.29679561      0.81923179         8.63775       1157.5717       1475.8942      -19.447392       -27.560283          8.1128916       3065.5986                  25.21477                 406.50887                                716.54691                      9.3011873              0.017095152              2.1347782                           6.4858767                  1475.8942       271.47665        152.01819
              1       1513.4085     0.023030579       69.427151       3.0909291      0.96349448       9.7203834      0.70312929       1.0101021       1.0015211      0.99731285       1.0057871       0.9996391       1.0041974      0.07805581   2.1997506e-09         0.95222      0.82364238      0.29679561      0.81923179         8.63775       1157.5717       1475.8942       -19.56027       -27.673162          8.1128916       3065.9375                  25.21477                 406.50887                                716.54691                      9.3011873              0.017095152              2.1347782                           6.4858767                  1475.8942       271.47665        152.35716
              1       1514.0671     0.023030579       69.427151       3.0909291      0.96349448       9.7203834      0.70312929       1.0101021       1.0015211       1.0015157       1.0025012      0.99702857      0.99599615      0.07805581   2.1997506e-09         0.95222      0.82364238      0.29679561      0.81923179         8.63775       1157.5717       1475.8942      -19.633059       -27.745951          8.1128916       3067.4003                  25.21477                 406.50887                                716.54691                      9.3011873              0.017095152              2.1347782                           6.4858767                  1475.8942       271.75909        153.53752
              1       1512.0549     0.023030579       69.427151       3.0909291      0.96349448       9.7203834      0.70312929       1.0101021       1.0023785      0.99886412       1.0055954      0.99545129       1.0036233      0.07805581   2.1997506e-09         0.95222      0.82364238      0.29679561      0.81923179         8.63775       1156.6808       1475.8942      -19.154805       -27.267697          8.1128916       3062.4194                 25.057503                 406.49283                                716.12184                      9.0085729              0.017095152              2.1347782                           6.4858767                  1475.8942       270.27737        150.92926
              1        1512.282     0.023030579       69.427151       3.0909291      0.96349448       9.7203834      0.70312929       1.0101021       1.0027521       0.9996274       1.0023655       1.0005276       1.0014921      0.07805581   2.1997506e-09         0.95222      0.82364238      0.29679561      0.81923179         8.63775        1157.048       1475.8942      -19.674808       -27.787699          8.1128916       3063.9136                 24.989699                 406.46554                                716.69842                       8.894364              0.017095152              2.1347782                           6.4858767                  1475.8942       269.56439        152.76918
              1       1508.0392     0.022934578       68.916502       3.1066243      0.96505199       10.380205      0.69981052       1.0069257        1.002543       1.0011131       1.0024609       1.0006377       1.0040661     0.047426913   2.2345485e-09      0.95171144        0.836186       0.3001132      0.83634375       8.6137243       1153.9967       1480.0097      -20.697186       -27.676662          6.9794764       3057.4728                 25.075074                 411.86831                                704.75757                      12.295697             0.0014209959              1.8402857                           6.7720176                  1480.0097       262.09937        152.75345
              1       1506.1953     0.022939441       69.059418       3.1061352      0.96509614       10.348944      0.70124098       1.0071174       1.0026261       1.0016031       1.0043758      0.99776296       1.0036157     0.038139661    2.233456e-09      0.95190089      0.83843006      0.29868301      0.83658769       8.8691801       1152.1902       1478.9396       -20.45365       -27.487043          7.0333926       3053.2979                 25.087523                 411.55872                                703.01058                      12.533362             0.0059918098              1.9637295                           6.8994589                  1478.9396       262.00113        151.29785
              1       1511.2612     0.022939441       69.059418       3.1061352      0.96509614       10.348944      0.70124098       1.0071174       1.0015416       1.0043148       1.0017916      0.99616593        1.001029     0.038139661    2.233456e-09      0.95190089      0.83843006      0.29868301      0.83658769       8.8691801       1155.0826       1478.9396      -19.796904       -26.830296          7.0333926       3062.1163                  25.28749                 411.63347                                704.85152                      13.310091             0.0059918098              1.9637295                           6.8994589                  1478.9396       267.61365         151.6113
              1       1508.9265     0.022939441       69.059418       3.1061352      0.96509614       10.348944      0.70124098       1.0071174       1.0029277      0.99702631       1.0055882      0.99607236      0.99972698     0.038139661    2.233456e-09      0.95190089      0.83843006      0.29868301      0.83658769       8.8691801       1152.0978       1478.9396      -19.835643       -26.869035          7.0333926       3057.5243                 25.032558                 411.54303                                703.19252                      12.329652             0.0059918098              1.9637295                           6.8994589                  1478.9396       265.48007        152.13773
              1       1510.7137     0.022939441       69.059418       3.1061352      0.96509614       10.348944      0.70124098       1.0071174       1.0026536      0.99602215       1.0040961      0.99901076      0.99946448     0.038139661    2.233456e-09      0.95190089      0.83843006      0.29868301      0.83658769       8.8691801       1152.1705       1478.9396      -19.926541       -26.959933          7.0333926       3061.2804                 25.082496                 411.55872                                703.01471                       12.51455             0.0059918098              1.9637295                           6.8994589                  1478.9396       268.86575        152.43539
              1        1513.871     0.022939441       69.059418       3.1061352      0.96509614       10.348944      0.70124098       1.0071174       1.0026536      0.99602215       1.0040961      0.99536353       1.0092411     0.038139661    2.233456e-09      0.95190089      0.83843006      0.29868301      0.83658769       8.8691801       1152.1705       1478.9396      -18.612491       -25.645883          7.0333926       3064.9669                 25.082496                 411.55872                                703.01471                       12.51455             0.0059918098              1.9637295                           6.8994589                  1478.9396       268.86575        156.12193
              1         1509.22     0.022939441       69.059418       3.1061352      0.96509614       10.348944      0.70124098       1.0071174       1.0026536      0.99936145       1.0039934      0.99524472       1.0093813     0.038139661    2.233456e-09      0.95190089      0.83843006      0.29868301      0.83658769       8.8691801       1152.1705       1478.9396      -19.416534       -26.449927          7.0333926        3057.273                 25.082496                 411.55872                                703.01471                       12.51455             0.0059918098              1.9637295                           6.8994589                  1478.9396       260.91251        156.38127
              1       1506.8979     0.022939441       69.059418       3.1061352      0.96509614       10.348944      0.70124098       1.0071174       1.0034856      0.99875978         1.00417      0.99706692       1.0044415     0.038139661    2.233456e-09      0.95190089      0.83843006      0.29868301      0.83658769       8.8691801       1152.7417       1478.9396      -19.938512       -26.971905          7.0333926       3053.6728                  24.93159                 411.52278                                704.32048                       11.96686             0.0059918098              1.9637295                           6.8994589                  1478.9396       261.55902        151.56332
              1       1506.5273     0.023054361       69.359363       3.1075509       0.9593795       10.137588      0.69670807       1.0139947       1.0037318      0.99851929       1.0043567      0.99555427       1.0029355     0.087298506   2.2366201e-09      0.95207712      0.83905943       0.3032167      0.84354578       8.5354465        1154.907       1474.7423      -18.364483       -26.621685          8.2572019       3049.7835                 26.679002                 410.01733                                703.68824                      14.522428             0.0016522954              1.6046228                           6.9291713                  1474.7423       260.22308        151.37567
              1       1506.0066     0.023054361       69.359363       3.1075509       0.9593795       10.137588      0.69670807       1.0139947       1.0037318      0.99851929       1.0043567       0.9979707       1.0004349     0.087298506   2.2366201e-09      0.95207712      0.83905943       0.3032167      0.84354578       8.5354465        1154.907       1474.7423      -18.832272       -27.089474          8.2572019       3049.6778                 26.679002                 410.01733                                703.68824                      14.522428             0.0016522954              1.6046228                           6.9291713                  1474.7423       260.22308        151.26994
              1       1507.6194     0.023054361       69.359363       3.1075509       0.9593795       10.137588      0.69670807       1.0139947       1.0040532       1.0026002      0.99930816      0.99859811       1.0049125     0.087298506   2.2366201e-09      0.95207712      0.83905943       0.3032167      0.84354578       8.5354465       1155.2041       1474.7423        -18.2052       -26.462402          8.2572019       3051.6493                 26.612901                  410.0267                                704.30527                      14.259194             0.0016522954              1.6046228                           6.9291713                  1474.7423       261.84341        151.32402
              1       1508.2195     0.023054361       69.359363       3.1075509       0.9593795       10.137588      0.69670807       1.0139947       1.0040532      0.99891349       1.0033952       1.0034133       1.0017009     0.087298506   2.2366201e-09      0.95207712      0.83905943       0.3032167      0.84354578       8.5354465       1155.2041       1474.7423      -18.475957       -26.733159          8.2572019       3053.3909                 26.612901                  410.0267                                704.30527                      14.259194             0.0016522954              1.6046228                           6.9291713                  1474.7423       259.62036        155.28868
              1       1505.6911     0.023054361       69.359363       3.1075509       0.9593795       10.137588      0.69670807       1.0139947       1.0033044      0.99891111       1.0034734       1.0002845       1.0017498     0.087298506   2.2366201e-09      0.95207712      0.83905943       0.3032167      0.84354578       8.5354465       1155.0799       1474.7423      -19.201759       -27.458961          8.2572019       3049.7857                 26.767407                  410.0354                                703.39506                      14.881988             0.0016522954              1.6046228                           6.9291713                  1474.7423       259.61539        151.81273
              1       1505.7698     0.023054361       69.359363       3.1075509       0.9593795       10.137588      0.69670807       1.0139947       1.0033044      0.99874113       1.0042894       1.0001141       1.0020056     0.087298506   2.2366201e-09      0.95207712      0.83905943       0.3032167      0.84354578       8.5354465       1155.0799       1474.7423      -19.172187       -27.429389          8.2572019        3049.884                 26.767407                  410.0354                                703.39506                      14.881988             0.0016522954              1.6046228                           6.9291713                  1474.7423       259.87833        151.64804
              1       1505.1092     0.023054361       69.359363       3.1075509       0.9593795       10.137588      0.69670807       1.0139947       1.0033044      0.99977001       1.0043127      0.99880493         1.00056     0.087298506   2.2366201e-09      0.95207712      0.83905943       0.3032167      0.84354578       8.5354465       1155.0799       1474.7423      -19.257278        -27.51448          8.2572019       3048.7329                 26.767407                  410.0354                                703.39506                      14.881988             0.0016522954              1.6046228                           6.9291713                  1474.7423       258.96393        151.41132
              1       1505.5338     0.023054361       69.359363       3.1075509       0.9593795       10.137588      0.69670807       1.0139947       1.0033044       1.0010445       1.0038883      0.99630549       1.0003939     0.087298506   2.2366201e-09      0.95207712      0.83905943       0.3032167      0.84354578       8.5354465       1155.0799       1474.7423      -18.898002       -27.155204          8.2572019       3048.8635                 26.767407                  410.0354                                703.39506                      14.881988             0.0016522954              1.6046228                           6.9291713                  1474.7423       259.05731        151.44858
              1       1507.2137     0.023054361       69.359363       3.1075509       0.9593795       10.137588      0.69670807       1.0139947       1.0033044       1.0003384       1.0053707      0.99369556        1.003196     0.087298506   2.2366201e-09      0.95207712      0.83905943       0.3032167      0.84354578       8.5354465       1155.0799       1474.7423       -18.20985       -26.467052          8.2572019       3050.8471                 26.767407                  410.0354                                703.39506                      14.881988             0.0016522954              1.6046228                           6.9291713                  1474.7423       259.56229        152.92717
              1       1505.5468     0.023054361       69.359363       3.1075509       0.9593795       10.137588      0.69670807       1.0139947       1.0034342       1.0003388       1.0053571      0.99664318       1.0009437     0.087298506   2.2366201e-09      0.95207712      0.83905943       0.3032167      0.84354578       8.5354465        1154.973       1474.7423      -18.934321       -27.191522          8.2572019       3048.9622                 26.740491                 410.04055                                703.42032                      14.771604             0.0016522954              1.6046228                           6.9291713                  1474.7423       259.55161         151.1599
              1       1496.3701      0.02326916       70.191485        3.111897      0.95634178       10.081533      0.69558706       1.0236254       1.0039431        1.000088        1.005149      0.99826219        1.001534      0.16180935   2.2463618e-09      0.95277066       0.8382455      0.30433953      0.84428638       8.4393513       1152.3528       1467.4201      -16.074693       -27.087898          11.013205       3024.8896                 27.972126                 409.64747                                698.23151                       16.50174             0.0038351654              1.5431746                           6.8923415                  1467.4201       246.79823        149.87903
              1       1498.1439      0.02326916       70.191485        3.111897      0.95634178       10.081533      0.69558706       1.0236254        1.003603      0.99862036       1.0012175      0.99702796       1.0044434      0.16180935   2.2463618e-09      0.95277066       0.8382455      0.30433953      0.84428638       8.4393513       1152.7146       1467.4201      -15.865968       -26.879173          11.013205       3028.0198                 28.048283                 409.68687                                698.14768                      16.831818             0.0038351654              1.5431746                           6.8923415                  1467.4201       249.34929        150.09639
              1        1495.077     0.023170343       70.238801       3.1031264      0.95382917       9.4387791      0.69941012       1.0192656       1.0070851      0.99929069       1.0011618       1.0030865       1.0010136     0.051074765   2.2267459e-09      0.95303457       0.8571883      0.30051645      0.85792581       9.6180367       1144.3583       1468.0139      -14.446373       -24.139468          9.6930952       3019.0467                 28.359752                 404.90953                                 690.9343                      20.154689             0.0017082032                1.85313                           7.7631986                  1468.0139       244.41446        152.64204
              1       1490.1837     0.023170343       70.238801       3.1031264      0.95382917       9.4387791      0.69941012       1.0192656       1.0059622       1.0011605       1.0059513       1.0014261       1.0063414     0.051074765   2.2267459e-09      0.95303457       0.8571883      0.30051645      0.85792581       9.6180367       1143.0899       1468.0139      -15.386707       -25.079802          9.6930952       3011.1407                 28.616587                 404.94996                                688.08292                      21.440447             0.0017082032                1.85313                           7.7631986                  1468.0139       240.07259        150.34627
              1       1491.8979     0.023214828       70.441276       3.0911167      0.95548623        8.902061      0.70158666       1.0186517       1.0049679        1.002223       1.0014681       1.0051973       1.0013197    0.0053814112   2.2001633e-09      0.95321453      0.86307412      0.29833904      0.86068158       10.319098       1144.7877        1467.128      -15.106057       -25.493963          10.387905       3014.0078                 27.871264                 401.40428                                693.16849                      22.343648             0.0088174046              2.0167444                           8.2935361                   1467.128       236.48697        155.28607
              1       1492.1601     0.023214828       70.441276       3.0911167      0.95548623        8.902061      0.70158666       1.0186517       1.0049893       1.0041041       1.0014894       1.0044354       1.0047685    0.0053814112   2.2001633e-09      0.95321453      0.86307412      0.29833904      0.86068158       10.319098        1144.753        1467.128      -14.411169       -24.799074          10.387905       3013.1424                 27.866523                 401.40428                                693.16442                      22.317759             0.0088174046              2.0167444                           8.2935361                   1467.128       237.71152        153.23083
              1       1492.5971     0.023214828       70.441276       3.0911167      0.95548623        8.902061      0.70158666       1.0186517       1.0049893       1.0028112       1.0060164      0.99494547       1.0044708    0.0053814112   2.2001633e-09      0.95321453      0.86307412      0.29833904      0.86068158       10.319098        1144.753        1467.128      -14.788197       -25.176103          10.387905       3014.7706                 27.866523                 401.40428                                693.16442                      22.317759             0.0088174046              2.0167444                           8.2935361                   1467.128       238.94061         153.6299
              1       1491.4258     0.023214828       70.441276       3.0911167      0.95548623        8.902061      0.70158666       1.0186517       1.0049893       1.0036906       1.0058507      0.99827737       1.0038353    0.0053814112   2.2001633e-09      0.95321453      0.86307412      0.29833904      0.86068158       10.319098        1144.753        1467.128      -15.080531       -25.468436          10.387905       3013.0127                 27.866523                 401.40428                                693.16442                      22.317759             0.0088174046              2.0167444                           8.2935361                   1467.128        240.0448        150.76778
              1       1493.1593     0.023214828       70.441276       3.0911167      0.95548623        8.902061      0.70158666       1.0186517       1.0051706       1.0035262       1.0066889      0.99615763       1.0009797    0.0053814112   2.2001633e-09      0.95321453      0.86307412      0.29833904      0.86068158       10.319098       1144.5207        1467.128      -14.836622       -25.224528          10.387905       3015.9919                 27.826412                 401.40428                                693.19054                      22.099511             0.0088174046              2.0167444                           8.2935361                   1467.128       241.00308        153.02092
              1        1491.312     0.023214828       70.441276       3.0911167      0.95548623        8.902061      0.70158666       1.0186517       1.0051706       1.0006149       1.0058096      0.99625344       1.0008225    0.0053814112   2.2001633e-09      0.95321453      0.86307412      0.29833904      0.86068158       10.319098       1144.5207        1467.128      -15.527103       -25.915009          10.387905       3013.6781                 27.826412                 401.40428                                693.19054                      22.099511             0.0088174046              2.0167444                           8.2935361                   1467.128       238.68721        153.02309
              1       1492.4554     0.023214828       70.441276       3.0911167      0.95548623        8.902061      0.70158666       1.0186517       1.0051706       1.0033997       1.0039776      0.99627303       1.0083351    0.0053814112   2.2001633e-09      0.95321453      0.86307412      0.29833904      0.86068158       10.319098       1144.5207        1467.128       -14.25881       -24.646715          10.387905       3013.4284                 27.826412                 401.40428                                693.19054                      22.099511             0.0088174046              2.0167444                           8.2935361                   1467.128        237.5921        153.86841
              1       1492.1276     0.023214828       70.441276       3.0911167      0.95548623        8.902061      0.70158666       1.0186517       1.0051706      0.99933061       1.0034168      0.99935051       1.0086341    0.0053814112   2.2001633e-09      0.95321453      0.86307412      0.29833904      0.86068158       10.319098       1144.5207        1467.128      -15.162057       -25.549962          10.387905       3014.5793                 27.826412                 401.40428                                693.19054                      22.099511             0.0088174046              2.0167444                           8.2935361                   1467.128       240.34897        152.26251
              1       1491.6204     0.023214828       70.441276       3.0911167      0.95548623        8.902061      0.70158666       1.0186517       1.0060679      0.99959109       1.0049653      0.99853546       1.0044887    0.0053814112   2.2001633e-09      0.95321453      0.86307412      0.29833904      0.86068158       10.319098       1144.9439        1467.128      -14.842739       -25.230644          10.387905       3012.9263                 27.629485                  401.3565                                694.91008                      21.047883             0.0088174046              2.0167444                           8.2935361                   1467.128       239.85809        150.67712
              1       1490.8997     0.023214828       70.441276       3.0911167      0.95548623        8.902061      0.70158666       1.0186517       1.0060679       1.0002659       1.0029864       1.0016347       1.0041879    0.0053814112   2.2001633e-09      0.95321453      0.86307412      0.29833904      0.86068158       10.319098       1144.9439        1467.128      -14.859707       -25.247612          10.387905       3011.5189                 27.629485                  401.3565                                694.91008                      21.047883             0.0088174046              2.0167444                           8.2935361                   1467.128       238.23039        150.89746
              1       1494.7316     0.023214828       70.441276       3.0911167      0.95548623        8.902061      0.70158666       1.0186517       1.0060679       1.0009757        1.005659      0.99316267       1.0023308    0.0053814112   2.2001633e-09      0.95321453      0.86307412      0.29833904      0.86068158       10.319098       1144.9439        1467.128      -13.832101       -24.220006          10.387905       3017.1275                 27.629485                  401.3565                                694.91008                      21.047883             0.0088174046              2.0167444                           8.2935361                   1467.128       238.22752         156.5089
              1       1494.5363     0.023214828       70.441276       3.0911167      0.95548623        8.902061      0.70158666       1.0186517       1.0037632       1.0004865       1.0006461      0.99514398      0.99864564    0.0053814112   2.2001633e-09      0.95321453      0.86307412      0.29833904      0.86068158       10.319098       1149.2704        1467.128      -16.293144       -26.681049          10.387905       3021.6589                 28.140416                 401.44192                                695.84235                      23.845763             0.0088174046              2.0167444                           8.2935361                   1467.128       239.08011        155.86128
              1       1492.5627     0.023214828       70.441276       3.0911167      0.95548623        8.902061      0.70158666       1.0186517       1.0037632       1.0006702       1.0075735      0.99895406       1.0011107    0.0053814112   2.2001633e-09      0.95321453      0.86307412      0.29833904      0.86068158       10.319098       1149.2704        1467.128      -16.844734        -27.23264          10.387905       3018.8149                 28.140416                 401.44192                                695.84235                      23.845763             0.0088174046              2.0167444                           8.2935361                   1467.128       240.67509        151.42224
              1       1494.0781     0.023214828       70.441276       3.0911167      0.95548623        8.902061      0.70158666       1.0186517       1.0037632       1.0006702       1.0075735      0.99536758       1.0019764    0.0053814112   2.2001633e-09      0.95321453      0.86307412      0.29833904      0.86068158       10.319098       1149.2704        1467.128      -16.314362       -26.702268          10.387905        3020.785                 28.140416                 401.44192                                695.84235                      23.845763             0.0088174046              2.0167444                           8.2935361                   1467.128       240.67509         153.3923
              1       1491.7723     0.023214828       70.441276       3.0911167      0.95548623        8.902061      0.70158666       1.0186517       1.0037632       1.0003629       1.0040481       1.0012803       1.0000821    0.0053814112   2.2001633e-09      0.95321453      0.86307412      0.29833904      0.86068158       10.319098       1149.2704        1467.128      -16.860457       -27.248362          10.387905       3017.2656                 28.140416                 401.44192                                695.84235                      23.845763             0.0088174046              2.0167444                           8.2935361                   1467.128       238.08418        152.46387
              1       1490.2465     0.023214828       70.441276       3.0911167      0.95548623        8.902061      0.70158666       1.0186517       1.0052786       1.0003677       1.0038899      0.99760676       1.0055936    0.0053814112   2.2001633e-09      0.95321453      0.86307412      0.29833904      0.86068158       10.319098       1144.4249        1467.128      -15.366742       -25.754647          10.387905       3011.2265                 27.802548                 401.39447                                 693.2576                      21.970324             0.0088174046              2.0167444                           8.2935361                   1467.128       238.04643        151.30803
              1       1491.4135     0.023214828       70.441276       3.0911167      0.95548623        8.902061      0.70158666       1.0186517       1.0054694       1.0032216       1.0064228      0.99976318       1.0053588    0.0053814112   2.2001633e-09      0.95321453      0.86307412      0.29833904      0.86068158       10.319098       1144.3516        1467.128      -14.798627       -25.186533          10.387905       3012.4243                 27.760519                 401.37739                                693.46975                      21.743964             0.0088174046              2.0167444                           8.2935361                   1467.128       240.05678        150.56882
              1       1492.6358     0.023214828       70.441276       3.0911167      0.95548623        8.902061      0.70158666       1.0186517       1.0054694       0.9996512       1.0079582       1.0025424       1.0052144    0.0053814112   2.2001633e-09      0.95321453      0.86307412      0.29833904      0.86068158       10.319098       1144.3516        1467.128       -15.22396       -25.611865          10.387905       3015.7195                 27.760519                 401.37739                                693.46975                      21.743964             0.0088174046              2.0167444                           8.2935361                   1467.128       242.44167        151.47908
              1       1489.8971     0.023214828       70.441276       3.0911167      0.95548623        8.902061      0.70158666       1.0186517       1.0054933       1.0019966      0.99961881       1.0005531       1.0044979    0.0053814112   2.2001633e-09      0.95321453      0.86307412      0.29833904      0.86068158       10.319098       1144.3532        1467.128      -15.206853       -25.594758          10.387905       3010.2079                 27.755261                 401.37739                                693.50477                      21.715749             0.0088174046              2.0167444                           8.2935361                   1467.128       237.87579        150.53178
              1       1490.4166     0.023214828       70.441276       3.0911167      0.95548623        8.902061      0.70158666       1.0186517       1.0054933       1.0038018       1.0011346       1.0010799       1.0053515    0.0053814112   2.2001633e-09      0.95321453      0.86307412      0.29833904      0.86068158       10.319098       1144.3532        1467.128       -14.52447       -24.912375          10.387905       3009.8821                 27.755261                 401.37739                                693.50477                      21.715749             0.0088174046              2.0167444                           8.2935361                   1467.128       237.32388        150.75797
              1       1489.0653     0.023214339        70.44282       3.0922831      0.95587935       8.9897738      0.70145339       1.0187716       1.0046306       1.0004165       1.0049624       1.0006307       1.0048433    0.0062334821   2.2027312e-09      0.95321756      0.86387206      0.29847251      0.86166999        10.35169        1144.702       1467.0808      -16.097505       -26.472476          10.374971       3010.3256                 27.794678                 401.89787                                 692.2258                      22.783682             0.0082209451              2.0065132                           8.3369556                  1467.0808       237.47424         150.7168
              1       1489.6199     0.023214339        70.44282       3.0922831      0.95587935       8.9897738      0.70145339       1.0187716       1.0046306       1.0004165       1.0049624       1.0024469       1.0024653    0.0062334821   2.2027312e-09      0.95321756      0.86387206      0.29847251      0.86166999        10.35169        1144.702       1467.0808      -16.123288       -26.498259          10.374971       3011.4863                 27.794678                 401.89787                                 692.2258                      22.783682             0.0082209451              2.0065132                           8.3369556                  1467.0808       237.47424        151.87755
              1       1490.6499     0.023214339        70.44282       3.0922831      0.95587935       8.9897738      0.70145339       1.0187716        1.004819       1.0040589       1.0023124      0.99762602        1.000357    0.0062334821   2.2027312e-09      0.95321756      0.86387206      0.29847251      0.86166999        10.35169       1144.4461       1467.0808      -15.140278       -25.515249          10.374971       3011.5804                  27.75317                 401.89066                                692.24911                      22.553163             0.0082209451              2.0065132                           8.3369556                  1467.0808       237.56831         152.1335
              1       1488.7319     0.023214339        70.44282       3.0922831      0.95587935       8.9897738      0.70145339       1.0187716        1.004819       1.0019398        0.999973      0.99978846       1.0029118    0.0062334821   2.2027312e-09      0.95321756      0.86387206      0.29847251      0.86166999        10.35169       1144.4461       1467.0808      -15.906129         -26.2811          10.374971       3009.2761                  27.75317                 401.89066                                692.24911                      22.553163             0.0082209451              2.0065132                           8.3369556                  1467.0808       236.76332        150.63423
              1       1488.5311     0.023214339        70.44282       3.0922831      0.95587935       8.9897738      0.70145339       1.0187716        1.004819       1.0018125       1.0044995      0.99982926       1.0030699    0.0062334821   2.2027312e-09      0.95321756      0.86387206      0.29847251      0.86166999        10.35169       1144.4461       1467.0808      -15.924121       -26.299092          10.374971       3008.9104                  27.75317                 401.89066                                692.24911                      22.553163             0.0082209451              2.0065132                           8.3369556                  1467.0808       236.42413        150.60767
              1       1476.6316     0.023187414       70.823616       3.0884267      0.95798671       8.8256545        0.706559       1.0188989       1.0039737       1.0024777       1.0052042       1.0011955       1.0037705    0.0076118673   2.1942528e-09      0.95377296      0.85980617      0.29336791       0.8502492       11.355699       1130.3977         1466.02      -16.692747       -26.655138          9.9623904       2986.6487                 27.312847                 400.80061                                682.17951                       20.10468              0.057504234              2.4973316                           8.8008635                    1466.02       230.23628        148.63914
              1       1478.1027     0.023187414       70.823616       3.0884267      0.95798671       8.8256545        0.706559       1.0188989       1.0039737       1.0049745       1.0024983       1.0011085       1.0037813    0.0076118673   2.1942528e-09      0.95377296      0.85980617      0.29336791       0.8502492       11.355699       1130.3977         1466.02      -15.663218       -25.625608          9.9623904       2987.5319                 27.312847                 400.80061                                682.17951                       20.10468              0.057504234              2.4973316                           8.8008635                    1466.02       231.14073        148.61786
              1       1478.1422     0.023187414       70.823616       3.0884267      0.95798671       8.8256545        0.706559       1.0188989       1.0039737       1.0005006       1.0012178       1.0010857       1.0022744    0.0076118673   2.1942528e-09      0.95377296      0.85980617      0.29336791       0.8502492       11.355699       1130.3977         1466.02      -17.111638       -27.074028          9.9623904       2990.5076                 27.312847                 400.80061                                682.17951                       20.10468              0.057504234              2.4973316                           8.8008635                    1466.02       233.49403        149.24025
              1       1479.5523     0.023152284       69.757596       3.0818798      0.94975142       8.0195399      0.69279686       1.0197774       1.0070061        1.002186       1.0020516       1.0033725       1.0040311     0.099355496   2.1799342e-09      0.95242149      0.83790849      0.30712878      0.84780548       8.5374337       1131.5638       1470.2435       -14.39324       -23.801222          9.4079822       2987.8911                 29.545712                 397.36671                                687.14833                      17.503006              0.016883499              1.3511131                           7.1694371                  1470.2435       230.15065        147.39572
              1       1471.9165     0.023046449       69.281328       3.0885983      0.95187585       8.3837104      0.69154417       1.0152582       1.0080305       1.0026747        1.003942       1.0007617       1.0044802      0.05944797   2.1946293e-09      0.95198559      0.84556225      0.30838038      0.85729113       8.9891725       1118.6964         1474.25      -14.574623       -22.668447          8.0938236       2972.9822                 28.738325                 398.82355                                671.14303                      19.991451              0.027079325              1.2565454                           7.7055479                    1474.25        222.7328         148.3139
              1        1471.798     0.023046449       69.281328       3.0885983      0.95187585       8.3837104      0.69154417       1.0152582       1.0099672       1.0044827       1.0028613       1.0045586       1.0106623      0.05944797   2.1946293e-09      0.95198559      0.84556225      0.30838038      0.85729113       8.9891725       1112.8642         1474.25      -9.6806134       -17.774437          8.0938236       2962.9573                 28.295335                 398.80809                                667.81671                      17.944103              0.027079325              1.2565454                           7.7055479                    1474.25       219.51363        147.34021
              1       1465.3568     0.023159857       70.099883       3.0882629      0.95031353       8.1546701      0.69775055       1.0178805       1.0111301       1.0051731       1.0030855       1.0051887       1.0100952     0.037315424   2.1938935e-09      0.95286958      0.85395282      0.30217568      0.85704377       9.3170684        1108.887       1468.6447      -5.8033294       -15.400505           9.597176       2942.3203                 29.080759                 397.84252                                662.31455                      19.649191            4.1794129e-05              1.7474698                           7.5695568                  1468.6447       209.01845        146.45311
              1       1466.6916     0.023159857       70.099883       3.0882629      0.95031353       8.1546701      0.69775055       1.0178805       1.0093652       1.0051659       1.0032807      0.99778501       1.0096107     0.037315424   2.1938935e-09      0.95286958      0.85395282      0.30217568      0.85704377       9.3170684       1113.6692       1468.6447      -9.3375024       -18.934678           9.597176       2952.0582                 29.500225                 397.85792                                664.66191                      21.649186            4.1794129e-05              1.7474698                           7.5695568                  1468.6447       208.98073         151.4465
              1       1464.5735     0.023159857       70.099883       3.0882629      0.95031353       8.1546701      0.69775055       1.0178805       1.0098179       1.0056103        1.001788        1.002298        1.003912     0.037315424   2.1938935e-09      0.95286958      0.85395282      0.30217568      0.85704377       9.3170684       1111.4468       1468.6447      -9.0964973       -18.693673           9.597176       2947.3401                 29.391787                 397.84955                                663.08678                      21.118701            4.1794129e-05              1.7474698                           7.5695568                  1468.6447       209.12569        148.80585
              1       1465.2058     0.023159857       70.099883       3.0882629      0.95031353       8.1546701      0.69775055       1.0178805       1.0098513       1.0069099       1.0039209       1.0002318       1.0058581     0.037315424   2.1938935e-09      0.95286958      0.85395282      0.30217568      0.85704377       9.3170684       1111.3108       1468.6447      -8.0898017       -17.686978           9.597176       2946.5911                 29.383817                 397.84955                                662.99733                      21.080076            4.1794129e-05              1.7474698                           7.5695568                  1468.6447       208.54164        148.77698
              1       1465.4132     0.023159857       70.099883       3.0882629      0.95031353       8.1546701      0.69775055       1.0178805       1.0095279       1.0069088       1.0039547       1.0002646       1.0059905     0.037315424   2.1938935e-09      0.95286958      0.85395282      0.30217568      0.85704377       9.3170684       1112.7868       1468.6447      -8.5766668       -18.173843           9.597176       2947.9798                 29.461184                 397.85028                                664.01823                      21.457155            4.1794129e-05              1.7474698                           7.5695568                  1468.6447       208.55203        148.67921
              1       1464.5854     0.023159857       70.099883       3.0882629      0.95031353       8.1546701      0.69775055       1.0178805       1.0096587       1.0058437       1.0021833       1.0054541       1.0067042     0.037315424   2.1938935e-09      0.95286958      0.85395282      0.30217568      0.85704377       9.3170684       1112.1421       1468.6447      -8.3087256       -17.905902           9.597176       2945.7882                 29.429844                  397.8446                                663.56377                      21.303851            4.1794129e-05              1.7474698                           7.5695568                  1468.6447       208.70621        146.97816
              1       1464.3456     0.023159857       70.099883       3.0882629      0.95031353       8.1546701      0.69775055       1.0178805       1.0096587       1.0047321       1.0043952       1.0055111       1.0067363     0.037315424   2.1938935e-09      0.95286958      0.85395282      0.30217568      0.85704377       9.3170684       1112.1421       1468.6447      -8.9422914       -18.539467           9.597176       2946.5757                 29.429844                  397.8446                                663.56377                      21.303851            4.1794129e-05              1.7474698                           7.5695568                  1468.6447       209.48413        146.98781
              1       1464.3934     0.023159857       70.099883       3.0882629      0.95031353       8.1546701      0.69775055       1.0178805       1.0096587       1.0054176       1.0047034       1.0054893       1.0067769     0.037315424   2.1938935e-09      0.95286958      0.85395282      0.30217568      0.85704377       9.3170684       1112.1421       1468.6447      -8.5564899       -18.153666           9.597176       2945.8997                 29.429844                  397.8446                                663.56377                      21.303851            4.1794129e-05              1.7474698                           7.5695568                  1468.6447       208.83488        146.96103
              1        1464.459     0.023159857       70.099883       3.0882629      0.95031353       8.1546701      0.69775055       1.0178805       1.0096587       1.0057626       1.0042925       1.0042156       1.0104624     0.037315424   2.1938935e-09      0.95286958      0.85395282      0.30217568      0.85704377       9.3170684       1112.1421       1468.6447      -8.0477016       -17.644878           9.597176       2945.0135                 29.429844                  397.8446                                663.56377                      21.303851            4.1794129e-05              1.7474698                           7.5695568                  1468.6447       208.52708         146.3826
              1       1465.5831     0.023159857       70.099883       3.0882629      0.95031353       8.1546701      0.69775055       1.0178805       1.0094289       1.0047539       1.0050924       1.0070402       1.0069932     0.037315424   2.1938935e-09      0.95286958      0.85395282      0.30217568      0.85704377       9.3170684       1113.3164       1468.6447      -8.7724011       -18.369577           9.597176       2948.7111                 29.484941                 397.85792                                664.39969                       21.57387            4.1794129e-05              1.7474698                           7.5695568                  1468.6447       209.61023        147.82269
              1       1466.1471     0.023212833        70.17052       3.0947282      0.94945668       8.4344258      0.69542679       1.0208598       1.0092673       1.0046272       1.0051315       1.0058505       1.0044661     0.078410512   2.2081236e-09      0.95285683      0.85146126       0.3044997      0.85782302       9.0346409       1116.3998       1467.5403      -9.0695537       -19.331527          10.261973       2950.4334                 29.944343                 399.14319                                665.20065                      22.111653             0.0027718752              1.5717537                           7.4601154                  1467.5403       208.89096        148.56761
              1       1464.1271      0.02325423       70.447405       3.0901346      0.94933441       8.1656515      0.69640104       1.0234039       1.0096429       1.0029727        1.006577       1.0006562       1.0068808      0.10721038   2.1980036e-09      0.95314327      0.84518416      0.30352605      0.85013658       8.7326469       1111.7665       1465.7638      -9.2494389       -20.040985          10.791546        2946.753                 29.855357                 397.90695                                 665.0398                      18.964385            0.00053388291              1.6594514                           7.0726616                  1465.7638        213.4176        147.07242
              1       1463.6737      0.02325423       70.447405       3.0901346      0.94933441       8.1656515      0.69640104       1.0234039       1.0096429       1.0063578       1.0024085       1.0056326       1.0060401      0.10721038   2.1980036e-09      0.95314327      0.84518416      0.30352605      0.85013658       8.7326469       1111.7665       1465.7638      -6.8213104       -17.612857          10.791546         2940.99                 29.855357                 397.90695                                 665.0398                      18.964385            0.00053388291              1.6594514                           7.0726616                  1465.7638       208.14525        146.58183
              1       1465.5869      0.02325423       70.447405       3.0901346      0.94933441       8.1656515      0.69640104       1.0234039       1.0099517       1.0086532        1.002215       1.0033528       1.0067015      0.10721038   2.1980036e-09      0.95314327      0.84518416      0.30352605      0.85013658       8.7326469       1110.3329       1465.7638      -4.8512702       -15.642817          10.791546       2940.8764                  29.78001                 397.87352                                664.04186                      18.637534            0.00053388291              1.6594514                           7.0726616                  1465.7638       210.20482        145.84219
              1       1462.8906      0.02325423       70.447405       3.0901346      0.94933441       8.1656515      0.69640104       1.0234039       1.0099068       1.0064465       1.0052144       1.0021999       1.0072191      0.10721038   2.1980036e-09      0.95314327      0.84518416      0.30352605      0.85013658       8.7326469       1110.5316       1465.7638      -6.8644708       -17.656017          10.791546       2939.5101                 29.790951                 397.88831                                664.16757                      18.684741            0.00053388291              1.6594514                           7.0726616                  1465.7638       208.50581        145.97623
              1       1439.9375     0.023004958       69.409531        3.076482      0.95685004       7.6395023      0.69360564       1.0140303       1.0099248       1.0083991       1.0045669       1.0042443       1.0071381     0.034820819   2.1681991e-09      0.95224892      0.84740414       0.3063191      0.85628234        8.886123       1077.4538       1473.5127      -8.1185332       -15.701252          7.5827191        2896.112                 26.697647                 396.15547                                636.63255                      17.968138             0.0097696982               1.439168                           7.4371853                  1473.5127       190.79326        145.46613
              1       1439.8596     0.023004958       69.409531        3.076482      0.95685004       7.6395023      0.69360564       1.0140303       1.0096783       1.0077032       1.0016822        1.004238       1.0069802     0.034820819   2.1681991e-09      0.95224892      0.84740414       0.3063191      0.85628234        8.886123       1079.0102       1473.5127      -9.1500234       -16.732743          7.5827191       2898.0192                 26.748134                 396.16954                                637.87971                      18.212802             0.0097696982               1.439168                           7.4371853                  1473.5127       191.03667        145.57352
              1       1439.4562     0.023004958       69.409531        3.076482      0.95685004       7.6395023      0.69360564       1.0140303       1.0099613       1.0077041       1.0016526        1.003732       1.0070179     0.034820819   2.1681991e-09      0.95224892      0.84740414       0.3063191      0.85628234        8.886123        1077.243       1473.5127      -8.7996887       -16.382408          7.5827191       2896.5118                 26.690196                 396.15547                                636.46509                      17.932252             0.0097696982               1.439168                           7.4371853                  1473.5127        191.0515         145.8185
              1       1442.6924     0.023004958       69.409531        3.076482      0.95685004       7.6395023      0.69360564       1.0140303       1.0126437       1.0061002       1.0024596       1.0060838       1.0078941     0.034820819   2.1681991e-09      0.95224892      0.84740414       0.3063191      0.85628234        8.886123       1073.8949       1473.5127      -4.4826823       -12.065401          7.5827191       2894.3501                 26.153418                 396.16187                                636.07411                      15.505492             0.0097696982               1.439168                           7.4371853                  1473.5127       193.46344        144.59296
              1        1429.921     0.023062997       69.151896       3.0651449      0.95679596       7.6612893      0.69083416       1.0146691        1.006036       1.0022537       1.0042072       0.9959987      0.99932485      0.11121004   2.1437568e-09      0.95177108      0.82205601      0.30909018      0.83441746       8.2000992       1069.9624       1475.3481      -16.483454       -24.831112          8.3476586        2892.809                 26.248963                 396.18118                                637.23029                       10.30201               0.02936879               1.239445                           6.9312854                  1475.3481       191.44556        147.85278
              1       1430.6512     0.023062997       69.151896       3.0651449      0.95679596       7.6612893      0.69083416       1.0146691        1.006036       1.0008721       1.0035302       1.0060628       1.0024295      0.11121004   2.1437568e-09      0.95177108      0.82205601      0.30909018      0.83441746       8.2000992       1069.9624       1475.3481      -16.157305       -24.504964          8.3476586        2893.617                 26.248963                 396.18118                                637.23029                       10.30201               0.02936879               1.239445                           6.9312854                  1475.3481       193.35101        146.75542
              1       1428.8449     0.023062997       69.151896       3.0651449      0.95679596       7.6612893      0.69083416       1.0146691        1.006036       1.0026533      0.99844858       1.0009926       1.0032142      0.11121004   2.1437568e-09      0.95177108      0.82205601      0.30909018      0.83441746       8.2000992       1069.9624       1475.3481      -16.653756       -25.001415          8.3476586       2890.9972                 26.248963                 396.18118                                637.23029                       10.30201               0.02936879               1.239445                           6.9312854                  1475.3481       195.06197        142.42465
              1         1431.71     0.023062997       69.151896       3.0651449      0.95679596       7.6612893      0.69083416       1.0146691        1.006036       1.0026533      0.99844858       1.0052224       1.0006621      0.11121004   2.1437568e-09      0.95177108      0.82205601      0.30909018      0.83441746       8.2000992       1069.9624       1475.3481      -16.095341       -24.442999          8.3476586       2895.6107                 26.248963                 396.18118                                637.23029                       10.30201               0.02936879               1.239445                           6.9312854                  1475.3481       195.06197        147.03815
              1       1430.7789     0.023062997       69.151896       3.0651449      0.95679596       7.6612893      0.69083416       1.0146691        1.006036       1.0047619       1.0060262       1.0040802       1.0065328      0.11121004   2.1437568e-09      0.95177108      0.82205601      0.30909018      0.83441746       8.2000992       1069.9624       1475.3481      -15.090621        -23.43828          8.3476586       2891.7391                 26.248963                 396.18118                                637.23029                       10.30201               0.02936879               1.239445                           6.9312854                  1475.3481       194.69534        143.53316
              1       1431.3566     0.023062997       69.151896       3.0651449      0.95679596       7.6612893      0.69083416       1.0146691         1.00542         1.00476       1.0060905       1.0045426        1.002371      0.11121004   2.1437568e-09      0.95177108      0.82205601      0.30909018      0.83441746       8.2000992       1071.2883       1475.3481      -15.907848       -24.255506          8.3476586       2894.5289                 26.372072                 396.19506                                638.13248                      10.588699               0.02936879               1.239445                           6.9312854                  1475.3481       194.77594        144.91649
              1       1431.5158     0.023062997       69.151896       3.0651449      0.95679596       7.6612893      0.69083416       1.0146691       1.0051034        1.004759       1.0061236       1.0043243       1.0070078      0.11121004   2.1437568e-09      0.95177108      0.82205601      0.30909018      0.83441746       8.2000992       1072.4435       1475.3481      -15.811532       -24.159191          8.3476586       2894.6547                 26.435783                 396.17832                                639.08473                      10.744618               0.02936879               1.239445                           6.9312854                  1475.3481       194.81789        143.84521
              1       1425.4253     0.023064411       69.333081       3.0529728      0.95800716       7.2271999      0.69243229        1.015057       1.0033578       1.0022659      0.99885377      0.99775835       1.0077162     0.094570422   2.1178211e-09      0.95201988      0.82237769      0.30749243       0.8325837       8.0504382       1069.3709       1473.9579      -18.203632       -26.554205          8.3505733       2887.2578                 25.883189                 395.69338                                637.71181                      10.082491              0.016549287              1.3558313                           6.6780576                  1473.9579       192.46016        143.41849
              1       1423.3818     0.023064411       69.333081       3.0529728      0.95800716       7.2271999      0.69243229        1.015057       1.0040856       1.0030582       1.0033566       1.0006153       1.0050133     0.094570422   2.1178211e-09      0.95201988      0.82237769      0.30749243       0.8325837       8.0504382       1067.5794       1473.9579      -17.976619       -26.327193          8.3505733       2882.7169                 25.742887                 395.66478                                636.36217                      9.8095226              0.016549287              1.3558313                           6.6780576                  1473.9579       191.12074        142.00844
              1       1424.3334     0.023064411       69.333081       3.0529728      0.95800716       7.2271999      0.69243229        1.015057       1.0039392       1.0030912       1.0033039      0.99856126      0.99845217     0.094570422   2.1178211e-09      0.95201988      0.82237769      0.30749243       0.8325837       8.0504382       1067.7926       1473.9579      -18.232503       -26.583077          8.3505733       2885.1319                 25.770967                 395.66708                                636.49254                      9.8619744              0.016549287              1.3558313                           6.6780576                  1473.9579       191.14774        144.18327
              1       1425.7276     0.023064411       69.333081       3.0529728      0.95800716       7.2271999      0.69243229        1.015057        1.003522       1.0034155       1.0004576      0.99930195      0.99719097     0.094570422   2.1178211e-09      0.95201988      0.82237769      0.30749243       0.8325837       8.0504382       1068.8077       1473.9579      -18.351547        -26.70212          8.3505733       2888.1584                 25.851382                 395.68443                                637.25368                      10.018225              0.016549287              1.3558313                           6.6780576                  1473.9579       191.73036        145.61198
              1       1424.7866     0.023064411       69.333081       3.0529728      0.95800716       7.2271999      0.69243229        1.015057       1.0043409       1.0034181        1.000372      0.99844685       1.0075284     0.094570422   2.1178211e-09      0.95201988      0.82237769      0.30749243       0.8325837       8.0504382       1067.3928       1473.9579      -17.326163       -25.676737          8.3505733       2884.2256                 25.694064                  395.6733                                636.30444                      9.7210138              0.016549287              1.3558313                           6.6780576                  1473.9579       191.77818        143.04625
              1       1424.1441     0.023064411       69.333081       3.0529728      0.95800716       7.2271999      0.69243229        1.015057       1.0043409      0.99971083       1.0067178      0.99871615      0.99992136     0.094570422   2.1178211e-09      0.95201988      0.82237769      0.30749243       0.8325837       8.0504382       1067.3928       1473.9579      -18.525669       -26.876242          8.3505733       2885.3396                 25.694064                  395.6733                                636.30444                      9.7210138              0.016549287              1.3558313                           6.6780576                  1473.9579       193.00237        142.93607
              1       1424.5259     0.023064411       69.333081       3.0529728      0.95800716       7.2271999      0.69243229        1.015057       1.0043409       1.0024053       1.0067291       0.9979991       1.0005835     0.094570422   2.1178211e-09      0.95201988      0.82237769      0.30749243       0.8325837       8.0504382       1067.3928       1473.9579      -18.147313       -26.497886          8.3505733       2885.3465                 25.694064                  395.6733                                636.30444                      9.7210138              0.016549287              1.3558313                           6.6780576                  1473.9579       193.31789        142.62746
              1       1423.5048     0.023064411       69.333081       3.0529728      0.95800716       7.2271999      0.69243229        1.015057       1.0043409       1.0002731       1.0026599      0.99839237      0.99900843     0.094570422   2.1178211e-09      0.95201988      0.82237769      0.30749243       0.8325837       8.0504382       1067.3928       1473.9579       -18.49371       -26.844284          8.3505733        2883.997                 25.694064                  395.6733                                636.30444                      9.7210138              0.016549287              1.3558313                           6.6780576                  1473.9579       190.91187        143.68399
              1        1424.975     0.023064411       69.333081       3.0529728      0.95800716       7.2271999      0.69243229        1.015057       1.0031052       1.0002691        1.002789      0.99502244       1.0028128     0.094570422   2.1178211e-09      0.95201988      0.82237769      0.30749243       0.8325837       8.0504382       1070.3938       1473.9579      -18.614015       -26.964588          8.3505733        2887.178                   25.9323                 395.68497                                638.59207                      10.184438              0.016549287              1.3558313                           6.6780576                  1473.9579       190.88046        143.89548
              1       1425.0326     0.023064411       69.333081       3.0529728      0.95800716       7.2271999      0.69243229        1.015057       1.0054575       1.0002766       1.0025433      0.99861188       1.0066379     0.094570422   2.1178211e-09      0.95201988      0.82237769      0.30749243       0.8325837       8.0504382       1069.1118       1473.9579      -17.227171       -25.577744          8.3505733       2884.5195                 25.482629                 395.67794                                638.57325                      9.3780337              0.016549287              1.3558313                           6.6780576                  1473.9579       190.94504         142.4543
              1       1427.5302     0.023064411       69.333081       3.0529728      0.95800716       7.2271999      0.69243229        1.015057       1.0062968       1.0013109       1.0049606       1.0012441       1.0052078     0.094570422   2.1178211e-09      0.95201988      0.82237769      0.30749243       0.8325837       8.0504382       1073.1068       1473.9579      -16.516332       -24.866905          8.3505733        2888.093                 25.326415                 395.65004                                642.96327                      9.1670924              0.016549287              1.3558313                           6.6780576                  1473.9579       190.64755        142.33029
              1       1428.1882     0.023064411       69.333081       3.0529728      0.95800716       7.2271999      0.69243229        1.015057       1.0062968       1.0013822       1.0051976      0.99633108       1.0007042     0.094570422   2.1178211e-09      0.95201988      0.82237769      0.30749243       0.8325837       8.0504382       1073.1068       1473.9579      -16.462071       -24.812644          8.3505733       2889.3005                 25.326415                 395.65004                                642.96327                      9.1670924              0.016549287              1.3558313                           6.6780576                  1473.9579        190.8232        143.36221
              1       1425.7462     0.023064411       69.333081       3.0529728      0.95800716       7.2271999      0.69243229        1.015057       1.0057248       1.0017654       1.0062812       0.9991978       1.0037567     0.094570422   2.1178211e-09      0.95201988      0.82237769      0.30749243       0.8325837       8.0504382       1070.1068       1473.9579       -17.13429       -25.484863          8.3505733        2885.761                   25.4326                 395.64532                                639.72233                      9.3065052              0.016549287              1.3558313                           6.6780576                  1473.9579       192.04301        141.60295
              1       1425.0582     0.023064411       69.333081       3.0529728      0.95800716       7.2271999      0.69243229        1.015057       1.0051738       1.0020831       1.0067233       1.0009587       1.0035303     0.094570422   2.1178211e-09      0.95201988      0.82237769      0.30749243       0.8325837       8.0504382       1068.2817       1473.9579      -17.555488       -25.906061          8.3505733       2885.2273                 25.535995                 395.67794                                637.60938                      9.4583843              0.016549287              1.3558313                           6.6780576                  1473.9579       192.90115        142.03613
              1       1425.2953     0.023019587       69.488554       3.0616633      0.95749742        7.567738      0.69472266       1.0156327       1.0062969       1.0028886       1.0077525       1.0007477       1.0050741      0.10899309   2.1363061e-09      0.95232716      0.82097883      0.30520241      0.82806668       7.8962353       1064.1687       1473.0509       -16.82146       -24.536253          7.7147935       2884.2336                 25.909538                 395.97557                                632.91346                       9.370165             0.0040709892              1.5400443                             6.35212                  1473.0509        198.0184        141.09927
              1       1426.2537     0.023019587       69.488554       3.0616633      0.95749742        7.567738      0.69472266       1.0156327       1.0070728       1.0022764       1.0075839       1.0003981       1.0061319      0.10899309   2.1363061e-09      0.95232716      0.82097883      0.30520241      0.82806668       7.8962353       1065.0815       1473.0509      -16.065069       -23.779862          7.7147935       2884.6375                 25.760092                 395.98035                                634.19792                      9.1431725             0.0040709892              1.5400443                             6.35212                  1473.0509        197.4966         141.1122
              1        1423.868     0.023019587       69.488554       3.0616633      0.95749742        7.567738      0.69472266       1.0156327       1.0060365       1.0023219       1.0052107      0.99849939       1.0050729      0.10899309   2.1363061e-09      0.95232716      0.82097883      0.30520241      0.82806668       7.8962353       1064.3238       1473.0509      -17.200548       -24.915341          7.7147935       2882.1371                 25.960137                 395.98451                                632.92509                      9.4540626             0.0040709892              1.5400443                             6.35212                  1473.0509       195.37415        141.49196
              1       1425.4439     0.023019587       69.488554       3.0616633      0.95749742        7.567738      0.69472266       1.0156327        1.006266       1.0023226       1.0051867       1.0039354       1.0018994      0.10899309   2.1363061e-09      0.95232716      0.82097883      0.30520241      0.82806668       7.8962353       1064.1742       1473.0509      -16.855564       -24.570358          7.7147935       2884.5989                  25.91553                 395.97557                                632.90318                      9.3799182             0.0040709892              1.5400443                             6.35212                  1473.0509       195.36211        144.11545
              1       1425.3208     0.023019587       69.488554       3.0616633      0.95749742        7.567738      0.69472266       1.0156327       1.0047736       1.0025348       1.0070002      0.99982887       1.0053876      0.10899309   2.1363061e-09      0.95232716      0.82097883      0.30520241      0.82806668       7.8962353       1068.2692       1473.0509      -18.259248       -25.974042          7.7147935       2887.1601                 26.208573                  395.9849                                636.15942                      9.9163257             0.0040709892              1.5400443                             6.35212                  1473.0509       196.85231        141.09143
              1        1424.185     0.022960434       69.542143       3.0532999      0.95806435       7.1364764      0.69609958       1.0148727       1.0050204        1.001498       1.0078508      0.99805098       1.0037833     0.078979371   2.1185138e-09      0.95252293      0.82456077      0.30382557      0.82980148       8.0003088       1064.7226       1472.9023      -19.090084       -26.058671          6.9685872       2886.5501                 25.849733                 395.64163                                 633.2575                      9.9737818            0.00067150088              1.6517143                            6.347923                  1472.9023       199.09412        141.83069
              1       1423.6766     0.022960434       69.542143       3.0532999      0.95806435       7.1364764      0.69609958       1.0148727       1.0050204       1.0038619       1.0046753      0.99794199       1.0037704     0.078979371   2.1185138e-09      0.95252293      0.82456077      0.30382557      0.82980148       8.0003088       1064.7226       1472.9023       -18.37627       -25.344857          6.9685872       2884.1056                 25.849733                 395.64163                                 633.2575                      9.9737818            0.00067150088              1.6517143                            6.347923                  1472.9023        196.5755        141.90488
              1       1423.8146     0.022960434       69.542143       3.0532999      0.95806435       7.1364764      0.69609958       1.0148727       1.0048061       1.0038376       1.0048019       1.0009709       1.0067766     0.078979371   2.1185138e-09      0.95252293      0.82456077      0.30382557      0.82980148       8.0003088       1065.9027       1472.9023      -18.336828       -25.305416          6.9685872       2884.3028                  25.89119                 395.67243                                634.28293                      10.056105            0.00067150088              1.6517143                            6.347923                  1472.9023        196.6201         140.8774
              1       1425.1745     0.022960434       69.542143       3.0532999      0.95806435       7.1364764      0.69609958       1.0148727       1.0048061       1.0010662       1.0027047      0.99936518       1.0096965     0.078979371   2.1185138e-09      0.95252293      0.82456077      0.30382557      0.82980148       8.0003088       1065.9027       1472.9023      -18.650215       -25.618803          6.9685872       2887.6494                  25.89119                 395.67243                                634.28293                      10.056105            0.00067150088              1.6517143                            6.347923                  1472.9023       198.38216        142.46191
              1       1425.5548     0.022960434       69.542143       3.0532999      0.95806435       7.1364764      0.69609958       1.0148727       1.0048061       1.0010662       1.0027047      0.99780635       1.0093641     0.078979371   2.1185138e-09      0.95252293      0.82456077      0.30382557      0.82980148       8.0003088       1065.9027       1472.9023      -18.600811       -25.569398          6.9685872       2888.3112                  25.89119                 395.67243                                634.28293                      10.056105            0.00067150088              1.6517143                            6.347923                  1472.9023       198.38216        143.12379
              1       1425.0559     0.022960434       69.542143       3.0532999      0.95806435       7.1364764      0.69609958       1.0148727       1.0061645       1.0022755       1.0007931       1.0037406       1.0101281     0.078979371   2.1185138e-09      0.95252293      0.82456077      0.30382557      0.82980148       8.0003088        1061.212       1472.9023      -16.815522       -23.784109          6.9685872       2883.7428                 25.630878                 395.63952                                630.36244                      9.5791871            0.00067150088              1.6517143                            6.347923                  1472.9023       197.98341        143.64476
              1        1424.714     0.022960434       69.542143       3.0532999      0.95806435       7.1364764      0.69609958       1.0148727       1.0059813       1.0012034       1.0052956       1.0038088       1.0102271     0.078979371   2.1185138e-09      0.95252293      0.82456077      0.30382557      0.82980148       8.0003088       1061.4748       1472.9023      -17.168972        -24.13756          6.9685872        2883.766                 25.665678                 395.63682                                630.53498                      9.6373293            0.00067150088              1.6517143                            6.347923                  1472.9023       197.61653        143.77199
              1       1423.5217     0.022960434       69.542143       3.0532999      0.95806435       7.1364764      0.69609958       1.0148727       1.0059813       1.0025916       1.0070236        1.001136       1.0006058     0.078979371   2.1185138e-09      0.95252293      0.82456077      0.30382557      0.82980148       8.0003088       1061.4748       1472.9023      -18.190082        -25.15867          6.9685872       2883.4236                 25.665678                 395.63682                                630.53498                      9.6373293            0.00067150088              1.6517143                            6.347923                  1472.9023       197.77864        143.26752
              1       1423.2845     0.022960434       69.542143       3.0532999      0.95806435       7.1364764      0.69609958       1.0148727        1.005203       1.0025891       1.0071048       1.0000501       1.0026058     0.078979371   2.1185138e-09      0.95252293      0.82456077      0.30382557      0.82980148       8.0003088       1063.8706       1472.9023      -18.858315       -25.826903          6.9685872       2884.2855                 25.814527                 395.64583                                632.50451                      9.9057475            0.00067150088              1.6517143                            6.347923                  1472.9023       197.86716        141.64514
              1       1426.0437     0.022960434       69.542143       3.0532999      0.95806435       7.1364764      0.69609958       1.0148727       1.0048431        1.002588       1.0071424       1.0041224       1.0094328     0.078979371   2.1185138e-09      0.95252293      0.82456077      0.30382557      0.82980148       8.0003088       1065.6932       1472.9023      -17.948985       -24.917572          6.9685872       2887.9853                 25.884026                 395.67243                                634.09505                      10.041709            0.00067150088              1.6517143                            6.347923                  1472.9023       197.90881        143.48062
              1       1425.4713     0.022960434       69.542143       3.0532999      0.95806435       7.1364764      0.69609958       1.0148727       1.0052695       1.0026824       1.0000608       1.0040756       1.0092217     0.078979371   2.1185138e-09      0.95252293      0.82456077      0.30382557      0.82980148       8.0003088       1063.5868       1472.9023      -17.623137       -24.591724          6.9685872       2886.1888                 25.801733                 395.64583                                 632.2578                      9.8814488            0.00067150088              1.6517143                            6.347923                  1472.9023       198.38574         143.3136
              1       1423.6805     0.022794403       68.922341       3.0262353      0.96412444       6.0121827      0.69950942       1.0054824       1.0054591       1.0039883      0.99984562       1.0048146       1.0067936     0.020563391    2.061946e-09       0.9520147      0.81194882      0.30041409      0.81250899       7.9914158       1058.7254       1479.8623        -18.8308       -24.149915          5.3191154       2885.0227                  23.60692                  397.5777                                628.82869                      8.7121242             0.0035644984              1.9118036                           6.0760476                  1479.8623       196.93469        141.50882
              1       1421.5992     0.022794403       68.922341       3.0262353      0.96412444       6.0121827      0.69950942       1.0054824       1.0054591       1.0024626       1.0051196       1.0031268       1.0042642     0.020563391    2.061946e-09       0.9520147      0.81194882      0.30041409      0.81250899       7.9914158       1058.7254       1479.8623      -19.974602       -25.293718          5.3191154       2883.1477                  23.60692                  397.5777                                628.82869                      8.7121242             0.0035644984              1.9118036                           6.0760476                  1479.8623         195.812        140.75652
              1       1421.3668     0.022820105       68.900632       3.0262703      0.96446329       6.0863018      0.69861459       1.0061452       1.0047803       1.0019812       1.0049291       1.0004447       1.0007178     0.038683484   2.0620183e-09      0.95193032      0.80868591      0.30130905      0.81044834       7.8583356        1059.042       1479.8402      -20.782762       -26.373385          5.5906226       2884.2991                 23.528892                 397.38932                                629.31148                       8.812284             0.0013236552              1.8398127                           6.0171992                  1479.8402       195.49823        142.06029
              1       1420.8949     0.022820105       68.900632       3.0262703      0.96446329       6.0863018      0.69861459       1.0061452       1.0051319       1.0019823       1.0048924       0.9988295       1.0071815     0.038683484   2.0620183e-09      0.95193032      0.80868591      0.30130905      0.81044834       7.8583356       1058.1366       1479.8402      -19.991603       -25.582226          5.5906226       2881.7731                 23.475479                 397.41075                                628.37291                      8.8774372             0.0013236552              1.8398127                           6.0171992                  1479.8402       195.48611        140.45183
              1        1421.682     0.022820105       68.900632       3.0262703      0.96446329       6.0863018      0.69861459       1.0061452       1.0060971       1.0019854       1.0047916      0.99944691       1.0080506     0.038683484   2.0620183e-09      0.95193032      0.80868591      0.30130905      0.81044834       7.8583356         1057.74       1479.8402      -19.024995       -24.615618          5.5906226        2881.414                 23.330611                 397.42052                                627.89676                      9.0920862             0.0013236552              1.8398127                           6.0171992                  1479.8402       195.45512        140.52029
              1       1415.9061     0.022816043       69.354147       3.0199432      0.96607854       5.8691498      0.70396166       1.0064633       1.0043853       1.0017077       1.0050801       1.0022103       1.0043738     0.021296415   2.0490128e-09      0.95256538      0.80927503       0.2959628      0.80381125        8.753074       1054.8848       1476.8406      -20.897923       -26.426728          5.5288048        2873.608                 23.126448                 398.11451                                624.29838                      9.3454674              0.035226419              2.3254187                            6.392429                  1476.8406       193.15926        139.97031
              1         1416.82     0.022816043       69.354147       3.0199432      0.96607854       5.8691498      0.70396166       1.0064633       1.0038215       1.0017059       1.0051389       1.0015756       1.0016375     0.021296415   2.0490128e-09      0.95256538      0.80927503       0.2959628      0.80381125        8.753074       1056.9337       1476.8406      -21.483582       -27.012386          5.5288048       2876.6071                 23.208435                 398.14125                                626.40023                      9.1838228              0.035226419              2.3254187                            6.392429                  1476.8406       193.18037        140.89931
              1       1420.6236     0.022816043       69.354147       3.0199432      0.96607854       5.8691498      0.70396166       1.0064633       1.0031559       1.0031089       1.0040798       1.0039526       1.0098872     0.021296415   2.0490128e-09      0.95256538      0.80927503       0.2959628      0.80381125        8.753074         1060.65       1476.8406      -20.254477       -25.783281          5.5288048       2881.7562                 23.306318                 398.07969                                630.24786                      9.0161154              0.035226419              2.3254187                            6.392429                  1476.8406       192.67819        142.83441
              1        1416.442     0.022816043       69.354147       3.0199432      0.96607854       5.8691498      0.70396166       1.0064633       1.0042102       1.0031122       1.0039697      0.99898727       1.0076693     0.021296415   2.0490128e-09      0.95256538      0.80927503       0.2959628      0.80381125        8.753074       1055.3977       1476.8406      -20.362506       -25.891311          5.5288048       2873.6091                 23.151843                 398.11451                                624.83803                      9.2933366              0.035226419              2.3254187                            6.392429                  1476.8406       192.65605        139.96169
              1       1418.3416     0.022816043       69.354147       3.0199432      0.96607854       5.8691498      0.70396166       1.0064633       1.0040837       1.0031118       1.0039829      0.99800689      0.99815225     0.021296415   2.0490128e-09      0.95256538      0.80927503       0.2959628      0.80381125        8.753074       1055.8325       1476.8406      -20.897563       -26.426367          5.5288048       2878.4783                 23.170216                 398.11451                                625.29098                      9.2567779              0.035226419              2.3254187                            6.392429                  1476.8406       192.65849        144.39365
              1       1419.5683     0.022816043       69.354147       3.0199432      0.96607854       5.8691498      0.70396166       1.0064633       1.0040837       1.0015996         1.00402      0.99950024       1.0127586     0.021296415   2.0490128e-09      0.95256538      0.80927503       0.2959628      0.80381125        8.753074       1055.8325       1476.8406      -19.878052       -25.406857          5.5288048       2878.8927                 23.170216                 398.11451                                625.29098                      9.2567779              0.035226419              2.3254187                            6.392429                  1476.8406       193.11024        144.35631
              1       1416.0305     0.022816043       69.354147       3.0199432      0.96607854       5.8691498      0.70396166       1.0064633       1.0053737       1.0016037       1.0038852        1.001252        1.006293     0.021296415   2.0490128e-09      0.95256538      0.80927503       0.2959628      0.80381125        8.753074       1053.9079       1476.8406      -20.033986       -25.562791          5.5288048        2872.129                 22.984752                  398.0937                                623.15749                      9.6719891              0.035226419              2.3254187                            6.392429                  1476.8406       193.11624        139.51114
              1       1422.0195     0.022816043       69.354147       3.0199432      0.96607854       5.8691498      0.70396166       1.0064633       1.0043494       1.0025836       0.9982647       1.0048795       1.0107508     0.021296415   2.0490128e-09      0.95256538      0.80927503       0.2959628      0.80381125        8.753074       1054.9814       1476.8406      -19.332388       -24.861193          5.5288048       2882.7037                 23.131642                 398.11451                                624.40059                      9.3346517              0.035226419              2.3254187                            6.392429                  1476.8406       197.61028        144.51837
              1       1419.8208     0.022816043       69.354147       3.0199432      0.96607854       5.8691498      0.70396166       1.0064633       1.0043494       1.0015144       1.0081891       1.0055226       1.0071453     0.021296415   2.0490128e-09      0.95256538      0.80927503       0.2959628      0.80381125        8.753074       1054.9814       1476.8406      -20.020306       -25.549111          5.5288048       2879.6823                 23.131642                 398.11451                                624.40059                      9.3346517              0.035226419              2.3254187                            6.392429                  1476.8406       195.85381        143.25342
              1       1416.6106     0.022816043       69.354147       3.0199432      0.96607854       5.8691498      0.70396166       1.0064633       1.0043494       1.0019029       1.0040371       0.9996682      0.99971654     0.021296415   2.0490128e-09      0.95256538      0.80927503       0.2959628      0.80381125        8.753074       1054.9814       1476.8406       -21.18246       -26.711265          5.5288048       2875.5861                 23.131642                 398.11451                                624.40059                      9.3346517              0.035226419              2.3254187                            6.392429                  1476.8406       192.84183        142.16919
              1       1416.8702     0.022816043       69.354147       3.0199432      0.96607854       5.8691498      0.70396166       1.0064633       1.0043494       1.0019029       1.0040371       1.0022256       1.0089392     0.021296415   2.0490128e-09      0.95256538      0.80927503       0.2959628      0.80381125        8.753074       1054.9814       1476.8406      -20.307143       -25.835948          5.5288048       2874.3546                 23.131642                 398.11451                                624.40059                      9.3346517              0.035226419              2.3254187                            6.392429                  1476.8406       192.84183        140.93773
              1       1422.2837     0.022816043       69.354147       3.0199432      0.96607854       5.8691498      0.70396166       1.0064633       1.0040406       1.0002253       1.0091157      0.99478337      0.99877228     0.021296415   2.0490128e-09      0.95256538      0.80927503       0.2959628      0.80381125        8.753074       1055.9931       1476.8406      -20.902364       -26.431168          5.5288048       2886.3721                 23.176488                 398.11451                                625.45759                       9.244518              0.035226419              2.3254187                            6.392429                  1476.8406       198.35284        146.43246
              1       1416.5086     0.022816043       69.354147       3.0199432      0.96607854       5.8691498      0.70396166       1.0064633       1.0042884       1.0006857       1.0041613      0.99774887       1.0044567     0.021296415   2.0490128e-09      0.95256538      0.80927503       0.2959628      0.80381125        8.753074       1055.1558       1476.8406      -21.089595         -26.6184          5.5288048       2875.1963                 23.140492                 398.11451                                624.58439                      9.3164079              0.035226419              2.3254187                            6.392429                  1476.8406       194.44038         140.0065
              1       1418.9858     0.022816043       69.354147       3.0199432      0.96607854       5.8691498      0.70396166       1.0064633       1.0042101       1.0006854       1.0041695      0.99995299       1.0116426     0.021296415   2.0490128e-09      0.95256538      0.80927503       0.2959628      0.80381125        8.753074       1055.3979       1476.8406      -20.174041       -25.702846          5.5288048       2878.3197                 23.151852                 398.11451                                624.83823                      9.2933189              0.035226419              2.3254187                            6.392429                  1476.8406        194.4395        142.88867
              1       1418.1029     0.022816043       69.354147       3.0199432      0.96607854       5.8691498      0.70396166       1.0064633       1.0042101       1.0013169       1.0096896       0.9997829       1.0046443     0.021296415   2.0490128e-09      0.95256538      0.80927503       0.2959628      0.80381125        8.753074       1055.3979       1476.8406      -21.180959       -26.709764          5.5288048       2878.5678                 23.151852                 398.11451                                624.83823                      9.2933189              0.035226419              2.3254187                            6.392429                  1476.8406       198.26939        139.30681
              1       1416.6573     0.022816043       69.354147       3.0199432      0.96607854       5.8691498      0.70396166       1.0064633       1.0054023       1.0012521       1.0013814      0.99975597       1.0044554     0.021296415   2.0490128e-09      0.95256538      0.80927503       0.2959628      0.80381125        8.753074       1053.9292       1476.8406      -20.289352       -25.818157          5.5288048       2873.8933                 22.980701                  398.0937                                623.17251                       9.682261              0.035226419              2.3254187                            6.392429                  1476.8406       195.03627        139.33421
              1       1418.2108     0.022816043       69.354147       3.0199432      0.96607854       5.8691498      0.70396166       1.0064633       1.0051212       1.0005106       1.0000584       1.0001915       1.0061056     0.021296415   2.0490128e-09      0.95256538      0.80927503       0.2959628      0.80381125        8.753074       1053.8447       1476.8406      -20.434331       -25.963136          5.5288048       2877.2903                 23.020627                 398.09872                                623.14196                      9.5833768              0.035226419              2.3254187                            6.392429                  1476.8406       198.53546        139.31648
              1       1420.2433     0.022816043       69.354147       3.0199432      0.96607854       5.8691498      0.70396166       1.0064633       1.0055834       1.0012797      0.99838555        1.003305       1.0036848     0.021296415   2.0490128e-09      0.95256538      0.80927503       0.2959628      0.80381125        8.753074       1054.1271       1476.8406      -19.916208       -25.445012          5.5288048        2880.319                  22.95515                  398.0937                                623.32998                      9.7482986              0.035226419              2.3254187                            6.392429                  1476.8406       199.64749         140.9507
              1       1419.7025     0.022816043       69.354147       3.0199432      0.96607854       5.8691498      0.70396166       1.0064633       1.0055834       1.0012797      0.99838555       1.0011216       1.0019086     0.021296415   2.0490128e-09      0.95256538      0.80927503       0.2959628      0.80381125        8.753074       1054.1271       1476.8406      -20.249898       -25.778703          5.5288048       2879.9048                  22.95515                  398.0937                                623.32998                      9.7482986              0.035226419              2.3254187                            6.392429                  1476.8406       199.64749        140.53653
              1       1416.5217     0.022816043       69.354147       3.0199432      0.96607854       5.8691498      0.70396166       1.0064633       1.0054256       1.0014441       1.0025682       1.0011443       1.0020518     0.021296415   2.0490128e-09      0.95256538      0.80927503       0.2959628      0.80381125        8.753074       1053.9485       1476.8406      -20.357354       -25.886159          5.5288048       2873.7581                 22.977404                  398.0937                                623.18673                      9.6906599              0.035226419              2.3254187                            6.392429                  1476.8406       193.76331        140.45261
              1       1415.9887     0.022808019       69.330924       3.0206471       0.9663788       5.9131021      0.70418902       1.0059867       1.0054451       1.0020268       1.0028001       1.0009122       1.0073669     0.016204738   2.0504556e-09      0.95255029      0.80997761      0.29573528      0.80419979       8.8158661       1053.2692       1477.1341      -19.839622       -25.295082          5.4554606       2871.6567                 22.928075                 397.95198                                622.79265                      9.5964594              0.037387774              2.3441635                           6.4343149                  1477.1341       192.75244        139.68513
              1       1415.9385     0.022808019       69.330924       3.0206471       0.9663788       5.9131021      0.70418902       1.0059867       1.0054451       1.0020268       1.0028001        1.000859       1.0072216     0.016204738   2.0504556e-09      0.95255029      0.80997761      0.29573528      0.80419979       8.8158661       1053.2692       1477.1341      -19.862005       -25.317465          5.4554606        2871.601                 22.928075                 397.95198                                622.79265                      9.5964594              0.037387774              2.3441635                           6.4343149                  1477.1341       192.75244        139.62944
              1       1415.8635     0.022808019       69.330924       3.0206471       0.9663788       5.9131021      0.70418902       1.0059867       1.0043256       1.0021534       1.0056258       1.0008421        1.007222     0.016204738   2.0504556e-09      0.95255029      0.80997761      0.29573528      0.80419979       8.8158661       1054.6556       1477.1341      -20.708373       -26.163834          5.4554606       2873.1437                 23.087221                 397.94767                                624.37677                      9.2439181              0.037387774              2.3441635                           6.4343149                  1477.1341       192.91095         139.6272
              1       1415.4292     0.022808019       69.330924       3.0206471       0.9663788       5.9131021      0.70418902       1.0059867       1.0043256       1.0021534       1.0056258       1.0002994       1.0048479     0.016204738   2.0504556e-09      0.95255029      0.80997761      0.29573528      0.80419979       8.8158661       1054.6556       1477.1341       -20.99482        -26.45028          5.4554606       2872.8481                 23.087221                 397.94767                                624.37677                      9.2439181              0.037387774              2.3441635                           6.4343149                  1477.1341       192.91095        139.33159
              1       1415.5496     0.022808019       69.330924       3.0206471       0.9663788       5.9131021      0.70418902       1.0059867       1.0052106       1.0021562       1.0055334       1.0006752       1.0063284     0.016204738   2.0504556e-09      0.95255029      0.80997761      0.29573528      0.80419979       8.8158661        1053.203       1477.1341      -20.153384       -25.608844          5.4554606       2871.4059                 22.961009                 397.94371                                622.78151                      9.5167831              0.037387774              2.3441635                           6.4343149                  1477.1341       192.85822        139.39473
              1       1417.6493     0.022808019       69.330924       3.0206471       0.9663788       5.9131021      0.70418902       1.0059867       1.0052967       1.0011252      0.99987162      0.99848969       1.0048736     0.016204738   2.0504556e-09      0.95255029      0.80997761      0.29573528      0.80419979       8.8158661       1053.2111       1477.1341      -20.377868       -25.833329          5.4554606       2876.0544                 22.948898                 397.95198                                622.76454                      9.5456641              0.037387774              2.3441635                           6.4343149                  1477.1341        197.1918        139.70155
              1       1419.5674     0.022808019       69.330924       3.0206471       0.9663788       5.9131021      0.70418902       1.0059867       1.0043947       1.0016398       1.0043808       1.0032774       1.0126509     0.016204738   2.0504556e-09      0.95255029      0.80997761      0.29573528      0.80419979       8.8158661       1054.4473       1477.1341      -19.498913       -24.954374          5.4554606       2878.1327                 23.077266                 397.94767                                624.15873                      9.2636421              0.037387774              2.3441635                           6.4343149                  1477.1341       192.86891        144.86652
              1       1417.8312     0.022808019       69.330924       3.0206471       0.9663788       5.9131021      0.70418902       1.0059867       1.0046224       1.0035288        1.006374      0.99660449       1.0013961     0.016204738   2.0504556e-09      0.95255029      0.80997761      0.29573528      0.80419979       8.8158661       1053.8754       1477.1341      -20.268357       -25.723818          5.4554606        2876.199                 23.044579                 397.94767                                623.55261                       9.330522              0.037387774              2.3441635                           6.4343149                  1477.1341       194.07407        142.29962
              1       1419.8822     0.022808019       69.330924       3.0206471       0.9663788       5.9131021      0.70418902       1.0059867       1.0049663       1.0048165      0.99947856       1.0030895       0.9995073     0.016204738   2.0504556e-09      0.95255029      0.80997761      0.29573528      0.80419979       8.8158661       1053.3342       1477.1341      -19.472868       -24.928328          5.4554606       2878.7102                  22.99555                  397.9387                                622.96286                      9.4370681              0.037387774              2.3441635                           6.4343149                  1477.1341       195.48662        143.93948
              1       1417.6321     0.022808019       69.330924       3.0206471       0.9663788       5.9131021      0.70418902       1.0059867       1.0047127       1.0017389       1.0005013      0.99670594       1.0016556     0.016204738   2.0504556e-09      0.95255029      0.80997761      0.29573528      0.80419979       8.8158661        1053.697       1477.1341      -20.734042       -26.189502          5.4554606       2876.7323                 23.031657                 397.94767                                623.35976                      9.3578671              0.037387774              2.3441635                           6.4343149                  1477.1341        195.0499        142.03551
              1       1417.0352     0.022808019       69.330924       3.0206471       0.9663788       5.9131021      0.70418902       1.0059867       1.0047127       1.0017389       1.0005013       1.0006156       1.0007382     0.016204738   2.0504556e-09      0.95255029      0.80997761      0.29573528      0.80419979       8.8158661        1053.697       1477.1341      -21.014535       -26.469995          5.4554606       2876.0994                 23.031657                 397.94767                                623.35976                      9.3578671              0.037387774              2.3441635                           6.4343149                  1477.1341        195.0499        141.40259
              1       1415.4807     0.022808019       69.330924       3.0206471       0.9663788       5.9131021      0.70418902       1.0059867       1.0047127       1.0033794       1.0023131       0.9990528       1.0044047     0.016204738   2.0504556e-09      0.95255029      0.80997761      0.29573528      0.80419979       8.8158661        1053.697       1477.1341      -20.356822       -25.812282          5.4554606       2871.6751                 23.031657                 397.94767                                623.35976                      9.3578671              0.037387774              2.3441635                           6.4343149                  1477.1341       192.47614        139.55203
              1       1415.4236     0.022838124       69.426306       3.0239504      0.96682527        6.136401      0.70472287       1.0066675       1.0042506       1.0029978       1.0022327      0.99904892       1.0030518     0.027380603   2.0572401e-09      0.95261812       0.8092851      0.29520184      0.80278721       8.9455913       1054.1374       1476.3919      -20.592052       -26.374105          5.7820532       2872.0314                 23.021967                 397.27537                                624.51244                      9.3276518              0.043731802              2.3968048                           6.5050547                  1476.3919       192.60695        139.94952
              1        1416.369     0.022838124       69.426306       3.0239504      0.96682527        6.136401      0.70472287       1.0066675       1.0042506       1.0017346       1.0030921       1.0017133       1.0001541     0.027380603   2.0572401e-09      0.95261812       0.8092851      0.29520184      0.80278721       8.9455913       1054.1374       1476.3919      -20.961683       -26.743736          5.7820532       2874.6614                 23.021967                 397.27537                                624.51244                      9.3276518              0.043731802              2.3968048                           6.5050547                  1476.3919       192.84262        142.34386
              1       1413.5467     0.022908896       69.958244       3.0199558       0.9677744       5.8292062      0.70695374        1.010539       1.0063528       1.0026961       1.0031269       1.0020682       1.0017541     0.053483974   2.0490387e-09      0.95319132      0.80684908      0.29297225      0.79734252       9.6621818       1051.6068       1472.4076      -18.178128       -24.661603          6.4834742       2863.4496                 22.555836                 398.31435                                619.94992                      10.786748               0.07839481              2.6380262                           6.9457608                  1472.4076       189.04294        140.73007
              1       1411.4873     0.022908896       69.958244       3.0199558       0.9677744       5.8292062      0.70695374        1.010539        1.005034       1.0025912       1.0038443       1.0013787       1.0014615     0.053483974   2.0490387e-09      0.95319132      0.80684908      0.29297225      0.79734252       9.6621818       1050.1413       1472.4076      -19.478175       -25.961649          6.4834742       2861.9309                 22.733141                 398.30582                                618.93351                      10.168831               0.07839481              2.6380262                           6.9457608                  1472.4076       188.99776        140.72211
              1       1411.2161     0.022908896       69.958244       3.0199558       0.9677744       5.8292062      0.70695374        1.010539        1.004248       1.0026785       1.0038514       1.0013155       1.0040479     0.053483974   2.0490387e-09      0.95319132      0.80684908      0.29297225      0.79734252       9.6621818       1052.0427       1472.4076      -19.905684       -26.389158          6.4834742       2862.2435                 22.841038                 398.29597                                621.05898                      9.8466658               0.07839481              2.6380262                           6.9457608                  1472.4076       188.94569        139.18533
              1       1409.9457     0.022796346       69.522284       3.0257997      0.96990015       6.2167902      0.70684299         1.00576       1.0047281       1.0028723       1.0037111      0.99925863       1.0103951     0.012632117   2.0610481e-09      0.95283529      0.81243815      0.29308158      0.80301553       9.6855635        1046.486       1476.1756      -19.817191       -25.146696          5.3295042       2859.5257                 22.453663                 397.12343                                617.61271                      9.2961767              0.074365303               2.612492                           6.9987062                  1476.1756       185.93103        141.24756
              1       1408.6141     0.022796346       69.522284       3.0257997      0.96990015       6.2167902      0.70684299         1.00576       1.0055386       1.0028748       1.0036264       1.0009474       1.0020472     0.012632117   2.0610481e-09      0.95283529      0.81243815      0.29308158      0.80301553       9.6855635       1044.6031       1476.1756      -20.124656        -25.45416          5.3295042       2857.4775                 22.349664                 397.16539                                615.54203                      9.5459971              0.074365303               2.612492                           6.9987062                  1476.1756       185.93892         141.0744
              1       1409.2155     0.022796346       69.522284       3.0257997      0.96990015       6.2167902      0.70684299         1.00576       1.0045154       1.0036802       1.0032233       1.0024476        1.008487     0.012632117   2.0610481e-09      0.95283529      0.81243815      0.29308158      0.80301553       9.6855635       1047.3554       1476.1756       -19.88627       -25.215774          5.3295042       2858.2035                  22.48128                  397.1198                                618.51759                      9.2367351              0.074365303               2.612492                           6.9987062                  1476.1756       185.38463        139.60237
              1       1410.2113     0.022796346       69.522284       3.0257997      0.96990015       6.2167902      0.70684299         1.00576       1.0045154       1.0034835      0.99942859       1.0021565       1.0053084     0.012632117   2.0610481e-09      0.95283529      0.81243815      0.29308158      0.80301553       9.6855635       1047.3554       1476.1756      -20.412627       -25.742131          5.3295042       2861.2479                  22.48128                  397.1198                                618.51759                      9.2367351              0.074365303               2.612492                           6.9987062                  1476.1756       188.63167         139.3997
              1       1409.4028     0.022796346       69.522284       3.0257997      0.96990015       6.2167902      0.70684299         1.00576       1.0051338       1.0015591       1.0021493       1.0022658       1.0053831     0.012632117   2.0610481e-09      0.95283529      0.81243815      0.29308158      0.80301553       9.6855635       1045.2526       1476.1756      -20.454813       -25.784317          5.3295042       2859.7152                 22.401367                 397.13062                                616.30401                      9.4166163              0.074365303               2.612492                           6.9987062                  1476.1756       189.19542        139.40601
              1       1404.5479     0.022839168       69.482346       3.0278899      0.97056965       6.2795561       0.7047911       1.0071264       1.0053414       1.0042508       1.0055883       1.0009923       1.0012954     0.047141793   2.0653606e-09      0.95269235      0.80799877      0.29513385      0.80141891       9.0332832        1040.165        1475.889      -19.328399       -25.102743          5.7743442       2847.7527                 22.278533                 397.02053                                611.15007                      9.7159129              0.048782745              2.4373545                            6.547146                   1475.889       180.72574        141.93964
              1       1403.5754     0.022839168       69.482346       3.0278899      0.97056965       6.2795561       0.7047911       1.0071264       1.0053414       1.0042508       1.0055883       1.0007049       1.0068077     0.047141793   2.0653606e-09      0.95269235      0.80799877      0.29513385      0.80141891       9.0332832        1040.165        1475.889      -18.917945       -24.692289          5.7743442       2844.9867                 22.278533                 397.02053                                611.15007                      9.7159129              0.048782745              2.4373545                            6.547146                   1475.889       180.72574        139.17368
              1       1399.6619     0.022658966       70.284796       3.0097843      0.96699409       5.4046895      0.70497147       1.0163579       1.0036246      0.99998151       1.0057829      0.99583055       1.0054267     0.056015393   2.0283025e-09      0.95413121      0.81569395      0.29495522      0.80880654       9.4923136       1037.7941       1469.2334      -23.037383       -26.668553          3.6311699       2845.3986                 22.625332                 399.87061                                604.81764                      10.480507              0.062247961              2.5368819                           6.8931837                  1469.2334       191.31177          137.567
              1       1400.9847     0.022683989       70.413261       3.0123997      0.96648407       5.5055609      0.70568548       1.0170698       1.0036194       0.9999524       1.0058631      0.99302355       1.0043222     0.058595645   2.0336143e-09      0.95424796      0.81679047      0.29424148      0.80891331       9.7591849       1036.4321       1468.5106      -22.142871       -25.997324          3.8544531       2846.2552                 22.817032                 399.55099                                603.89757                      10.166532                0.0729029              2.6069825                           7.0792995                  1468.5106       191.30806        140.24525
              1        1399.623     0.022683989       70.413261       3.0123997      0.96648407       5.5055609      0.70568548       1.0170698       1.0031225      0.99818134       1.0072842      0.99894987       1.0052892     0.058595645   2.0336143e-09      0.95424796      0.81679047      0.29424148      0.80891331       9.7591849       1036.3724       1468.5106      -23.319119       -27.173572          3.8544531       2845.8842                 22.886205                 399.46483                                604.02249                      9.9989054                0.0729029              2.6069825                           7.0792995                  1468.5106       194.23569        137.00626
              1       1399.4709     0.022683989       70.413261       3.0123997      0.96648407       5.5055609      0.70568548       1.0170698       1.0031225      0.99856493        1.006367      0.99669743       1.0056562     0.058595645   2.0336143e-09      0.95424796      0.81679047      0.29424148      0.80891331       9.7591849       1036.3724       1468.5106      -23.107301       -26.961754          3.8544531       2845.1564                 22.886205                 399.46483                                604.02249                      9.9989054                0.0729029              2.6069825                           7.0792995                  1468.5106       193.21344        137.30069
              1       1399.6845     0.022683989       70.413261       3.0123997      0.96648407       5.5055609      0.70568548       1.0170698       1.0035232      0.99969165       1.0095756      0.99756135       1.0024635     0.058595645   2.0336143e-09      0.95424796      0.81679047      0.29424148      0.80891331       9.7591849       1036.3575       1468.5106      -23.371668       -27.226121          3.8544531       2846.1123                 22.830386                 399.53617                                603.85794                      10.132974                0.0729029              2.6069825                           7.0792995                  1468.5106       194.40662         137.0784
              1       1400.3363     0.022683989       70.413261       3.0123997      0.96648407       5.5055609      0.70568548       1.0170698       1.0035232       1.0003492       1.0070855      0.99807163      0.99731068     0.058595645   2.0336143e-09      0.95424796      0.81679047      0.29424148      0.80891331       9.7591849       1036.3575       1468.5106      -23.414435       -27.268888          3.8544531       2847.5016                 22.830386                 399.53617                                603.85794                      10.132974                0.0729029              2.6069825                           7.0792995                  1468.5106        191.7027        141.17159
              1       1400.5128     0.022683989       70.413261       3.0123997      0.96648407       5.5055609      0.70568548       1.0170698       1.0035232       1.0013527       1.0054658       1.0008123       0.9976227     0.058595645   2.0336143e-09      0.95424796      0.81679047      0.29424148      0.80891331       9.7591849       1036.3575       1468.5106      -23.410362       -27.264815          3.8544531       2847.8463                 22.830386                 399.53617                                603.85794                      10.132974                0.0729029              2.6069825                           7.0792995                  1468.5106       191.17728        142.04179
              1       1400.4962     0.022683989       70.413261       3.0123997      0.96648407       5.5055609      0.70568548       1.0170698       1.0035232       1.0016235       1.0036314       0.9996453      0.99721585     0.058595645   2.0336143e-09      0.95424796      0.81679047      0.29424148      0.80891331       9.7591849       1036.3575       1468.5106      -23.358975       -27.213428          3.8544531       2847.7103                 22.830386                 399.53617                                603.85794                      10.132974                0.0729029              2.6069825                           7.0792995                  1468.5106       191.28978        141.79321
              1       1399.4357     0.022683989       70.413261       3.0123997      0.96648407       5.5055609      0.70568548       1.0170698       1.0035232       1.0014283       1.0047017       1.0025849        1.004239     0.058595645   2.0336143e-09      0.95424796      0.81679047      0.29424148      0.80891331       9.7591849       1036.3575       1468.5106      -23.132814       -26.987268          3.8544531       2845.1371                 22.830386                 399.53617                                603.85794                      10.132974                0.0729029              2.6069825                           7.0792995                  1468.5106       191.07619        139.43359
              1        1400.425     0.022683989       70.413261       3.0123997      0.96648407       5.5055609      0.70568548       1.0170698       1.0035232       1.0014283       1.0047017      0.99937235      0.99704005     0.058595645   2.0336143e-09      0.95424796      0.81679047      0.29424148      0.80891331       9.7591849       1036.3575       1468.5106      -23.375866       -27.230319          3.8544531       2847.6018                 22.830386                 399.53617                                603.85794                      10.132974                0.0729029              2.6069825                           7.0792995                  1468.5106       191.07619        141.89832
              1       1398.0354     0.022683989       70.413261       3.0123997      0.96648407       5.5055609      0.70568548       1.0170698       1.0032559       1.0014274       1.0047296      0.99754231       1.0049408     0.058595645   2.0336143e-09      0.95424796      0.81679047      0.29424148      0.80891331       9.7591849       1036.2836       1468.5106      -23.232834       -27.087287          3.8544531       2842.5365                 22.867568                 399.46483                                603.90861                      10.042564                0.0729029              2.6069825                           7.0792995                  1468.5106       191.07776        136.90536
              1        1399.558     0.022710695       70.520976       3.0331458      0.96601455       6.2832739      0.70145527       1.0228929       1.0050615       1.0043738       1.0062959       1.0026992        1.002271      0.15132685   2.0762445e-09      0.95433391      0.81188455      0.29847199       0.8098143       8.5470702       1033.3609       1466.5388      -21.010526       -25.087535           4.077009        2841.137                 23.238175                 397.11357                                604.04756                      8.9616004              0.026906065              2.2529502                           6.2672139                  1466.5388       192.75285        139.93736
              1       1399.4412     0.022710695       70.520976       3.0331458      0.96601455       6.2832739      0.70145527       1.0228929       1.0058775       1.0050989       1.0063768       1.0025092       1.0028645      0.15132685   2.0762445e-09      0.95433391      0.81188455      0.29847199       0.8098143       8.5470702       1030.6983       1466.5388      -19.910554       -23.987563           4.077009       2838.7034                  23.11815                 397.14394                                601.32703                      9.1091623              0.026906065              2.2529502                           6.2672139                  1466.5388       193.61461        139.30464
              1       1398.1046     0.022710695       70.520976       3.0331458      0.96601455       6.2832739      0.70145527       1.0228929       1.0058749       1.0011675       1.0064949      0.99975197       1.0054027      0.15132685   2.0762445e-09      0.95433391      0.81188455      0.29847199       0.8098143       8.5470702       1030.7032       1466.5388      -21.237726       -25.314735           4.077009       2838.6847                 23.118521                 397.14394                                 601.3321                      9.1086431              0.026906065              2.2529502                           6.2672139                  1466.5388       195.29593        137.59969
              1        1399.204     0.022710695       70.520976       3.0331458      0.96601455       6.2832739      0.70145527       1.0228929       1.0058749       1.0010407       1.0068302      0.99855628       1.0025087      0.15132685   2.0762445e-09      0.95433391      0.81188455      0.29847199       0.8098143       8.5470702       1030.7032       1466.5388      -21.419707       -25.496716           4.077009       2841.2473                 23.118521                 397.14394                                 601.3321                      9.1086431              0.026906065              2.2529502                           6.2672139                  1466.5388       195.61208        139.84615
              1       1400.2685     0.022710695       70.520976       3.0331458      0.96601455       6.2832739      0.70145527       1.0228929        1.005752       1.0020497       1.0064819      0.99636494       1.0010798      0.15132685   2.0762445e-09      0.95433391      0.81188455      0.29847199       0.8098143       8.5470702       1030.9662       1466.5388      -21.133313       -25.210322           4.077009       2842.8036                 23.136459                 397.14394                                601.60179                       9.084034              0.026906065              2.2529502                           6.2672139                  1466.5388       193.61658        143.13489
              1       1397.9451     0.022710695       70.520976       3.0331458      0.96601455       6.2832739      0.70145527       1.0228929        1.005752       1.0020497       1.0064819      0.99868206       1.0079518      0.15132685   2.0762445e-09      0.95433391      0.81188455      0.29847199       0.8098143       8.5470702       1030.9662       1466.5388      -20.830795       -24.907804           4.077009       2837.5518                 23.136459                 397.14394                                601.60179                       9.084034              0.026906065              2.2529502                           6.2672139                  1466.5388       193.61658        137.88313
              1       1398.3928     0.022710695       70.520976       3.0331458      0.96601455       6.2832739      0.70145527       1.0228929        1.006475       1.0023051        1.004403      0.99957681       1.0092218      0.15132685   2.0762445e-09      0.95433391      0.81188455      0.29847199       0.8098143       8.5470702       1030.1394       1466.5388      -19.894127       -23.971136           4.077009       2836.5738                 23.031678                 397.13497                                600.73189                      9.2408907              0.026906065              2.2529502                           6.2672139                  1466.5388       193.60065        137.74779
              1       1397.7572     0.022710695       70.520976       3.0331458      0.96601455       6.2832739      0.70145527       1.0228929       1.0060347       1.0023037        1.004449      0.99896573       1.0072771      0.15132685   2.0762445e-09      0.95433391      0.81188455      0.29847199       0.8098143       8.5470702       1030.4285       1466.5388      -20.616603       -24.693612           4.077009       2836.7475                 23.095296                 397.13497                                601.05636                      9.1418764              0.026906065              2.2529502                           6.2672139                  1466.5388       193.57962        137.65349
              1       1398.3976     0.022710695       70.520976       3.0331458      0.96601455       6.2832739      0.70145527       1.0228929       1.0060347       1.0023037        1.004449      0.99787621       1.0081311      0.15132685   2.0762445e-09      0.95433391      0.81188455      0.29847199       0.8098143       8.5470702       1030.4285       1466.5388      -20.406789       -24.483798           4.077009       2837.6089                 23.095296                 397.13497                                601.05636                      9.1418764              0.026906065              2.2529502                           6.2672139                  1466.5388       193.57962        138.51483
              1       1398.3416     0.022710695       70.520976       3.0331458      0.96601455       6.2832739      0.70145527       1.0228929       1.0054948        1.002302       1.0045053      0.99842015       1.0085527      0.15132685   2.0762445e-09      0.95433391      0.81188455      0.29847199       0.8098143       8.5470702       1031.6325       1466.5388      -20.888599       -24.965608           4.077009       2838.4605                 23.174166                  397.0951                                602.32793                      9.0352904              0.026906065              2.2529502                           6.2672139                  1466.5388       193.55481        138.18729
              1       1390.2439     0.022530569       69.448985       3.0264024      0.96646251       6.2934408      0.69658602       1.0144472       1.0026526       1.0025571       1.0080687      0.99624865       1.0067501     0.093473668   2.0622907e-09      0.95328672      0.81401527      0.30333895      0.81853266       7.8039456       1022.5666       1473.8742      -24.147705       -26.723066          2.5753608       2828.7833                 22.991626                 397.07934                                593.16199                      9.3336406             0.0010951354              1.8356195                            5.967231                  1473.8742        186.1042         138.4343
              1       1391.5874     0.022423342        68.67903       3.0202702      0.97028065       6.2254215      0.69475242       1.0071719       1.0013963       1.0027255       1.0072011      0.99820852       1.0073078     0.030238762   2.0496829e-09      0.95246078      0.81786193      0.30517068      0.82487999       7.7713551       1025.6851       1481.2075      -25.419203       -27.275852          1.8566487       2834.0131                 22.158689                 397.28732                                596.71481                      9.5242829            0.00088208108              1.6440868                           6.1263862                  1481.2075       180.76398        138.58519
              1       1390.5504     0.022423342        68.67903       3.0202702      0.97028065       6.2254215      0.69475242       1.0071719       1.0017038       1.0022402       1.0037079       1.0034597        1.003312     0.030238762   2.0496829e-09      0.95246078      0.81786193      0.30517068      0.82487999       7.7713551       1025.1485       1481.2075      -25.661012       -27.517661          1.8566487       2832.4228                 22.121099                 397.33807                                596.11839                      9.5709396            0.00088208108              1.6440868                           6.1263862                  1481.2075       177.12819         141.1673
              1        1388.723     0.022423342        68.67903       3.0202702      0.97028065       6.2254215      0.69475242       1.0071719       1.0017038       1.0016816       1.0043846      0.99755429       1.0063956     0.030238762   2.0496829e-09      0.95246078      0.81786193      0.30517068      0.82487999       7.7713551       1025.1485       1481.2075      -25.648047       -27.504696          1.8566487        2828.742                 22.121099                 397.33807                                596.11839                      9.5709396            0.00088208108              1.6440868                           6.1263862                  1481.2075       176.52553        138.08916
              1       1390.7828     0.022423342        68.67903       3.0202702      0.97028065       6.2254215      0.69475242       1.0071719       1.0009069       1.0027643       1.0015437      0.99746826       1.0062632     0.030238762   2.0496829e-09      0.95246078      0.81786193      0.30517068      0.82487999       7.7713551       1027.2762       1481.2075      -25.552288       -27.408937          1.8566487       2832.6702                 22.219339                 397.28033                                598.31543                      9.4611122            0.00088208108              1.6440868                           6.1263862                  1481.2075       178.37946        138.03574
              1       1388.1365     0.022451756       68.731215       3.0181059      0.96982713       6.0780576      0.69537191       1.0071213       1.0012487       1.0004823       1.0033634      0.99619888       1.0004156     0.032520458   2.0452517e-09       0.9524728      0.81577576      0.30455132      0.82194056       7.7549813       1025.7477        1480.793      -25.877725       -27.931669          2.0539441       2828.0284                 22.269632                 397.68418                                596.27245                      9.5214579            0.00017544447              1.6929893                           6.0618166                   1480.793       175.23196        138.50073
              1        1387.659     0.022451756       68.731215       3.0181059      0.96982713       6.0780576      0.69537191       1.0071213       1.0012487       1.0004823       1.0033634      0.99920671       1.0006508     0.032520458   2.0452517e-09       0.9524728      0.81577576      0.30455132      0.82194056       7.7549813       1025.7477        1480.793      -26.218088       -28.272032          2.0539441       2827.7542                 22.269632                 397.68418                                596.27245                      9.5214579            0.00017544447              1.6929893                           6.0618166                   1480.793       175.23196        138.22661
              1       1387.6538     0.022449069       68.818343       3.0123075      0.96982963       5.6978114      0.69557761       1.0075077       1.0030604       1.0016785       1.0025361      0.99873601       1.0037252     0.016916134   2.0334268e-09      0.95259874      0.81866316      0.30434558      0.82457112       7.8305154       1026.4732       1479.9035       -25.32235       -27.352596          2.0302455       2825.9523                 22.007795                 398.88927                                595.59557                      9.9805722            5.5830338e-05              1.7103257                           6.1201339                  1479.9035       174.39627        137.34888
              1       1388.8579     0.022449069       68.818343       3.0123075      0.96982963       5.6978114      0.69557761       1.0075077       1.0034288       1.0005897       1.0046826       1.0016074       1.0021833     0.016916134   2.0334268e-09      0.95259874      0.81866316      0.30434558      0.82457112       7.8305154       1027.6748       1479.9035      -25.330047       -27.360293          2.0302455       2828.3759                 21.964343                 398.87695                                596.75621                      10.077298            5.5830338e-05              1.7103257                           6.1201339                  1479.9035        173.8999        139.06725
              1       1389.9255     0.022449069       68.818343       3.0123075      0.96982963       5.6978114      0.69557761       1.0075077       1.0037199       1.0017477       1.0044168       1.0009008       1.0054611     0.016916134   2.0334268e-09      0.95259874      0.81866316      0.30434558      0.82457112       7.8305154        1028.955       1479.9035        -24.8201       -26.850346          2.0302455       2829.4912                 21.930303                 398.87695                                597.98861                      10.159099            5.5830338e-05              1.7103257                           6.1201339                  1479.9035       174.34691         138.4554
              1       1389.7506     0.022449069       68.818343       3.0123075      0.96982963       5.6978114      0.69557761       1.0075077       1.0037016      0.99917685        1.006281      0.99742544       1.0042339     0.016916134   2.0334268e-09      0.95259874      0.81866316      0.30434558      0.82457112       7.8305154       1028.8659       1479.9035      -24.931321       -26.961566          2.0302455       2829.3638                  21.93244                 398.87695                                597.90275                      10.153805            5.5830338e-05              1.7103257                           6.1201339                  1479.9035        175.3172        137.44667
              1        1389.722     0.022449069       68.818343       3.0123075      0.96982963       5.6978114      0.69557761       1.0075077       1.0037016      0.99917685        1.006281      0.99762645       1.0043477     0.016916134   2.0334268e-09      0.95259874      0.81866316      0.30434558      0.82457112       7.8305154       1028.8659       1479.9035      -24.946751       -26.976996          2.0302455       2829.3375                  21.93244                 398.87695                                597.90275                      10.153805            5.5830338e-05              1.7103257                           6.1201339                  1479.9035        175.3172        137.42041
              1       1389.6977     0.022449069       68.818343       3.0123075      0.96982963       5.6978114      0.69557761       1.0075077       1.0037016      0.99932468       1.0056223      0.99787066       1.0054754     0.016916134   2.0334268e-09      0.95259874      0.81866316      0.30434558      0.82457112       7.8305154       1028.8659       1479.9035      -24.881541       -26.911787          2.0302455       2829.1586                  21.93244                 398.87695                                597.90275                      10.153805            5.5830338e-05              1.7103257                           6.1201339                  1479.9035       174.90869        137.64995
              1       1390.0934     0.022449069       68.818343       3.0123075      0.96982963       5.6978114      0.69557761       1.0075077       1.0029921      0.99932242       1.0056964       1.0015524      0.99775698     0.016916134   2.0334268e-09      0.95259874      0.81866316      0.30434558      0.82457112       7.8305154        1026.298       1479.9035      -25.549975        -27.58022          2.0302455       2831.2867                 22.015892                 398.88927                                595.42941                      9.9634696            5.5830338e-05              1.7103257                           6.1201339                  1479.9035       174.93095        142.32373
              1       1387.7548     0.022449069       68.818343       3.0123075      0.96982963       5.6978114      0.69557761       1.0075077       1.0029921      0.99982176       1.0065344      0.99980901       1.0022711     0.016916134   2.0334268e-09      0.95259874      0.81866316      0.30434558      0.82457112       7.8305154        1026.298       1479.9035      -25.631385       -27.661631          2.0302455       2826.7724                 22.015892                 398.88927                                595.42941                      9.9634696            5.5830338e-05              1.7103257                           6.1201339                  1479.9035       174.89087        137.84949
              1       1391.6906     0.022449069       68.818343       3.0123075      0.96982963       5.6978114      0.69557761       1.0075077       1.0029921      0.99829792       1.0112344       0.9999485       1.0019947     0.016916134   2.0334268e-09      0.95259874      0.81866316      0.30434558      0.82457112       7.8305154        1026.298       1479.9035      -25.484194        -27.51444          2.0302455       2834.3496                 22.015892                 398.88927                                595.42941                      9.9634696            5.5830338e-05              1.7103257                           6.1201339                  1479.9035       182.31973        137.99788
              1       1389.3512     0.022449069       68.818343       3.0123075      0.96982963       5.6978114      0.69557761       1.0075077       1.0029921      0.99873165       1.0043972      0.99700782      0.99892349     0.016916134   2.0334268e-09      0.95259874      0.81866316      0.30434558      0.82457112       7.8305154        1026.298       1479.9035      -25.360463       -27.390709          2.0302455       2829.4234                 22.015892                 398.88927                                595.42941                      9.9634696            5.5830338e-05              1.7103257                           6.1201339                  1479.9035       175.86192        139.52946
              1       1389.1172     0.022449069       68.818343       3.0123075      0.96982963       5.6978114      0.69557761       1.0075077       1.0029921      0.99910816       1.0053731      0.99835283      0.99818872     0.016916134   2.0334268e-09      0.95259874      0.81866316      0.30434558      0.82457112       7.8305154        1026.298       1479.9035      -25.540335        -27.57058          2.0302455       2829.3151                 22.015892                 398.88927                                595.42941                      9.9634696            5.5830338e-05              1.7103257                           6.1201339                  1479.9035       175.14601         140.1371
              1       1388.0109     0.022449069       68.818343       3.0123075      0.96982963       5.6978114      0.69557761       1.0075077       1.0010467      0.99910199       1.0055763      0.99934468       1.0029215     0.016916134   2.0334268e-09      0.95259874      0.81866316      0.30434558      0.82457112       7.8305154       1027.9119       1479.9035      -26.175223       -28.205469          2.0302455       2828.3723                 22.252886                  398.8849                                597.18737                      9.5867298            5.5830338e-05              1.7103257                           6.1201339                  1479.9035       175.18803        137.53838
              1       1387.1092     0.022449069       68.818343       3.0123075      0.96982963       5.6978114      0.69557761       1.0075077       1.0012661       1.0002928       1.0037354      0.99784543       1.0018877     0.016916134   2.0334268e-09      0.95259874      0.81866316      0.30434558      0.82457112       7.8305154       1027.0692       1479.9035      -26.117221       -28.147467          2.0302455       2826.4529                 22.225478                 398.86688                                596.35839                      9.6184938            5.5830338e-05              1.7103257                           6.1201339                  1479.9035        174.0287        137.62102
              1       1391.0165     0.022449069       68.818343       3.0123075      0.96982963       5.6978114      0.69557761       1.0075077       1.0012839       1.0002929       1.0037335      0.99880658      0.99463633     0.016916134   2.0334268e-09      0.95259874      0.81866316      0.30434558      0.82457112       7.8305154       1027.0213       1479.9035      -25.954944        -27.98519          2.0302455       2833.9429                 22.223259                 398.87869                                596.29816                       9.621193            5.5830338e-05              1.7103257                           6.1201339                  1479.9035       174.02907         145.1586
              1       1387.2206     0.022449069       68.818343       3.0123075      0.96982963       5.6978114      0.69557761       1.0075077        1.001187       1.0002925       1.0037436      0.99809442       1.0043216     0.016916134   2.0334268e-09      0.95259874      0.81866316      0.30434558      0.82457112       7.8305154       1027.3465       1479.9035      -26.014856       -28.045101          2.0302455       2826.4708                 22.235347                 398.86565                                596.63876                       9.606723            5.5830338e-05              1.7103257                           6.1201339                  1479.9035       174.02704        137.36336
              1       1388.0431     0.022449069       68.818343       3.0123075      0.96982963       5.6978114      0.69557761       1.0075077       1.0015517      0.99920228       1.0050669      0.99564893        1.003873     0.016916134   2.0334268e-09      0.95259874      0.81866316      0.30434558      0.82457112       7.8305154       1026.2532       1479.9035      -25.559655       -27.589901          2.0302455       2827.2056                 22.190019                 398.87869                                595.52057                      9.6639409            5.5830338e-05              1.7103257                           6.1201339                  1479.9035       174.98561        138.23276
              1       1389.8901     0.022449069       68.818343       3.0123075      0.96982963       5.6978114      0.69557761       1.0075077       1.0015517       1.0006046       1.0090202      0.99494546       1.0041826     0.016916134   2.0334268e-09      0.95259874      0.81866316      0.30434558      0.82457112       7.8305154       1026.2532       1479.9035      -25.387006       -27.417251          2.0302455       2830.5542                 22.190019                 398.87869                                595.52057                      9.6639409            5.5830338e-05              1.7103257                           6.1201339                  1479.9035       177.73903        138.82799
              1       1389.0579     0.022449069       68.818343       3.0123075      0.96982963       5.6978114      0.69557761       1.0075077       1.0015517      0.99937887       1.0035675      0.99417341       1.0036298     0.016916134   2.0334268e-09      0.95259874      0.81866316      0.30434558      0.82457112       7.8305154       1026.2532       1479.9035      -25.218384        -27.24863          2.0302455       2828.5525                 22.190019                 398.87869                                595.52057                      9.6639409            5.5830338e-05              1.7103257                           6.1201339                  1479.9035       175.02713        139.53818
              1       1388.6169     0.022449069       68.818343       3.0123075      0.96982963       5.6978114      0.69557761       1.0075077        1.001068       1.0008212       1.0014163      0.99995899      0.99985649     0.016916134   2.0334268e-09      0.95259874      0.81866316      0.30434558      0.82457112       7.8305154       1027.8055       1479.9035      -26.270115        -28.30036          2.0302455       2829.7741                 22.250222                 398.86565                                 597.0999                      9.5896908            5.5830338e-05              1.7103257                           6.1201339                  1479.9035       175.08005        139.15462
              1       1388.7651     0.022449069       68.818343       3.0123075      0.96982963       5.6978114      0.69557761       1.0075077        1.001068       1.0008212       1.0014163      0.99705989        1.006405     0.016916134   2.0334268e-09      0.95259874      0.81866316      0.30434558      0.82457112       7.8305154       1027.8055       1479.9035       -25.66786       -27.698106          2.0302455       2828.8659                 22.250222                 398.86565                                 597.0999                      9.5896908            5.5830338e-05              1.7103257                           6.1201339                  1479.9035       175.08005         138.2464
              1       1388.9807     0.022449069       68.818343       3.0123075      0.96982963       5.6978114      0.69557761       1.0075077       1.0004273       1.0005797       1.0034087      0.99835281       1.0018462     0.016916134   2.0334268e-09      0.95259874      0.81866316      0.30434558      0.82457112       7.8305154       1031.1517       1479.9035      -26.266255       -28.296501          2.0302455       2830.4939                 22.330876                 398.90885                                 600.4001                      9.5118732            5.5830338e-05              1.7103257                           6.1201339                  1479.9035       173.97963        137.62857
              1        1391.444     0.022449069       68.818343       3.0123075      0.96982963       5.6978114      0.69557761       1.0075077       1.0004273       1.0005797       1.0034087      0.99355042       1.0042421     0.016916134   2.0334268e-09      0.95259874      0.81866316      0.30434558      0.82457112       7.8305154       1031.1517       1479.9035      -25.163885       -27.194131          2.0302455       2833.2158                 22.330876                 398.90885                                 600.4001                      9.5118732            5.5830338e-05              1.7103257                           6.1201339                  1479.9035       173.97963        140.35049
              1       1393.6264     0.022449069       68.818343       3.0123075      0.96982963       5.6978114      0.69557761       1.0075077       1.0004273       1.0005797       1.0034087       1.0014163      0.99480293     0.016916134   2.0334268e-09      0.95259874      0.81866316      0.30434558      0.82457112       7.8305154       1031.1517       1479.9035      -26.060529       -28.090774          2.0302455       2839.3738                 22.330876                 398.90885                                 600.4001                      9.5118732            5.5830338e-05              1.7103257                           6.1201339                  1479.9035       173.97963        146.50851
              1       1391.4812     0.022449069       68.818343       3.0123075      0.96982963       5.6978114      0.69557761       1.0075077       1.0004273       1.0006441       1.0052545      0.99466291      0.99843362     0.016916134   2.0334268e-09      0.95259874      0.81866316      0.30434558      0.82457112       7.8305154       1031.1517       1479.9035      -25.631747       -27.661992          2.0302455       2834.2259                 22.330876                 398.90885                                 600.4001                      9.5118732            5.5830338e-05              1.7103257                           6.1201339                  1479.9035       174.04608        141.29419
              1       1390.3358     0.022449069       68.818343       3.0123075      0.96982963       5.6978114      0.69557761       1.0075077       1.0010081       1.0020723       1.0015619      0.99408102       1.0010579     0.016916134   2.0334268e-09      0.95259874      0.81866316      0.30434558      0.82457112       7.8305154       1028.0742       1479.9035      -25.199702       -27.229948          2.0302455        2831.071                 22.257727                  398.8849                                597.35015                      9.5814174            5.5830338e-05              1.7103257                           6.1201339                  1479.9035       175.16464        140.09816
              1       1389.6155     0.022449069       68.818343       3.0123075      0.96982963       5.6978114      0.69557761       1.0075077       1.0025729        1.001714       1.0078566        1.001044      0.99956422     0.016916134   2.0334268e-09      0.95259874      0.81866316      0.30434558      0.82457112       7.8305154       1025.5616       1479.9035      -25.677445        -27.70769          2.0302455       2830.5859                 22.065835                 398.88484                                594.74671                      9.8642349            5.5830338e-05              1.7103257                           6.1201339                  1479.9035       177.20369        140.08659
              1       1391.6235     0.022449069       68.818343       3.0123075      0.96982963       5.6978114      0.69557761       1.0075077       1.0014231       1.0040014       1.0012838       1.0025279         1.00068     0.016916134   2.0334268e-09      0.95259874      0.81866316      0.30434558      0.82457112       7.8305154       1026.5916       1479.9035      -25.184667       -27.214912          2.0302455       2833.6163                 22.205954                 398.87869                                 595.8641                      9.6429031            5.5830338e-05              1.7103257                           6.1201339                  1479.9035       178.56488         140.7258
              1        1387.801     0.022542574       68.802213       3.0116285      0.97248004       5.7323812      0.69477483        1.007705       1.0018936       1.0042865       1.0005023      0.99996669       1.0016948     0.047079122   2.0320466e-09      0.95237898      0.81196687      0.30514864      0.81890477        7.658369       1026.1449       1479.8721      -24.350682       -27.094473          2.7437912       2824.3033                  21.65042                 398.82596                                595.21983                       10.44867            0.00065467202              1.6566747                           6.0010397                  1479.8721       172.05621        138.57178
              1       1391.4421     0.022542574       68.802213       3.0116285      0.97248004       5.7323812      0.69477483        1.007705       1.0018936       1.0045626      0.99663447      0.99993854      0.99855959     0.047079122   2.0320466e-09      0.95237898      0.81196687      0.30514864      0.81890477        7.658369       1026.1449       1479.8721      -24.222401       -26.966193          2.7437912       2831.3291                  21.65042                 398.82596                                595.21983                       10.44867            0.00065467202              1.6566747                           6.0010397                  1479.8721       177.06958        140.58415
              1       1391.7156     0.022542574       68.802213       3.0116285      0.97248004       5.7323812      0.69477483        1.007705       1.0009951       1.0045598      0.99672831       1.0006205      0.99822057     0.047079122   2.0320466e-09      0.95237898      0.81196687      0.30514864      0.81890477        7.658369       1026.5356       1479.8721      -24.411702       -27.155493          2.7437912       2832.2546                 21.749185                 398.80919                                595.82674                      10.150449            0.00065467202              1.6566747                           6.0010397                  1479.8721       176.89803        141.29053
              1       1391.1785     0.022542574       68.802213       3.0116285      0.97248004       5.7323812      0.69477483        1.007705       1.0014441       1.0045612      0.99668142       1.0024982        1.003192     0.047079122   2.0320466e-09      0.95237898      0.81196687      0.30514864      0.81890477        7.658369       1025.9967       1479.8721      -24.111686       -26.855478          2.7437912       2830.5804                 21.699514                 398.81555                                595.18783                      10.293797            0.00065467202              1.6566747                           6.0010397                  1479.8721       176.98338        140.06982
              1       1394.0774     0.022542574       68.802213       3.0116285      0.97248004       5.7323812      0.69477483        1.007705       1.0009527       1.0005423      0.99361371       1.0017745       1.0019916     0.047079122   2.0320466e-09      0.95237898      0.81196687      0.30514864      0.81890477        7.658369       1026.6224       1479.8721      -25.480949        -28.22474          2.7437912       2839.1168                 21.753906                 398.80919                                 595.9218                      10.137503            0.00065467202              1.6566747                           6.0010397                  1479.8721       185.32709        139.63684
              1       1395.3043     0.022549631       68.814948       3.0133665       0.9744085       6.1234768      0.69676313       1.0058202      0.99849584      0.99820627      0.99380276      0.99525748       1.0065586     0.018758911   2.0355812e-09       0.9523817      0.81645334       0.3031601       0.8207422       7.8665894       1027.6176         1480.25      -24.261644       -27.104807           2.843163       2839.1319                 21.568703                 397.62063                                598.55966                      9.8686038            0.00051854494              1.8022242                           6.0638467                    1480.25        182.2045        141.19321
              1       1394.8607     0.022549631       68.814948       3.0133665       0.9744085       6.1234768      0.69676313       1.0058202      0.99849584      0.99820627      0.99380276      0.99668694       1.0066803     0.018758911   2.0355812e-09       0.9523817      0.81645334       0.3031601       0.8207422       7.8665894       1027.6176         1480.25      -24.532002       -27.375165           2.843163       2838.7854                 21.568703                 397.62063                                598.55966                      9.8686038            0.00051854494              1.8022242                           6.0638467                    1480.25        182.2045        140.84674
              1        1392.709     0.022549631       68.814948       3.0133665       0.9744085       6.1234768      0.69676313       1.0058202      0.99937434      0.99820905      0.99371102      0.99625143       1.0000183     0.018758911   2.0355812e-09       0.9523817      0.81645334       0.3031601       0.8207422       7.8665894       1026.1265         1480.25      -25.028137         -27.8713           2.843163       2835.4742                 21.476492                 397.67787                                596.87664                      10.095494            0.00051854494              1.8022242                           6.0638467                    1480.25       182.52609        138.70503
              1       1384.0455     0.022549631       68.814948       3.0133665       0.9744085       6.1234768      0.69676313       1.0058202      0.99932756      0.99806169       1.0018407      0.99683083       1.0021571     0.018758911   2.0355812e-09       0.9523817      0.81645334       0.3031601       0.8207422       7.8665894       1026.1427         1480.25      -25.048139       -27.891302           2.843163       2818.1872                 21.481347                 397.67787                                596.90114                      10.082305            0.00051854494              1.8022242                           6.0638467                    1480.25       165.45058        138.47745
              1       1384.5545     0.022549631       68.814948       3.0133665       0.9744085       6.1234768      0.69676313       1.0058202      0.99874719       1.0003983       1.0037158       0.9965648       1.0045008     0.018758911   2.0355812e-09       0.9523817      0.81645334       0.3031601       0.8207422       7.8665894       1026.9056         1480.25      -24.967464       -27.810627           2.843163        2819.044                 21.542086                 397.62063                                597.81383                      9.9290299            0.00051854494              1.8022242                           6.0638467                    1480.25        164.7605        139.26132
              1       1386.7653     0.022549631       68.814948       3.0133665       0.9744085       6.1234768      0.69676313       1.0058202      0.99874719       1.0003983       1.0037158      0.99985561      0.99487624     0.018758911   2.0355812e-09       0.9523817      0.81645334       0.3031601       0.8207422       7.8665894       1026.9056         1480.25      -25.202901       -28.046064           2.843163       2823.9364                 21.542086                 397.62063                                597.81383                      9.9290299            0.00051854494              1.8022242                           6.0638467                    1480.25        164.7605        144.15372
              1       1384.7107     0.022549631       68.814948       3.0133665       0.9744085       6.1234768      0.69676313       1.0058202      0.99874719       1.0003983       1.0037158      0.99541362      0.99863731     0.018758911   2.0355812e-09       0.9523817      0.81645334       0.3031601       0.8207422       7.8665894       1026.9056         1480.25      -24.912514       -27.755677           2.843163       2819.2464                 21.542086                 397.62063                                597.81383                      9.9290299            0.00051854494              1.8022242                           6.0638467                    1480.25        164.7605        139.46375
              1       1384.8418     0.022549631       68.814948       3.0133665       0.9744085       6.1234768      0.69676313       1.0058202      0.99874719       1.0005198       1.0039757      0.99541141      0.99865194     0.018758911   2.0355812e-09       0.9523817      0.81645334       0.3031601       0.8207422       7.8665894       1026.9056         1480.25      -24.906189       -27.749352           2.843163       2819.4961                 21.542086                 397.62063                                597.81383                      9.9290299            0.00051854494              1.8022242                           6.0638467                    1480.25       165.01711        139.45682
              1       1386.2191     0.022549631       68.814948       3.0133665       0.9744085       6.1234768      0.69676313       1.0058202      0.99874719       1.0005297        1.002972       0.9934298      0.99755622     0.018758911   2.0355812e-09       0.9523817      0.81645334       0.3031601       0.8207422       7.8665894       1026.9056         1480.25      -24.317888       -27.161051           2.843163       2821.0739                 21.542086                 397.62063                                597.81383                      9.9290299            0.00051854494              1.8022242                           6.0638467                    1480.25        164.7321        141.31964
              1       1384.6648     0.022549631       68.814948       3.0133665       0.9744085       6.1234768      0.69676313       1.0058202      0.99874719      0.99823421       1.0035411       1.0003425       1.0030592     0.018758911   2.0355812e-09       0.9523817      0.81645334       0.3031601       0.8207422       7.8665894       1026.9056         1480.25      -25.195923       -28.039086           2.843163       2819.7215                 21.542086                 397.62063                                597.81383                      9.9290299            0.00051854494              1.8022242                           6.0638467                    1480.25       164.56497        140.13443
              1       1384.4759     0.022549631       68.814948       3.0133665       0.9744085       6.1234768      0.69676313       1.0058202      0.99882011      0.99823444       1.0035335       1.0003264        1.002421     0.018758911   2.0355812e-09       0.9523817      0.81645334       0.3031601       0.8207422       7.8665894       1026.7394         1480.25      -25.243514       -28.086677           2.843163       2819.4388                 21.534401                 397.62063                                597.63716                      9.9472359            0.00051854494              1.8022242                           6.0638467                    1480.25       164.56541        140.01744
              1       1385.6746     0.022549631       68.814948       3.0133665       0.9744085       6.1234768      0.69676313       1.0058202      0.99995166      0.99853243       1.0053288      0.99635007       1.0070371     0.018758911   2.0355812e-09       0.9523817      0.81645334       0.3031601       0.8207422       7.8665894       1026.5239         1480.25      -24.667426       -27.510589           2.843163       2820.6841                 21.417071                 397.66365                                597.17472                      10.268446            0.00051854494              1.8022242                           6.0638467                    1480.25       164.79321        141.25047
              1       1380.5339     0.022686697       69.806612       3.0212783      0.97310477       6.5010631      0.70507066       1.0090634      0.99993071       0.9977904       1.0057092       1.0014904       1.0007034     0.021923217   2.0517502e-09      0.95344373      0.82038609       0.2948548      0.81332058       9.7544687       1018.8008       1473.0851      -24.068619       -28.097918          4.0292996       2809.2051                 21.852325                 396.61374                                590.32094                      10.013814              0.067342804              2.5718888                           7.1152371                  1473.0851        165.0907        142.47397
              1       1379.2288     0.022686697       69.806612       3.0212783      0.97310477       6.5010631      0.70507066       1.0090634      0.99993071       0.9977904       1.0057092      0.99623042       1.0007975     0.021923217   2.0517502e-09      0.95344373      0.82038609       0.2948548      0.81332058       9.7544687       1018.8008       1473.0851      -23.769955       -27.799255          4.0292996       2805.9976                 21.852325                 396.61374                                590.32094                      10.013814              0.067342804              2.5718888                           7.1152371                  1473.0851        165.0907        139.26649
              1       1379.5314     0.022686697       69.806612       3.0212783      0.97310477       6.5010631      0.70507066       1.0090634      0.99986288      0.99754787       1.0066173      0.99810018       1.0016872     0.021923217   2.0517502e-09      0.95344373      0.82038609       0.2948548      0.81332058       9.7544687       1018.7796       1473.0851      -23.948016       -27.977316          4.0292996       2806.9588                 21.860153                 396.62076                                590.30504                      9.9936503              0.067342804              2.5718888                           7.1152371                  1473.0851       165.83969        139.49991
              1        1379.742     0.022686697       69.806612       3.0212783      0.97310477       6.5010631      0.70507066       1.0090634      0.99986288       1.0004745       1.0034905      0.99495679       1.0033028     0.021923217   2.0517502e-09      0.95344373      0.82038609       0.2948548      0.81332058       9.7544687       1018.7796       1473.0851      -23.652012       -27.681312          4.0292996       2806.7881                 21.860153                 396.62076                                590.30504                      9.9936503              0.067342804              2.5718888                           7.1152371                  1473.0851       165.30084        139.86803
              1         1379.94     0.022686697       69.806612       3.0212783      0.97310477       6.5010631      0.70507066       1.0090634      0.99986288       1.0004708       1.0034763      0.99413441       1.0007907     0.021923217   2.0517502e-09      0.95344373      0.82038609       0.2948548      0.81332058       9.7544687       1018.7796       1473.0851       -23.52699        -27.55629          4.0292996        2806.934                 21.860153                 396.62076                                590.30504                      9.9936503              0.067342804              2.5718888                           7.1152371                  1473.0851       165.29256        140.02225
              1       1383.8383     0.022713667       70.255398       3.0049775      0.97379891       5.7019741      0.70757759       1.0114001      0.99880277      0.99812477       1.0019688      0.99378703      0.99624548    0.0098314847   2.0185762e-09      0.95398199      0.82042615      0.29234837      0.80989592       10.737188       1025.6976       1470.2634      -22.788598       -27.028572          4.2399744       2813.2538                 21.601313                 398.94937                                 594.1138                      11.033062               0.11084726              2.8250282                           7.8013125                  1470.2634       165.66537        140.89038
              1       1384.4317     0.022713667       70.255398       3.0049775      0.97379891       5.7019741      0.70757759       1.0114001      0.99880277      0.99812477       1.0019688      0.99293273       1.0042806    0.0098314847   2.0185762e-09      0.95398199      0.82042615      0.29234837      0.80989592       10.737188       1025.6976       1470.2634      -22.467229       -26.707203          4.2399744       2813.7978                 21.601313                 398.94937                                 594.1138                      11.033062               0.11084726              2.8250282                           7.8013125                  1470.2634       165.66537        141.43433
              1       1382.2285     0.022713667       70.255398       3.0049775      0.97379891       5.7019741      0.70757759       1.0114001      0.99880277      0.99812477       1.0019688      0.99616063       1.0000002    0.0098314847   2.0185762e-09      0.95398199      0.82042615      0.29234837      0.80989592       10.737188       1025.6976       1470.2634      -23.513723       -27.753697          4.2399744       2811.4844                 21.601313                 398.94937                                 594.1138                      11.033062               0.11084726              2.8250282                           7.8013125                  1470.2634       165.66537         139.1209
              1       1382.6442     0.022713667       70.255398       3.0049775      0.97379891       5.7019741      0.70757759       1.0114001      0.99880277      0.99945548       1.0012084      0.99610752       1.0000301    0.0098314847   2.0185762e-09      0.95398199      0.82042615      0.29234837      0.80989592       10.737188       1025.6976       1470.2634      -23.682417       -27.922391          4.2399744       2812.6533                 21.601313                 398.94937                                 594.1138                      11.033062               0.11084726              2.8250282                           7.8013125                  1470.2634       166.84656        139.10861
              1       1382.7014     0.022713667       70.255398       3.0049775      0.97379891       5.7019741      0.70757759       1.0114001      0.99885999      0.99945566       1.0012024      0.99616068       1.0010766    0.0098314847   2.0185762e-09      0.95398199      0.82042615      0.29234837      0.80989592       10.737188        1025.795       1470.2634      -23.692362       -27.932337          4.2399744       2812.7876                 21.595146                 398.94937                                594.19255                      11.057978               0.11084726              2.8250282                           7.8013125                  1470.2634        166.8501        139.14191
              1       1385.2069     0.022713667       70.255398       3.0049775      0.97379891       5.7019741      0.70757759       1.0114001      0.99850005        0.995696       1.0006877      0.99738391       1.0004539    0.0098314847   2.0185762e-09      0.95398199      0.82042615      0.29234837      0.80989592       10.737188       1025.3537       1470.2634      -22.808532       -27.048507          4.2399744       2816.0309                 21.634144                 398.93653                                593.87875                      10.904303               0.11084726              2.8250282                           7.8013125                  1470.2634       170.14687        139.52972
              1       1385.4865     0.022713667       70.255398       3.0049775      0.97379891       5.7019741      0.70757759       1.0114001      0.99850005        0.995696       1.0006877      0.99505056       1.0014753    0.0098314847   2.0185762e-09      0.95398199      0.82042615      0.29234837      0.80989592       10.737188       1025.3537       1470.2634      -22.352071       -26.592045          4.2399744       2815.6771                 21.634144                 398.93653                                593.87875                      10.904303               0.11084726              2.8250282                           7.8013125                  1470.2634       170.14687        139.17601
              1       1384.7284     0.022713667       70.255398       3.0049775      0.97379891       5.7019741      0.70757759       1.0114001      0.99770264      0.99587747       1.0020584      0.99632812      0.99901948    0.0098314847   2.0185762e-09      0.95398199      0.82042615      0.29234837      0.80989592       10.737188       1025.9871       1470.2634      -22.479444       -26.719418          4.2399744       2814.4156                 21.722228                 398.94864                                594.72634                      10.589896               0.11084726              2.8250282                           7.8013125                  1470.2634       168.09943        139.32857
              1       1383.2692     0.022713667       70.255398       3.0049775      0.97379891       5.7019741      0.70757759       1.0114001      0.99770264      0.99774834       1.0021035      0.99676302      0.99731365    0.0098314847   2.0185762e-09      0.95398199      0.82042615      0.29234837      0.80989592       10.737188       1025.9871       1470.2634      -23.157308       -27.397283          4.2399744        2812.853                 21.722228                 398.94864                                594.72634                      10.589896               0.11084726              2.8250282                           7.8013125                  1470.2634       165.65984        140.20551
              1       1385.0311     0.022713667       70.255398       3.0049775      0.97379891       5.7019741      0.70757759       1.0114001      0.99770264      0.99951829       1.0021922      0.99877426      0.99501081    0.0098314847   2.0185762e-09      0.95398199      0.82042615      0.29234837      0.80989592       10.737188       1025.9871       1470.2634      -23.481475       -27.721449          4.2399744       2817.0251                 21.722228                 398.94864                                594.72634                      10.589896               0.11084726              2.8250282                           7.8013125                  1470.2634       166.55173        143.48578
              1       1384.3553     0.022713667       70.255398       3.0049775      0.97379891       5.7019741      0.70757759       1.0114001      0.99770264      0.99899797       1.0028412      0.99273617       1.0025947    0.0098314847   2.0185762e-09      0.95398199      0.82042615      0.29234837      0.80989592       10.737188       1025.9871       1470.2634      -22.339038       -26.579013          4.2399744       2813.3887                 21.722228                 398.94864                                594.72634                      10.589896               0.11084726              2.8250282                           7.8013125                  1470.2634       165.83495        140.56612
              1       1384.2869     0.022713667       70.255398       3.0049775      0.97379891       5.7019741      0.70757759       1.0114001      0.99714887      0.99899622       1.0028991      0.99497453       1.0027907    0.0098314847   2.0185762e-09      0.95398199      0.82042615      0.29234837      0.80989592       10.737188       1027.6879       1470.2634      -22.783009       -27.022984          4.2399744       2814.1398                 21.784628                 398.93822                                596.57223                      10.392784               0.11084726              2.8250282                           7.8013125                  1470.2634       165.82922        139.62222
              1       1385.8788     0.022713667       70.255398       3.0049775      0.97379891       5.7019741      0.70757759       1.0114001      0.99714887      0.99618588       1.0039105      0.99373946      0.99770044    0.0098314847   2.0185762e-09      0.95398199      0.82042615      0.29234837      0.80989592       10.737188       1027.6879       1470.2634      -21.708731       -25.948705          4.2399744        2815.175                 21.784628                 398.93822                                596.57223                      10.392784               0.11084726              2.8250282                           7.8013125                  1470.2634          166.47        140.01665
              1       1386.7492     0.022713667       70.255398       3.0049775      0.97379891       5.7019741      0.70757759       1.0114001      0.99732289      0.99618643       1.0038924      0.99211326      0.99708111    0.0098314847   2.0185762e-09      0.95398199      0.82042615      0.29234837      0.80989592       10.737188       1027.0367       1470.2634      -21.184762       -25.424736          4.2399744        2815.868                 21.764925                 398.93822                                595.88074                      10.452844               0.11084726              2.8250282                           7.8013125                  1470.2634       166.47311         141.3576
              1       1383.7027     0.022713667       70.255398       3.0049775      0.97379891       5.7019741      0.70757759       1.0114001      0.99732289      0.99896347       1.0013727      0.99796887       1.0014678    0.0098314847   2.0185762e-09      0.95398199      0.82042615      0.29234837      0.80989592       10.737188       1027.0367       1470.2634      -23.433602       -27.673576          4.2399744       2814.2726                 21.764925                 398.93822                                595.88074                      10.452844               0.11084726              2.8250282                           7.8013125                  1470.2634       166.29385        139.94144
              1       1384.0434     0.022713667       70.255398       3.0049775      0.97379891       5.7019741      0.70757759       1.0114001      0.99774513      0.99900784       1.0013479      0.99677256       1.0051753    0.0098314847   2.0185762e-09      0.95398199      0.82042615      0.29234837      0.80989592       10.737188       1025.8992       1470.2634      -23.216179       -27.456153          4.2399744       2814.5192                 21.717476                 398.94864                                594.62736                      10.605743               0.11084726              2.8250282                           7.8013125                  1470.2634       166.34071         141.2787
              1       1381.9202     0.022699483        70.11928       3.0093279      0.97170938       5.8679074      0.70593821       1.0114702       0.9979102      0.99873305       1.0015599      0.99902912      0.99930819     0.012998625    2.027377e-09        0.953832      0.82169384      0.29398766      0.81341833       10.117777       1023.2216       1470.7937      -23.867094       -27.962854          4.0957596       2811.5747                 22.126896                 398.35945                                 592.7009                      10.034351              0.081288524              2.6598276                           7.3766613                  1470.7937       166.83804        140.60359
              1       1381.3505     0.022699483        70.11928       3.0093279      0.97170938       5.8679074      0.70593821       1.0114702      0.99880405      0.99808572       1.0054685      0.99513532        1.003905     0.012998625    2.027377e-09        0.953832      0.82169384      0.29398766      0.81341833       10.117777       1022.0784       1470.7937      -23.284361        -27.38012          4.0957596       2809.2696                 22.018897                 398.33671                                591.42055                      10.302243              0.081288524              2.6598276                           7.3766613                  1470.7937       166.48381        139.79596
              1       1381.1464     0.022699483        70.11928       3.0093279      0.97170938       5.8679074      0.70593821       1.0114702      0.99880405      0.99764585       1.0043517      0.99514191       1.0038457     0.012998625    2.027377e-09        0.953832      0.82169384      0.29398766      0.81341833       10.117777       1022.0784       1470.7937      -23.185992       -27.281751          4.0957596       2808.6649                 22.018897                 398.33671                                591.42055                      10.302243              0.081288524              2.6598276                           7.3766613                  1470.7937       165.91743        139.75757
              1       1381.8556     0.022699483        70.11928       3.0093279      0.97170938       5.8679074      0.70593821       1.0114702      0.99879622      0.99672117       1.0016502      0.99579549       1.0030317     0.012998625    2.027377e-09        0.953832      0.82169384      0.29398766      0.81341833       10.117777       1022.0764       1470.7937      -23.094981        -27.19074          4.0957596       2809.9011                 22.019835                 398.33671                                591.42016                      10.299699              0.081288524              2.6598276                           7.3766613                  1470.7937       167.61682         139.2964
              1       1382.9009     0.022699483        70.11928       3.0093279      0.97170938       5.8679074      0.70593821       1.0114702      0.99879622      0.99672117       1.0016502      0.99921881      0.99662927     0.012998625    2.027377e-09        0.953832      0.82169384      0.29398766      0.81341833       10.117777       1022.0764       1470.7937      -23.497749       -27.593508          4.0957596       2812.7973                 22.019835                 398.33671                                591.42016                      10.299699              0.081288524              2.6598276                           7.3766613                  1470.7937       167.61682        142.19263
              1       1381.0079     0.022686764       69.967315       3.0253667       0.9720146       6.3347295      0.70091371       1.0143466       1.0011412       1.0021896       1.0017986       1.0017241       1.0014117     0.045103399   2.0601559e-09      0.95365721      0.82820548      0.29901228      0.82684096       8.8883079       1024.5703       1470.5303      -24.050882       -27.966207          3.9153252       2810.1175                 22.113029                 397.06396                                595.61849                      9.7747946              0.022519079              2.2073416                           6.6584473                  1470.5303       165.25494        140.87361
              1       1382.1591     0.022686764       69.967315       3.0253667       0.9720146       6.3347295      0.70091371       1.0143466       1.0012547       1.0025516       1.0020205       0.9962207      0.99852022     0.045103399   2.0601559e-09      0.95365721      0.82820548      0.29901228      0.82684096       8.8883079       1024.3554       1470.5303      -23.651373       -27.566699          3.9153252        2811.621                 22.099233                 397.05503                                 595.4219                      9.7792068              0.022519079              2.2073416                           6.6584473                  1470.5303       165.48727        142.35968
              1       1381.1963     0.022701753       69.584836       3.0319804      0.97124414        6.720299      0.69584155       1.0151252        1.000643       1.0016227       1.0014336      0.99625104       1.0024676     0.096711781   2.0738261e-09       0.9531154      0.81954038      0.30408371      0.82509947       7.8436786       1024.0745       1472.4561      -23.796181        -27.84378          4.0475992        2809.985                 22.265506                 396.19944                                596.18216                      9.4274408            0.00014709333              1.7712734                           6.0722581                  1472.4561       165.95486        139.65582
              1       1381.6626     0.022628707       69.030873       3.0389755        0.973137        7.233778      0.69485942       1.0092768       1.0002272       1.0009938       1.0006196      0.99683613       1.0050153     0.032553624   2.0883836e-09      0.95251319      0.83088263      0.30506447      0.83786658       8.1266047       1024.6263       1477.5004      -24.418089         -27.8841          3.4660102       2812.1614                 22.003111                 395.73017                                596.88341                      10.009607            0.00069043725              1.6542994                           6.4716149                  1477.5004       161.24614        140.66193
              1       1382.5116     0.022628707       69.030873       3.0389755        0.973137        7.233778      0.69485942       1.0092768       1.0002272       1.0020576      0.99991116       1.0007288       1.0056101     0.032553624   2.0883836e-09      0.95251319      0.83088263      0.30506447      0.83786658       8.1266047       1024.6263       1477.5004      -24.413055       -27.879065          3.4660102       2813.8494                 22.003111                 395.73017                                596.88341                      10.009607            0.00069043725              1.6542994                           6.4716149                  1477.5004       162.27609        141.31999
              1       1382.6425     0.022628707       69.030873       3.0389755        0.973137        7.233778      0.69485942       1.0092768       1.0002272       1.0023572       1.0015348      0.99536581       1.0037372     0.032553624   2.0883836e-09      0.95251319      0.83088263      0.30506447      0.83786658       8.1266047       1024.6263       1477.5004      -23.985726       -27.451736          3.4660102       2813.2565                 22.003111                 395.73017                                596.88341                      10.009607            0.00069043725              1.6542994                           6.4716149                  1477.5004       161.89989        141.10329
              1        1381.725     0.022628707       69.030873       3.0389755        0.973137        7.233778      0.69485942       1.0092768       1.0015616       1.0014809       1.0030082      0.99812759       1.0036328     0.032553624   2.0883836e-09      0.95251319      0.83088263      0.30506447      0.83786658       8.1266047       1025.8913       1477.5004      -24.434574       -27.900584          3.4660102       2812.3191                 21.846404                 395.69014                                598.50213                      9.8526431            0.00069043725              1.6542994                           6.4716149                  1477.5004       160.86624        139.93459
              1       1379.9644     0.022629367       69.158829       3.0453106       0.9719788        7.441923      0.69592659       1.0093469       1.0021872       1.0012641       1.0023849      0.99847663       1.0040636     0.016821927   2.1016559e-09      0.95268736      0.83752435      0.30399735      0.84308568        8.452428       1022.9777       1476.4829      -24.273504       -27.744058          3.4705534       2808.4758                 22.169175                 395.71801                                594.70112                       10.38944             1.636341e-05              1.7454296                            6.706982                  1476.4829       159.91615        140.64656
              1        1380.756     0.022629367       69.158829       3.0453106       0.9719788        7.441923      0.69592659       1.0093469       1.0007702      0.99920965       1.0034374      0.99719116       1.0000727     0.016821927   2.1016559e-09      0.95268736      0.83752435      0.30399735      0.84308568        8.452428       1022.6816       1476.4829      -24.680877        -28.15143          3.4705534       2810.8738                 22.348443                 395.74884                                593.80607                      10.778208             1.636341e-05              1.7454296                            6.706982                  1476.4829       161.42574        141.83121
              1       1380.0461     0.022629367       69.158829       3.0453106       0.9719788        7.441923      0.69592659       1.0093469       1.0008759      0.99920998       1.0034263      0.99966255       1.0038965     0.016821927   2.1016559e-09      0.95268736      0.83752435      0.30399735      0.84308568        8.452428       1022.4716       1476.4829      -24.716257        -28.18681          3.4705534       2809.5247                 22.334874                 395.74884                                593.64264                      10.745215             1.636341e-05              1.7454296                            6.706982                  1476.4829       161.42725        140.69054
              1       1380.9911     0.022629367       69.158829       3.0453106       0.9719788        7.441923      0.69592659       1.0093469       1.0008759       1.0031283       1.0001091      0.99949751       1.0039455     0.016821927   2.1016559e-09      0.95268736      0.83752435      0.30399735      0.84308568        8.452428       1022.4716       1476.4829      -24.200179       -27.670733          3.4705534       2810.3826                 22.334874                 395.74884                                593.64264                      10.745215             1.636341e-05              1.7454296                            6.706982                  1476.4829       162.31152        140.66423
              1       1380.3726     0.022629367       69.158829       3.0453106       0.9719788        7.441923      0.69592659       1.0093469       1.0008342       1.0018466        1.000289       1.0004484       1.0050354     0.016821927   2.1016559e-09      0.95268736      0.83752435      0.30399735      0.84308568        8.452428       1022.5498       1476.4829      -24.468809       -27.939362          3.4705534       2809.6828                 22.340221                 395.74884                                593.70263                      10.758146             1.636341e-05              1.7454296                            6.706982                  1476.4829        161.0526        141.14502
              1       1380.4417     0.022629367       69.158829       3.0453106       0.9719788        7.441923      0.69592659       1.0093469       1.0017298       1.0019909       1.0002543       1.0004711       1.0051261     0.016821927   2.1016559e-09      0.95268736      0.83752435      0.30399735      0.84308568        8.452428       1022.1276       1476.4829      -24.245076       -27.715629          3.4705534       2809.3735                 22.226271                 395.71411                                593.68494                      10.502268             1.636341e-05              1.7454296                            6.706982                  1476.4829       161.12967        141.18089
              1       1383.2141     0.022629367       69.158829       3.0453106       0.9719788        7.441923      0.69592659       1.0093469       1.0017298       1.0025419       1.0003567      0.99454364       1.0067396     0.016821927   2.1016559e-09      0.95268736      0.83752435      0.30399735      0.84308568        8.452428       1022.1276       1476.4829       -23.19234       -26.662893          3.4705534        2812.813                 22.226271                 395.71411                                593.68494                      10.502268             1.636341e-05              1.7454296                            6.706982                  1476.4829       161.43431        144.31573
              1        1379.808     0.022629367       69.158829       3.0453106       0.9719788        7.441923      0.69592659       1.0093469       1.0020244      0.99997163       1.0036137      0.99887345       1.0015753     0.016821927   2.1016559e-09      0.95268736      0.83752435      0.30399735      0.84308568        8.452428       1022.5946       1476.4829      -24.575927       -28.046481          3.4705534       2808.7679                 22.189412                 395.71689                                594.26011                      10.428236             1.636341e-05              1.7454296                            6.706982                  1476.4829       160.37547        140.86247
              1       1381.3164     0.022629367       69.158829       3.0453106       0.9719788        7.441923      0.69592659       1.0093469       1.0020244       0.9997626       1.0027509       1.0030187       1.0039738     0.016821927   2.1016559e-09      0.95268736      0.83752435      0.30399735      0.84308568        8.452428       1022.5946       1476.4829      -24.252409       -27.722963          3.4705534       2811.1376                 22.189412                 395.71689                                594.26011                      10.428236             1.636341e-05              1.7454296                            6.706982                  1476.4829       160.75201        142.85565
              1       1380.3128     0.022629367       69.158829       3.0453106       0.9719788        7.441923      0.69592659       1.0093469       1.0004811      0.99965922       1.0052768       0.9996657       1.0017862     0.016821927   2.1016559e-09      0.95268736      0.83752435      0.30399735      0.84308568        8.452428       1023.4664       1476.4829      -24.900841       -28.371395          3.4705534       2810.4273                 22.385706                 395.76488                                594.44395                       10.87182             1.636341e-05              1.7454296                            6.706982                  1476.4829       161.11632        140.90935
              1       1380.3748     0.022629367       69.158829       3.0453106       0.9719788        7.441923      0.69592659       1.0093469       1.0004811       0.9994308       1.0045671      0.99970133        1.004222     0.016821927   2.1016559e-09      0.95268736      0.83752435      0.30399735      0.84308568        8.452428       1023.4664       1476.4829      -24.751403       -28.221957          3.4705534       2810.2523                 22.385706                 395.76488                                594.44395                       10.87182             1.636341e-05              1.7454296                            6.706982                  1476.4829       161.11247         140.7382
              1       1381.1106     0.022629367       69.158829       3.0453106       0.9719788        7.441923      0.69592659       1.0093469        1.001684      0.99970966       1.0039814       0.9974758       1.0076075     0.016821927   2.1016559e-09      0.95268736      0.83752435      0.30399735      0.84308568        8.452428       1022.0816       1476.4829      -24.021685       -27.492239          3.4705534       2810.2647                  22.23204                 395.71411                                593.62122                      10.514238             1.636341e-05              1.7454296                            6.706982                  1476.4829       160.67085        142.57687
              1       1383.7547     0.022629367       69.158829       3.0453106       0.9719788        7.441923      0.69592659       1.0093469      0.99994913       1.0021329       1.0065884       1.0011572       1.0067355     0.016821927   2.1016559e-09      0.95268736      0.83752435      0.30399735      0.84308568        8.452428       1025.6195       1476.4829      -24.243444       -27.713998          3.4705534       2815.9964                 22.454876                 395.75885                                596.34896                      11.056781             1.636341e-05              1.7454296                            6.706982                  1476.4829       163.21953        142.22205
              1       1379.9188     0.022629367       69.158829       3.0453106       0.9719788        7.441923      0.69592659       1.0093469       1.0017786       1.0000135       1.0028821      0.99724494       1.0010939     0.016821927   2.1016559e-09      0.95268736      0.83752435      0.30399735      0.84308568        8.452428       1022.1843       1476.4829      -24.506113       -27.976667          3.4705534       2808.8499                 22.220146                 395.71411                                593.76034                       10.48967             1.636341e-05              1.7454296                            6.706982                  1476.4829       160.41666        141.31367
              1       1383.2645     0.022629367       69.158829       3.0453106       0.9719788        7.441923      0.69592659       1.0093469      0.99972614       0.9997429       1.0044419      0.99833526      0.99753144     0.016821927   2.1016559e-09      0.95268736      0.83752435      0.30399735      0.84308568        8.452428       1026.8125       1476.4829      -24.822709       -28.293263          3.4705534       2816.1744                 22.484158                 395.75885                                597.43026                      11.139232             1.636341e-05              1.7454296                            6.706982                  1476.4829       160.71159        143.71501
              1       1380.4731     0.022629367       69.158829       3.0453106       0.9719788        7.441923      0.69592659       1.0093469       1.0003005       1.0003106       1.0033775       1.0013431       1.0034411     0.016821927   2.1016559e-09      0.95268736      0.83752435      0.30399735      0.84308568        8.452428       1024.0911       1476.4829      -24.789425       -28.259978          3.4705534       2810.5251                 22.409088                 395.76488                                594.98435                      10.932769             1.636341e-05              1.7454296                            6.706982                  1476.4829       160.09857         141.4001
              1       1385.2549     0.022629367       69.158829       3.0453106       0.9719788        7.441923      0.69592659       1.0093469       1.0003005       0.9984661       1.0020453        1.004692         1.00017     0.016821927   2.1016559e-09      0.95268736      0.83752435      0.30399735      0.84308568        8.452428       1024.0911       1476.4829      -24.274562       -27.745116          3.4705534       2819.0589                 22.409088                 395.76488                                594.98435                      10.932769             1.636341e-05              1.7454296                            6.706982                  1476.4829       163.78795        146.24458
              1       1381.3157     0.022629367       69.158829       3.0453106       0.9719788        7.441923      0.69592659       1.0093469       1.0018578       1.0002513      0.99954363      0.99871683       1.0059849     0.016821927   2.1016559e-09      0.95268736      0.83752435      0.30399735      0.84308568        8.452428       1022.2934       1476.4829      -24.299449       -27.770003          3.4705534       2811.2303                 22.210212                 395.71411                                593.89963                      10.469488             1.636341e-05              1.7454296                            6.706982                  1476.4829       162.77258          141.229
              1       1381.5675     0.022674193       69.324072       3.0465301      0.97063139       7.7219213       0.6936954       1.0141289      0.99966018      0.99798782      0.99966927      0.99705801       1.0015241     0.092586806   2.1042204e-09      0.95281937      0.82564626       0.3062293      0.83417421       7.8860607       1022.6163       1474.3351      -24.159229       -27.958504           3.799275       2811.4534                 22.454997                 396.05549                                594.55892                      9.5469246             0.0023402736               1.589897                           6.2938234                  1474.3351       166.97969        139.63625
              1       1381.9967     0.022674193       69.324072       3.0465301      0.97063139       7.7219213       0.6936954       1.0141289      0.99966018      0.99825664       1.0015383      0.99785305      0.99561404     0.092586806   2.1042204e-09      0.95281937      0.82564626       0.3062293      0.83417421       7.8860607       1022.6163       1474.3351      -24.155651       -27.954926           3.799275       2812.3047                 22.454997                 396.05549                                594.55892                      9.5469246             0.0023402736               1.589897                           6.2938234                  1474.3351       164.85156        142.61565
              1       1380.3545     0.022849371        70.48771       3.0337892      0.96950228       6.9447703      0.70150636       1.0203081       1.0006908      0.99881218       1.0021602      0.99757633       1.0041011       0.1364143   2.0775808e-09      0.95401169      0.81477616      0.29842083      0.81262887       8.6746193       1021.5936       1466.7821      -22.505317       -28.007959          5.5026419       2805.7197                 22.536932                 395.85675                                593.61628                      9.5836026              0.029774466              2.2818361                           6.3630087                  1466.7821       168.90999        139.75948
              1       1381.7874     0.022849371        70.48771       3.0337892      0.96950228       6.9447703      0.70150636       1.0203081       1.0006908      0.99894753        1.002765      0.99248905       1.0000651       0.1364143   2.0775808e-09      0.95401169      0.81477616      0.29842083      0.81262887       8.6746193       1021.5936       1466.7821       -21.42776       -26.930402          5.5026419       2806.4304                 22.536932                 395.85675                                593.61628                      9.5836026              0.029774466              2.2818361                           6.3630087                  1466.7821       168.61256        140.76759
              1       1381.5719     0.022849371        70.48771       3.0337892      0.96950228       6.9447703      0.70150636       1.0203081       1.0006908      0.99726524       1.0015584      0.99793053        1.003711       0.1364143   2.0775808e-09      0.95401169      0.81477616      0.29842083      0.81262887       8.6746193       1021.5936       1466.7821      -22.236508        -27.73915          5.5026419       2807.6169                 22.536932                 395.85675                                593.61628                      9.5836026              0.029774466              2.2818361                           6.3630087                  1466.7821       170.84587        139.72075
              1       1382.2837     0.022849371        70.48771       3.0337892      0.96950228       6.9447703      0.70150636       1.0203081       1.0006908      0.99952579      0.99915432       1.0000102       1.0030984       0.1364143   2.0775808e-09      0.95401169      0.81477616      0.29842083      0.81262887       8.6746193       1021.5936       1466.7821      -22.785183       -28.287824          5.5026419       2810.1377                 22.536932                 395.85675                                593.61628                      9.5836026              0.029774466              2.2818361                           6.3630087                  1466.7821       172.11627        140.97119
              1       1385.6491     0.022849371        70.48771       3.0337892      0.96950228       6.9447703      0.70150636       1.0203081       1.0006908       1.0011267      0.99895662      0.99547672       1.0086084       0.1364143   2.0775808e-09      0.95401169      0.81477616      0.29842083      0.81262887       8.6746193       1021.5936       1466.7821      -21.609487       -27.112129          5.5026419       2814.5172                 22.536932                 395.85675                                593.61628                      9.5836026              0.029774466              2.2818361                           6.3630087                  1466.7821       173.69852         143.7684
              1       1380.5601     0.022849371        70.48771       3.0337892      0.96950228       6.9447703      0.70150636       1.0203081       1.0007795      0.99956635       1.0057403      0.99885482       1.0008408       0.1364143   2.0775808e-09      0.95401169      0.81477616      0.29842083      0.81262887       8.6746193       1021.8641       1466.7821      -22.828401       -28.331043          5.5026419        2806.777                 22.525074                 395.85675                                  593.875                      9.6072605              0.029774466              2.2818361                           6.3630087                  1466.7821       169.59035        139.86589
              1       1382.1931     0.022849371        70.48771       3.0337892      0.96950228       6.9447703      0.70150636       1.0203081       1.0006161      0.99977976        1.008149      0.99484089      0.99980211       0.1364143   2.0775808e-09      0.95401169      0.81477616      0.29842083      0.81262887       8.6746193       1021.3863       1466.7821      -22.233122       -27.735764          5.5026419       2808.8523                 22.546938                 395.85675                                593.41858                      9.5640208              0.029774466              2.2818361                           6.3630087                  1466.7821       172.70634        139.30304
              1       1382.0832     0.022849371        70.48771       3.0337892      0.96950228       6.9447703      0.70150636       1.0203081        1.000037      0.99678911       1.0090919      0.99937472       1.0001448       0.1364143   2.0775808e-09      0.95401169      0.81477616      0.29842083      0.81262887       8.6746193       1020.4281       1466.7821      -22.343903       -27.846545          5.5026419       2808.8541                 22.625134                 395.86568                                592.51427                      9.4229745              0.029774466              2.2818361                           6.3630087                  1466.7821       172.55141        140.41797
              1       1381.0519     0.022849371        70.48771       3.0337892      0.96950228       6.9447703      0.70150636       1.0203081        1.000037      0.99840445       1.0038211      0.99598266      0.99539532       0.1364143   2.0775808e-09      0.95401169      0.81477616      0.29842083      0.81262887       8.6746193       1020.4281       1466.7821      -22.184277       -27.686919          5.5026419       2806.4723                 22.625134                 395.86568                                592.51427                      9.4229745              0.029774466              2.2818361                           6.3630087                  1466.7821       168.36574         142.2218
              1       1380.1053     0.022849371        70.48771       3.0337892      0.96950228       6.9447703      0.70150636       1.0203081        1.000086       0.9995831       1.0038118      0.99770834       1.0053154       0.1364143   2.0775808e-09      0.95401169      0.81477616      0.29842083      0.81262887       8.6746193        1020.466       1466.7821      -22.518892       -28.021534          5.5026419       2805.2483                 22.618468                 395.86568                                592.54769                      9.4341818              0.029774466              2.2818361                           6.3630087                  1466.7821       168.80997        140.51569
              1       1380.2199     0.022849371        70.48771       3.0337892      0.96950228       6.9447703      0.70150636       1.0203081        1.000086       0.9995831       1.0038118      0.99781796       1.0055489       0.1364143   2.0775808e-09      0.95401169      0.81477616      0.29842083      0.81262887       8.6746193        1020.466       1466.7821      -22.507063       -28.009705          5.5026419       2805.4539                 22.618468                 395.86568                                592.54769                      9.4341818              0.029774466              2.2818361                           6.3630087                  1466.7821       168.80997        140.72125
              1       1380.5455     0.022853718       70.410928       3.0381235      0.96952042       7.1376528      0.70100401       1.0198322       1.0002617      0.99929506       1.0035511      0.99401088       1.0057704      0.13686407   2.0866051e-09      0.95390257        0.815841      0.29892302      0.81437528       8.5737518       1019.5957       1467.1845      -21.632888       -27.191609          5.5587208       2804.3568                 22.688098                 395.71433                                591.96566                      9.2276301              0.025030696              2.2346701                            6.314051                  1467.1845       167.27385        141.72902
              1       1383.0206     0.022853718       70.410928       3.0381235      0.96952042       7.1376528      0.70100401       1.0198322      0.99924363       0.9972164       1.0079614       1.0018942      0.99900589      0.13686407   2.0866051e-09      0.95390257        0.815841      0.29892302      0.81437528       8.5737518       1021.0009       1467.1845      -22.296028       -27.854749          5.5587208       2810.6332                 22.829881                  395.6969                                593.39405                      9.0801074              0.025030696              2.2346701                            6.314051                  1467.1845       170.07535        143.79869
              1        1380.261     0.022853718       70.410928       3.0381235      0.96952042       7.1376528      0.70100401       1.0198322      0.99924363      0.99776443       1.0041033      0.99916415      0.99882846      0.13686407   2.0866051e-09      0.95390257        0.815841      0.29892302      0.81437528       8.5737518       1021.0009       1467.1845      -22.516865       -28.075586          5.5587208       2805.5557                 22.829881                  395.6969                                593.39405                      9.0801074              0.025030696              2.2346701                            6.314051                  1467.1845       167.82968        140.96681
              1        1380.037     0.022853718       70.410928       3.0381235      0.96952042       7.1376528      0.70100401       1.0198322      0.99924363      0.99776443       1.0041033      0.99524537       1.0010707      0.13686407   2.0866051e-09      0.95390257        0.815841      0.29892302      0.81437528       8.5737518       1021.0009       1467.1845      -21.975657       -27.534378          5.5587208       2804.0254                 22.829881                  395.6969                                593.39405                      9.0801074              0.025030696              2.2346701                            6.314051                  1467.1845       167.82968        139.43654
              1       1380.3225     0.022853718       70.410928       3.0381235      0.96952042       7.1376528      0.70100401       1.0198322      0.99895369      0.99922681       1.0050684      0.99498195       1.0007211      0.13686407   2.0866051e-09      0.95390257        0.815841      0.29892302      0.81437528       8.5737518       1022.0528       1467.1845      -22.120362       -27.679083          5.5587208       2804.8857                  22.87085                  395.6969                                594.43617                      9.0489186              0.025030696              2.2346701                            6.314051                  1467.1845        167.4968        139.57787
              1       1380.1041     0.022853718       70.410928       3.0381235      0.96952042       7.1376528      0.70100401       1.0198322      0.99919756      0.99922759       1.0050429      0.99444915       1.0005908      0.13686407   2.0866051e-09      0.95390257        0.815841      0.29892302      0.81437528       8.5737518       1021.1489       1467.1845      -22.018456       -27.577177          5.5587208        2804.245                 22.836375                  395.6969                                593.54077                      9.0748296              0.025030696              2.2346701                            6.314051                  1467.1845       167.48671        139.85123
              1       1379.1504     0.022853718       70.410928       3.0381235      0.96952042       7.1376528      0.70100401       1.0198322       1.0009984       0.9992333       1.0048548       0.9976133       1.0000953      0.13686407   2.0866051e-09      0.95390257        0.815841      0.29892302      0.81437528       8.5737518       1020.7576       1467.1845      -22.616825       -28.175546          5.5587208       2803.5344                 22.587666                 395.71433                                593.08455                      9.3710713              0.025030696              2.2346701                            6.314051                  1467.1845       167.41879        139.59979
              1       1383.7324     0.022773719       70.350149       3.0405637      0.97299543        7.584285      0.70275082       1.0191598       1.0005187      0.99863942       1.0041935      0.99388814       1.0048836      0.18106812    2.091703e-09      0.95398452      0.80225537       0.2971761      0.79847062       8.8713324       1023.2171       1468.1041      -22.442258        -27.15288          4.7106218       2812.3493                 21.818836                 395.80187                                 594.8158                      10.780597              0.045412943              2.4173511                           6.4085684                  1468.1041       171.96967         140.1871
              1       1383.2233     0.022773719       70.350149       3.0405637      0.97299543        7.584285      0.70275082       1.0191598       1.0005187       0.9991513       1.0039752      0.99886001      0.99776772      0.18106812    2.091703e-09      0.95398452      0.80225537       0.2971761      0.79847062       8.8713324       1023.2171       1468.1041      -23.577786       -28.288407          4.7106218       2813.6022                 21.818836                 395.80187                                 594.8158                      10.780597              0.045412943              2.4173511                           6.4085684                  1468.1041       172.32359        141.08607
              1       1384.5175       0.0228171       70.334096       3.0440894       0.9716704       7.7716955      0.70012145       1.0214093      0.99985659      0.99712181       1.0047669      0.99254483       1.0042081      0.21672879   2.0990909e-09      0.95387582       0.7992414      0.29980544      0.79898219       8.2159366       1023.2601       1467.4999      -21.283374       -26.421477          5.1381021       2811.6018                 22.110427                 396.04265                                594.88586                        10.2212              0.019691265              2.1770302                           6.0192151                  1467.4999       171.93477        140.69107
              1       1384.5688       0.0228171       70.334096       3.0440894       0.9716704       7.7716955      0.70012145       1.0214093      0.99990225      0.99825077      0.99911484      0.99804485       1.0004619      0.21672879   2.0990909e-09      0.95387582       0.7992414      0.29980544      0.79898219       8.2159366       1023.4481       1467.4999      -23.023638        -28.16174          5.1381021       2815.1849                 22.104714                 396.04265                                595.05847                      10.242252              0.019691265              2.1770302                           6.0192151                  1467.4999       176.29268        139.72826
              1       1383.0173       0.0228171       70.334096       3.0440894       0.9716704       7.7716955      0.70012145       1.0214093       1.0000172      0.99702715       1.0050275      0.99813911       1.0006339      0.21672879   2.0990909e-09      0.95387582       0.7992414      0.29980544      0.79898219       8.2159366       1023.9544       1467.4999      -22.710513       -27.848615          5.1381021       2811.4557                  22.09035                 396.04455                                595.52371                      10.295787              0.019691265              2.1770302                           6.0192151                  1467.4999       171.98497        139.80045
              1       1381.5848       0.0228171       70.334096       3.0440894       0.9716704       7.7716955      0.70012145       1.0214093      0.99910928      0.99702427       1.0051223       0.9950746       1.0010588      0.21672879   2.0990909e-09      0.95387582       0.7992414      0.29980544      0.79898219       8.2159366        1021.193       1467.4999      -22.123523       -27.261625          5.1381021       2807.4167                 22.204742                 396.05287                                593.04224                      9.8931746              0.019691265              2.1770302                           6.0192151                  1467.4999             172        138.50784
              1       1384.3265       0.0228171       70.334096       3.0440894       0.9716704       7.7716955      0.70012145       1.0214093        1.000545      0.99724476       1.0036246      0.99509983       1.0011517      0.21672879   2.0990909e-09      0.95387582       0.7992414      0.29980544      0.79898219       8.2159366       1026.8539       1467.4999      -22.237643       -27.375745          5.1381021       2813.1283                 22.024891                 396.06011                                  598.218                        10.5509              0.019691265              2.1770302                           6.0192151                  1467.4999       172.03879        138.51976
              1       1384.3677     0.022847786       70.489199       3.0447572       0.9717224       7.7996017      0.70169928       1.0214656       1.0005077      0.99719523       1.0035378      0.99415776       1.0003439      0.20813857    2.100493e-09      0.95401682      0.80118302      0.29822793      0.79881326       8.5844624       1026.5505       1466.8244      -21.655222       -27.124021          5.4687988       2812.0458                 22.063822                 396.09376                                597.88801                      10.504901               0.03387037              2.3205267                           6.2300653                  1466.8244       171.26494         138.8215
              1       1381.1232     0.022849785       70.449632       3.0452354      0.97038043       7.6707739      0.70086212       1.0213446       1.0003395      0.99787092       1.0037107      0.99486402      0.99908517      0.19552247   2.1014978e-09      0.95396113      0.80509348      0.29906501       0.8038379       8.4185332       1020.4288       1466.8734      -22.013769       -27.506129          5.4923606       2806.2739                 22.465464                 395.95561                                 592.4644                      9.5433304              0.025908873              2.2444929                           6.1481315                  1466.8734       170.98476        139.56839
              1       1381.0205     0.022849785       70.449632       3.0452354      0.97038043       7.6707739      0.70086212       1.0213446      0.99884418      0.99786618       1.0038669      0.99481854      0.99894736      0.19552247   2.1014978e-09      0.95396113      0.80509348      0.29906501       0.8038379       8.4185332       1019.9733       1466.8734      -21.900787       -27.393148          5.4923606       2805.8426                 22.668327                  395.9655                                592.24903                      9.0904178              0.025908873              2.2444929                           6.1481315                  1466.8734       170.94846        139.62892
              1         1380.35     0.022849785       70.449632       3.0452354      0.97038043       7.6707739      0.70086212       1.0213446      0.99884418      0.99843149       1.0040366      0.99751098       1.0013864      0.19552247   2.1014978e-09      0.95396113      0.80509348      0.29906501       0.8038379       8.4185332       1019.9733       1466.8734       -22.52157       -28.013931          5.4923606       2805.7432                 22.668327                  395.9655                                592.24903                      9.0904178              0.025908873              2.2444929                           6.1481315                  1466.8734       170.91386        139.56415
              1        1381.552     0.022849785       70.449632       3.0452354      0.97038043       7.6707739      0.70086212       1.0213446       1.0007489      0.99748149       1.0043701      0.99596403       1.0012902      0.19552247   2.1014978e-09      0.95396113      0.80509348      0.29906501       0.8038379       8.4185332       1021.8704       1466.8734       -22.11996        -27.61232          5.4923606       2807.3439                 22.411124                 395.95148                                593.81852                      9.6892789              0.025908873              2.2444929                           6.1481315                  1466.8734       171.04205        139.13953
              1       1385.0077     0.022849785       70.449632       3.0452354      0.97038043       7.6707739      0.70086212       1.0213446       1.0007489       1.0020779       1.0024726      0.99717584      0.99898459      0.19552247   2.1014978e-09      0.95396113      0.80509348      0.29906501       0.8038379       8.4185332       1021.8704       1466.8734      -22.444634       -27.936994          5.4923606       2814.9047                 22.411124                 395.95148                                593.81852                      9.6892789              0.025908873              2.2444929                           6.1481315                  1466.8734       177.85629        139.88606
              1       1383.4214     0.022849785       70.449632       3.0452354      0.97038043       7.6707739      0.70086212       1.0213446      0.99957798       1.0020742       1.0025949      0.99686108        1.000942      0.19552247   2.1014978e-09      0.95396113      0.80509348      0.29906501       0.8038379       8.4185332       1019.2459       1466.8734      -22.430925       -27.923286          5.4923606       2811.7046                 22.568002                 395.95742                                591.42357                       9.296917              0.025908873              2.2444929                           6.1481315                  1466.8734       177.85289        139.31392
              1       1381.9086     0.022849785       70.449632       3.0452354      0.97038043       7.6707739      0.70086212       1.0213446       1.0008351      0.99868458        1.004897      0.99884306      0.99978591      0.19552247   2.1014978e-09      0.95396113      0.80509348      0.29906501       0.8038379       8.4185332       1022.2398       1466.8734      -22.751411       -28.243772          5.4923606       2809.3201                 22.399762                 395.94519                                594.17371                      9.7211624              0.025908873              2.2444929                           6.1481315                  1466.8734       171.12947        140.65891
              1       1381.0029     0.022604211       68.978504       3.0365439      0.96953597       7.2110423       0.6954496       1.0078833       1.0008301      0.99972612       1.0034376      0.99911942      0.99976374     0.038512936   2.0833117e-09      0.95249254      0.82506041      0.30447422      0.83119014       7.9760622       1018.7313        1478.186       -25.07636       -28.350271          3.2739109       2812.1586                 22.484996                   395.706                                591.04972                      9.4905935            2.7093401e-08               1.733619                           6.2424432                   1478.186       165.14168        142.12358
              1       1382.2991     0.022604211       68.978504       3.0365439      0.96953597       7.2110423       0.6954496       1.0078833      0.99959512      0.99779185       1.0090688       1.0007211       1.0033228     0.038512936   2.0833117e-09      0.95249254      0.82506041      0.30447422      0.83119014       7.9760622       1015.4981        1478.186      -24.754062       -28.027973          3.2739109       2814.1064                 22.650103                 395.67479                                587.70574                      9.4675173            2.7093401e-08               1.733619                           6.2424432                   1478.186        168.4698        143.97646
              1       1383.4232     0.022604211       68.978504       3.0365439      0.96953597       7.2110423       0.6954496       1.0078833      0.99959512       1.0015985        1.002622      0.99325987       1.0048277     0.038512936   2.0833117e-09      0.95249254      0.82506041      0.30447422      0.83119014       7.9760622       1015.4981        1478.186      -23.653135       -26.927046          3.2739109       2814.1527                 22.650103                 395.67479                                587.70574                      9.4675173            2.7093401e-08               1.733619                           6.2424432                   1478.186       169.29485        143.19772
              1       1382.4912     0.022604211       68.978504       3.0365439      0.96953597       7.2110423       0.6954496       1.0078833      0.99951363       1.0015982       1.0026305      0.99393492       1.0036341     0.038512936   2.0833117e-09      0.95249254      0.82506041      0.30447422      0.83119014       7.9760622       1015.4772        1478.186      -23.957305       -27.231216          3.2739109       2812.8971                 22.661169                 395.68397                                587.66303                      9.4690502            2.7093401e-08               1.733619                           6.2424432                   1478.186       169.29594        141.96188
              1        1379.889     0.022604211       68.978504       3.0365439      0.96953597       7.2110423       0.6954496       1.0078833      0.99951363      0.99940205       1.0031548      0.99394374       1.0030591     0.038512936   2.0833117e-09      0.95249254      0.82506041      0.30447422      0.83119014       7.9760622       1015.4772        1478.186      -24.118413       -27.392324          3.2739109       2808.0148                 22.661169                 395.68397                                587.66303                      9.4690502            2.7093401e-08               1.733619                           6.2424432                   1478.186       164.69785        141.67773
              1        1378.874     0.022604211       68.978504       3.0365439      0.96953597       7.2110423       0.6954496       1.0078833      0.99951363      0.99940205       1.0031548      0.99570293      0.99988971     0.038512936   2.0833117e-09      0.95249254      0.82506041      0.30447422      0.83119014       7.9760622       1015.4772        1478.186       -24.65855       -27.932461          3.2739109       2807.0651                 22.661169                 395.68397                                587.66303                      9.4690502            2.7093401e-08               1.733619                           6.2424432                   1478.186       164.69785        140.72804
              1       1381.0868     0.022612391       69.038946       3.0367306      0.96952666       7.2539454      0.69629866       1.0078033      0.99929249      0.99882916       1.0042854      0.99870761       1.0071576     0.037414703   2.0837007e-09      0.95255853       0.8248421      0.30362529      0.82981095        8.041287       1014.9993       1477.7833      -24.436712       -27.787024          3.3503112       2811.0471                 22.682485                 395.69805                                587.19456                      9.4241846             0.0005315254              1.8045587                           6.2361967                  1477.7833       164.66638        145.55685
              1       1378.9626     0.022612391       69.038946       3.0367306      0.96952666       7.2539454      0.69629866       1.0078033      0.99979145      0.99811876       1.0046894      0.99750334       1.0026932     0.037414703   2.0837007e-09      0.95255853       0.8248421      0.30362529      0.82981095        8.041287       1015.5881       1477.7833        -24.6557       -28.006011          3.3503112       2807.2365                 22.614794                 395.71783                                587.82626                      9.4292546             0.0005315254              1.8045587                           6.2361967                  1477.7833       164.28813        141.53564
              1       1382.4552     0.022515139       68.819801       3.0341196       0.9697718        7.204888      0.69673644       1.0055834      0.99984738      0.99714828       1.0027795      0.99157132       1.0049565     0.021691133   2.0782673e-09      0.95246125      0.82329004      0.30318685      0.82765133        8.043721        1013.759       1480.1908       -23.41919       -25.981292          2.5621022       2811.7488                  22.47535                 395.72227                                586.20083                        9.36052             0.0010317164              1.8320556                           6.2106337                  1480.1908       166.21217        143.54317
              1       1379.4284     0.022515139       68.819801       3.0341196       0.9697718        7.204888      0.69673644       1.0055834      0.99984738      0.99715616       1.0029529       0.9962749       1.0038661     0.021691133   2.0782673e-09      0.95246125      0.82329004      0.30318685      0.82765133        8.043721        1013.759       1480.1908      -24.930497         -27.4926          2.5621022       2808.7179                  22.47535                 395.72227                                586.20083                        9.36052             0.0010317164              1.8320556                           6.2106337                  1480.1908       166.11737        140.60701
              1       1381.3605     0.022536225       68.998014        3.041354       0.9676116       7.3652265      0.69792184        1.006153      0.99977593      0.99918948       1.0058972      0.99819282       0.9954475     0.010520291   2.0933568e-09      0.95266221      0.82927369      0.30200146      0.83203535        8.381123       1014.2105       1478.6331       -25.38899        -28.11174          2.7227503        2813.499                 23.256026                 395.69299                                585.69732                      9.5641262             0.0042144307              1.9336738                           6.4432348                  1478.6331       167.48822        144.78613
              1        1379.584     0.022536225       68.998014        3.041354       0.9676116       7.3652265      0.69792184        1.006153      0.99977593      0.99928901       1.0055705      0.99907061       1.0040573     0.010520291   2.0933568e-09      0.95266221      0.82927369      0.30200146      0.83203535        8.381123       1014.2105       1478.6331      -25.497309        -28.22006          2.7227503       2810.1627                 23.256026                 395.69299                                585.69732                      9.5641262             0.0042144307              1.9336738                           6.4432348                  1478.6331       167.37196        141.56604
              1       1381.0841     0.022536225       68.998014        3.041354       0.9676116       7.3652265      0.69792184        1.006153       1.0020571      0.99929625       1.0053322       1.0013171      0.99945107     0.010520291   2.0933568e-09      0.95266221      0.82927369      0.30200146      0.83203535        8.381123       1014.3845       1478.6331      -25.294628       -28.017378          2.7227503       2812.7575                 22.924682                  395.7155                                586.40605                      9.3382911             0.0042144307              1.9336738                           6.4432348                  1478.6331       167.25769        144.10107
              1       1380.7939     0.022536225       68.998014        3.041354       0.9676116       7.3652265      0.69792184        1.006153       1.0010365      0.99743045       1.0078581       0.9971133      0.99636816     0.010520291   2.0933568e-09      0.95266221      0.82927369      0.30200146      0.83203535        8.381123         1012.14       1478.6331      -24.922362       -27.645112          2.7227503       2811.4325                 23.070826                 395.71436                                583.95221                      9.4025859             0.0042144307              1.9336738                           6.4432348                  1478.6331       168.98381        143.29453
              1        1379.726     0.022536225       68.998014        3.041354       0.9676116       7.3652265      0.69792184        1.006153      0.99996428         0.99903        1.006427      0.99510017       1.0037943     0.010520291   2.0933568e-09      0.95266221      0.82927369      0.30200146      0.83203535        8.381123        1013.546       1478.6331      -24.922556       -27.645306          2.7227503       2809.2972                 23.228067                 395.68465                                 585.0991                      9.5341856             0.0042144307              1.9336738                           6.4432348                  1478.6331       167.75035        140.98663
              1       1379.9831     0.022536225       68.998014        3.041354       0.9676116       7.3652265      0.69792184        1.006153      0.99996428      0.99763213       1.0080096      0.99635073        1.000586     0.010520291   2.0933568e-09      0.95266221      0.82927369      0.30200146      0.83203535        8.381123        1013.546       1478.6331      -25.061442       -27.784193          2.7227503       2810.0891                 23.228067                 395.68465                                 585.0991                      9.5341856             0.0042144307              1.9336738                           6.4432348                  1478.6331       169.03186        140.49704
              1       1379.4018     0.022536225       68.998014        3.041354       0.9676116       7.3652265      0.69792184        1.006153      0.99996428       1.0002819       1.0052873      0.99623528       1.0006018     0.010520291   2.0933568e-09      0.95266221      0.82927369      0.30200146      0.83203535        8.381123        1013.546       1478.6331       -25.34711        -28.06986          2.7227503       2809.4979                 23.228067                 395.68465                                 585.0991                      9.5341856             0.0042144307              1.9336738                           6.4432348                  1478.6331       168.44051        140.49718
              1       1379.2134     0.022536225       68.998014        3.041354       0.9676116       7.3652265      0.69792184        1.006153       1.0006628      0.99854403       1.0081038      0.99634118       1.0006957     0.010520291   2.0933568e-09      0.95266221      0.82927369      0.30200146      0.83203535        8.381123       1012.1988       1478.6331      -25.217057       -27.939807          2.7227503       2808.8609                 23.125223                 395.71575                                583.91685                      9.4409646             0.0042144307              1.9336738                           6.4432348                  1478.6331       169.17542        140.47246
              1       1380.4941     0.022536225       68.998014        3.041354       0.9676116       7.3652265      0.69792184        1.006153       1.0006628      0.99631534       1.0056508       1.0002024         1.00163     0.010520291   2.0933568e-09      0.95266221      0.82927369      0.30200146      0.83203535        8.381123       1012.1988       1478.6331      -24.891006       -27.613757          2.7227503       2810.7702                 23.125223                 395.71575                                583.91685                      9.4409646             0.0042144307              1.9336738                           6.4432348                  1478.6331       169.39774         142.1595
              1       1378.6702     0.022536225       68.998014        3.041354       0.9676116       7.3652265      0.69792184        1.006153       1.0006628      0.99981603       1.0061642      0.99857728       1.0022478     0.010520291   2.0933568e-09      0.95266221      0.82927369      0.30200146      0.83203535        8.381123       1012.1988       1478.6331      -25.571539        -28.29429          2.7227503       2808.4834                 23.125223                 395.71575                                583.91685                      9.4409646             0.0042144307              1.9336738                           6.4432348                  1478.6331       168.35571         140.9147
              1       1379.7373     0.022536225       68.998014        3.041354       0.9676116       7.3652265      0.69792184        1.006153       1.0018534       1.0004896       1.0039462      0.99840185      0.99980919     0.010520291   2.0933568e-09      0.95266221      0.82927369      0.30200146      0.83203535        8.381123       1013.6558       1478.6331      -25.354756       -28.077506          2.7227503       2810.1841                  22.95358                 395.71436                                585.64146                      9.3464012             0.0042144307              1.9336738                           6.4432348                  1478.6331       168.23508        141.27907
              1       1379.0484     0.022536225       68.998014        3.041354       0.9676116       7.3652265      0.69792184        1.006153       1.0001984      0.99908833       1.0067463      0.99856429      0.99993895     0.010520291   2.0933568e-09      0.95266221      0.82927369      0.30200146      0.83203535        8.381123       1012.9164       1478.6331      -25.606087       -28.328838          2.7227503       2809.3091                 23.193443                 395.70192                                584.52121                      9.4998196             0.0042144307              1.9336738                           6.4432348                  1478.6331        168.0621        141.31636
              1       1378.2416     0.022536225       68.998014        3.041354       0.9676116       7.3652265      0.69792184        1.006153       1.0012752      0.99853841        1.003359      0.99748769        1.000261     0.010520291   2.0933568e-09      0.95266221      0.82927369      0.30200146      0.83203535        8.381123       1012.3504       1478.6331      -25.300615       -28.023366          2.7227503       2807.0845                 23.036327                 395.71436                                 584.2175                      9.3822404             0.0042144307              1.9336738                           6.4432348                  1478.6331       166.98009        140.73979
              1       1378.5204     0.022536225       68.998014        3.041354       0.9676116       7.3652265      0.69792184        1.006153       1.0012752      0.99853841        1.003359      0.99823486       1.0040998     0.010520291   2.0933568e-09      0.95266221      0.82927369      0.30200146      0.83203535        8.381123       1012.3504       1478.6331       -25.22151        -27.94426          2.7227503       2807.4837                 23.036327                 395.71436                                 584.2175                      9.3822404             0.0042144307              1.9336738                           6.4432348                  1478.6331       166.98009        141.13901
              1       1381.3217     0.022536225       68.998014        3.041354       0.9676116       7.3652265      0.69792184        1.006153       1.0012752      0.99861671       1.0035194      0.99438246      0.99492327     0.010520291   2.0933568e-09      0.95266221      0.82927369      0.30200146      0.83203535        8.381123       1012.3504       1478.6331        -24.4437       -27.166451          2.7227503       2811.5308                 23.036327                 395.71436                                 584.2175                      9.3822404             0.0042144307              1.9336738                           6.4432348                  1478.6331         166.908        145.25819
              1       1378.2484     0.022536225       68.998014        3.041354       0.9676116       7.3652265      0.69792184        1.006153        1.000801       0.9986152       1.0035689      0.99929224       1.0007696     0.010520291   2.0933568e-09      0.95266221      0.82927369      0.30200146      0.83203535        8.381123       1012.1183       1478.6331      -25.530675       -28.253425          2.7227503       2807.5581                  23.10505                 395.71162                                583.87583                      9.4258397             0.0042144307              1.9336738                           6.4432348                  1478.6331       166.89528        141.53027
              1       1379.7804     0.022536225       68.998014        3.041354       0.9676116       7.3652265      0.69792184        1.006153        1.000801      0.99898776       1.0038096       0.9934549       1.0044063     0.010520291   2.0933568e-09      0.95266221      0.82927369      0.30200146      0.83203535        8.381123       1012.1183       1478.6331      -24.352189        -27.07494          2.7227503       2808.2652                  23.10505                 395.71162                                583.87583                      9.4258397             0.0042144307              1.9336738                           6.4432348                  1478.6331       166.84177        142.29088
              1       1377.8905     0.022536225       68.998014        3.041354       0.9676116       7.3652265      0.69792184        1.006153        1.000801      0.99901697       1.0034954      0.99765439       1.0025858     0.010520291   2.0933568e-09      0.95266221      0.82927369      0.30200146      0.83203535        8.381123       1012.1183       1478.6331      -25.401842       -28.124592          2.7227503       2806.5847                  23.10505                 395.71162                                583.87583                      9.4258397             0.0042144307              1.9336738                           6.4432348                  1478.6331       166.89615          140.556
              1       1378.5933     0.022536225       68.998014        3.041354       0.9676116       7.3652265      0.69792184        1.006153        1.001626       0.9983344       1.0046206      0.99771341       1.0026761     0.010520291   2.0933568e-09      0.95266221      0.82927369      0.30200146      0.83203535        8.381123       1013.0083       1478.6331      -25.143507       -27.866258          2.7227503       2807.4736                 22.985982                 395.71436                                584.94976                      9.3582292             0.0042144307              1.9336738                           6.4432348                  1478.6331       166.86629        140.58473
              1       1379.1592     0.022536225       68.998014        3.041354       0.9676116       7.3652265      0.69792184        1.006153        1.001626       0.9983344       1.0046206      0.99887392        1.004566     0.010520291   2.0933568e-09      0.95266221      0.82927369      0.30200146      0.83203535        8.381123       1013.0083       1478.6331      -25.112248       -27.834998          2.7227503       2808.5428                 22.985982                 395.71436                                584.94976                      9.3582292             0.0042144307              1.9336738                           6.4432348                  1478.6331       166.86629        141.65399
              1       1379.2835     0.022536225       68.998014        3.041354       0.9676116       7.3652265      0.69792184        1.006153        1.001626       0.9983344       1.0046206       1.0003371       1.0022023     0.010520291   2.0933568e-09      0.95266221      0.82927369      0.30200146      0.83203535        8.381123       1013.0083       1478.6331      -25.292229        -28.01498          2.7227503       2809.1514                 22.985982                 395.71436                                584.94976                      9.3582292             0.0042144307              1.9336738                           6.4432348                  1478.6331       166.86629        142.26257
              1       1379.8893     0.022536225       68.998014        3.041354       0.9676116       7.3652265      0.69792184        1.006153        1.001626       0.9994169       1.0078442      0.99754979         1.00308     0.010520291   2.0933568e-09      0.95266221      0.82927369      0.30200146      0.83203535        8.381123       1013.0083       1478.6331      -25.237524       -27.960274          2.7227503       2810.2536                 22.985982                 395.71436                                584.94976                      9.3582292             0.0042144307              1.9336738                           6.4432348                  1478.6331       169.62469        140.60637
              1        1378.741     0.022536225       68.998014        3.041354       0.9676116       7.3652265      0.69792184        1.006153       1.0013005       0.9999601       1.0059345      0.99743939       1.0015573     0.010520291   2.0933568e-09      0.95266221      0.82927369      0.30200146      0.83203535        8.381123        1012.384       1478.6331      -25.385612       -28.108363          2.7227503       2808.2533                 23.032679                 395.71436                                584.25673                      9.3802724             0.0042144307              1.9336738                           6.4432348                  1478.6331       168.37933        140.47569
              1       1378.7615     0.022536225       68.998014        3.041354       0.9676116       7.3652265      0.69792184        1.006153       1.0007144      0.99991272       1.0026213      0.99484133       1.0016892     0.010520291   2.0933568e-09      0.95266221      0.82927369      0.30200146      0.83203535        8.381123       1012.1627       1478.6331      -24.978304       -27.701054          2.7227503       2807.4796                 23.117682                 395.71575                                583.89409                      9.4351879             0.0042144307              1.9336738                           6.4432348                  1478.6331       167.59668        140.70601
              1       1379.6721     0.022536225       68.998014        3.041354       0.9676116       7.3652265      0.69792184        1.006153       1.0008589      0.99991318       1.0026062      0.99395127       1.0041483     0.010520291   2.0933568e-09      0.95266221      0.82927369      0.30200146      0.83203535        8.381123       1012.1056       1478.6331      -24.576923       -27.299673          2.7227503        2808.498                  23.09662                 395.71162                                583.87753                      9.4198299             0.0042144307              1.9336738                           6.4432348                  1478.6331       167.60237        141.77586
              1       1381.9308     0.022536225       68.998014        3.041354       0.9676116       7.3652265      0.69792184        1.006153       1.0008589      0.99881517       1.0072839      0.99171872      0.99876855     0.010520291   2.0933568e-09      0.95266221      0.82927369      0.30200146      0.83203535        8.381123       1012.1056       1478.6331      -23.854343       -26.577093          2.7227503       2811.5702                  23.09662                 395.71162                                583.87753                      9.4198299             0.0042144307              1.9336738                           6.4432348                  1478.6331        168.3886        144.06181
              1       1379.9834     0.022536225       68.998014        3.041354       0.9676116       7.3652265      0.69792184        1.006153       1.0008845      0.99881525       1.0072812      0.99523584      0.99739485     0.010520291   2.0933568e-09      0.95266221      0.82927369      0.30200146      0.83203535        8.381123       1012.1036       1478.6331      -24.938874       -27.661624          2.7227503       2809.8445                 23.092894                 395.71162                                583.88183                      9.4172322             0.0042144307              1.9336738                           6.4432348                  1478.6331       168.38589        142.34087
              1       1380.4859     0.022536225       68.998014        3.041354       0.9676116       7.3652265      0.69792184        1.006153       1.0008845       1.0001061       1.0036736        0.993378       0.9975063     0.010520291   2.0933568e-09      0.95266221      0.82927369      0.30200146      0.83203535        8.381123       1012.1036       1478.6331      -24.496961       -27.219712          2.7227503       2809.9658                 23.092894                 395.71162                                583.88183                      9.4172322             0.0042144307              1.9336738                           6.4432348                  1478.6331       167.64262         143.2054
              1       1379.2526     0.022536225       68.998014        3.041354       0.9676116       7.3652265      0.69792184        1.006153       1.0013466        1.000622       1.0015379      0.99602075       1.0012232     0.010520291   2.0933568e-09      0.95266221      0.82927369      0.30200146      0.83203535        8.381123       1012.4508       1478.6331      -25.133132       -27.855883          2.7227503       2808.7714                 23.026044                 395.71436                                584.33357                      9.3767845             0.0042144307              1.9336738                           6.4432348                  1478.6331       168.89839        140.40805
              1       1379.3762     0.022536225       68.998014        3.041354       0.9676116       7.3652265      0.69792184        1.006153       1.0013306        1.000622       1.0015396      0.99572697       1.0004531     0.010520291   2.0933568e-09      0.95266221      0.82927369      0.30200146      0.83203535        8.381123       1012.4268       1478.6331      -25.088653       -27.811404          2.7227503       2808.9297                  23.02835                 395.71436                                584.30605                      9.3779835             0.0042144307              1.9336738                           6.4432348                  1478.6331       168.89734        140.59142
              1       1379.5356     0.022536225       68.998014        3.041354       0.9676116       7.3652265      0.69792184        1.006153       1.0013306      0.99922316       1.0054879       0.9945863       1.0045468     0.010520291   2.0933568e-09      0.95266221      0.82927369      0.30200146      0.83203535        8.381123       1012.4268       1478.6331      -24.608942       -27.331692          2.7227503        2808.289                  23.02835                 395.71436                                584.30605                      9.3779835             0.0042144307              1.9336738                           6.4432348                  1478.6331        167.2798        141.56827
              1       1379.9607     0.022536225       68.998014        3.041354       0.9676116       7.3652265      0.69792184        1.006153        1.000072        1.001076       1.0011581       0.9977606       1.0001372     0.010520291   2.0933568e-09      0.95266221      0.82927369      0.30200146      0.83203535        8.381123       1013.2369       1478.6331      -25.517272       -28.240022          2.7227503        2810.956                 23.212121                 395.69631                                584.81049                      9.5179854             0.0042144307              1.9336738                           6.4432348                  1478.6331       169.83614        140.86876
              1       1381.5665     0.022536225       68.998014        3.041354       0.9676116       7.3652265      0.69792184        1.006153       1.0004761       1.0010773       1.0011159        1.001383      0.99826072     0.010520291   2.0933568e-09      0.95266221      0.82927369      0.30200146      0.83203535        8.381123       1012.3974       1478.6331      -25.547896       -28.270646          2.7227503       2814.2289                 23.152569                 395.70843                                584.07329                      9.4631359             0.0042144307              1.9336738                           6.4432348                  1478.6331       169.86575        144.95149
              1       1378.9157     0.022536225       68.998014        3.041354       0.9676116       7.3652265      0.69792184        1.006153       1.0004761      0.99946089       1.0071707      0.99797641       1.0018179     0.010520291   2.0933568e-09      0.95266221      0.82927369      0.30200146      0.83203535        8.381123       1012.3974       1478.6331      -25.539463       -28.262213          2.7227503       2808.9103                 23.152569                 395.70843                                584.07329                      9.4631359             0.0042144307              1.9336738                           6.4432348                  1478.6331       168.86404        140.63466
              1        1382.435     0.022536225       68.998014        3.041354       0.9676116       7.3652265      0.69792184        1.006153       1.0004761        1.000809       1.0072471       1.0023367        1.000808     0.010520291   2.0933568e-09      0.95266221      0.82927369      0.30200146      0.83203535        8.381123       1012.3974       1478.6331      -25.510482       -28.233232          2.7227503       2815.8909                 23.152569                 395.70843                                584.07329                      9.4631359             0.0042144307              1.9336738                           6.4432348                  1478.6331       171.50287        144.97644
              1       1380.7028     0.022556163       69.057691       3.0433436      0.96736482        7.447054      0.69814018       1.0065908         1.00112       1.0008073       1.0071857      0.99861883       1.0053627     0.012806857   2.0975259e-09      0.95270218      0.83010124      0.30178338      0.83256489       8.4377428       1012.1509       1478.0805      -25.092309        -27.97338          2.8810703       2811.5903                 23.167667                 395.79421                                583.73365                      9.4553804             0.0049579268              1.9508159                            6.481969                  1478.0805       171.01976        141.90135
              1       1379.9902     0.022556163       69.057691       3.0433436      0.96736482        7.447054      0.69814018       1.0065908        1.000657       1.0008541       1.0071987      0.99724386       1.0026916     0.012806857   2.0975259e-09      0.95270218      0.83010124      0.30178338      0.83256489       8.4377428       1012.2752       1478.0805       -25.21626        -28.09733          2.8810703       2810.4129                 23.236044                 395.78707                                583.73553                       9.516542             0.0049579268              1.9508159                            6.481969                  1478.0805       171.15497        140.46449
              1       1382.8326     0.022556163       69.057691       3.0433436      0.96736482        7.447054      0.69814018       1.0065908        1.000657      0.99980667      0.99913049      0.99750231      0.99407058     0.012806857   2.0975259e-09      0.95270218      0.83010124      0.30178338      0.83256489       8.4377428       1012.2752       1478.0805      -25.024317       -27.905388          2.8810703       2815.7139                 23.236044                 395.78707                                583.73553                       9.516542             0.0049579268              1.9508159                            6.481969                  1478.0805       170.52548        146.39494
              1       1382.1826     0.022556163       69.057691       3.0433436      0.96736482        7.447054      0.69814018       1.0065908        1.001495      0.99796174       1.0090292       1.0016832       1.0056956     0.012806857   2.0975259e-09      0.95270218      0.83010124      0.30178338      0.83256489       8.4377428       1012.5883       1478.0805      -24.761478       -27.642548          2.8810703       2813.8882                 23.112758                 395.80693                                584.25375                      9.4148226             0.0049579268              1.9508159                            6.481969                  1478.0805       169.98337        144.79829
              1       1381.4039     0.022556163       69.057691       3.0433436      0.96736482        7.447054      0.69814018       1.0065908      0.99998336      0.99829999       1.0065662       1.0028264       1.0027857     0.012806857   2.0975259e-09      0.95270218      0.83010124      0.30178338      0.83256489       8.4377428       1013.7639       1478.0805      -25.116126       -27.997196          2.8810703         2813.04                 23.336622                 395.78518                                585.01464                      9.6275024             0.0049579268              1.9508159                            6.481969                  1478.0805       167.30757        145.45021
              1       1382.9087     0.022556163       69.057691       3.0433436      0.96736482        7.447054      0.69814018       1.0065908      0.99998336      0.99878267       1.0080364       1.0032782       1.0046188     0.012806857   2.0975259e-09      0.95270218      0.83010124      0.30178338      0.83256489       8.4377428       1013.7639       1478.0805      -24.997553       -27.878623          2.8810703       2815.8125                 23.336622                 395.78518                                585.01464                      9.6275024             0.0049579268              1.9508159                            6.481969                  1478.0805        168.9182        146.61208
              1       1380.3243     0.022556163       69.057691       3.0433436      0.96736482        7.447054      0.69814018       1.0065908      0.99998336      0.99955337       1.0067148      0.99778017       1.0063533     0.012806857   2.0975259e-09      0.95270218      0.83010124      0.30178338      0.83256489       8.4377428       1013.7639       1478.0805      -25.033069       -27.914139          2.8810703       2810.7148                 23.336622                 395.78518                                585.01464                      9.6275024             0.0049579268              1.9508159                            6.481969                  1478.0805        168.1555        142.27705
              1       1380.6195     0.022556163       69.057691       3.0433436      0.96736482        7.447054      0.69814018       1.0065908      0.99998336      0.99864542       1.0061914      0.99559852       1.0069657     0.012806857   2.0975259e-09      0.95270218      0.83010124      0.30178338      0.83256489       8.4377428       1013.7639       1478.0805      -24.506791       -27.387862          2.8810703       2810.2527                 23.336622                 395.78518                                585.01464                      9.6275024             0.0049579268              1.9508159                            6.481969                  1478.0805       167.08519        142.88527
              1       1378.8724     0.022556163       69.057691       3.0433436      0.96736482        7.447054      0.69814018       1.0065908      0.99998336      0.99864542       1.0061914      0.99890321       1.0009812     0.012806857   2.0975259e-09      0.95270218      0.83010124      0.30178338      0.83256489       8.4377428       1013.7639       1478.0805      -25.407343       -28.288413          2.8810703       2808.5595                 23.336622                 395.78518                                585.01464                      9.6275024             0.0049579268              1.9508159                            6.481969                  1478.0805       167.08519        141.19208
              1       1378.9015     0.022608611        69.30622       3.0427619      0.96655788       7.3921303      0.69878291       1.0089102        1.000512      0.99849705       1.0062919      0.99810751       1.0034987     0.038799128   2.0963062e-09       0.9529316       0.8265459      0.30114162      0.82811708       8.4232656       1013.1102       1475.7966       -24.78774       -28.078228          3.2904877       2807.3786                 23.457247                 395.74088                                584.60181                      9.3102517             0.0085625862              2.0212896                           6.3934134                  1475.7966       169.07874        140.96974
              1       1381.4296     0.022603834       68.957488       3.0281493      0.96703202       6.7966948      0.69427696        1.009714      0.99935609      0.99629367        1.005018      0.99736027       1.0024924     0.080601258   2.0658964e-09      0.95246437      0.81181965      0.30564692      0.81942451       7.6214763       1015.4898       1478.1104      -24.170219         -27.4014          3.2311812       2811.1996                 22.976773                  395.9938                                587.12801                      9.3912534            0.00099387534              1.6398861                           5.9805963                  1478.1104       170.06578        139.91216
              1       1383.8142     0.022603834       68.957488       3.0281493      0.96703202       6.7966948      0.69427696        1.009714       0.9995385      0.99644594        1.004808       1.0003215       1.0056179     0.080601258   2.0658964e-09      0.95246437      0.81181965      0.30564692      0.81942451       7.6214763       1015.5579       1478.1104      -24.178226       -27.409408          3.2311812       2815.9848                 22.950787                  395.9938                                587.18294                      9.4303859            0.00099387534              1.6398861                           5.9805963                  1478.1104        169.9416        144.75346
              1       1383.3167     0.022603834       68.957488       3.0281493      0.96703202       6.7966948      0.69427696        1.009714       0.9995385      0.99645466       1.0025505       1.0008988      0.99986808     0.080601258   2.0658964e-09      0.95246437      0.81181965      0.30564692      0.81942451       7.6214763       1015.5579       1478.1104      -24.462596       -27.693777          3.2311812       2815.5586                 22.950787                  395.9938                                587.18294                      9.4303859            0.00099387534              1.6398861                           5.9805963                  1478.1104       170.76192        143.50694
              1       1386.2908     0.022603834       68.957488       3.0281493      0.96703202       6.7966948      0.69427696        1.009714       0.9995385      0.99493514       1.0088626       0.9909476       1.0005219     0.080601258   2.0658964e-09      0.95246437      0.81181965      0.30564692      0.81942451       7.6214763       1015.5579       1478.1104      -21.720982       -24.952164          3.2311812       2816.0235                 22.950787                  395.9938                                587.18294                      9.4303859            0.00099387534              1.6398861                           5.9805963                  1478.1104        173.9063        140.82744
              1       1385.9263     0.022603834       68.957488       3.0281493      0.96703202       6.7966948      0.69427696        1.009714       0.9995385      0.99682554       1.0098572      0.99246614       1.0052957     0.080601258   2.0658964e-09      0.95246437      0.81181965      0.30564692      0.81942451       7.6214763       1015.5579       1478.1104       -22.94824       -26.179421          3.2311812       2817.7492                 22.950787                  395.9938                                587.18294                      9.4303859            0.00099387534              1.6398861                           5.9805963                  1478.1104       174.44888         142.0105
              1       1383.7781     0.022603834       68.957488       3.0281493      0.96703202       6.7966948      0.69427696        1.009714       0.9995385       0.9974844       1.0097884      0.99821948        1.002933     0.080601258   2.0658964e-09      0.95246437      0.81181965      0.30564692      0.81942451       7.6214763       1015.5579       1478.1104      -24.669518         -27.9007          3.2311812       2816.8953                 22.950787                  395.9938                                587.18294                      9.4303859            0.00099387534              1.6398861                           5.9805963                  1478.1104       174.89435        140.71117
              1       1382.9341     0.022603834       68.957488       3.0281493      0.96703202       6.7966948      0.69427696        1.009714       0.9995385      0.99685341       1.0072064       1.0002344       1.0026051     0.080601258   2.0658964e-09      0.95246437      0.81181965      0.30564692      0.81942451       7.6214763       1015.5579       1478.1104      -24.565475       -27.796656          3.2311812       2814.9991                 22.950787                  395.9938                                587.18294                      9.4303859            0.00099387534              1.6398861                           5.9805963                  1478.1104        170.9274        142.78194
              1       1384.0175     0.022603834       68.957488       3.0281493      0.96703202       6.7966948      0.69427696        1.009714       1.0007618      0.99676519       1.0037485       0.9952834      0.99531028     0.080601258   2.0658964e-09      0.95246437      0.81181965      0.30564692      0.81942451       7.6214763       1018.9395       1478.1104      -23.810575       -27.041757          3.2311812       2815.6561                 22.779339                 396.01368                                 590.4052                       9.741262            0.00099387534              1.6398861                           5.9805963                  1478.1104       169.87889        141.10588
              1       1383.5467     0.022603834       68.957488       3.0281493      0.96703202       6.7966948      0.69427696        1.009714       1.0007766      0.99705075       1.0040576      0.99502736       1.0045106     0.080601258   2.0658964e-09      0.95246437      0.81181965      0.30564692      0.81942451       7.6214763       1019.0109       1478.1104      -23.860928        -27.09211          3.2311812       2814.8152                 22.777291                 396.01368                                590.47443                       9.745535            0.00099387534              1.6398861                           5.9805963                  1478.1104       169.69893         140.3735
              1       1384.5639     0.022603834       68.957488       3.0281493      0.96703202       6.7966948      0.69427696        1.009714       0.9997556      0.99872762      0.99976225       1.0012462       0.9982891     0.080601258   2.0658964e-09      0.95246437      0.81181965      0.30564692      0.81942451       7.6214763       1015.7792       1478.1104      -25.037209       -28.268391          3.2311812       2819.2023                 22.920024                  395.9871                                587.39271                      9.4794121            0.00099387534              1.6398861                           5.9805963                  1478.1104       173.11613        144.57501
              1       1380.9433     0.022603834       68.957488       3.0281493      0.96703202       6.7966948      0.69427696        1.009714       0.9997556      0.99701874       1.0052743      0.99580477      0.99877454     0.080601258   2.0658964e-09      0.95246437      0.81181965      0.30564692      0.81942451       7.6214763       1015.7792       1478.1104      -24.248874       -27.480055          3.2311812       2810.3844                 22.920024                  395.9871                                587.39271                      9.4794121            0.00099387534              1.6398861                           5.9805963                  1478.1104       169.79535        139.07791
              1        1382.306     0.022603834       68.957488       3.0281493      0.96703202       6.7966948      0.69427696        1.009714       0.9997556       1.0001361       1.0037501       0.9956824       0.9988538     0.080601258   2.0658964e-09      0.95246437      0.81181965      0.30564692      0.81942451       7.6214763       1015.7792       1478.1104       -24.71756       -27.948741          3.2311812       2814.0471                 22.920024                  395.9871                                587.39271                      9.4794121            0.00099387534              1.6398861                           5.9805963                  1478.1104       173.51157        139.02441
              1        1381.678     0.022603834       68.957488       3.0281493      0.96703202       6.7966948      0.69427696        1.009714       0.9997556      0.99650066       1.0065338      0.99512495       1.0023435     0.080601258   2.0658964e-09      0.95246437      0.81181965      0.30564692      0.81942451       7.6214763       1015.7792       1478.1104      -23.871671       -27.102852          3.2311812       2811.0994                 22.920024                  395.9871                                587.39271                      9.4794121            0.00099387534              1.6398861                           5.9805963                  1478.1104        170.4586        139.12964
              1       1383.7396     0.022530207       68.923581       3.0222306      0.96798244       6.3861851      0.69752277       1.0057161       1.0011446       1.0014735       1.0049861       1.0014591       1.0034548     0.011108349    2.053705e-09      0.95257258      0.82069775      0.30240039      0.82397454       8.0677737       1015.3946       1479.2999      -25.355699       -28.038177          2.6824781       2818.1906                  22.65345                  396.8198                                586.40734                      9.5140246             0.0028503966              1.8976993                            6.167224                  1479.2999       172.21645        143.21193
              1       1384.7024     0.022530207       68.923581       3.0222306      0.96798244       6.3861851      0.69752277       1.0057161        1.001594      0.99626492       1.0023008       1.0012927       1.0029756     0.011108349    2.053705e-09      0.95257258      0.82069775      0.30240039      0.82397454       8.0677737       1016.6104       1479.2999      -24.643323       -27.325801          2.6824781       2818.6913                 22.593016                 396.82099                                587.59989                       9.596467             0.0028503966              1.8976993                            6.167224                  1479.2999        171.8185        142.89484
              1       1384.1045     0.022530207       68.923581       3.0222306      0.96798244       6.3861851      0.69752277       1.0057161       1.0016343      0.99626504       1.0022966      0.99766649       1.0052923     0.011108349    2.053705e-09      0.95257258      0.82069775      0.30240039      0.82397454       8.0677737       1016.7524       1479.2999      -24.358158       -27.040636          2.6824781       2816.9253                 22.587633                 396.82099                                587.73939                      9.6044138             0.0028503966              1.8976993                            6.167224                  1479.2999       171.82277        140.98241
              1       1381.7233     0.022530207       68.923581       3.0222306      0.96798244       6.3861851      0.69752277       1.0057161       1.0009324       1.0002547       1.0002649      0.99748722       1.0053235     0.011108349    2.053705e-09      0.95257258      0.82069775      0.30240039      0.82397454       8.0677737       1015.0431       1479.2999      -25.248989       -27.931467          2.6824781       2813.9445                 22.682227                 396.80546                                586.07638                      9.4790455             0.0028503966              1.8976993                            6.167224                  1479.2999       170.58104         140.9527
              1       1382.0173     0.022530207       68.923581       3.0222306      0.96798244       6.3861851      0.69752277       1.0057161       1.0001537      0.99821396       1.0006359       1.0002941       1.0041903     0.011108349    2.053705e-09      0.95257258      0.82069775      0.30240039      0.82397454       8.0677737       1015.1086       1479.2999      -25.399482        -28.08196          2.6824781       2814.8336                 22.788988                 396.80338                                586.14374                      9.3725255             0.0028503966              1.8976993                            6.167224                  1479.2999       170.24329        142.11404
              1       1381.1517     0.022530207       68.923581       3.0222306      0.96798244       6.3861851      0.69752277       1.0057161       1.0005949      0.99821536       1.0005898      0.99549471       1.0026007     0.011108349    2.053705e-09      0.95257258      0.82069775      0.30240039      0.82397454       8.0677737       1014.8182       1479.2999      -24.974193       -27.656671          2.6824781       2812.2517                 22.728305                 396.80338                                585.85784                      9.4286645             0.0028503966              1.8976993                            6.167224                  1479.2999       170.30298        139.76288
              1       1383.3731     0.022530207       68.923581       3.0222306      0.96798244       6.3861851      0.69752277       1.0057161       1.0001094      0.99723622        1.007971      0.99261401      0.99857838     0.011108349    2.053705e-09      0.95257258      0.82069775      0.30240039      0.82397454       8.0677737       1015.1742       1479.2999       -23.94941       -26.631888          2.6824781       2814.6449                   22.7951                 396.80338                                586.20825                      9.3675046             0.0028503966              1.8976993                            6.167224                  1479.2999       170.03474        142.06831
              1        1382.838     0.022622337        69.63681       3.0239095      0.96895357       6.5994723      0.70307544       1.0089894       0.9992838      0.99626745       1.0031922      0.99351491      0.99929054      0.03780724   2.0571558e-09      0.95334913      0.81754406       0.2968498      0.81324036       9.1706072       1016.2772       1473.9604      -23.152721       -26.566465          3.4137444       2811.9814                 22.723911                 396.33721                                587.52787                      9.6881617              0.045884626              2.4200771                           6.7046455                  1473.9604        172.1364        140.43675
              1       1382.8889     0.022644171       69.742913       3.0222139      0.96909801       6.4847216      0.70365858       1.0094198       1.0012318      0.99990001       1.0030818      0.99685198        1.001415     0.033112999   2.0536708e-09      0.95344608      0.81883856      0.29626686      0.81372788       9.3779376       1020.0535       1473.2028      -24.435477       -28.042659          3.6071822       2814.6488                 22.437754                 396.62209                                590.68967                      10.303968              0.053031923               2.474078                           6.8508277                  1473.2028       171.77299        140.24155
              1       1382.5399     0.022644171       69.742913       3.0222139      0.96909801       6.4847216      0.70365858       1.0094198       1.0012318      0.99871668       1.0019225      0.99688449       1.0013221     0.033112999   2.0536708e-09      0.95344608      0.81883856      0.29626686      0.81372788       9.3779376       1020.0535       1473.2028      -24.351994       -27.959176          3.6071822       2813.7838                 22.437754                 396.62209                                590.68967                      10.303968              0.053031923               2.474078                           6.8508277                  1473.2028       170.90144        140.24815
              1        1382.323     0.022644171       69.742913       3.0222139      0.96909801       6.4847216      0.70365858       1.0094198      0.99849458      0.99870799       1.0022083      0.99540439       1.0024264     0.033112999   2.0536708e-09      0.95344608      0.81883856      0.29626686      0.81372788       9.3779376       1019.1047       1473.2028      -23.968598        -27.57578          3.6071822       2812.5832                 22.806232                 396.58538                                 590.1829                       9.530148              0.053031923               2.474078                           6.8508277                  1473.2028       170.70767        140.19016
              1       1381.0658     0.022644171       69.742913       3.0222139      0.96909801       6.4847216      0.70365858       1.0094198      0.99944706      0.99871102       1.0021089      0.99839589      0.99913019     0.033112999   2.0536708e-09      0.95344608      0.81883856      0.29626686      0.81372788       9.3779376       1016.5562       1473.2028      -24.634396       -28.241578          3.6071822       2811.4004                 22.675336                 396.60443                                587.52492                      9.7514653              0.053031923               2.474078                           6.8508277                  1473.2028       170.77199         141.4915
              1       1383.6599     0.022644171       69.742913       3.0222139      0.96909801       6.4847216      0.70365858       1.0094198      0.99944706      0.99704151       1.0078872      0.99467253       1.0065764     0.033112999   2.0536708e-09      0.95344608      0.81883856      0.29626686      0.81372788       9.3779376       1016.5562       1473.2028      -23.198361       -26.805543          3.6071822       2813.7165                 22.675336                 396.60443                                587.52492                      9.7514653              0.053031923               2.474078                           6.8508277                  1473.2028       171.55739        143.02222
              1       1380.9438     0.022644171       69.742913       3.0222139      0.96909801       6.4847216      0.70365858       1.0094198      0.99944706       0.9973694       1.0051262      0.99539072      0.99842581     0.033112999   2.0536708e-09      0.95344608      0.81883856      0.29626686      0.81372788       9.3779376       1016.5562       1473.2028      -23.862866       -27.470048          3.6071822       2809.6133                 22.675336                 396.60443                                587.52492                      9.7514653              0.053031923               2.474078                           6.8508277                  1473.2028       169.88794        140.58849
              1       1381.6406     0.022644171       69.742913       3.0222139      0.96909801       6.4847216      0.70365858       1.0094198      0.99944706      0.99713342       1.0048351      0.99993619      0.99954667     0.033112999   2.0536708e-09      0.95344608      0.81883856      0.29626686      0.81372788       9.3779376       1016.5562       1473.2028      -24.339115       -27.946297          3.6071822       2811.9594                 22.675336                 396.60443                                587.52492                      9.7514653              0.053031923               2.474078                           6.8508277                  1473.2028       169.97038        142.85216
              1       1380.2491        0.022608        69.52256       3.0295157      0.97044321       6.9078767      0.70330906       1.0068556      0.99901746      0.99842775       1.0055322      0.99500308       1.0018168    0.0026427703   2.0687212e-09      0.95322534      0.82578579      0.29661324      0.82111134       9.4628056       1015.5362       1475.0622      -24.230284       -27.564256          3.3339727       2808.9587                 22.537979                 395.89379                                587.77109                      9.3333671              0.047020039              2.4284353                           6.9873502                  1475.0622       167.59206         141.3054
              1         1379.61        0.022608        69.52256       3.0295157      0.97044321       6.9078767      0.70330906       1.0068556      0.99985884      0.99739439       1.0052031      0.99707216       1.0013497    0.0026427703   2.0687212e-09      0.95322534      0.82578579      0.29661324      0.82111134       9.4628056        1014.915       1475.0622      -24.486732       -27.820705          3.3339727       2808.1935                  22.42713                   395.922                                587.13792                      9.4279703              0.047020039              2.4284353                           6.9873502                  1475.0622       167.41463        141.33882
              1       1381.3473        0.022608        69.52256       3.0295157      0.97044321       6.9078767      0.70330906       1.0068556      0.99985884      0.99784488       1.0028403      0.99253177       1.0009951    0.0026427703   2.0687212e-09      0.95322534      0.82578579      0.29661324      0.82111134       9.4628056        1014.915       1475.0622      -23.443065       -26.777038          3.3339727       2809.5807                  22.42713                   395.922                                587.13792                      9.4279703              0.047020039              2.4284353                           6.9873502                  1475.0622       167.51059        142.63008
              1       1380.0982        0.022608        69.52256       3.0295157      0.97044321       6.9078767      0.70330906       1.0068556      0.99981518      0.99715141       1.0043276      0.99588082       1.0030883    0.0026427703   2.0687212e-09      0.95322534      0.82578579      0.29661324      0.82111134       9.4628056       1014.8896       1475.0622      -24.130755       -27.464728          3.3339727       2808.4579                 22.432823                   395.922                                587.11268                      9.4220713              0.047020039              2.4284353                           6.9873502                  1475.0622       167.52773        141.51555
              1       1380.3527        0.022608        69.52256       3.0295157      0.97044321       6.9078767      0.70330906       1.0068556       0.9992216      0.99922287       1.0013177      0.99589552       1.0029542    0.0026427703   2.0687212e-09      0.95322534      0.82578579      0.29661324      0.82111134       9.4628056       1015.1595       1475.0622      -24.512935       -27.846908          3.3339727       2809.7313                 22.510859                 395.89591                                587.40009                      9.3526152              0.047020039              2.4284353                           6.9873502                  1475.0622       168.57935        141.46751
              1       1380.0519        0.022608        69.52256       3.0295157      0.97044321       6.9078767      0.70330906       1.0068556       0.9992216      0.99922287       1.0013177      0.99697243       1.0018473    0.0026427703   2.0687212e-09      0.95322534      0.82578579      0.29661324      0.82111134       9.4628056       1015.1595       1475.0622      -24.753704       -28.087677          3.3339727       2809.6113                 22.510859                 395.89591                                587.40009                      9.3526152              0.047020039              2.4284353                           6.9873502                  1475.0622       168.57935        141.34746
              1       1381.7209        0.022608        69.52256       3.0295157      0.97044321       6.9078767      0.70330906       1.0068556       0.9992216      0.99892826       1.0020536      0.99955991       1.0062355    0.0026427703   2.0687212e-09      0.95322534      0.82578579      0.29661324      0.82111134       9.4628056       1015.1595       1475.0622      -24.610427         -27.9444          3.3339727       2812.6626                 22.510859                 395.89591                                587.40009                      9.3526152              0.047020039              2.4284353                           6.9873502                  1475.0622       167.92741        145.05074
              1       1381.9121        0.022608        69.52256       3.0295157      0.97044321       6.9078767      0.70330906       1.0068556       1.0002546      0.99893154       1.0019457      0.99959133       1.0063307    0.0026427703   2.0687212e-09      0.95322534      0.82578579      0.29661324      0.82111134       9.4628056       1015.4309       1475.0622      -24.643449       -27.977422          3.3339727        2813.111                 22.375809                 395.91307                                 587.6557                      9.4863655              0.047020039              2.4284353                           6.9873502                  1475.0622       167.99246         145.1626
              1       1382.1519        0.022608        69.52256       3.0295157      0.97044321       6.9078767      0.70330906       1.0068556       1.0002546      0.99893154       1.0019457      0.99959131        1.006739    0.0026427703   2.0687212e-09      0.95322534      0.82578579      0.29661324      0.82111134       9.4628056       1015.4309       1475.0622      -24.592961       -27.926934          3.3339727       2813.4898                 22.375809                 395.91307                                 587.6557                      9.4863655              0.047020039              2.4284353                           6.9873502                  1475.0622       167.99246        145.54134
              1       1382.3141     0.022636091       69.583329       3.0315699      0.96977737         6.96648      0.70317656       1.0075213       1.0003909       0.9979933       1.0093513      0.99412267      0.99888994    0.0079655401   2.0729751e-09      0.95324899      0.82663476      0.29674777      0.82214187        9.454516       1014.9125       1474.4699      -23.746525       -27.325005          3.5784799       2812.1213                 22.563485                 395.83065                                587.11075                      9.4075881              0.045643369              2.4177745                           6.9910981                  1474.4699       171.15106        142.13336
              1       1381.7832     0.022603872       69.445118       3.0348212       0.9704932        7.095944      0.70233319       1.0067707       1.0008576       1.0012586      0.99931297      0.99739945       1.0000851    0.0062596616   2.0797258e-09      0.95312952      0.82779456      0.29759057      0.82446366       9.2696132       1014.9741       1475.4881      -24.816297       -28.114675          3.2983773        2813.199                 22.436225                 395.72665                                 587.4342                      9.3770379              0.036541525              2.3428749                           6.8901968                  1475.4881       171.47479        141.99232
              1        1381.674     0.022603872       69.445118       3.0348212       0.9704932        7.095944      0.70233319       1.0067707      0.99904419        1.000153       1.0011788      0.99739659      0.99993122    0.0062596616   2.0797258e-09      0.95312952      0.82779456      0.29759057      0.82446366       9.2696132        1017.906       1475.4881       -24.88841       -28.186788          3.2983773       2813.1249                 22.678341                 395.71518                                590.18001                      9.3324283              0.036541525              2.3428749                           6.8901968                  1475.4881       168.41389        142.04727
              1       1382.2206     0.022603872       69.445118       3.0348212       0.9704932        7.095944      0.70233319       1.0067707      0.99904419       1.0007436       1.0045274      0.99879952      0.99896108    0.0062596616   2.0797258e-09      0.95312952      0.82779456      0.29759057      0.82446366       9.2696132        1017.906       1475.4881      -24.981181       -28.279558          3.2983773       2814.4036                 22.678341                 395.71518                                590.18001                      9.3324283              0.036541525              2.3428749                           6.8901968                  1475.4881       168.66576        143.07411
              1       1381.9533     0.022603872       69.445118       3.0348212       0.9704932        7.095944      0.70233319       1.0067707       1.0013733      0.99860585       1.0050667       1.0019143       1.0001043    0.0062596616   2.0797258e-09      0.95312952      0.82779456      0.29759057      0.82446366       9.2696132       1016.1747       1475.4881      -24.781088       -28.079466          3.2983773       2813.4689                 22.369313                 395.72962                                588.65192                      9.4238966              0.036541525              2.3428749                           6.8901968                  1475.4881       166.97258         145.5638
              1       1380.7139     0.022603872       69.445118       3.0348212       0.9704932        7.095944      0.70233319       1.0067707       1.0013733      0.99986541       1.0018136      0.99774082      0.99932759    0.0062596616   2.0797258e-09      0.95312952      0.82779456      0.29759057      0.82446366       9.2696132       1016.1747       1475.4881       -24.84819       -28.146567          3.2983773       2811.1242                 22.369313                 395.72962                                588.65192                      9.4238966              0.036541525              2.3428749                           6.8901968                  1475.4881       167.79221        142.39948
              1       1380.6958     0.022622814       69.470847       3.0330929      0.97128336       7.0332679      0.70245353       1.0068604       1.0011794       0.9994797        1.003273      0.99779698      0.99928273    0.0081839958   2.0761346e-09      0.95312498      0.82700942      0.29747059      0.82351563       9.2724945       1017.4191       1475.2843      -24.706516       -28.177761          3.4712457       2810.8047                 22.203507                 395.79191                                589.90953                      9.5141511              0.037803185              2.3537437                           6.8809476                  1475.2843       166.26503        142.56378
              1       1381.6539     0.022622814       69.470847       3.0330929      0.97128336       7.0332679      0.70245353       1.0068604       1.0011794       0.9994797        1.003273       1.0007951       1.0041835    0.0081839958   2.0761346e-09      0.95312498      0.82700942      0.29747059      0.82351563       9.2724945       1017.4191       1475.2843      -24.650507       -28.121753          3.4712457       2812.6088                 22.203507                 395.79191                                589.90953                      9.5141511              0.037803185              2.3537437                           6.8809476                  1475.2843       166.26503        144.36792
              1       1382.4796     0.022622814       69.470847       3.0330929      0.97128336       7.0332679      0.70245353       1.0068604       1.0011794      0.99942558        1.003827       1.0002432       1.0068592    0.0081839958   2.0761346e-09      0.95312498      0.82700942      0.29747059      0.82351563       9.2724945       1017.4191       1475.2843      -24.381904        -27.85315          3.4712457        2813.723                 22.203507                 395.79191                                589.90953                      9.5141511              0.037803185              2.3537437                           6.8809476                  1475.2843        166.2175        145.52957
              1       1381.4025     0.022622814       69.470847       3.0330929      0.97128336       7.0332679      0.70245353       1.0068604       1.0015053      0.99942661        1.003793      0.99920698       1.0026295    0.0081839958   2.0761346e-09      0.95312498      0.82700942      0.29747059      0.82351563       9.2724945       1018.7323       1475.2843      -24.677521       -28.148767          3.4712457         2812.16                 22.162945                 395.79377                                591.21333                      9.5622531              0.037803185              2.3537437                           6.8809476                  1475.2843       166.21646        142.65443
              1       1383.6179     0.022622814       69.470847       3.0330929      0.97128336       7.0332679      0.70245353       1.0068604       1.0015053      0.99858982       1.0036124       1.0028308       1.0021314    0.0081839958   2.0761346e-09      0.95312498      0.82700942      0.29747059      0.82351563       9.2724945       1018.7323       1475.2843        -24.4246       -27.895845          3.4712457       2816.0849                 22.162945                 395.79377                                591.21333                      9.5622531              0.037803185              2.3537437                           6.8809476                  1475.2843       166.15587        146.63994
              1       1385.1479     0.022622814       69.470847       3.0330929      0.97128336       7.0332679      0.70245353       1.0068604       1.0000051      0.99881656       1.0025406      0.99989865      0.99222511    0.0081839958   2.0761346e-09      0.95312498      0.82700942      0.29747059      0.82351563       9.2724945       1015.6574       1475.2843      -24.308148       -27.779394          3.4712457        2818.912                 22.352801                 395.78907                                588.12491                      9.3905982              0.037803185              2.3537437                           6.8809476                  1475.2843       166.43982        152.25804
              1       1382.2396     0.022622814       69.470847       3.0330929      0.97128336       7.0332679      0.70245353       1.0068604      0.99971661        1.000946       1.0015042      0.99705737      0.99616383    0.0081839958   2.0761346e-09      0.95312498      0.82700942      0.29747059      0.82351563       9.2724945       1015.9379       1475.2843      -24.547957       -28.019203          3.4712457       2813.5751                  22.39001                 395.78761                                588.38807                      9.3722351              0.037803185              2.3537437                           6.8809476                  1475.2843        168.2998        144.78061
              1       1381.4158     0.022622814       69.470847       3.0330929      0.97128336       7.0332679      0.70245353       1.0068604      0.99971661      0.99754084        1.004145      0.99758922      0.99689341    0.0081839958   2.0761346e-09      0.95312498      0.82700942      0.29747059      0.82351563       9.2724945       1015.9379       1475.2843      -24.380233       -27.851478          3.4712457       2811.5921                  22.39001                 395.78761                                588.38807                      9.3722351              0.037803185              2.3537437                           6.8809476                  1475.2843       166.91478        144.18259
              1       1381.8509     0.022686641        70.16046       3.0306288      0.97196113       6.8259674      0.70535413       1.0122751       1.0002429       1.0022708       1.0038254      0.99863866       1.0054951     0.038239328   2.0710252e-09      0.95391227      0.82660259      0.29457223      0.81909078       10.250259        1018.082       1470.2932      -23.854775       -27.806495          3.9517198       2811.4113                 22.237608                 396.03978                                590.17879                      9.6258486              0.079823092               2.652695                           7.5177413                  1470.2932       170.97331        141.81252
              1       1382.3039     0.022725816        70.06222       3.0326462      0.97246442       6.9093011      0.70357615       1.0127044       1.0016286       1.0004344       1.0063539      0.99667368       1.0057566     0.055871231   2.0752075e-09      0.95370312      0.82433488      0.29635007      0.81930492       9.5556106       1021.2601       1470.5293      -23.286003       -27.618741          4.3327383       2811.1797                 21.984228                 395.95139                                593.46918                      9.8552785              0.054044718              2.4820078                           7.0195581                  1470.5293        167.5071         142.3277
              1       1382.4374     0.022725816        70.06222       3.0326462      0.97246442       6.9093011      0.70357615       1.0127044       1.0016286      0.99957272       0.9996576      0.99950521       1.0035166     0.055871231   2.0752075e-09      0.95370312      0.82433488      0.29635007      0.81930492       9.5556106       1021.2601       1470.5293      -23.751196       -28.083934          4.3327383       2812.3771                 21.984228                 395.95139                                593.46918                      9.8552785              0.054044718              2.4820078                           7.0195581                  1470.5293       169.21191        141.82024
              1       1383.1456     0.022725816        70.06222       3.0326462      0.97246442       6.9093011      0.70357615       1.0127044      0.99896769      0.99956427      0.99993549      0.99749633        1.002635     0.055871231   2.0752075e-09      0.95370312      0.82433488      0.29635007      0.81930492       9.5556106       1023.7183       1470.5293      -23.779628       -28.112366          4.3327383       2813.8505                 22.313095                  395.9204                                596.01205                      9.4727123              0.054044718              2.4820078                           7.0195581                  1470.5293       168.81438        141.23302
              1        1384.059     0.022624784       69.723586       3.0161703      0.97469391        6.165341      0.70379264       1.0093333       1.0007457       1.0001313       1.0059865       0.9977004       1.0066256     0.041596432   2.0412967e-09      0.95346015      0.81551597      0.29613282      0.81024267       9.3616915       1024.0167       1473.4111      -24.408846       -27.837424          3.4285785       2816.9357                 21.490051                 397.54344                                594.00595                      10.977282              0.056006606              2.4958925                           6.8097924                  1473.4111       168.49664        141.64954
              1       1384.5819     0.022624784       69.723586       3.0161703      0.97469391        6.165341      0.70379264       1.0093333       1.0008339       1.0007665        1.006691      0.99695487       1.0058916     0.041596432   2.0412967e-09      0.95346015      0.81551597      0.29613282      0.81024267       9.3616915       1024.1114       1473.4111      -24.354119       -27.782697          3.4285785        2817.872                 21.480855                 397.54344                                594.07097                      11.016169              0.056006606              2.4958925                           6.8097924                  1473.4111       169.73534        141.25252
              1       1384.3049     0.022624784       69.723586       3.0161703      0.97469391        6.165341      0.70379264       1.0093333       1.0008339       1.0007665        1.006691       1.0005074       1.0040888     0.041596432   2.0412967e-09      0.95346015      0.81551597      0.29613282      0.81024267       9.3616915       1024.1114       1473.4111      -24.747927       -28.176506          3.4285785       2818.1057                 21.480855                 397.54344                                594.07097                      11.016169              0.056006606              2.4958925                           6.8097924                  1473.4111       169.73534        141.48615
              1       1385.5262     0.022624784       69.723586       3.0161703      0.97469391        6.165341      0.70379264       1.0093333        1.001621        1.000769       1.0066088      0.99708396      0.99885252     0.041596432   2.0412967e-09      0.95346015      0.81551597      0.29613282      0.81024267       9.3616915       1026.1208       1473.4111      -24.534317       -27.962895          3.4285785       2820.1211                  21.39965                 397.54569                                595.79277                      11.382689              0.056006606              2.4958925                           6.8097924                  1473.4111       169.65302        141.57457
              1       1387.2923     0.022624784       69.723586       3.0161703      0.97469391        6.165341      0.70379264       1.0093333        1.001621      0.99736167       1.0070233      0.99719991       1.0071692     0.041596432   2.0412967e-09      0.95346015      0.81551597      0.29613282      0.81024267       9.3616915       1026.1208       1473.4111      -23.723122         -27.1517          3.4285785       2822.0309                  21.39965                 397.54569                                595.79277                      11.382689              0.056006606              2.4958925                           6.8097924                  1473.4111       171.02341        142.11394
              1       1385.5223     0.022624784       69.723586       3.0161703      0.97469391        6.165341      0.70379264       1.0093333        1.001621       1.0012056       1.0053363       1.0011583       1.0009211     0.041596432   2.0412967e-09      0.95346015      0.81551597      0.29613282      0.81024267       9.3616915       1026.1208       1473.4111      -24.668465       -28.097044          3.4285785       2820.3815                  21.39965                 397.54569                                595.79277                      11.382689              0.056006606              2.4958925                           6.8097924                  1473.4111        169.1889        142.29907
              1       1385.0249     0.022530421       69.739629       3.0171194      0.97697094       6.4756141      0.70765456       1.0064191      0.99981999       1.0000663       1.0054979      0.99643375      0.99887636    0.0097181399   2.0432349e-09      0.95367557      0.81748103      0.29227029      0.80688082       10.853944       1024.4325       1474.4893      -25.430014       -28.099109          2.6690952       2820.9098                 21.177379                  396.7994                                595.20135                      11.254327               0.11936371              2.8699689                            7.864611                  1474.4893       170.06047        141.07364
              1       1387.0715     0.022530421       69.739629       3.0171194      0.97697094       6.4756141      0.70765456       1.0064191      0.99981999      0.99993637       1.0062995      0.99933949      0.99577052    0.0097181399   2.0432349e-09      0.95367557      0.81748103      0.29227029      0.80688082       10.853944       1024.4325       1474.4893      -25.577356       -28.246451          2.6690952       2825.2976                 21.177379                  396.7994                                595.20135                      11.254327               0.11936371              2.8699689                            7.864611                  1474.4893       170.47995        145.04196
              1       1387.0495     0.022530421       69.739629       3.0171194      0.97697094       6.4756141      0.70765456       1.0064191      0.99849222      0.99765684       1.0059944      0.99644572       1.0058481    0.0097181399   2.0432349e-09      0.95367557      0.81748103      0.29227029      0.80688082       10.853944       1026.5156       1474.4893      -24.636469       -27.305565          2.6690952       2823.3719                 21.306355                  396.7985                                597.75052                       10.66022               0.11936371              2.8699689                            7.864611                  1474.4893       169.98094        141.53214
              1       1386.9461     0.022530421       69.739629       3.0171194      0.97697094       6.4756141      0.70765456       1.0064191      0.99921064      0.99869121       1.0002991       1.0010364       1.0001201    0.0097181399   2.0432349e-09      0.95367557      0.81748103      0.29227029      0.80688082       10.853944       1024.6311       1474.4893      -25.588434       -28.257529          2.6690952       2825.0691                 21.235934                 396.78767                                 595.6381                      10.969361               0.11936371              2.8699689                            7.864611                  1474.4893       171.96075        143.13397
              1       1388.4793     0.022530421       69.739629       3.0171194      0.97697094       6.4756141      0.70765456       1.0064191       1.0001997       1.0010622       1.0018421       1.0020783       1.0068915    0.0097181399   2.0432349e-09      0.95367557      0.81748103      0.29227029      0.80688082       10.853944       1024.9376       1474.4893      -25.137934       -27.807029          2.6690952       2827.2345                 21.141504                 396.79879                                595.55493                      11.442411               0.11936371              2.8699689                            7.864611                  1474.4893       171.19612        145.75748
              1       1386.4954     0.022530421       69.739629       3.0171194      0.97697094       6.4756141      0.70765456       1.0064191       1.0001997       1.0010622       1.0018421      0.99448851       1.0037606    0.0097181399   2.0432349e-09      0.95367557      0.81748103      0.29227029      0.80688082       10.853944       1024.9376       1474.4893       -24.80718       -27.476276          2.6690952       2822.6052                 21.141504                 396.79879                                595.55493                      11.442411               0.11936371              2.8699689                            7.864611                  1474.4893       171.19612        141.12814
              1       1386.2484     0.022530421       69.739629       3.0171194      0.97697094       6.4756141      0.70765456       1.0064191      0.99944624      0.99839027       1.0089508      0.99600708        1.003725    0.0097181399   2.0432349e-09      0.95367557      0.81748103      0.29227029      0.80688082       10.853944       1024.3939       1474.4893      -25.065048       -27.734143          2.6690952       2822.6268                 21.213159                 396.78146                                595.32218                      11.077072               0.11936371              2.8699689                            7.864611                  1474.4893       172.38113        140.50856
              1       1385.5788     0.022689269       70.563537       3.0255368      0.97360126       6.8497979      0.70899519       1.0146816      0.99859714        1.000359        1.002521      0.99720562       1.0078569     0.071377065   2.0605063e-09      0.95443202      0.81682922      0.29093211      0.80438963       11.504141       1020.4993       1468.4972      -23.552983       -27.487071          3.9340885       2818.2636                 21.878438                 396.05187                                592.05508                      10.513952               0.15141735              3.0231016                           8.3296219                  1468.4972       174.21457        143.54829
              1       1383.1226     0.022691115       70.574922       3.0255016      0.97358407       6.8408269      0.70900373       1.0148237      0.99866282       1.0004129       1.0025442      0.99761292       1.0021879     0.073196806   2.0604337e-09      0.95444301      0.81652521      0.29092359      0.80407848       11.502542       1020.5615       1468.4218      -24.140581       -28.090196          3.9496151       2814.5263                 21.877596                 396.02931                                592.11407                      10.540507               0.15175206              3.0246332                            8.326157                  1468.4218       174.35286        139.68767
              1       1383.1194     0.022691115       70.574922       3.0255016      0.97358407       6.8408269      0.70900373       1.0148237      0.99866282      0.99948627       1.0024978      0.99982753        1.000289     0.073196806   2.0604337e-09      0.95444301      0.81652521      0.29092359      0.80407848       11.502542       1020.5615       1468.4218      -24.320468       -28.270083          3.9496151       2814.8797                 21.877596                 396.02931                                592.11407                      10.540507               0.15175206              3.0246332                            8.326157                  1468.4218       172.75143        141.64247
              1       1382.9228     0.022691115       70.574922       3.0255016      0.97358407       6.8408269      0.70900373       1.0148237      0.99872891      0.99993343       1.0021961      0.99686726       1.0037413     0.073196806   2.0604337e-09      0.95444301      0.81652521      0.29092359      0.80407848       11.502542       1020.4734       1468.4218      -23.974384       -27.923999          3.9496151       2813.7945                 21.869866                 396.02931                                592.00666                      10.567545               0.15175206              3.0246332                            8.326157                  1468.4218       173.54514        139.85165
              1       1382.6733     0.022691115       70.574922       3.0255016      0.97358407       6.8408269      0.70900373       1.0148237      0.99917433      0.99993484       1.0021496      0.99813219      0.99939331     0.073196806   2.0604337e-09      0.95444301      0.81652521      0.29092359      0.80407848       11.502542        1020.261       1468.4218      -24.334921       -28.284536          3.9496151       2814.0164                 21.818028                 396.02282                                591.66394                      10.756178               0.15175206              3.0246332                            8.326157                  1468.4218       173.56862        140.26256
              1       1382.4325     0.022691115       70.574922       3.0255016      0.97358407       6.8408269      0.70900373       1.0148237      0.99917433      0.99993484       1.0021496      0.99589999        0.999795     0.073196806   2.0604337e-09      0.95444301      0.81652521      0.29092359      0.80407848       11.502542        1020.261       1468.4218      -24.007616       -27.957231          3.9496151       2812.8803                 21.818028                 396.02282                                591.66394                      10.756178               0.15175206              3.0246332                            8.326157                  1468.4218       173.56862        139.12642
              1       1382.5725     0.022691115       70.574922       3.0255016      0.97358407       6.8408269      0.70900373       1.0148237      0.99926641      0.99820824       1.0081312      0.99634511       1.0002129     0.073196806   2.0604337e-09      0.95444301      0.81652521      0.29092359      0.80407848       11.502542       1020.3317       1468.4218      -23.926561       -27.876176          3.9496151       2812.9982                 21.807369                 396.05206                                591.67574                      10.796562               0.15175206              3.0246332                            8.326157                  1468.4218       173.60365        139.13853
              1       1384.4729     0.022814824       70.944684       3.0267888      0.97203384       6.8062709      0.70802543        1.019331      0.99926186       1.0003783        1.001101      0.99540811      0.99523461     0.098073766   2.0630876e-09      0.95467087      0.81853782      0.29190267      0.80741564       11.089314       1021.5711       1465.7281      -22.499738       -27.639999          5.1402604       2813.9453                 22.082087                 396.10641                                592.99532                      10.387319               0.13039906              2.9250574                           8.0338571                  1465.7281       173.90477        141.65192
              1       1381.9289     0.022871064       70.354365       3.0408793      0.97046682       7.4463995      0.70250685       1.0177825      0.99983305       1.0001632      0.99896479      0.99822832      0.99837031      0.13561768   2.0923633e-09      0.95379337      0.81289878      0.29742006      0.80939585       8.9005012       1018.9339       1468.0045      -22.526415       -28.322634          5.7962197       2808.9107                 22.495144                 395.70605                                 591.2516                      9.4811127              0.040316615              2.3755188                           6.4846658                  1468.0045       171.55753        141.51418
              1       1381.4577     0.022871064       70.354365       3.0408793      0.97046682       7.4463995      0.70250685       1.0177825      0.99823779      0.99745186       1.0040754       1.0006928      0.99927859      0.13561768   2.0923633e-09      0.95379337      0.81289878      0.29742006      0.80939585       8.9005012       1019.5247       1468.0045      -22.007117       -27.803337          5.7962197       2806.9297                 22.711711                 395.75617                                591.94972                      9.1071377              0.040316615              2.3755188                           6.4846658                  1468.0045        166.8049        143.69499
              1       1381.7232     0.022871064       70.354365       3.0408793      0.97046682       7.4463995      0.70250685       1.0177825      0.99823779      0.99745186       1.0040754      0.99528933      0.99528665      0.13561768   2.0923633e-09      0.95379337      0.81289878      0.29742006      0.80939585       8.9005012       1019.5247       1468.0045      -21.263426       -27.059646          5.7962197       2805.9733                 22.711711                 395.75617                                591.94972                      9.1071377              0.040316615              2.3755188                           6.4846658                  1468.0045        166.8049        142.73865
              1       1379.6874     0.022871064       70.354365       3.0408793      0.97046682       7.4463995      0.70250685       1.0177825      0.99890602      0.99767758       1.0048777      0.99467928       1.0023847      0.13561768   2.0923633e-09      0.95379337      0.81289878      0.29742006      0.80939585       8.9005012       1018.2089       1468.0045       -21.48178          -27.278          5.7962197       2802.3383                 22.619946                 395.72047                                590.62224                        9.24621              0.040316615              2.3755188                           6.4846658                  1468.0045        166.8316        140.39284
