#        weight    minuslogpost         omega_b              H0            logA             n_s          z_reio    dcdf_rho_inf     dcdf_conv_g dcdf_floor_thaw        A_planck           A_act           P_act            Tcal            Ecal          m_ncdm             A_s     Omega0_dcdf          sigma8         Omega_m              S8       chi2__BAO       chi2__CMB        chi2__SN   minuslogprior minuslogprior__0 minuslogprior__bbn            chi2 chi2__planck_2018_lowl.TT chi2__planck_2018_lowl.EE chi2__planck_2018_highl_plik.TTTEEE_lite chi2__planck_2018_lensing.clik chi2__bao.desi_2024_bao_all chi2__sn.pantheonplusshoes   chi2__act_dr6 chi2__spt3g_lite
              1       1379.5406     0.022819361       69.335284       3.0408884      0.97493817       7.5346361       0.7359067      0.26351365     0.070300499       1.0008226       0.9994622       1.0022001      0.99661305      0.99825089   0.00055741768   2.0923823e-09      0.95253266      0.87312695      0.25814731      0.80993574       14.302977       1018.2836       1466.3109      -23.854417       -26.436232          2.5818144         2806.79                 21.210491                 395.76912                                589.99335                      11.310594                   14.302977                  1466.3109       166.83682        141.05574
              1        1380.302     0.022819361       69.335284       3.0408884      0.97493817       7.5346361       0.7359067      0.26351365     0.070300499       1.0016236      0.99911099       1.0063535      0.99683482       1.0042794   0.00055741768   2.0923823e-09      0.95253266      0.87312695      0.25814731      0.80993574       14.302977       1020.2849       1466.3109       -23.56156       -26.143374          2.5818144        2807.727                 21.141154                 395.76156                                591.69829                      11.683872                   14.302977                  1466.3109       167.00864        139.81963
              1       1380.1009     0.022847619       69.273685       3.0404231      0.97463194       7.5246672      0.73560549      0.26647037     0.072559233       1.0010711      0.99933572       1.0052562      0.99723489      0.99853135    0.0059124156    2.091409e-09      0.95238932      0.87205598      0.25837917      0.80930549       14.139143       1019.6453       1466.4347      -23.576221       -26.493544          2.9173232       2807.3542                 21.205882                  395.7619                                591.06507                      11.612456                   14.139143                  1466.4347       166.39278        140.74223
              1       1379.1023     0.022847619       69.273685       3.0404231      0.97463194       7.5246672      0.73560549      0.26647037     0.072559233       1.0006053      0.99910316       1.0029456       0.9990016       1.0026721    0.0059124156    2.091409e-09      0.95238932      0.87205598      0.25837917      0.80930549       14.139143       1018.6241       1466.4347      -23.736295       -26.653618          2.9173232       2805.6772                 21.246924                 395.75979                                590.22417                       11.39322                   14.139143                  1466.4347       166.24295         140.2363
              1       1385.9955     0.022847619       69.273685       3.0404231      0.97463194       7.5246672      0.73560549      0.26647037     0.072559233       1.0026325       1.0002276       1.0056712      0.99801791       1.0062407    0.0059124156    2.091409e-09      0.95238932      0.87205598      0.25837917      0.80930549       14.139143       1028.3806       1466.4347      -22.879381       -25.796704          2.9173232       2817.7497                 21.072431                 395.77478                                 599.0983                      12.435131                   14.139143                  1466.4347       167.48604        141.30913
              1       1383.5371     0.022847619       69.273685       3.0404231      0.97463194       7.5246672      0.73560549      0.26647037     0.072559233       1.0020008      0.99926244       1.0004631      0.99850875        1.005412    0.0059124156    2.091409e-09      0.95238932      0.87205598      0.25837917      0.80930549       14.139143       1023.8863       1466.4347      -23.219844       -26.137167          2.9173232        2813.514                 21.125753                 395.79013                                594.88438                      12.086026                   14.139143                  1466.4347       168.13225        140.92155
              1       1383.5483       0.0228144       69.329907       3.0401612      0.97334369       7.6437665      0.73582701      0.26660107     0.065436709       1.0005136      0.99880158       1.0062454      0.99315582       0.9980825    0.0032224424   2.0908614e-09      0.95253562      0.87386352      0.25815909       0.8106375       14.031428       1022.6641       1466.5232      -22.996939       -25.522435          2.5254951       2813.0905                  21.30163                 395.87202                                593.62208                      11.868334                   14.031428                  1466.5232       169.50687        140.36501
              1       1382.7079       0.0228144       69.329907       3.0401612      0.97334369       7.6437665      0.73582701      0.26660107     0.065436709       1.0005136      0.99682988       1.0066806      0.99736648      0.99753693    0.0032224424   2.0908614e-09      0.95253562      0.87386352      0.25815909       0.8106375       14.031428       1022.6641       1466.5232      -23.485568       -26.011063          2.5254951        2812.387                  21.30163                 395.87202                                593.62208                      11.868334                   14.031428                  1466.5232       167.99016        141.17815
              1       1380.9593       0.0228144       69.329907       3.0401612      0.97334369       7.6437665      0.73582701      0.26660107     0.065436709       1.0000965      0.99892186       1.0045043      0.99668767      0.99860862    0.0032224424   2.0908614e-09      0.95253562      0.87386352      0.25815909       0.8106375       14.031428       1020.3819       1466.5232      -23.938637       -26.464132          2.5254951       2809.7958                 21.340467                 395.86839                                591.51221                      11.660809                   14.031428                  1466.5232       168.57249        140.28687
              1       1382.5075       0.0228144       69.329907       3.0401612      0.97334369       7.6437665      0.73582701      0.26660107     0.065436709       1.0005606      0.99701924       1.0036597      0.99858166       0.9985553    0.0032224424   2.0908614e-09      0.95253562      0.87386352      0.25815909       0.8106375       14.031428       1022.9575       1466.5232      -23.705997       -26.231492          2.5254951        2812.427                 21.297282                 395.87202                                593.89589                       11.89234                   14.031428                  1466.5232        167.2056        141.70924
              1       1380.2554       0.0228144       69.329907       3.0401612      0.97334369       7.6437665      0.73582701      0.26660107     0.065436709      0.99974072      0.99698919       1.0037616      0.99642005      0.99746425    0.0032224424   2.0908614e-09      0.95253562      0.87386352      0.25815909       0.8106375       14.031428       1018.8941       1466.5232      -23.406712       -25.932207          2.5254951       2807.3243                 21.373966                 395.86301                                590.16575                        11.4914                   14.031428                  1466.5232       167.19189        140.68367
              1       1382.8883       0.0228144       69.329907       3.0401612      0.97334369       7.6437665      0.73582701      0.26660107     0.065436709       0.9990296      0.99987965       1.0046903      0.99517638      0.99368433    0.0032224424   2.0908614e-09      0.95253562      0.87386352      0.25815909       0.8106375       14.031428       1017.2413       1466.5232      -23.263835       -25.789331          2.5254951       2812.3044                 21.442107                 395.89324                                 588.7319                      11.174016                   14.031428                  1466.5232       170.74413        143.76437
              1       1380.4437     0.022810007       69.352779       3.0403255      0.97364072       7.6412919      0.73592258      0.26548844     0.064766422       0.9991747      0.99706174       1.0019178      0.99445404      0.99688936    0.0016696687    2.091205e-09      0.95257605       0.8741683      0.25809014      0.81081194        14.08345       1017.2798       1466.4692       -22.95511       -25.431384          2.4762735       2806.7976                 21.402198                 395.85542                                588.85631                       11.16583                    14.08345                  1466.4692       168.11386        140.85136
              1       1379.9969     0.022810007       69.352779       3.0403255      0.97364072       7.6412919      0.73592258      0.26548844     0.064766422      0.99950627      0.99872447       1.0012099       0.9944222      0.99890419    0.0016696687    2.091205e-09      0.95257605       0.8741683      0.25809014      0.81081194        14.08345       1017.8426       1466.4692      -23.450739       -25.927012          2.4762735       2806.8953                 21.370677                 395.86072                                 589.3019                      11.309321                    14.08345                  1466.4692       168.62306          139.877
              1       1379.9266     0.022810007       69.352779       3.0403255      0.97364072       7.6412919      0.73592258      0.26548844     0.064766422      0.99938316      0.99817842       1.0025358      0.99653256       1.0048569    0.0016696687    2.091205e-09      0.95257605       0.8741683      0.25809014      0.81081194        14.08345       1017.5922       1466.4692      -23.607468       -26.083741          2.4762735       2807.0681                 21.382339                 395.86072                                589.09379                      11.255325                    14.08345                  1466.4692       167.47614        141.44717
              1       1380.1046     0.022810007       69.352779       3.0403255      0.97364072       7.6412919      0.73592258      0.26548844     0.064766422      0.99938316      0.99748236       1.0017296      0.99936893       1.0011786    0.0016696687    2.091205e-09      0.95257605       0.8741683      0.25809014      0.81081194        14.08345       1017.5922       1466.4692       -23.93801       -26.414284          2.4762735       2808.0852                 21.382339                 395.86072                                589.09379                      11.255325                    14.08345                  1466.4692        168.0172         141.9232
              1       1381.1438     0.022789724       69.208368       3.0417772      0.97502828       7.6067333      0.73440314      0.26607918     0.070064663       1.0007736      0.99919856       1.0040587      0.99352611      0.99915998     0.001993173   2.0942429e-09      0.95242028      0.87591498      0.25952565      0.81468829       13.787093       1019.8865       1466.8097      -23.433244       -25.690184          2.2569401       2809.1541                 21.160366                 395.82597                                591.54546                      11.354729                   13.787093                  1466.8097       166.38635        142.28438
              1       1380.6117     0.022789724       69.208368       3.0417772      0.97502828       7.6067333      0.73440314      0.26607918     0.070064663       1.0007736       1.0006371       1.0030821      0.99636328       0.9988889     0.001993173   2.0942429e-09      0.95242028      0.87591498      0.25952565      0.81468829       13.787093       1019.8865       1466.8097      -24.152817       -26.409757          2.2569401        2809.529                 21.160366                 395.82597                                591.54546                      11.354729                   13.787093                  1466.8097       167.73537        141.31033
              1       1379.8902     0.022789724       69.208368       3.0417772      0.97502828       7.6067333      0.73440314      0.26607918     0.070064663       1.0000556        1.001113       1.0027536      0.99843882       1.0022378     0.001993173   2.0942429e-09      0.95242028      0.87591498      0.25952565      0.81468829       13.787093       1018.4132       1466.8097      -24.386044       -26.642984          2.2569401       2808.5524                 21.222742                 395.83366                                590.28996                      11.066824                   13.787093                  1466.8097       168.58557        140.95683
              1       1379.0353     0.022789724       69.208368       3.0417772      0.97502828       7.6067333      0.73440314      0.26607918     0.070064663       1.0002916      0.99939276        1.004147      0.99714479       1.0033596     0.001993173   2.0942429e-09      0.95242028      0.87591498      0.25952565      0.81468829       13.787093       1018.7106       1466.8097       -24.22669        -26.48363          2.2569401        2806.524                 21.202093                 395.83625                                590.51395                      11.158262                   13.787093                  1466.8097       166.47537        140.74127
              1       1380.7329     0.022789724       69.208368       3.0417772      0.97502828       7.6067333      0.73440314      0.26607918     0.070064663       1.0000669      0.99920733       1.0081245       0.9992214       1.0041659     0.001993173   2.0942429e-09      0.95242028      0.87591498      0.25952565      0.81468829       13.787093        1018.423       1466.8097      -24.348459       -26.605399          2.2569401       2810.1628                 21.221749                 395.83366                                590.29647                      11.071133                   13.787093                  1466.8097       169.32895        141.81403
              1       1379.3121     0.022789724       69.208368       3.0417772      0.97502828       7.6067333      0.73440314      0.26607918     0.070064663      0.99931669      0.99942277       1.0058844      0.99709744       1.0025835     0.001993173   2.0942429e-09      0.95242028      0.87591498      0.25952565      0.81468829       13.787093        1018.727       1466.8097      -24.234987       -26.491927          2.2569401       2807.0941                 21.288785                 395.84885                                590.78861                       10.80078                   13.787093                  1466.8097       167.18967        140.58058
              1       1379.3703      0.02278021       69.131482       3.0419842      0.97502146       7.5692639      0.73391101      0.26691438      0.07327289      0.99999825      0.99827237       1.0061195       0.9991893       1.0019389    0.0054387455   2.0946764e-09       0.9523343      0.87505409      0.25998026      0.81460009       13.711303       1018.4699       1467.0612      -24.443645       -26.602199          2.1585535       2807.6279                 21.264238                 395.77864                                590.54197                       10.88503                   13.711303                  1467.0612       167.45142        140.93416
              1       1380.5529     0.022781124        69.12607       3.0419594      0.97501766        7.568725       0.7338789      0.26709627      0.07339863       1.0010176        0.999228       1.0005808      0.99638936       0.9997712    0.0055411973   2.0946245e-09      0.95232492      0.87504558      0.26000683       0.8146338       13.696497       1018.9651       1467.0811      -24.212218       -26.380102          2.1678843       2809.5303                 21.174039                 395.78001                                590.73203                      11.278991                   13.696497                  1467.0811       168.81189         140.9758
              1       1379.3172     0.022781124        69.12607       3.0419594      0.97501766        7.568725       0.7338789      0.26709627      0.07339863       1.0006558      0.99890772       1.0061024      0.99766814      0.99937814    0.0055411973   2.0946245e-09      0.95232492      0.87504558      0.26000683       0.8146338       13.696497       1018.3714       1467.0811      -24.412785       -26.580669          2.1678843         2807.46                 21.205331                 395.78001                                590.25206                      11.133979                   13.696497                  1467.0811       167.08919        141.22185
              1       1379.2901      0.02280582       69.057177       3.0416244      0.97461029       7.5702056      0.73323772      0.26929001     0.074210697      0.99974415      0.99782318         1.00436      0.99887275       1.0027516     0.008229891    2.093923e-09      0.95217797      0.87488731      0.26057031      0.81536856       13.446043       1018.1926       1467.3438       -24.01832        -26.44825          2.4299301       2806.6169                 21.306588                 395.80769                                590.16527                      10.913098                   13.446043                  1467.3438       166.42352        141.21091
              1       1379.0883      0.02280582       69.057177       3.0416244      0.97461029       7.5702056      0.73323772      0.26929001     0.074210697      0.99974415      0.99797782       1.0048561      0.99869263       1.0019534     0.008229891    2.093923e-09      0.95217797      0.87488731      0.26057031      0.81536856       13.446043       1018.1926       1467.3438      -24.079044       -26.508974          2.4299301       2806.3346                 21.306588                 395.80769                                590.16527                      10.913098                   13.446043                  1467.3438       166.28639        141.06572
              1       1382.0947      0.02280582       69.057177       3.0416244      0.97461029       7.5702056      0.73323772      0.26929001     0.074210697      0.99944578      0.99971681       1.0096319      0.99897621       1.0005005     0.008229891    2.093923e-09      0.95217797      0.87488731      0.26057031      0.81536856       13.446043       1018.4625       1467.3438      -24.332556       -26.762486          2.4299301       2812.8545                 21.333913                 395.79581                                 590.5231                      10.809632                   13.446043                  1467.3438       172.15366         141.4485
              1       1384.3513      0.02280582       69.057177       3.0416244      0.97461029       7.5702056      0.73323772      0.26929001     0.074210697      0.99944578       0.9965901       1.0091628      0.99548901       1.0076601     0.008229891    2.093923e-09      0.95217797      0.87488731      0.26057031      0.81536856       13.446043       1018.4625       1467.3438      -22.659621       -25.089551          2.4299301       2814.0217                 21.333913                 395.79581                                 590.5231                      10.809632                   13.446043                  1467.3438       170.88585        143.88361
              1       1382.5915      0.02280582       69.057177       3.0416244      0.97461029       7.5702056      0.73323772      0.26929001     0.074210697      0.99925974      0.99929845      0.99771327      0.99690544       1.0041239     0.008229891    2.093923e-09      0.95217797      0.87488731      0.26057031      0.81536856       13.446043       1018.7907       1467.3438      -23.920379       -26.350309          2.4299301       2813.0238                 21.351092                 395.79499                                590.89697                      10.747663                   13.446043                  1467.3438       172.44246        141.00076
              1       1378.6761     0.022860787       69.049114       3.0419692      0.97402451        7.592066      0.73295644      0.26802773     0.075927446      0.99927676      0.99914338       1.0036302      0.99747779       1.0012709    0.0097072541    2.094645e-09      0.95205151      0.87353592      0.26087176      0.81457986       13.368686       1018.0871       1467.3054      -23.482024       -26.564212          3.0821875       2804.3163                 21.423061                 395.82018                                590.12417                      10.719671                   13.368686                  1467.3054       164.92348        140.63159
              1       1379.2469     0.022860787       69.049114       3.0419692      0.97402451        7.592066      0.73295644      0.26802773     0.075927446       1.0003389      0.99838592       1.0049075      0.99777707       1.0022311    0.0097072541    2.094645e-09      0.95205151      0.87353592      0.26087176      0.81457986       13.368686       1018.8907       1467.3054      -23.414123       -26.496311          3.0821875       2805.3221                 21.323616                  395.8489                                590.60721                      11.110946                   13.368686                  1467.3054        164.9919        140.76543
              1       1381.0382     0.022860787       69.049114       3.0419692      0.97402451        7.592066      0.73295644      0.26802773     0.075927446      0.99949392      0.99991977       1.0022632      0.99424089       1.0057886    0.0097072541    2.094645e-09      0.95205151      0.87353592      0.26087176      0.81457986       13.368686        1017.928       1467.3054      -22.577252       -25.659439          3.0821875       2807.2308                 21.402438                 395.81384                                589.91722                        10.7945                   13.368686                  1467.3054       165.67276        142.95595
              1       1379.2226     0.022860787       69.049114       3.0419692      0.97402451        7.592066      0.73295644      0.26802773     0.075927446       1.0000991      0.99770945       1.0037775      0.99687009       1.0010168    0.0097072541    2.094645e-09      0.95205151      0.87353592      0.26087176      0.81457986       13.368686       1018.3794       1467.3054      -23.192681       -26.274868          3.0821875       2804.8306                 21.345759                 395.84632                                590.17028                      11.017076                   13.368686                  1467.3054       165.25845        140.51859
              1       1380.3008     0.022856429       68.953836       3.0416259      0.97337786       7.6030146      0.73245332      0.27107009      0.07707308       0.9995714      0.99773286       1.0055442       1.0004549      0.99824377     0.012005096   2.0939261e-09      0.95192808      0.87315826      0.26128231      0.81486816       13.169005        1017.726       1467.7761      -23.458297       -26.485321          3.0270241       2807.5183                 21.440632                 395.83678                                589.53494                      10.913643                   13.169005                  1467.7761       165.21271        143.63449
              1        1379.799     0.022848183       68.992032       3.0417647      0.97247788       7.6306668      0.73282041      0.27010876     0.075814492      0.99912872      0.99643054       1.0052373      0.99462118      0.99902011     0.012243801   2.0942166e-09      0.95199861      0.87253018      0.26095485      0.81377158       13.253533       1016.8931       1467.6575      -22.400399       -25.324681          2.9242821       2804.3988                 21.595805                 395.90614                                588.61399                      10.777157                   13.253533                  1467.6575        166.5679        140.02676
              1       1381.7787     0.022848183       68.992032       3.0417647      0.97247788       7.6306668      0.73282041      0.27010876     0.075814492      0.99971046      0.99752037       1.0055782      0.99561088      0.99364011     0.012243801   2.0942166e-09      0.95199861      0.87253018      0.26095485      0.81377158       13.253533       1017.4699       1467.6575      -22.686869       -25.611151          2.9242821       2808.9311                 21.537537                 395.86275                                 589.0723                      10.997297                   13.253533                  1467.6575       166.15581        144.39436
              1         1379.46     0.022848183       68.992032       3.0417647      0.97247788       7.6306668      0.73282041      0.27010876     0.075814492      0.99905396      0.99793768       1.0015821      0.99509872       1.0028549     0.012243801   2.0942166e-09      0.95199861      0.87253018      0.26095485      0.81377158       13.253533       1016.8967       1467.6575      -22.914811       -25.839093          2.9242821       2804.7497                 21.603384                 395.90614                                588.63688                      10.750248                   13.253533                  1467.6575       166.74808        140.19392
              1       1380.5965     0.022848183       68.992032       3.0417647      0.97247788       7.6306668      0.73282041      0.27010876     0.075814492      0.99905396      0.99770951       1.0010524      0.99289116      0.99962152     0.012243801   2.0942166e-09      0.95199861      0.87253018      0.26095485      0.81377158       13.253533       1016.8967       1467.6575      -22.277822       -25.202104          2.9242821       2805.7487                 21.603384                 395.90614                                588.63688                      10.750248                   13.253533                  1467.6575       167.32083        140.62022
              1       1380.6223     0.022848183       68.992032       3.0417647      0.97247788       7.6306668      0.73282041      0.27010876     0.075814492      0.99859464      0.99942791      0.99992336      0.99434432      0.99959671     0.012243801   2.0942166e-09      0.95199861      0.87253018      0.26095485      0.81377158       13.253533       1017.3545       1467.6575      -22.924554       -25.848836          2.9242821       2807.0936                  21.65037                 395.92458                                589.18771                      10.591861                   13.253533                  1467.6575       168.87428        139.95383
              1       1380.2895     0.022848183       68.992032       3.0417647      0.97247788       7.6306668      0.73282041      0.27010876     0.075814492      0.99842182      0.99898232      0.99992816       0.9969698       1.0019852     0.012243801   2.0942166e-09      0.95199861      0.87253018      0.26095485      0.81377158       13.253533       1017.6933       1467.6575      -23.373795       -26.298078          2.9242821       2807.3267                 21.668226                 395.91171                                589.57802                      10.535361                   13.253533                  1467.6575       168.54749        140.17487
              1       1380.3099     0.022848183       68.992032       3.0417647      0.97247788       7.6306668      0.73282041      0.27010876     0.075814492       0.9980986       0.9972073       1.0023017      0.99690828       1.0024011     0.012243801   2.0942166e-09      0.95199861      0.87253018      0.26095485      0.81377158       13.253533       1018.6252       1467.6575      -22.881475       -25.805758          2.9242821       2806.3828                  21.70187                 395.91171                                590.57741                      10.434248                   13.253533                  1467.6575       166.58633        140.26025
              1       1381.7257     0.022848183       68.992032       3.0417647      0.97247788       7.6306668      0.73282041      0.27010876     0.075814492       0.9980986      0.99804458       1.0004902      0.99321014       1.0018983     0.012243801   2.0942166e-09      0.95199861      0.87253018      0.26095485      0.81377158       13.253533       1018.6252       1467.6575      -22.216455       -25.140737          2.9242821       2807.8844                  21.70187                 395.91171                                590.57741                      10.434248                   13.253533                  1467.6575       167.79543        140.55273
              1        1379.804     0.022848183       68.992032       3.0417647      0.97247788       7.6306668      0.73282041      0.27010876     0.075814492      0.99859109       0.9975558       1.0066539      0.99758774       1.0030762     0.012243801   2.0942166e-09      0.95199861      0.87253018      0.26095485      0.81377158       13.253533       1017.3479       1467.6575      -23.171056       -26.095338          2.9242821         2805.95                 21.650736                 395.91171                                589.19472                      10.590683                   13.253533                  1467.6575       166.88451        140.80667
              1       1380.4505     0.022848183       68.992032       3.0417647      0.97247788       7.6306668      0.73282041      0.27010876     0.075814492      0.99884487        0.999206       1.0037288      0.99903937       1.0052269     0.012243801   2.0942166e-09      0.95199861      0.87253018      0.26095485      0.81377158       13.253533       1017.0076       1467.6575      -23.472485       -26.396767          2.9242821       2807.8459                 21.624687                 395.90614                                588.80007                      10.676668                   13.253533                  1467.6575       166.81888        143.10843
              1       1380.1573      0.02286404       68.975313       3.0409409      0.97261889       7.5763172      0.73316556      0.27263787     0.077082089      0.99954285       1.0001879       1.0038317      0.99565318       1.0011208     0.016751117   2.0924923e-09      0.95194201      0.87075007      0.26057199      0.81151539       13.281388       1017.8213       1467.6944      -23.196957       -26.320697            3.12374       2806.7085                 21.544077                 395.82865                                 589.4062                      11.042393                   13.281388                  1467.6944       168.44716        139.46417
              1       1381.0602      0.02286404       68.975313       3.0409409      0.97261889       7.5763172      0.73316556      0.27263787     0.077082089      0.99995713       1.0003943       1.0004123      0.99806545       1.0019381     0.016751117   2.0924923e-09      0.95194201      0.87075007      0.26057199      0.81151539       13.281388       1018.3443       1467.6944      -23.559003       -26.682743            3.12374       2809.2385                 21.503314                 395.82305                                589.80019                      11.217751                   13.281388                  1467.6944       169.63547        140.28287
              1       1382.2652     0.022825831       69.275939       3.0425211       0.9731774       7.6726825      0.73466228      0.26168359     0.066476786       1.0013115      0.99939953       1.0029185      0.99941059       1.0047882    0.0015412011   2.0958014e-09      0.95243782      0.87420704      0.25938037      0.81287212       13.757534       1022.5191       1466.7854      -23.780329       -26.436747          2.6564178        2812.091                 21.329327                 395.92813                                593.81962                      11.442005                   13.757534                  1466.7854       166.78477        142.24416
              1       1382.9151     0.022824546       69.271754       3.0424661      0.97314465       7.6786934      0.73461926      0.26198566     0.066196763        1.001123      0.99836646       1.0034226      0.99940178       1.0069072    0.0014648204   2.0956862e-09      0.95243475      0.87438827      0.25941412      0.81309352       13.729502       1021.9879       1466.8115      -23.469021        -26.11052          2.6414995       2812.7683                 21.341803                 395.91362                                593.33551                      11.397001                   13.729502                  1466.8115       166.04167        144.19762
              1        1381.809     0.022824546       69.271754       3.0424661      0.97314465       7.6786934      0.73461926      0.26198566     0.066196763       0.9996873      0.99956863       1.0050355       1.0002042       1.0077148    0.0014648204   2.0956862e-09      0.95243475      0.87438827      0.25941412      0.81309352       13.729502       1016.7795       1466.8115      -23.596134       -26.237634          2.6414995       2810.8102                 21.479725                 395.91042                                588.58175                      10.807658                   13.729502                  1466.8115       167.62605        145.86356
              1       1379.4504     0.022824546       69.271754       3.0424661      0.97314465       7.6786934      0.73461926      0.26198566     0.066196763      0.99916576      0.99752547       1.0064628       0.9972873       1.0055118    0.0014648204   2.0956862e-09      0.95243475      0.87438827      0.25941412      0.81309352       13.729502       1016.6259       1466.8115      -23.312616       -25.954115          2.6414995       2805.5261                 21.531381                 395.92431                                588.54805                      10.622196                   13.729502                  1466.8115        166.7635        141.59557
              1       1378.8279     0.022824546       69.271754       3.0424661      0.97314465       7.6786934      0.73461926      0.26198566     0.066196763      0.99916576      0.99739617       1.0055015      0.99526398      0.99759019    0.0014648204   2.0956862e-09      0.95243475      0.87438827      0.25941412      0.81309352       13.729502       1016.6259       1466.8115       -23.13481       -25.776309          2.6414995       2803.9254                 21.531381                 395.92431                                588.54805                      10.622196                   13.729502                  1466.8115       166.25822        140.50017
              1        1379.657     0.022824546       69.271754       3.0424661      0.97314465       7.6786934      0.73461926      0.26198566     0.066196763      0.99916576       0.9970544       1.0030714      0.99982802      0.99812797    0.0014648204   2.0956862e-09      0.95243475      0.87438827      0.25941412      0.81309352       13.729502       1016.6259       1466.8115      -23.606785       -26.248285          2.6414995       2806.5276                 21.531381                 395.92431                                588.54805                      10.622196                   13.729502                  1466.8115       166.66376        142.69685
              1       1379.7277     0.022824546       69.271754       3.0424661      0.97314465       7.6786934      0.73461926      0.26198566     0.066196763      0.99879538      0.99940867       1.0029871       1.0007734       1.0003571    0.0014648204   2.0956862e-09      0.95243475      0.87438827      0.25941412      0.81309352       13.729502        1017.074       1466.8115      -24.026826       -26.668325          2.6414995       2807.5091                 21.568571                 395.92974                                 589.0759                      10.499821                   13.729502                  1466.8115       166.90202        142.99197
              1        1378.921     0.022824546       69.271754       3.0424661      0.97314465       7.6786934      0.73461926      0.26198566     0.066196763      0.99939524       0.9985695       1.0019625        1.000017      0.99999611    0.0014648204   2.0956862e-09      0.95243475      0.87438827      0.25941412      0.81309352       13.729502       1016.5752       1466.8115      -24.035429       -26.676929          2.6414995       2805.9128                  21.50856                 395.91355                                588.45113                      10.701911                   13.729502                  1466.8115       166.67094        142.12566
              1       1379.5737     0.022824546       69.271754       3.0424661      0.97314465       7.6786934      0.73461926      0.26198566     0.066196763      0.99967706      0.99848152       1.0044713      0.99913833       1.0059682    0.0014648204   2.0956862e-09      0.95243475      0.87438827      0.25941412      0.81309352       13.729502       1016.7674       1466.8115      -23.686554       -26.328054          2.6414995       2806.5205                 21.480732                 395.91042                                588.57236                      10.803869                   13.729502                  1466.8115       166.12102        143.09109
              1       1378.3684     0.022824546       69.271754       3.0424661      0.97314465       7.6786934      0.73461926      0.26198566     0.066196763      0.99955581      0.99848156       1.0021693      0.99899743       1.0002189    0.0014648204   2.0956862e-09      0.95243475      0.87438827      0.25941412      0.81309352       13.729502       1016.6535       1466.8115       -24.00912        -26.65062          2.6414995       2804.7549                 21.492679                 395.91355                                588.48778                      10.759454                   13.729502                  1466.8115       166.52875        141.03169
              1       1383.2305     0.022824546       69.271754       3.0424661      0.97314465       7.6786934      0.73461926      0.26198566     0.066196763       1.0003541      0.99848437       1.0012218       1.0019755      0.99564341    0.0014648204   2.0956862e-09      0.95243475      0.87438827      0.25941412      0.81309352       13.729502       1018.3357       1466.8115      -23.764385       -26.405885          2.6414995       2813.9897                 21.414839                 395.91168                                589.94216                      11.067043                   13.729502                  1466.8115       167.22639        147.88655
              1       1380.3657     0.022824546       69.271754       3.0424661      0.97314465       7.6786934      0.73461926      0.26198566     0.066196763       1.0003541      0.99722987       1.0023776      0.99338606       1.0017494    0.0014648204   2.0956862e-09      0.95243475      0.87438827      0.25941412      0.81309352       13.729502       1018.3357       1466.8115      -22.628164       -25.269663          2.6414995       2805.9877                 21.414839                 395.91168                                589.94216                      11.067043                   13.729502                  1466.8115       166.91364        140.19727
              1       1379.6225     0.022824546       69.271754       3.0424661      0.97314465       7.6786934      0.73461926      0.26198566     0.066196763       1.0003264      0.99890491       1.0034051      0.99359083       1.0022524    0.0014648204   2.0956862e-09      0.95243475      0.87438827      0.25941412      0.81309352       13.729502       1018.2415       1466.8115      -23.036458       -25.677957          2.6414995       2805.3179                 21.417501                 395.91168                                589.85649                      11.055793                   13.729502                  1466.8115       166.34358        140.19185
              1       1379.5561     0.022824546       69.271754       3.0424661      0.97314465       7.6786934      0.73461926      0.26198566     0.066196763      0.99975293      0.99806187       1.0063639      0.99438183       1.0044793    0.0014648204   2.0956862e-09      0.95243475      0.87438827      0.25941412      0.81309352       13.729502       1016.8659       1466.8115      -22.992169       -25.633669          2.6414995       2805.0965                 21.473278                 395.91042                                588.65017                      10.832082                   13.729502                  1466.8115       166.82895        140.86053
              1       1378.3091     0.022824546       69.271754       3.0424661      0.97314465       7.6786934      0.73461926      0.26198566     0.066196763      0.99965352       0.9988236       1.0019756      0.99707589       1.0032163    0.0014648204   2.0956862e-09      0.95243475      0.87438827      0.25941412      0.81309352       13.729502       1016.7408       1466.8115      -23.781968       -26.423468          2.6414995       2804.1822                 21.483049                 395.91042                                588.55211                       10.79518                   13.729502                  1466.8115       166.75372        140.14664
              1       1377.8702     0.022824546       69.271754       3.0424661      0.97314465       7.6786934      0.73461926      0.26198566     0.066196763      0.99909555      0.99787964       1.0033151      0.99664482       1.0013987    0.0014648204   2.0956862e-09      0.95243475      0.87438827      0.25941412      0.81309352       13.729502       1016.6906       1466.8115      -23.565462       -26.206961          2.6414995       2802.8714                 21.538396                 395.94094                                588.61285                      10.598404                   13.729502                  1466.8115        166.0434        139.59637
              1       1380.6405     0.022824546       69.271754       3.0424661      0.97314465       7.6786934      0.73461926      0.26198566     0.066196763      0.99909555       1.0000157      0.99833902       0.9979805       1.0024338    0.0014648204   2.0956862e-09      0.95243475      0.87438827      0.25941412      0.81309352       13.729502       1016.6906       1466.8115      -23.955736       -26.597235          2.6414995       2809.1925                 21.538396                 395.94094                                588.61285                      10.598404                   13.729502                  1466.8115       171.63351        140.32738
              1       1379.5501       0.0228151       69.196157       3.0425826      0.97247661       7.7037438      0.73407943      0.26358608     0.066854527      0.99944236      0.99764199       1.0035654       1.0000971      0.99781923    0.0023303591   2.0959303e-09      0.95235049      0.87456582      0.25989425      0.81401087       13.519628       1016.6608       1467.1485      -23.907483       -26.440877          2.5333943       2806.9152                 21.567416                 395.99644                                588.37811                      10.718852                   13.519628                  1467.1485       166.33885        143.24741
              1       1379.2566       0.0228151       69.196157       3.0425826      0.97247661       7.7037438      0.73407943      0.26358608     0.066854527      0.99912897       0.9997945       1.0005365      0.99552064       1.0013543    0.0023303591   2.0959303e-09      0.95235049      0.87456582      0.25989425      0.81401087       13.519628       1016.4279       1467.1485      -23.708459       -26.241853          2.5333943       2805.9301                 21.599288                 396.00481                                588.21375                      10.610069                   13.519628                  1467.1485        169.5806        139.25339
              1       1381.7609       0.0228151       69.196157       3.0425826      0.97247661       7.7037438      0.73407943      0.26358608     0.066854527      0.99730027      0.99712884       1.0036827      0.99448504       1.0024179    0.0023303591   2.0959303e-09      0.95235049      0.87456582      0.25989425      0.81401087       13.519628       1021.6999       1467.1485      -22.435788       -24.969182          2.5333943       2808.3933                 21.791579                 396.00205                                593.81991                      10.086367                   13.519628                  1467.1485        166.4359        139.58934
              1       1382.4514       0.0228151       69.196157       3.0425826      0.97247661       7.7037438      0.73407943      0.26358608     0.066854527        0.997389      0.99992322       1.0010967      0.99485614       1.0028331    0.0023303591   2.0959303e-09      0.95235049      0.87456582      0.25989425      0.81401087       13.519628        1021.179       1467.1485      -23.008611       -25.542005          2.5333943       2810.9199                 21.782004                 396.00205                                593.28758                      10.107371                   13.519628                  1467.1485        169.3867        139.68608
              1       1381.5502       0.0228151       69.196157       3.0425826      0.97247661       7.7037438      0.73407943      0.26358608     0.066854527        0.997389      0.99854686       1.0028258       0.9935225       1.0005641    0.0023303591   2.0959303e-09      0.95235049      0.87456582      0.25989425      0.81401087       13.519628        1021.179       1467.1485      -22.580156        -25.11355          2.5333943       2808.2607                 21.782004                 396.00205                                593.28758                      10.107371                   13.519628                  1467.1485       166.85573        139.55786
              1       1383.6192      0.02282474       69.050139       3.0410458       0.9721974       7.6599466      0.73347627      0.27083235     0.071769496       0.9969699      0.99677919       1.0006642      0.99380488      0.99735119     0.010693663   2.0927116e-09      0.95212853      0.87317054      0.26031052       0.8133628       13.323792       1020.9517       1467.5417      -21.847052       -24.490804           2.643752       2810.9325                 21.803154                 395.91747                                592.93841                      10.292653                   13.323792                  1467.5417       168.90582        140.20949
              1       1380.6437      0.02282474       69.050139       3.0410458       0.9721974       7.6599466      0.73347627      0.27083235     0.071769496      0.99751645      0.99708169       1.0038469      0.99467974      0.99726089     0.010693663   2.0927116e-09      0.95212853      0.87317054      0.26031052       0.8133628       13.323792       1018.4893       1467.5417      -22.436557       -25.080309           2.643752       2806.1605                 21.744626                  395.9203                                590.37166                      10.452741                   13.323792                  1467.5417       166.61832        140.18736
              1        1382.188      0.02282474       69.050139       3.0410458       0.9721974       7.6599466      0.73347627      0.27083235     0.071769496      0.99706209      0.99664882       1.0016207      0.99683264       1.0016911     0.010693663   2.0927116e-09      0.95212853      0.87317054      0.26031052       0.8133628       13.323792       1020.4637       1467.5417      -22.585842       -25.229594           2.643752       2809.5477                 21.793214                 395.91747                                 592.4346                      10.318457                   13.323792                  1467.5417       167.96085        140.25764
              1        1379.241      0.02282474       69.050139       3.0410458       0.9721974       7.6599466      0.73347627      0.27083235     0.071769496      0.99806799      0.99770299       1.0027044      0.99717922         1.00091     0.010693663   2.0927116e-09      0.95212853      0.87317054      0.26031052       0.8133628       13.323792        1017.044       1467.5417      -23.379216       -26.022968           2.643752       2805.2405                 21.686563                 395.92274                                 588.8032                      10.631549                   13.323792                  1467.5417       167.02306        140.30786
              1       1380.5645      0.02282474       69.050139       3.0410458       0.9721974       7.6599466      0.73347627      0.27083235     0.071769496      0.99806799      0.99667027       1.0046625      0.99830686      0.99633513     0.010693663   2.0927116e-09      0.95212853      0.87317054      0.26031052       0.8133628       13.323792        1017.044       1467.5417      -23.063404       -25.707156           2.643752       2807.2559                 21.686563                 395.92274                                 588.8032                      10.631549                   13.323792                  1467.5417       166.67075         142.6756
              1        1382.782      0.02282474       69.050139       3.0410458       0.9721974       7.6599466      0.73347627      0.27083235     0.071769496      0.99904325      0.99584425       1.0093587      0.99836622      0.99620561     0.010693663   2.0927116e-09      0.95212853      0.87317054      0.26031052       0.8133628       13.323792       1017.0219       1467.5417      -22.941037       -25.584789           2.643752        2811.446                 21.586178                 395.91967                                588.52615                      10.989891                   13.323792                  1467.5417       170.72322         142.8354
              1       1381.8702      0.02282474       69.050139       3.0410458       0.9721974       7.6599466      0.73347627      0.27083235     0.071769496       0.9993764      0.99564112       1.0038507       0.9919724       1.0001586     0.010693663   2.0927116e-09      0.95212853      0.87317054      0.26031052       0.8133628       13.323792       1017.7551       1467.5417      -21.490964       -24.134716           2.643752       2806.7224                 21.552658                 395.91967                                589.15822                      11.124574                   13.323792                  1467.5417       167.63771        140.46404
              1       1381.8475      0.02282474       69.050139       3.0410458       0.9721974       7.6599466      0.73347627      0.27083235     0.071769496      0.99930895      0.99714668       1.0029554      0.99218073       1.0045609     0.010693663   2.0927116e-09      0.95212853      0.87317054      0.26031052       0.8133628       13.323792       1017.5764       1467.5417      -21.972449       -24.616201           2.643752       2807.6399                 21.559413                 395.91967                                589.00048                      11.096803                   13.323792                  1467.5417       166.83672        142.36128
              1       1380.7946      0.02282474       69.050139       3.0410458       0.9721974       7.6599466      0.73347627      0.27083235     0.071769496      0.99982004      0.99849404       1.0022024      0.99876696       1.0000921     0.010693663   2.0927116e-09      0.95212853      0.87317054      0.26031052       0.8133628       13.323792       1019.2981       1467.5417      -24.009754       -26.653505           2.643752       2809.6088                   21.5086                 395.90447                                590.57147                      11.313582                   13.323792                  1467.5417       167.81754        141.62761
              1       1386.3974     0.022818913       69.036187       3.0408449      0.97227365       7.6290429      0.73358729      0.27146779     0.073247528       1.0014068       1.0001861        1.000487      0.99809841       1.0020911      0.01281636   2.0922914e-09      0.95212141      0.87224567      0.26019177      0.81231594        13.38045       1027.3257       1467.5641      -23.951884       -26.528582          2.5766975       2820.6986                 21.365585                 395.83739                                598.05061                      12.072077                    13.38045                  1467.5641        171.6333        140.79506
              1       1383.6582     0.022792835       69.205716       3.0436478      0.97305446        7.675961      0.73420366      0.26153214     0.069564405       1.0024555      0.99795224       1.0051106      0.99970246       1.0046221     0.005418202   2.0981641e-09      0.95241014      0.87352081      0.25982615      0.81293169       13.759645       1025.0968       1467.0215      -23.610521       -25.900256          2.2897349       2814.5374                 21.292754                 395.92735                                596.21623                      11.660505                   13.759645                  1467.0215       167.33441        141.32503
              1       1382.6993     0.022744843       69.289894        3.044146       0.9729003       7.6870065      0.73477646      0.25744092     0.065980691       1.0023326      0.99873377       1.0085434      0.99682557      0.99792748    0.0020680345   2.0992096e-09      0.95262566      0.87371019      0.25936687      0.81238898       14.004735       1020.9067       1466.9257      -24.186715       -26.004956          1.8182409        2813.772                 21.354489                  395.9275                                592.25397                      11.370744                   14.004735                  1466.9257       171.41385          140.521
              1       1381.0452     0.022744843       69.289894        3.044146       0.9729003       7.6870065      0.73477646      0.25744092     0.065980691        1.002432      0.99973635        1.003553      0.99729464       1.0006204    0.0020680345   2.0992096e-09      0.95262566      0.87371019      0.25936687      0.81238898       14.004735       1021.4782       1466.9257      -24.339451       -26.157692          1.8182409       2810.7694                 21.345121                 395.92813                                592.78909                      11.415836                   14.004735                  1466.9257       169.25502        139.10574
              1       1380.5034     0.022764866       69.305001       3.0437715      0.97295861       7.6720582      0.73509261      0.25810903      0.06690862       1.0018647      0.99745251       1.0069615       0.9980685       1.0027769    0.0035281185   2.0984236e-09      0.95260463      0.87282278      0.25905306      0.81107274       14.097781       1019.0893       1466.8019      -24.009708       -26.015682          2.0059731       2809.0262                 21.390858                 395.91938                                590.51733                      11.261727                   14.097781                  1466.8019       170.02489        139.01237
              1       1381.8344     0.022764866       69.305001       3.0437715      0.97295861       7.6720582      0.73509261      0.25810903      0.06690862       1.0018647      0.99800862       1.0078888       0.9941958      0.99896395    0.0035281185   2.0984236e-09      0.95260463      0.87282278      0.25905306      0.81107274       14.097781       1019.0893       1466.8019      -23.469728       -25.475702          2.0059731       2810.6082                 21.390858                 395.91938                                590.51733                      11.261727                   14.097781                  1466.8019       170.39941        140.21982
              1       1381.9488     0.022764866       69.305001       3.0437715      0.97295861       7.6720582      0.73509261      0.25810903      0.06690862       1.0018647      0.99802841       1.0047944      0.99482637      0.99641389    0.0035281185   2.0984236e-09      0.95260463      0.87282278      0.25905306      0.81107274       14.097781       1019.0893       1466.8019      -23.534264       -25.540237          2.0059731       2810.9662                 21.390858                 395.91938                                590.51733                      11.261727                   14.097781                  1466.8019        168.9601        142.01712
              1       1378.9898     0.022764866       69.305001       3.0437715      0.97295861       7.6720582      0.73509261      0.25810903      0.06690862      0.99968804      0.99857006       1.0042974      0.99784999       1.0033854    0.0035281185   2.0984236e-09      0.95260463      0.87282278      0.25905306      0.81107274       14.097781       1018.2999       1466.8019      -24.469458       -26.475431          2.0059731       2806.9186                 21.606525                 395.91967                                590.34584                      10.427879                   14.097781                  1466.8019       168.70187        139.01715
              1        1379.271     0.022768569       69.293229       3.0435892        0.972874       7.6732844      0.73500356      0.25884506     0.066928729       1.0007006       0.9991319       1.0008714      0.99895363       1.0014803    0.0047823267   2.0980412e-09      0.95258081      0.87272064      0.25912262      0.81108671       14.048877       1016.6274       1466.8364      -24.648751       -26.690859          2.0421078       2807.8395                  21.50294                 395.91074                                588.35618                      10.857524                   14.048877                  1466.8364       170.63504        139.69177
              1       1378.5948     0.022808516       69.421381       3.0432673      0.97486221       7.6264551      0.73587919      0.25667229     0.065366879       1.0006103       1.0008956       1.0032692      0.99793736       1.0050081   5.1155981e-05   2.0973659e-09      0.95267283      0.87332102       0.2583246       0.8103939       14.367875       1017.7771       1466.2993      -23.943033       -26.402736          2.4597032       2805.0756                 21.289615                  395.8536                                589.81463                      10.819219                   14.367875                  1466.2993       166.88773        139.74358
              1       1378.5821     0.022808516       69.421381       3.0432673      0.97486221       7.6264551      0.73587919      0.25667229     0.065366879       1.0006767       1.0007858       1.0030777      0.99619385       1.0038501   5.1155981e-05   2.0973659e-09      0.95267283      0.87332102       0.2583246       0.8103939       14.367875       1017.7241       1466.2993      -23.789703       -26.249406          2.4597032       2804.7437                  21.28352                  395.8536                                589.74248                      10.844516                   14.367875                  1466.2993       166.80734        139.54501
              1        1380.458     0.022808516       69.421381       3.0432673      0.97486221       7.6264551      0.73587919      0.25667229     0.065366879       1.0006671       1.0015495      0.99917244      0.99659621       1.0004139   5.1155981e-05   2.0973659e-09      0.95267283      0.87332102       0.2583246       0.8103939       14.367875       1017.7309       1466.2993      -23.902214       -26.361918          2.4597032       2808.7205                 21.284403                  395.8536                                589.75203                      10.840831                   14.367875                  1466.2993       170.53799        139.78441
              1       1378.6295     0.022808516       69.421381       3.0432673      0.97486221       7.6264551      0.73587919      0.25667229     0.065366879       1.0005046       1.0010369       1.0035866      0.99829459       1.0000535   5.1155981e-05   2.0973659e-09      0.95267283      0.87332102       0.2583246       0.8103939       14.367875       1017.8921       1466.2993      -24.207909       -26.667613          2.4597032       2805.6749                 21.299338                  395.8536                                589.95964                      10.779519                   14.367875                  1466.2993       167.04024        140.07533
              1       1380.3034     0.022808516       69.421381       3.0432673      0.97486221       7.6264551      0.73587919      0.25667229     0.065366879       1.0000455      0.99739846       1.0038566      0.99958278        1.001539   5.1155981e-05   2.0973659e-09      0.95267283      0.87332102       0.2583246       0.8103939       14.367875       1018.8426       1466.2993      -23.957287        -26.41699          2.4597032       2808.5214                 21.342016                 395.86316                                 591.0231                      10.614307                   14.367875                  1466.2993       168.92624        140.08533
              1       1379.4233     0.022808516       69.421381       3.0432673      0.97486221       7.6264551      0.73587919      0.25667229     0.065366879      0.99973871       1.0006411       1.0048518      0.99763998       1.0002785   5.1155981e-05   2.0973659e-09      0.95267283      0.87332102       0.2583246       0.8103939       14.367875       1019.8658       1466.2993      -24.193014       -26.652717          2.4597032       2807.2326                 21.370869                 395.85693                                592.12749                      10.510544                   14.367875                  1466.2993       166.87219        139.82739
              1       1380.6655     0.022808516       69.421381       3.0432673      0.97486221       7.6264551      0.73587919      0.25667229     0.065366879       1.0010568        1.002361       1.0028308      0.99625492      0.99879483   5.1155981e-05   2.0973659e-09      0.95267283      0.87332102       0.2583246       0.8103939       14.367875       1017.6966       1466.2993      -23.599546       -26.059249          2.4597032       2808.5302                 21.248985                 395.84122                                589.61245                      10.993939                   14.367875                  1466.2993       169.39191        140.77443
              1       1379.0835     0.022808516       69.421381       3.0432673      0.97486221       7.6264551      0.73587919      0.25667229     0.065366879       1.0010568      0.99845758       1.0031795      0.99972271       1.0047964   5.1155981e-05   2.0973659e-09      0.95267283      0.87332102       0.2583246       0.8103939       14.367875       1017.6966       1466.2993      -23.919118       -26.378821          2.4597032       2806.0051                 21.248985                 395.84122                                589.61245                      10.993939                   14.367875                  1466.2993       167.33319        140.30814
              1        1379.066     0.022808516       69.421381       3.0432673      0.97486221       7.6264551      0.73587919      0.25667229     0.065366879         1.00006      0.99871161       1.0050904      0.99585765       1.0014998   5.1155981e-05   2.0973659e-09      0.95267283      0.87332102       0.2583246       0.8103939       14.367875       1018.8018       1466.2993      -23.820819       -26.280522          2.4597032       2805.7737                 21.340657                 395.86316                                590.97866                      10.619349                   14.367875                  1466.2993       166.66666        139.63803
              1       1378.1342     0.022808516       69.421381       3.0432673      0.97486221       7.6264551      0.73587919      0.25667229     0.065366879       1.0005059      0.99966325        1.004533       0.9987545       1.0004347   5.1155981e-05   2.0973659e-09      0.95267283      0.87332102       0.2583246       0.8103939       14.367875       1017.8905       1466.2993      -24.293142       -26.752845          2.4597032       2804.8548                 21.299222                  395.8536                                 589.9577                      10.779987                   14.367875                  1466.2993       166.24301        140.05402
              1       1379.5031     0.022808516       69.421381       3.0432673      0.97486221       7.6264551      0.73587919      0.25667229     0.065366879       1.0014211      0.99975333       1.0041425      0.99487639      0.99921982   5.1155981e-05   2.0973659e-09      0.95267283      0.87332102       0.2583246       0.8103939       14.367875       1018.1415       1466.2993      -23.538398       -25.998101          2.4597032        2806.083                 21.216439                 395.84195                                589.93829                      11.144791                   14.367875                  1466.2993       166.22307        141.05122
              1       1378.7847     0.022814822       69.391357       3.0433547      0.97443218       7.6016598      0.73587175      0.25687003     0.067166391       1.0009195      0.99969942       1.0032525       0.9969586       1.0028293    0.0019889641   2.0975491e-09      0.95261877      0.87215472      0.25833715      0.80933131       14.358204       1018.5566       1466.3918      -23.911822       -26.442075           2.530253       2805.3931                 21.342111                 395.83925                                590.60608                      10.769152                   14.358204                  1466.3918       167.28676        138.79968
              1       1380.3912     0.022809239       69.255722       3.0426269      0.97363511       7.6168664      0.73484602      0.26156665      0.06838641       1.0012524       1.0005762       1.0059821      0.99715501      0.99849862    0.0053807068   2.0960231e-09      0.95244464      0.87269755      0.25921333       0.8112072        13.87953       1018.6907         1466.87      -23.986144       -26.453881          2.4677367       2808.7547                 21.340389                 395.85719                                 590.3203                      11.172855                    13.87953                    1466.87       169.15596        140.15851
              1       1381.3405     0.022809239       69.255722       3.0426269      0.97363511       7.6168664      0.73484602      0.26156665      0.06838641       1.0012524       1.0012578       1.0063823      0.99811666      0.99879464    0.0053807068   2.0960231e-09      0.95244464      0.87269755      0.25921333       0.8112072        13.87953       1018.6907         1466.87      -24.037055       -26.504791          2.4677367       2810.7551                 21.340389                 395.85719                                 590.3203                      11.172855                    13.87953                    1466.87       171.04971        140.26514
              1        1381.789     0.022809239       69.255722       3.0426269      0.97363511       7.6168664      0.73484602      0.26156665      0.06838641       1.0011357       1.0018767       1.0050369      0.99480373      0.99982594    0.0053807068   2.0960231e-09      0.95244464      0.87269755      0.25921333       0.8112072        13.87953       1018.3839         1466.87      -23.383326       -25.851063          2.4677367       2810.3447                 21.351303                 395.84853                                590.06093                      11.123097                    13.87953                    1466.87       171.45811        139.75319
              1       1380.5429     0.022809239       69.255722       3.0426269      0.97363511       7.6168664      0.73484602      0.26156665      0.06838641       1.0004396       1.0017485      0.99998543      0.99750103       1.0030934    0.0053807068   2.0960231e-09      0.95244464      0.87269755      0.25921333       0.8112072        13.87953       1017.5602         1466.87      -23.921424        -26.38916          2.4677367       2808.9286                  21.41719                 395.84858                                589.45218                      10.842222                    13.87953                    1466.87       171.55113        139.06773
              1       1380.7085     0.022809239       69.255722       3.0426269      0.97363511       7.6168664      0.73484602      0.26156665      0.06838641       1.0004396       1.0002791       1.0029019       0.9943245       0.9965934    0.0053807068   2.0960231e-09      0.95244464      0.87269755      0.25921333       0.8112072        13.87953       1017.5602         1466.87      -23.423685       -25.891422          2.4677367       2808.2643                  21.41719                 395.84858                                589.45218                      10.842222                    13.87953                    1466.87       167.71259        142.24202
              1       1379.0503     0.022808355       69.031622       3.0443021      0.97487792       7.5024809      0.73262546      0.26211464     0.080649595       1.0020174       1.0003777       1.0030421      0.99805925       1.0011018     0.011034581   2.0995374e-09      0.95213723      0.87229393      0.26132461      0.81412742       13.626974       1017.5309       1467.3521       -23.92354       -26.381464          2.4579235       2805.9478                 21.261087                 395.73518                                589.70193                      10.832713                   13.626974                  1467.3521       166.37209        141.06567
              1       1379.1171     0.022808355       69.031622       3.0443021      0.97487792       7.5024809      0.73262546      0.26211464     0.080649595       1.0014994       1.0000883       1.0054898      0.99872154       1.0014917     0.011034581   2.0995374e-09      0.95213723      0.87229393      0.26132461      0.81412742       13.626974       1018.3233       1467.3521      -24.120083       -26.578006          2.4579235       2806.4744                 21.307756                 395.74423                                590.61564                      10.655703                   13.626974                  1467.3521        166.3687         140.8033
              1       1378.9312     0.022808355       69.031622       3.0443021      0.97487792       7.5024809      0.73262546      0.26211464     0.080649595       1.0017516       1.0003274       1.0047016      0.99827002       1.0010157     0.011034581   2.0995374e-09      0.95213723      0.87229393      0.26132461      0.81412742       13.626974       1017.8038       1467.3521      -24.026555       -26.484478          2.4579235       2805.9156                   21.2849                 395.71992                                590.05901                      10.740016                   13.626974                  1467.3521       166.04779        141.08482
              1        1379.686     0.022808355       69.031622       3.0443021      0.97487792       7.5024809      0.73262546      0.26211464     0.080649595       1.0019769      0.99964295       1.0049455      0.99660005       1.0012058     0.011034581   2.0995374e-09      0.95213723      0.87229393      0.26132461      0.81412742       13.626974       1017.5594       1467.3521      -23.741784       -26.199707          2.4579235       2806.8555                 21.264702                 395.73518                                589.74121                      10.818317                   13.626974                  1467.3521       166.77472        141.54227
              1       1381.8768     0.022808355       69.031622       3.0443021      0.97487792       7.5024809      0.73262546      0.26211464     0.080649595       1.0024168       1.0022188       1.0039329       1.0048552       1.0044148     0.011034581   2.0995374e-09      0.95213723      0.87229393      0.26132461      0.81412742       13.626974       1017.5424       1467.3521      -22.852182       -25.310105          2.4579235       2809.4579                 21.225818                 395.73057                                589.60658                      10.979467                   13.626974                  1467.3521        166.2123        144.72408
              1       1379.9074     0.022808355       69.031622       3.0443021      0.97487792       7.5024809      0.73262546      0.26211464     0.080649595       1.0015562       1.0023612       1.0035939       1.0020932        1.004333     0.011034581   2.0995374e-09      0.95213723      0.87229393      0.26132461      0.81412742       13.626974       1018.1777       1467.3521      -23.572204       -26.030128          2.4579235       2806.9593                 21.302592                 395.72884                                590.47187                      10.674364                   13.626974                  1467.3521       166.32793        141.47459
              1        1380.198     0.022808355       69.031622       3.0443021      0.97487792       7.5024809      0.73262546      0.26211464     0.080649595       1.0015562       1.0019063       1.0049832      0.99634911       1.0002188     0.011034581   2.0995374e-09      0.95213723      0.87229393      0.26132461      0.81412742       13.626974       1018.1777       1467.3521      -23.635302       -26.093226          2.4579235       2807.6665                 21.302592                 395.72884                                590.47187                      10.674364                   13.626974                  1467.3521       166.22075        142.28902
              1       1384.4238      0.02286739       69.065194       3.0438369      0.97467839       7.4618596      0.73314587      0.26195177     0.081195385        1.001768      0.99780551       1.0078591       1.0024438       1.0079671      0.01324757   2.0985609e-09      0.95205999      0.87004636      0.26083706      0.81127187       13.675377       1018.9856       1467.1782      -22.386778       -25.553665          3.1668865       2813.6212                 21.328763                 395.70578                                591.26045                      10.690651                   13.675377                  1467.1782       171.62819        142.15372
              1       1382.6008     0.022803348       68.992139        3.044846      0.97469341       7.4225403      0.73264066       0.2601761      0.08513255       1.0025801      0.99975337       1.0053775       1.0035955       1.0081647    0.0077815979   2.1006796e-09      0.95209295      0.87107752      0.26135482      0.81303911       13.709293       1019.4346       1467.5052      -22.929868       -25.332693          2.4028244       2811.0612                 21.328357                 395.67191                                591.96088                      10.473493                   13.709293                  1467.5052       169.23805        141.17409
              1       1380.9741     0.022803348       68.992139        3.044846      0.97469341       7.4225403      0.73264066       0.2601761      0.08513255       1.0022934       1.0025584       1.0043702      0.99817034       1.0077309    0.0077815979   2.1006796e-09      0.95209295      0.87107752      0.26135482      0.81303911       13.709293       1020.6023       1467.5052      -22.984207       -25.387031          2.4028244       2807.9167                  21.35475                 395.68978                                593.17169                      10.386056                   13.709293                  1467.5052       166.03909        140.06082
              1       1380.8329     0.022803348       68.992139        3.044846      0.97469341       7.4225403      0.73264066       0.2601761      0.08513255       1.0029008       1.0020783        1.000121       1.0013017       1.0055187    0.0077815979   2.1006796e-09      0.95209295      0.87107752      0.26135482      0.81303911       13.709293       1018.4793       1467.5052      -23.173753       -25.576577          2.4028244       2808.0133                 21.299138                 395.67191                                590.93147                      10.576824                   13.709293                  1467.5052       169.07567         139.2438
              1       1387.0224     0.022864383       68.803457       3.0431074      0.97368781        7.348124      0.73230431      0.26992092     0.095769081        1.002055        1.003649      0.99860872      0.99846625       1.0098908     0.024160862   2.0970306e-09      0.95170091      0.86543977       0.2614649      0.80794709        13.59535       1021.7014       1468.0775      -21.630352       -24.758495          3.1281436       2817.3055                 21.474682                 395.66223                                593.75918                      10.805358                    13.59535                  1468.0775       172.35458        141.57668
              1        1385.262     0.022864383       68.803457       3.0431074      0.97368781        7.348124      0.73230431      0.26992092     0.095769081       1.0021415       1.0026275      0.99978012      0.99762487       1.0090139     0.024160862   2.0970306e-09      0.95170091      0.86543977       0.2614649      0.80794709        13.59535       1021.3292       1468.0775      -22.032754       -25.160897          3.1281436       2814.5895                 21.466421                 395.66223                                 593.3607                      10.839885                    13.59535                  1468.0775       170.33905        141.24841
              1       1385.4799     0.022864383       68.803457       3.0431074      0.97368781        7.348124      0.73230431      0.26992092     0.095769081       1.0032192      0.99891422       1.0058108      0.99640679       1.0091646     0.024160862   2.0970306e-09      0.95170091      0.86543977       0.2614649      0.80794709        13.59535        1018.849       1468.0775      -21.682377       -24.810521          3.1281436       2814.3246                 21.365275                 395.68832                                590.49016                       11.30529                    13.59535                  1468.0775       171.52637        142.27634
              1       1381.9775     0.022878343       68.778436       3.0429754      0.97344666       7.3626909      0.73198465      0.27097423     0.095696806       1.0029087       1.0005166         1.00793       1.0000566       1.0031889     0.024438539   2.0967538e-09      0.95163625      0.86580249      0.26174533      0.80871906       13.463153       1018.7262       1468.1931      -22.721587       -26.031946          3.3103587       2809.3982                 21.398179                 395.70237                                590.35056                      11.275126                   13.463153                  1468.1931       169.36107        139.65465
              1       1381.2614     0.022862026       68.940707       3.0417983      0.97192515       7.4698906      0.73356219      0.27090278      0.08681127       1.0014782      0.99901992       1.0062063      0.99649639       1.0017733     0.021206811    2.094287e-09      0.95189799      0.86629122      0.26024029      0.80684582        13.67455       1018.9862       1467.5955      -23.159536       -26.257517          3.0979811       2808.8418                 21.607976                  395.7274                                 590.3304                      11.320438                    13.67455                  1467.5955       169.69339        138.89209
              1       1381.0122     0.022839671       68.917622       3.0424649       0.9709654       7.5341474      0.73298905      0.26932812     0.083684244       1.0010654      0.99884005       1.0016897      0.99671084       1.0015131       0.0194372   2.0956835e-09      0.95191282      0.86740807      0.26082003       0.8087854       13.455281       1018.3208       1467.9011      -23.543906       -26.364343          2.8204367       2809.1123                  21.75516                 395.77582                                589.76412                      11.025707                   13.455281                  1467.9011       170.85651        138.57861
              1       1381.7735       0.0228377       68.904555       3.0426173      0.97096651        7.539282      0.73285157      0.26935389     0.083691771       1.0000076      0.99907799        1.006614      0.99726309       1.0041638      0.01945542    2.096003e-09      0.95189873      0.86755407      0.26095037      0.80912364       13.413706       1019.8651       1467.9792       -23.62614       -26.422852          2.7967117       2810.7993                 21.870816                 395.79498                                591.63458                      10.564749                   13.413706                  1467.9792       170.56812        138.97318
              1       1381.9826       0.0228377       68.904555       3.0426173      0.97096651        7.539282      0.73285157      0.26935389     0.083691771       1.0000076       1.0006231       1.0030518      0.99697911       1.0040979      0.01945542    2.096003e-09      0.95189873      0.86755407      0.26095037      0.80912364       13.413706       1019.8651       1467.9792      -23.616397       -26.413109          2.7967117        2811.198                 21.870816                 395.79498                                591.63458                      10.564749                   13.413706                  1467.9792        171.0305        138.90944
              1       1382.4347       0.0228377       68.904555       3.0426173      0.97096651        7.539282      0.73285157      0.26935389     0.083691771      0.99979298      0.99931759       1.0058354        1.000409       1.0017101      0.01945542    2.096003e-09      0.95189873      0.86755407      0.26095037      0.80912364       13.413706       1020.6223       1467.9792      -23.962052       -26.758764          2.7967117       2812.7935                 21.894353                 395.78848                                592.45245                      10.486999                   13.413706                  1467.9792       170.19818        140.58009
              1        1383.823       0.0228377       68.904555       3.0426173      0.97096651        7.539282      0.73285157      0.26935389     0.083691771       1.0008184      0.99936181       1.0014537       1.0007962      0.99631295      0.01945542    2.096003e-09      0.95189873      0.86755407      0.26095037      0.80912364       13.413706       1018.3833       1467.9792      -23.802637       -26.599349          2.7967117       2815.2513                 21.783108                 395.78073                                589.93756                      10.881859                   13.413706                  1467.9792       170.98801        144.48715
              1       1386.4728       0.0228377       68.904555       3.0426173      0.97096651        7.539282      0.73285157      0.26935389     0.083691771       1.0013878       0.9994343      0.99984554       1.0043896       1.0026212      0.01945542    2.096003e-09      0.95189873      0.86755407      0.26095037      0.80912364       13.413706       1018.6842       1467.9792      -23.308435       -26.105147          2.7967117       2819.5624                 21.722766                 395.77948                                590.05536                      11.126642                   13.413706                  1467.9792       172.90907         146.5762
              1       1382.2268       0.0228377       68.904555       3.0426173      0.97096651        7.539282      0.73285157      0.26935389     0.083691771       1.0009805      0.99874973       1.0074684      0.99961293       1.0054568      0.01945542    2.096003e-09      0.95189873      0.86755407      0.26095037      0.80912364       13.413706       1018.3526       1467.9792         -23.574       -26.370712          2.7967117       2811.6017                 21.765816                 395.77569                                589.86137                      10.949717                   13.413706                  1467.9792       171.16727         140.6889
              1       1385.4325       0.0228377       68.904555       3.0426173      0.97096651        7.539282      0.73285157      0.26935389     0.083691771       1.0022386       1.0018479       1.0056122       1.0000949       1.0023514      0.01945542    2.096003e-09      0.95189873      0.86755407      0.26095037      0.80912364       13.413706       1021.1714       1467.9792      -23.380011       -26.176723          2.7967117       2817.6251                 21.634386                   395.779                                592.23191                      11.526114                   13.413706                  1467.9792       174.83385        140.22688
              1       1381.9423       0.0228377       68.904555       3.0426173      0.97096651        7.539282      0.73285157      0.26935389     0.083691771       1.0001478      0.99926682       1.0078232      0.99756224       1.0024645      0.01945542    2.096003e-09      0.95189873      0.86755407      0.26095037      0.80912364       13.413706       1019.4596       1467.9792       -23.78671       -26.583421          2.7967117        2811.458                 21.855513                 395.80325                                591.18392                      10.616931                   13.413706                  1467.9792       171.92477        138.68065
              1       1381.4818       0.0228377       68.904555       3.0426173      0.97096651        7.539282      0.73285157      0.26935389     0.083691771       1.0002498      0.99879509       1.0023818      0.99609975       1.0038696      0.01945542    2.096003e-09      0.95189873      0.86755407      0.26095037      0.80912364       13.413706       1019.2007       1467.9792      -23.418584       -26.215295          2.7967117       2809.8007                 21.844415                 395.80325                                590.89746                      10.655588                   13.413706                  1467.9792       170.36693        138.84016
              1       1383.5236       0.0228377       68.904555       3.0426173      0.97096651        7.539282      0.73285157      0.26935389     0.083691771       1.0002498      0.99730022       1.0084627      0.99546964       1.0052587      0.01945542    2.096003e-09      0.95189873      0.86755407      0.26095037      0.80912364       13.413706       1019.2007       1467.9792        -22.8426       -25.639312          2.7967117       2812.7324                 21.844415                 395.80325                                590.89746                      10.655588                   13.413706                  1467.9792       172.51236         139.6264
              1       1381.6379     0.022826471        69.16166       3.0415607      0.97109846       7.6135965      0.73512387      0.26758702     0.075186264      0.99994105      0.99834263       1.0047161      0.99556081       1.0046514     0.015194116   2.0937895e-09      0.95227917      0.86833608      0.25882026      0.80654082       13.987408       1018.4915       1466.9799      -23.309705       -25.973577          2.6638723       2809.8952                 21.771294                 395.85209                                589.73367                      11.134459                   13.987408                  1466.9799       170.74951        139.68683
              1       1382.4158     0.022826471        69.16166       3.0415607      0.97109846       7.6135965      0.73512387      0.26758702     0.075186264         1.00007       0.9984907       1.0074294      0.99925456      0.99976687     0.015194116   2.0937895e-09      0.95227917      0.86833608      0.25882026      0.80654082       13.987408       1018.5276       1466.9799      -24.014764       -26.678636          2.6638723       2812.8611                 21.757501                 395.85209                                 589.7246                      11.193439                   13.987408                  1466.9799       172.59317        140.77296
              1       1381.4149     0.022834742       69.233454       3.0423785      0.97149383       7.6016061      0.73541302      0.26411384      0.07497596       1.0008464      0.99870198       1.0062668      0.99447273       1.0022811     0.014617737   2.0955025e-09      0.95236084      0.86805735       0.2586234      0.80597524       14.235575       1018.3594       1466.6554        -23.1007       -25.862037          2.7613371       2809.0313                 21.687527                 395.83567                                589.55174                      11.284502                   14.235575                  1466.6554       170.73232        139.04857
              1       1380.1531     0.022834195       69.298019       3.0433364      0.97104891       7.6718739      0.73533345       0.2603085     0.071940987      0.99961275      0.99898552       1.0036293      0.99825288       1.0013549     0.006937064   2.0975109e-09      0.95245071      0.87026557      0.25877981      0.80826984       14.218067       1017.6094       1466.4936      -23.902816       -26.657635          2.7548182       2808.1118                  21.87368                 395.97016                                589.19063                      10.574931                   14.218067                  1466.4936       169.95595        139.83482
              1       1384.1165     0.022834195       69.298019       3.0433364      0.97104891       7.6718739      0.73533345       0.2603085     0.071940987      0.99862324      0.99994891       1.0064094      0.99347122      0.99944734     0.006937064   2.0975109e-09      0.95245071      0.87026557      0.25877981      0.80826984       14.218067       1020.8371       1466.4936      -22.853227       -25.608045          2.7548182       2813.9395                  21.98469                  395.9765                                592.64261                      10.233256                   14.218067                  1466.4936        172.7561        139.63469
              1       1385.6115     0.022834195       69.298019       3.0433364      0.97104891       7.6718739      0.73533345       0.2603085     0.071940987      0.99797391       1.0004128       1.0018145      0.99726591       1.0040761     0.006937064   2.0975109e-09      0.95245071      0.87026557      0.25877981      0.80826984       14.218067       1024.7768       1466.4936      -23.384618       -26.139436          2.7548182       2817.9922                 22.059181                 395.97597                                596.70239                      10.039295                   14.218067                  1466.4936       172.56876        139.93494
              1       1382.9932     0.022855213       69.282588       3.0436806      0.97260483       7.5977814      0.73510865      0.25909614     0.074186524      0.99972227       1.0016041      0.99963765      0.99728722       1.0024938    0.0080248581   2.0982328e-09      0.95238574       0.8698553      0.25902435      0.80827042       14.218701       1021.0373       1466.4677      -23.417658       -26.429401          3.0117431       2812.8216                 21.719224                 395.84351                                593.14457                      10.329987                   14.218701                  1466.4677        172.1188        138.97914
              1       1381.7524     0.022855213       69.282588       3.0436806      0.97260483       7.5977814      0.73510865      0.25909614     0.074186524       1.0002953       1.0018814       1.0050681      0.99668968       1.0032317    0.0080248581   2.0982328e-09      0.95238574       0.8698553      0.25902435      0.80827042       14.218701       1018.8646       1466.4677      -23.233927        -26.24567          3.0117431       2809.9726                 21.659261                 395.82705                                590.85082                      10.527462                   14.218701                  1466.4677        171.3887        139.03285
              1       1383.4311     0.022855213       69.282588       3.0436806      0.97260483       7.5977814      0.73510865      0.25909614     0.074186524       1.0005215       1.0017525       1.0055216      0.99748437       1.0083399    0.0080248581   2.0982328e-09      0.95238574       0.8698553      0.25902435      0.80827042       14.218701       1018.3243       1466.4677      -22.800806       -25.812549          3.0117431       2812.4639                 21.635841                 395.82958                                590.24829                      10.610561                   14.218701                  1466.4677       171.41112         142.0421
              1       1386.1789     0.022855213       69.282588       3.0436806      0.97260483       7.5977814      0.73510865      0.25909614     0.074186524       1.0014855       1.0013548       1.0046061      0.99176681      0.99520024    0.0080248581   2.0982328e-09      0.95238574       0.8698553      0.25902435      0.80827042       14.218701       1017.9474       1466.4677      -21.630508       -24.642251          3.0117431       2815.6189                 21.537967                 395.81721                                589.59532                      10.996847                   14.218701                  1466.4677       169.91588        147.06924
              1       1380.8829     0.022855213       69.282588       3.0436806      0.97260483       7.5977814      0.73510865      0.25909614     0.074186524       1.0011118       1.0012887       1.0047312      0.99598316      0.99941918    0.0080248581   2.0982328e-09      0.95238574       0.8698553      0.25902435      0.80827042       14.218701       1017.7151       1466.4677      -23.213622       -26.225365          3.0117431        2808.193                  21.57553                 395.81721                                589.48141                      10.840903                   14.218701                  1466.4677       169.84589        139.94565
              1       1380.0551     0.022855213       69.282588       3.0436806      0.97260483       7.5977814      0.73510865      0.25909614     0.074186524       1.0014491       1.0003789       1.0049063      0.99699451      0.99953568    0.0080248581   2.0982328e-09      0.95238574       0.8698553      0.25902435      0.80827042       14.218701        1017.904       1466.4677      -23.406094       -26.417837          3.0117431       2806.9223                 21.541604                 395.81721                                589.56386                      10.981318                   14.218701                  1466.4677        168.5396        139.79233
              1       1381.6819     0.022855213       69.282588       3.0436806      0.97260483       7.5977814      0.73510865      0.25909614     0.074186524       1.0009059      0.99725439       1.0030129      0.99521592       1.0029355    0.0080248581   2.0982328e-09      0.95238574       0.8698553      0.25902435      0.80827042       14.218701       1017.7845       1466.4677       -22.67452       -25.686264          3.0117431       2808.7129                 21.596432                 395.81276                                589.61702                      10.758324                   14.218701                  1466.4677       170.82146        139.42047
              1       1382.0841     0.022832457       69.434862       3.0438443      0.97343949       7.6784766      0.73565612      0.25674446     0.069687586        1.000335      0.99767308       1.0035519       1.0017321       0.9995875      0.00371687   2.0985763e-09      0.95264155      0.87271788      0.25854751      0.81018356       14.616686       1016.9266       1465.8492       -23.69987       -26.434069          2.7341991       2811.5679                 21.482295                 395.90157                                 588.5795                      10.963259                   14.616686                  1465.8492         168.983        145.19235
              1       1380.7645     0.022825312       69.420168       3.0439516      0.97348684       7.6714299      0.73554793      0.25678738     0.070370516       1.0003794      0.99853965       1.0043384      0.99750415      0.99726551    0.0040405439   2.0988016e-09      0.95263632      0.87271148      0.25865002       0.8103382       14.614266       1016.9835       1465.8825      -23.814264       -26.464651          2.6503871       2809.1576                 21.482118                 395.91012                                588.65871                      10.932572                   14.614266                  1465.8825       168.58649        143.09082
              1       1381.1054     0.022825312       69.420168       3.0439516      0.97348684       7.6714299      0.73554793      0.25678738     0.070370516       1.0001894      0.99926732       1.0080016      0.99851478       1.0001324    0.0040405439   2.0988016e-09      0.95263632      0.87271148      0.25865002       0.8103382       14.614266       1016.9875       1465.8825      -24.081924       -26.732312          2.6503871       2810.3747                  21.50091                 395.91012                                588.71802                      10.858446                   14.614266                  1465.8825       171.17194        141.71852
              1       1382.1119     0.022825312       69.420168       3.0439516      0.97348684       7.6714299      0.73554793      0.25678738     0.070370516       1.0009337       1.0000981       1.0045914       1.0013938       1.0043557    0.0040405439   2.0988016e-09      0.95263632      0.87271148      0.25865002       0.8103382       14.614266       1017.6705       1465.8825      -23.871551       -26.521938          2.6503871       2811.9669                 21.427906                 395.91074                                589.17148                       11.16038                   14.614266                  1465.8825        169.5121        144.28746
              1       1382.9919     0.022825312       69.420168       3.0439516      0.97348684       7.6714299      0.73554793      0.25678738     0.070370516       1.0010735      0.99809992        1.009606      0.99842143       1.0048674    0.0040405439   2.0988016e-09      0.95263632      0.87271148      0.25865002       0.8103382       14.614266       1018.0189       1465.8825      -23.590792       -26.241179          2.6503871       2813.1653                 21.414383                 395.92226                                589.46173                      11.220556                   14.614266                  1465.8825       172.66924        141.98038
              1       1382.9061     0.022836491       69.498765       3.0434454      0.97409723       7.6600788      0.73633997        0.256729      0.06921134       1.0005379       0.9980749       1.0097409      0.99931193         1.00359     0.004036493   2.0977394e-09      0.95272025      0.87238419      0.25789486      0.80885096       14.929846       1017.6765       1465.5921      -23.674953       -26.457173          2.7822197       2813.1621                 21.383611                 395.89854                                589.22486                       11.16952                   14.929846                  1465.5921       172.89354         142.0701
              1       1383.3221     0.022836491       69.498765       3.0434454      0.97409723       7.6600788      0.73633997        0.256729      0.06921134       1.0004108      0.99810249       1.0054685       1.0012118      0.99649365     0.004036493   2.0977394e-09      0.95272025      0.87238419      0.25789486      0.80885096       14.929846       1017.5891       1465.5921      -23.671396       -26.453616          2.7822197        2813.987                 21.395754                 395.89789                                589.18021                        11.1152                   14.929846                  1465.5921       168.84685        147.02913
              1       1381.1826     0.022836491       69.498765       3.0434454      0.97409723       7.6600788      0.73633997        0.256729      0.06921134      0.99970048      0.99795172       1.0049108      0.99739488      0.99874132     0.004036493   2.0977394e-09      0.95272025      0.87238419      0.25789486      0.80885096       14.929846       1018.1146       1465.5921      -23.614097       -26.396317          2.7822197       2809.5934                 21.464546                 395.89969                                589.92205                      10.828286                   14.929846                  1465.5921       168.87506         142.0818
              1       1382.6828     0.022836491       69.498765       3.0434454      0.97409723       7.6600788      0.73633997        0.256729      0.06921134      0.99914315      0.99883026       1.0006311      0.99906836       1.0009998     0.004036493   2.0977394e-09      0.95272025      0.87238419      0.25789486      0.80885096       14.929846       1019.7345       1465.5921      -23.871924       -26.654144          2.7822197       2813.1094                 21.519564                 395.90533                                591.68647                      10.623091                   14.929846                  1465.5921       170.96358        141.88943
              1        1380.997     0.022836491       69.498765       3.0434454      0.97409723       7.6600788      0.73633997        0.256729      0.06921134        1.000993      0.99954793       1.0051339      0.99589666       1.0024856     0.004036493   2.0977394e-09      0.95272025      0.87238419      0.25789486      0.80885096       14.929846       1018.4334       1465.5921      -23.471381       -26.253601          2.7822197       2808.9367                 21.340547                 395.89688                                589.82456                      11.371436                   14.929846                  1465.5921       168.95914         141.0222
              1       1382.5218     0.022867739       69.451165       3.0422935      0.97433378       7.5698174       0.7369586      0.26060167     0.074995608       1.0015529       1.0008615       1.0062472       1.0008333       1.0028784     0.011381439   2.0953245e-09      0.95259063      0.86863619      0.25722565       0.8043303       15.191471       1018.9079       1465.5526      -23.318731       -26.490126          3.1713948        2811.681                 21.292803                 395.81047                                589.99146                      11.813194                   15.191471                  1465.5526       170.22612        141.80286
              1       1383.2078     0.022867739       69.451165       3.0422935      0.97433378       7.5698174       0.7369586      0.26060167     0.074995608       1.0015529      0.99935533       1.0086961       1.0008078       1.0006511     0.011381439   2.0953245e-09      0.95259063      0.86863619      0.25722565       0.8043303       15.191471       1018.9079       1465.5526      -23.412287       -26.583682          3.1713948       2813.2401                 21.292803                 395.81047                                589.99146                      11.813194                   15.191471                  1465.5526       171.31494        142.27318
              1       1383.1958     0.022867739       69.451165       3.0422935      0.97433378       7.5698174       0.7369586      0.26060167     0.074995608       1.0010348       1.0019081      0.99954833      0.99827781       1.0046515     0.011381439   2.0953245e-09      0.95259063      0.86863619      0.25722565       0.8043303       15.191471       1018.3214       1465.5526      -23.082313       -26.253707          3.1713948       2812.5563                 21.340789                 395.80752                                589.62463                      11.548504                   15.191471                  1465.5526       172.94362        140.54715
              1       1385.7434     0.022867739       69.451165       3.0422935      0.97433378       7.5698174       0.7369586      0.26060167     0.074995608        1.001419       1.0028357       1.0058818       1.0010818       1.0053499     0.011381439   2.0953245e-09      0.95259063      0.86863619      0.25722565       0.8043303       15.191471       1018.6703       1465.5526      -22.740878       -25.912273          3.1713948       2816.9686                 21.305124                 395.81047                                589.81135                      11.743351                   15.191471                  1465.5526       174.99574        142.55846
              1       1383.9767     0.022735863       69.609314       3.0470694      0.97413747       7.6758202      0.73708898      0.24458276     0.066403332       1.0027226       1.0037177       1.0077691       0.9990039        1.002989    0.0021597701   2.1053554e-09      0.95307798      0.87038932      0.25744714      0.80630056       15.718818       1018.0412       1465.7301       -23.61165       -25.349895           1.738245       2815.1768                 21.384025                 395.90875                                589.92013                      10.828321                   15.718818                  1465.7301       176.62613        139.06055
              1       1384.1625     0.022724811       69.576513       3.0462607      0.97449662       7.5961284      0.73738218      0.24700966     0.069079597       1.0032554       1.0024856       1.0077776      0.99701899         1.00776    0.0075229221   2.1036536e-09      0.95305655      0.86863588       0.2571176      0.80416106       15.929785       1019.5744        1465.748      -23.195387        -24.83877          1.6433828       2814.7157                 21.317223                  395.8167                                591.35908                      11.081417                   15.929785                   1465.748       173.66277        139.80077
              1       1383.5358     0.022724811       69.576513       3.0462607      0.97449662       7.5961284      0.73738218      0.24700966     0.069079597       1.0039864       1.0005499       1.0056195        0.997299       1.0004175    0.0075229221   2.1036536e-09      0.95305655      0.86863588       0.2571176      0.80416106       15.929785       1019.0675        1465.748      -23.705783       -25.349165          1.6433828       2814.4832                 21.249795                 395.80217                                590.59473                      11.420833                   15.929785                   1465.748       172.45277        141.28514
              1       1383.1009     0.022724811       69.576513       3.0462607      0.97449662       7.5961284      0.73738218      0.24700966     0.069079597       1.0039864       1.0033282       1.0041343      0.99882322       1.0035136    0.0075229221   2.1036536e-09      0.95305655      0.86863588       0.2571176      0.80416106       15.929785       1019.0675        1465.748      -23.138663       -24.782046          1.6433828       2812.4792                 21.249795                 395.80217                                590.59473                      11.420833                   15.929785                   1465.748        172.8418        138.89211
              1       1382.5196     0.022724811       69.576513       3.0462607      0.97449662       7.5961284      0.73738218      0.24700966     0.069079597       1.0031441      0.99997833       1.0052784       0.9997796       1.0047407    0.0075229221   2.1036536e-09      0.95305655      0.86863588       0.2571176      0.80416106       15.929785       1019.8078        1465.748      -24.171851       -25.815234          1.6433828        2813.383                  21.32764                  395.8167                                591.63115                      11.032331                   15.929785                   1465.748       173.29869        138.59869
              1       1384.7279     0.022724811       69.576513       3.0462607      0.97449662       7.5961284      0.73738218      0.24700966     0.069079597       1.0033363       1.0034462       1.0028895       1.0035702       1.0065963    0.0075229221   2.1036536e-09      0.95305655      0.86863588       0.2571176      0.80416106       15.929785       1019.4222        1465.748      -22.898478       -24.541861          1.6433828       2815.2527                 21.309677                 395.80775                                591.18729                      11.117508                   15.929785                   1465.748       173.27292        140.87984
              1        1382.924      0.02272298       69.580738       3.0463452      0.97446512       7.6005514      0.73737556      0.24665786     0.068793432       1.0038492        1.003118       1.0052951      0.99917939       1.0061395    0.0070870675   2.1038313e-09      0.95306604      0.86874805      0.25713139      0.80428648       15.928884       1019.0002       1465.7516      -23.093126       -24.721174          1.6280479       2812.0343                  21.26693                 395.81287                                590.59058                      11.329811                   15.928884                  1465.7516       172.79752        138.55612
              1       1383.1257      0.02272298       69.580738       3.0463452      0.97446512       7.6005514      0.73737556      0.24665786     0.068793432       1.0038492       1.0016418       1.0049955       1.0028607       1.0066813    0.0070870675   2.1038313e-09      0.95306604      0.86874805      0.25713139      0.80428648       15.928884       1019.0002       1465.7516      -23.231501       -24.859548          1.6280479       2812.7145                  21.26693                 395.81287                                590.59058                      11.329811                   15.928884                  1465.7516       171.83852        140.19528
              1       1384.6553     0.022737017       69.346608       3.0457376      0.97540537       7.4832659      0.73609473      0.25326162     0.076712524         1.00453       1.0018896       1.0091757       1.0023514       1.0058829     0.019064546   2.1025533e-09      0.95271939       0.8661925        0.258218      0.80361318       15.299702       1020.1944       1466.3185      -22.766894       -24.515271          1.7483771       2814.8443                 21.137699                  395.7314                                591.71297                      11.612285                   15.299702                  1466.3185       174.07103        138.96072
              1       1384.5365     0.022739956       69.340897       3.0457276      0.97536283       7.4820579      0.73605214      0.25340726     0.076928938       1.0046433       1.0046357       1.0033796       0.9989631       1.0057557     0.019358019   2.1025323e-09      0.95270549      0.86609138      0.25825577      0.80357813       15.275695       1019.9694       1466.3312      -21.786723       -23.561105          1.7743829       2812.6464                 21.134406                 395.72493                                591.43363                      11.676418                   15.275695                  1466.3312       172.22289        138.84724
              1       1384.4012     0.022739956       69.340897       3.0457276      0.97536283       7.4820579      0.73605214      0.25340726     0.076928938       1.0038964        1.000829       1.0065305       1.0006527       1.0090088     0.019358019   2.1025323e-09      0.95270549      0.86609138      0.25825577      0.80357813       15.275695       1021.0886       1466.3312      -23.014437       -24.788819          1.7743829       2814.8312                 21.198809                 395.69062                                592.88944                      11.309766                   15.275695                  1466.3312       173.09494        139.04074
              1        1382.962     0.022732934       69.409217       3.0451997      0.97444632       7.5753774      0.73607221       0.2538637     0.069003733       1.0025652       1.0002865        1.002261      0.99777978       1.0038171     0.022769167   2.1014227e-09      0.95281313      0.86705718      0.25822554      0.80442713       15.069768       1019.5781       1466.3355      -24.316103        -26.02882          1.7127169       2814.5563                 21.329972                  395.8011                                591.06734                      11.379732                   15.069768                  1466.3355       174.02338        139.54953
              1       1381.4113     0.022796761       69.502846       3.0444567      0.97441049       7.6115347      0.73652196      0.25296245     0.064467952       1.0017228       1.0008689        1.007465      0.99594968       1.0015035     0.018541825   2.0998619e-09      0.95280805      0.86795317      0.25781528      0.80461845       14.953211       1018.2751       1466.1252      -23.780674       -26.112227          2.3315532        2810.384                  21.35022                 395.85377                                589.81284                      11.258322                   14.953211                  1466.1252        170.8389        140.19148
              1       1381.3417     0.022796761       69.502846       3.0444567      0.97441049       7.6115347      0.73652196      0.25296245     0.064467952       1.0018051       1.0010985        1.005222      0.99486403       1.0042479     0.018541825   2.0998619e-09      0.95280805      0.86795317      0.25781528      0.80461845       14.953211       1018.1922       1466.1252      -23.335688       -25.667242          2.3315532       2809.3547                 21.342495                 395.85377                                589.69948                       11.29644                   14.953211                  1466.1252       169.48349        140.60057
              1       1382.8759     0.022796761       69.502846       3.0444567      0.97441049       7.6115347      0.73652196      0.25296245     0.064467952       1.0008784       1.0013672        1.006637      0.99498883       1.0009907     0.018541825   2.0998619e-09      0.95280805      0.86795317      0.25781528      0.80461845       14.953211       1020.4142       1466.1252      -23.690651       -26.022204          2.3315532        2813.133                 21.430658                 395.81234                                592.28232                      10.888928                   14.953211                  1466.1252       170.61208        141.02826
              1       1384.1242     0.022796761       69.502846       3.0444567      0.97441049       7.6115347      0.73652196      0.25296245     0.064467952        1.002988       1.0032656       1.0030522      0.99548278       1.0035935     0.018541825   2.0998619e-09      0.95280805      0.86795317      0.25781528      0.80461845       14.953211       1019.4969       1466.1252      -22.553391       -24.884945          2.3315532       2813.3551                 21.233728                 395.82585                                  590.551                      11.886305                   14.953211                  1466.1252       172.70203        140.07774
              1       1381.3364     0.022761893       69.402038       3.0440384      0.97277228       7.6921849      0.73569373       0.2561925     0.060768257       1.0001811       1.0011207       1.0039167      0.99526903       1.0012044      0.01906095   2.0989837e-09      0.95274324      0.86925121      0.25853219      0.80694138       14.319616       1018.0474       1466.7606      -24.201365       -26.178648          1.9772832       2811.0755                 21.607696                 395.97339                                589.58169                      10.884584                   14.319616                  1466.7606       172.83842        139.10954
              1       1383.5871     0.022761893       69.402038       3.0440384      0.97277228       7.6921849      0.73569373       0.2561925     0.060768257       1.0001811       1.0002059      0.99808541      0.99661536      0.99917791      0.01906095   2.0989837e-09      0.95274324      0.86925121      0.25853219      0.80694138       14.319616       1018.0474       1466.7606      -24.547104       -26.524388          1.9772832       2816.2683                 21.607696                 395.97339                                589.58169                      10.884584                   14.319616                  1466.7606        177.3873        139.75352
              1       1380.6389     0.022761893       69.402038       3.0440384      0.97277228       7.6921849      0.73569373       0.2561925     0.060768257       1.0001811       1.0005097       1.0023492      0.99856244       1.0015081      0.01906095   2.0989837e-09      0.95274324      0.86925121      0.25853219      0.80694138       14.319616       1018.0474       1466.7606       -24.75277       -26.730053          1.9772832       2810.7834                 21.607696                 395.97339                                589.58169                      10.884584                   14.319616                  1466.7606       172.11259        139.54329
              1       1380.8785     0.022761893       69.402038       3.0440384      0.97277228       7.6921849      0.73569373       0.2561925     0.060768257       1.0012607       1.0002383       1.0027274      0.99859439      0.99891034      0.01906095   2.0989837e-09      0.95274324      0.86925121      0.25853219      0.80694138       14.319616       1017.7163       1466.7606       -24.65205       -26.629333          1.9772832       2811.0612                 21.498693                 395.92974                                588.92973                      11.358182                   14.319616                  1466.7606       171.62033        140.64432
              1       1380.2107     0.022761893       69.402038       3.0440384      0.97277228       7.6921849      0.73569373       0.2561925     0.060768257       1.0008709       1.0000976       1.0064157      0.99776612        1.001769      0.01906095   2.0989837e-09      0.95274324      0.86925121      0.25853219      0.80694138       14.319616       1017.3702       1466.7606      -24.628015       -26.605299          1.9772832       2809.6773                 21.537644                 395.93539                                588.71751                      11.179678                   14.319616                  1466.7606       172.09567        139.13127
              1       1381.3974     0.022745253        69.42485       3.0448645      0.97306102       7.6953364      0.73566241      0.25324052     0.059946733         1.00173      0.99876144       1.0058649      0.99316342       1.0028634     0.014722196   2.1007185e-09      0.95280882      0.87026824      0.25862589       0.8080319       14.363647       1017.5136       1466.7705      -23.436516       -25.258472          1.8219562       2809.6678                 21.456831                 395.92149                                588.97258                      11.162723                   14.363647                  1466.7705       170.51689         140.5031
              1       1382.5632     0.022743343       69.350879       3.0451589      0.97217424       7.7661708      0.73476505      0.25421307     0.058408079       1.0009326      0.99771623       1.0088438       1.0007361       1.0065176     0.012860093   2.1013369e-09      0.95271206      0.87181122       0.2594598      0.81076849        13.91134       1016.8519       1467.1469      -24.240551       -26.045244          1.8046933       2813.6075                 21.591203                 396.03315                                588.33927                      10.888256                    13.91134                  1467.1469       172.51224        143.18509
              1       1382.2126     0.022743343       69.350879       3.0451589      0.97217424       7.7661708      0.73476505      0.25421307     0.058408079       1.0004597      0.99701225       1.0111808      0.99861613       1.0013586     0.012860093   2.1013369e-09      0.95271206      0.87181122       0.2594598      0.81076849        13.91134       1016.4332       1467.1469      -24.437395       -26.242088          1.8046933       2813.2999                 21.640049                 396.04816                                588.03838                      10.706621                    13.91134                  1467.1469       176.28636        139.52209
              1       1380.1552     0.022743343       69.350879       3.0451589      0.97217424       7.7661708      0.73476505      0.25421307     0.058408079       1.0004597      0.99949571       1.0065265       1.0004252       1.0006893     0.012860093   2.1013369e-09      0.95271206      0.87181122       0.2594598      0.81076849        13.91134       1016.4332       1467.1469      -24.975172       -26.779865          1.8046933       2810.2608                 21.640049                 396.04816                                588.03838                      10.706621                    13.91134                  1467.1469       171.42502        141.34427
              1       1379.1609     0.022743343       69.350879       3.0451589      0.97217424       7.7661708      0.73476505      0.25421307     0.058408079        1.000005      0.99769132       1.0056123      0.99874064       1.0008819     0.012860093   2.1013369e-09      0.95271206      0.87181122       0.2594598      0.81076849        13.91134       1016.7575       1467.1469      -24.672381       -26.477075          1.8046933       2807.6666                 21.687754                 396.07476                                588.45116                      10.543794                    13.91134                  1467.1469       170.15799        139.69287
              1       1382.8236     0.022743343       69.350879       3.0451589      0.97217424       7.7661708      0.73476505      0.25421307     0.058408079       1.0002745      0.99755888      0.99856349      0.99544582       1.0023495     0.012860093   2.1013369e-09      0.95271206      0.87181122       0.2594598      0.81076849        13.91134       1016.4787       1467.1469      -24.111479       -25.916173          1.8046933       2813.8703                 21.659397                 396.05712                                588.12322                      10.638911                    13.91134                  1467.1469       177.68585        138.64748
              1       1385.8689     0.022743343       69.350879       3.0451589      0.97217424       7.7661708      0.73476505      0.25421307     0.058408079       1.0002745       0.9981418      0.99715808      0.99403656       1.0063926     0.012860093   2.1013369e-09      0.95271206      0.87181122       0.2594598      0.81076849        13.91134       1016.4787       1467.1469      -23.548729       -25.353423          1.8046933       2818.8352                 21.659397                 396.05712                                588.12322                      10.638911                    13.91134                  1467.1469       180.15913         141.1391
              1       1382.3208     0.022746985       69.346157       3.0449294      0.97265105       7.7354802      0.73491775      0.25505322     0.060660233      0.99965885      0.99881873      0.99969013      0.99691399       1.0058147     0.013318373   2.1008549e-09      0.95269805      0.87145443      0.25929543      0.81017994       14.021818        1018.459       1467.0249       -24.33929       -26.176999          1.8377086       2813.3202                 21.672776                 396.03581                                590.31347                      10.436924                   14.021818                  1467.0249       173.89217        139.92236
              1       1382.7173     0.022746985       69.346157       3.0449294      0.97265105       7.7354802      0.73491775      0.25505322     0.060660233      0.99986375       1.0009557       1.0038687       1.0013311       1.0069104     0.013318373   2.1008549e-09      0.95269805      0.87145443      0.25929543      0.81017994       14.021818       1017.7999       1467.0249      -24.434238       -26.271947          1.8377086       2814.3031                 21.651351                 396.02576                                589.61772                      10.505088                   14.021818                  1467.0249       171.85106        143.60539
              1       1381.1124     0.022779469       69.352343       3.0443973      0.97275699       7.7272582      0.73503077      0.25569404      0.06013899      0.99970286       0.9978679       1.0029818      0.99919532       1.0062232     0.014494169   2.0997373e-09      0.95263895      0.87075599      0.25917514      0.80934281       13.950779       1018.2612       1467.0206      -24.026824       -26.177835          2.1510106       2810.2784                 21.632182                 396.01058                                590.06902                      10.549377                   13.950779                  1467.0206       169.83627        141.20958
              1       1382.3458     0.022779469       69.352343       3.0443973      0.97275699       7.7272582      0.73503077      0.25569404      0.06013899      0.99970442      0.99838959       1.0050453      0.99648986       1.0091549     0.014494169   2.0997373e-09      0.95263895      0.87075599      0.25917514      0.80934281       13.950779       1018.2572       1467.0206      -23.419337       -25.570348          2.1510106       2811.5303                  21.63202                 396.01058                                 590.0647                      10.549926                   13.950779                  1467.0206       169.01709        143.28456
              1       1382.8396     0.022779469       69.352343       3.0443973      0.97275699       7.7272582      0.73503077      0.25569404      0.06013899      0.99986564      0.99953793       1.0049793       1.0034628      0.99971342     0.014494169   2.0997373e-09      0.95263895      0.87075599      0.25917514      0.80934281       13.950779       1017.8861       1467.0206      -24.357384       -26.508395          2.1510106        2814.394                 21.615377                 396.00165                                589.66154                      10.607493                   13.950779                  1467.0206       169.49767        146.03889
              1       1380.4241     0.022779469       69.352343       3.0443973      0.97275699       7.7272582      0.73503077      0.25569404      0.06013899      0.99986564      0.99952799       1.0040259      0.99800933      0.99678922     0.014494169   2.0997373e-09      0.95263895      0.87075599      0.25917514      0.80934281       13.950779       1017.8861       1467.0206      -24.459238       -26.610249          2.1510106       2809.7666                 21.615377                 396.00165                                589.66154                      10.607493                   13.950779                  1467.0206       169.33293        141.57622
              1       1379.9313     0.022779469       69.352343       3.0443973      0.97275699       7.7272582      0.73503077      0.25569404      0.06013899      0.99942929      0.99998597       1.0031082        0.997946       1.0017067     0.014494169   2.0997373e-09      0.95263895      0.87075599      0.25917514      0.80934281       13.950779       1019.0892       1467.0206      -24.510609        -26.66162          2.1510106       2808.8838                 21.660628                 396.01954                                590.95399                      10.455083                   13.950779                  1467.0206       169.87354        138.94966
              1       1381.6667     0.022767086       69.488849       3.0452179      0.97418211       7.7026528      0.73576532      0.25078614     0.058498234      0.99999342       1.0011763       1.0005496      0.99556591       1.0013044     0.011666951   2.1014611e-09      0.95285049      0.87139252      0.25858156      0.80900643       14.437319       1020.2913       1466.5419        -24.2117       -26.239281          2.0275815       2811.7568                 21.492487                 395.97255                                592.39359                      10.432632                   14.437319                  1466.5419       170.83244        139.65388
              1        1379.481     0.022767086       69.488849       3.0452179      0.97418211       7.7026528      0.73576532      0.25078614     0.058498234       1.0002612       1.0001705       1.0029053      0.99693107       1.0012377     0.011666951   2.1014611e-09      0.95285049      0.87139252      0.25858156      0.80900643       14.437319       1019.1834       1466.5419      -24.537145       -26.564727          2.0275815       2808.0363                 21.466063                 395.97633                                591.21931                      10.521678                   14.437319                  1466.5419        168.5715         139.3022
              1        1380.214     0.022765486       69.495371       3.0452958      0.97417638       7.7058839      0.73579245      0.25045241     0.058303305       1.0002701        1.001804       1.0042261      0.99778542       1.0026538     0.011181957   2.1016247e-09      0.95286265      0.87149423      0.25856278      0.80907149       14.454085       1019.1758       1466.5307      -24.432991       -26.444987          2.0119956       2809.2939                 21.468103                 395.97322                                591.22725                      10.507213                   14.454085                  1466.5307       170.12158        139.01181
              1       1381.0723     0.022765486       69.495371       3.0452958      0.97417638       7.7058839      0.73579245      0.25045241     0.058303305       1.0002701       1.0003568       1.0087872      0.99935685       1.0033507     0.011181957   2.1016247e-09      0.95286265      0.87149423      0.25856278      0.80907149       14.454085       1019.1758       1466.5307      -24.678501       -26.690496          2.0119956       2811.5016                 21.468103                 395.97322                                591.22725                      10.507213                   14.454085                  1466.5307       171.86452        139.47656
              1       1380.3018     0.022765486       69.495371       3.0452958      0.97417638       7.7058839      0.73579245      0.25045241     0.058303305       1.0002701      0.99966215       1.0068446       1.0002865       1.0002166     0.011181957   2.1016247e-09      0.95286265      0.87149423      0.25856278      0.80907149       14.454085       1019.1758       1466.5307      -24.793226       -26.805222          2.0119956         2810.19                 21.468103                 395.97322                                591.22725                      10.507213                   14.454085                  1466.5307       169.06935         140.9601
              1       1378.6166     0.022765486       69.495371       3.0452958      0.97417638       7.7058839      0.73579245      0.25045241     0.058303305       1.0009206       1.0004457       1.0054331       0.9971602        1.002989     0.011181957   2.1016247e-09      0.95286265      0.87149423      0.25856278      0.80907149       14.454085       1017.4897       1466.5307      -24.444522       -26.456517          2.0119956       2806.1222                 21.404796                 395.98095                                589.36517                        10.7388                   14.454085                  1466.5307       168.66774        138.97995
              1       1379.1315     0.022765486       69.495371       3.0452958      0.97417638       7.7058839      0.73579245      0.25045241     0.058303305       1.0011597      0.99986854       1.0076569      0.99756834       1.0035355     0.011181957   2.1016247e-09      0.95286265      0.87149423      0.25856278      0.80907149       14.454085       1017.2371       1466.5307      -24.434428       -26.446424          2.0119956       2807.1318                 21.381877                  395.9893                                589.03605                      10.829922                   14.454085                  1466.5307       169.91524        138.99461
              1       1378.8357     0.022765486       69.495371       3.0452958      0.97417638       7.7058839      0.73579245      0.25045241     0.058303305       1.0011597       0.9993191       1.0054949      0.99765045      0.99956025     0.011181957   2.1016247e-09      0.95286265      0.87149423      0.25856278      0.80907149       14.454085       1017.2371       1466.5307      -24.535789       -26.547785          2.0119956       2806.7429                 21.381877                  395.9893                                589.03605                      10.829922                   14.454085                  1466.5307       168.37219        140.14877
              1       1379.0094     0.022765486       69.495371       3.0452958      0.97417638       7.7058839      0.73579245      0.25045241     0.058303305       1.0010852       1.0000437       1.0023446      0.99621519       1.0009929     0.011181957   2.1016247e-09      0.95286265      0.87149423      0.25856278      0.80907149       14.454085       1017.2893       1466.5307      -24.348956       -26.360952          2.0119956       2806.7166                 21.388995                 395.98095                                589.11812                      10.801196                   14.454085                  1466.5307        168.9225        139.52008
              1       1379.5005     0.022765486       69.495371       3.0452958      0.97417638       7.7058839      0.73579245      0.25045241     0.058303305       1.0013318      0.99963021       1.0037625      0.99544777      0.99912509     0.011181957   2.1016247e-09      0.95286265      0.87149423      0.25856278      0.80907149       14.454085       1017.1696       1466.5307      -24.137194       -26.149189          2.0119956       2807.2753                 21.365498                 395.98958                                588.91703                      10.897489                   14.454085                  1466.5307       168.31133        140.80962
              1       1380.5864     0.022765486       69.495371       3.0452958      0.97417638       7.7058839      0.73579245      0.25045241     0.058303305       1.0009401       1.0003572      0.99990472       1.0002762       1.0008005     0.011181957   2.1016247e-09      0.95286265      0.87149423      0.25856278      0.80907149       14.454085       1017.4612       1466.5307      -24.722144        -26.73414          2.0119956       2810.6172                 21.402923                 395.98095                                589.33123                        10.7461                   14.454085                  1466.5307        171.5262        140.64497
              1       1378.0725     0.022774667       69.518569       3.0473234      0.97409555       7.8258379      0.73461666      0.24507206     0.052518982       1.0003988      0.99956036       1.0016214      0.99897822       1.0057429     0.001347971   2.1058902e-09      0.95287511      0.87572839      0.25979926      0.81494398       13.970952       1016.0965       1466.6992      -24.355954       -26.458524          2.1025702        2804.857                 21.442529                  396.1763                                588.13979                      10.337889                   13.970952                  1466.6992       166.99249        141.09785
              1       1378.5979     0.022808805       69.554201          3.0464      0.97362674       7.8590518      0.73498777      0.24684334     0.049843554       1.0005226      0.99853888       1.0032056      0.99387303       1.0021457   0.00075197287   2.1039466e-09      0.95285281       0.8757891      0.25940205      0.81437721       13.894542       1017.5095        1466.668      -23.241924       -25.704835          2.4629116       2803.6797                 21.416173                 396.23269                                589.21192                      10.648675                   13.894542                   1466.668       165.32495        140.28279
              1       1379.8692     0.022808805       69.554201          3.0464      0.97362674       7.8590518      0.73498777      0.24684334     0.049843554      0.99992141      0.99661113       1.0055726      0.99819671      0.99571232   0.00075197287   2.1039466e-09      0.95285281       0.8757891      0.25940205      0.81437721       13.894542       1016.2247        1466.668      -23.463881       -25.926793          2.4629116       2806.6662                 21.475509                 396.24197                                588.05286                      10.454328                   13.894542                   1466.668       166.47548        143.40355
              1       1378.0327     0.022799579       69.552688       3.0459024      0.97379814       7.8345424      0.73526592      0.24830085      0.04975067       1.0000004       0.9986968       1.0006952      0.99658862       1.0017348    0.0043018042   2.1028999e-09      0.95286983      0.87506966      0.25910974      0.81324962       13.962393       1016.4258       1466.7026      -24.046556        -26.40843          2.3618741       2804.1584                  21.44567                 396.18824                                588.24959                      10.542333                   13.962393                  1466.7026       167.61742        139.45016
              1       1378.7211     0.022799579       69.552688       3.0459024      0.97379814       7.8345424      0.73526592      0.24830085      0.04975067       1.0003285      0.99935661       1.0005288      0.99562196      0.99900604    0.0043018042   2.1028999e-09      0.95286983      0.87506966      0.25910974      0.81324962       13.962393       1016.8898       1466.7026      -23.941653       -26.303527          2.3618741       2805.3255                 21.413525                 396.18824                                588.63586                       10.65217                   13.962393                  1466.7026       167.78416        139.98657
              1       1379.9607     0.022799579       69.552688       3.0459024      0.97379814       7.8345424      0.73526592      0.24830085      0.04975067       1.0000291      0.99738307       1.0077568      0.99348128      0.99836242    0.0043018042   2.1028999e-09      0.95286983      0.87506966      0.25910974      0.81324962       13.962393       1016.4519       1466.7026        -22.9982       -25.360074          2.3618741       2805.9179                 21.442839                 396.18824                                588.26913                      10.551712                   13.962393                  1466.7026       167.71904        141.08191
              1        1377.956     0.022799579       69.552688       3.0459024      0.97379814       7.8345424      0.73526592      0.24830085      0.04975067       1.0000291      0.99743704       1.0027791      0.99598005       1.0007768    0.0043018042   2.1028999e-09      0.95286983      0.87506966      0.25910974      0.81324962       13.962393       1016.4519       1466.7026      -23.686505       -26.048379          2.3618741        2803.285                 21.442839                 396.18824                                588.26913                      10.551712                   13.962393                  1466.7026       166.71225        139.45584
              1       1377.9665     0.022799579       69.552688       3.0459024      0.97379814       7.8345424      0.73526592      0.24830085      0.04975067      0.99968437      0.99835017        1.004496      0.99757599      0.99732354    0.0043018042   2.1028999e-09      0.95286983      0.87506966      0.25910974      0.81324962       13.962393       1016.3223       1466.7026       -24.08532       -26.447194          2.3618741       2804.1036                 21.476972                 396.18698                                588.21611                      10.442277                   13.962393                  1466.7026        165.6985        141.41779
              1        1385.273     0.022799579       69.552688       3.0459024      0.97379814       7.8345424      0.73526592      0.24830085      0.04975067      0.99878116        1.002416       1.0082312      0.99867654       1.0035101    0.0043018042   2.1028999e-09      0.95286983      0.87506966      0.25910974      0.81324962       13.962393       1017.9062       1466.7026      -23.854875       -26.216749          2.3618741       2818.2558                 21.567954                 396.19024                                589.96051                      10.187469                   13.962393                  1466.7026       179.08699         140.5976
              1        1379.967     0.022799579       69.552688       3.0459024      0.97379814       7.8345424      0.73526592      0.24830085      0.04975067      0.99970975      0.99994992        1.008862      0.99763463       1.0012967    0.0043018042   2.1028999e-09      0.95286983      0.87506966      0.25910974      0.81324962       13.962393        1016.318       1466.7026      -24.296457       -26.658331          2.3618741        2808.527                 21.474446                 396.18698                                588.20651                      10.450104                   13.962393                  1466.7026       171.80629        139.73764
              1       1379.8813       0.0228018       69.527807        3.045795      0.97342944       7.8697835      0.73512414      0.24946004     0.048538652      0.99871391      0.99768104       1.0058618       1.0004138       1.0045206    0.0056203769    2.102674e-09       0.9528315      0.87504989      0.25922019      0.81340456       13.814422       1017.1385       1466.8838      -23.805279       -26.191231          2.3859525       2807.3732                  21.58654                 396.26327                                589.03679                      10.251933                   13.814422                  1466.8838       166.35199        143.18437
              1       1378.2651       0.0228018       69.527807        3.045795      0.97342944       7.8697835      0.73512414      0.24946004     0.048538652      0.99883314      0.99710533       1.0051194      0.99518236       1.0003736    0.0056203769    2.102674e-09       0.9528315      0.87504989      0.25922019      0.81340456       13.814422       1016.9296       1466.8838      -23.282543       -25.668495          2.3859525       2803.0952                  21.57434                 396.26327                                588.80708                      10.284922                   13.814422                  1466.8838       166.22514        139.24219
              1       1379.1596     0.022808016       69.540785       3.0458587      0.97341164       7.8723904      0.73520606       0.2490333     0.048303845      0.99889095      0.99631019       1.0068134      0.99506822       1.0005804    0.0053897655   2.1028081e-09      0.95283625      0.87493635      0.25915166       0.8131915       13.834637       1016.8118       1466.8519      -22.904527        -25.35869          2.4541632       2804.1283                  21.57313                 396.27161                                588.67832                      10.288742                   13.834637                  1466.8519       167.41673        139.21315
              1         1379.74     0.022808016       69.540785       3.0458587      0.97341164       7.8723904      0.73520606       0.2490333     0.048303845       0.9996508      0.99862787       1.0044365       0.9956905       1.0071068    0.0053897655   2.1028081e-09      0.95283625      0.87493635      0.25915166       0.8131915       13.834637         1016.75       1466.8519      -23.312952       -25.767116          2.4541632       2806.1059                 21.496199                 396.26387                                588.46959                      10.520344                   13.834637                  1466.8519       166.03767        142.63167
              1       1378.6911     0.022808016       69.540785       3.0458587      0.97341164       7.8723904      0.73520606       0.2490333     0.048303845      0.99890687      0.99954867       1.0054655      0.99676291       1.0034913    0.0053897655   2.1028081e-09      0.95283625      0.87493635      0.25915166       0.8131915       13.834637       1016.7905       1466.8519      -23.883604       -26.337767          2.4541632       2805.1495                 21.571502                 396.27161                                588.65417                      10.293258                   13.834637                  1466.8519       167.75262        139.91971
              1       1378.5718     0.022792411        69.47342       3.0461538      0.97273366       7.9333745      0.73449799      0.25008962     0.046933313       0.9982115      0.99667419       1.0053015      0.99414976       1.0003765     0.005471149   2.1034286e-09      0.95277707      0.87591825      0.25980387       0.8151279       13.549398       1016.6272       1467.1956      -22.814062         -25.0993           2.285238       2802.7716                 21.686134                 396.43332                                588.33236                      10.175389                   13.549398                  1467.1956       166.22685        139.17255
              1       1379.7745     0.022792411        69.47342       3.0461538      0.97273366       7.9333745      0.73449799      0.25008962     0.046933313      0.99771306      0.99694501       1.0050104      0.99417379      0.99680575     0.005471149   2.1034286e-09      0.95277707      0.87591825      0.25980387       0.8151279       13.549398       1017.8025       1467.1956      -22.659334       -24.944572           2.285238       2804.8678                 21.739417                 396.43695                                589.56817                      10.057935                   13.549398                  1467.1956       166.10399        140.21628
              1       1381.8083     0.022792411        69.47342       3.0461538      0.97273366       7.9333745      0.73449799      0.25008962     0.046933313       1.0001487      0.99838832       1.0047001      0.99825751      0.99458488     0.005471149   2.1034286e-09      0.95277707      0.87591825      0.25980387       0.8151279       13.549398       1020.0641       1467.1956      -24.035855       -26.321093           2.285238       2811.6884                 21.486698                 396.40285                                591.40904                      10.765533                   13.549398                  1467.1956       166.91283         143.9664
              1       1379.7838     0.022792269       69.438076       3.0456071      0.97288473       7.9058757      0.73450452      0.25251934     0.048979038       1.0003097        0.998539       1.0037211      0.99579965       1.0005465    0.0081762324   2.1022789e-09      0.95272928      0.87533459       0.2597442      0.81449119       13.557059       1020.6293       1467.1914      -23.969482       -26.253224          2.2837418       2807.5066                 21.442116                 396.31478                                591.92177                      10.950628                   13.557059                  1467.1914       166.81163        139.31723
              1       1382.2931     0.022792269       69.438076       3.0456071      0.97288473       7.9058757      0.73450452      0.25251934     0.048979038       1.0003097       0.9982538       1.0020624      0.99297231      0.99505344    0.0081762324   2.1022789e-09      0.95272928      0.87533459       0.2597442      0.81449119       13.557059       1020.6293       1467.1914       -22.90268       -25.186422          2.2837418       2810.3915                 21.442116                 396.31478                                591.92177                      10.950628                   13.557059                  1467.1914       166.92616        142.08757
              1       1378.5627     0.022792269       69.438076       3.0456071      0.97288473       7.9058757      0.73450452      0.25251934     0.048979038      0.99947626      0.99709921       1.0049862      0.99402469      0.99940848    0.0081762324   2.1022789e-09      0.95272928      0.87533459       0.2597442      0.81449119       13.557059       1017.2365       1467.1914      -23.157886       -25.441628          2.2837418       2803.4412                 21.525437                 396.32345                                588.73977                      10.647821                   13.557059                  1467.1914       166.10385        139.35242
              1       1380.7918     0.022792269       69.438076       3.0456071      0.97288473       7.9058757      0.73450452      0.25251934     0.048979038      0.99947626       1.0000466       1.0061027      0.99590616       1.0031804    0.0081762324   2.1022789e-09      0.95272928      0.87533459       0.2597442      0.81449119       13.557059       1017.2365       1467.1914       -24.00272       -26.286461          2.2837418       2809.5891                 21.525437                 396.32345                                588.73977                      10.647821                   13.557059                  1467.1914       171.53162        140.07254
              1       1379.1678     0.022792269       69.438076       3.0456071      0.97288473       7.9058757      0.73450452      0.25251934     0.048979038      0.99917987      0.99836288       1.0040836      0.99984935       1.0028551    0.0081762324   2.1022789e-09      0.95272928      0.87533459       0.2597442      0.81449119       13.557059       1016.5981       1467.1914       -24.25575       -26.539492          2.2837418       2806.8471                 21.555486                 396.33029                                588.16276                      10.549532                   13.557059                  1467.1914       166.64958        142.85103
              1       1380.8904     0.022792269       69.438076       3.0456071      0.97288473       7.9058757      0.73450452      0.25251934     0.048979038      0.99952604      0.99952237       1.0073188      0.99409721       1.0011478    0.0081762324   2.1022789e-09      0.95272928      0.87533459       0.2597442      0.81449119       13.557059        1017.374       1467.1914      -23.628873       -25.912615          2.2837418       2809.0386                 21.520409                 396.32345                                588.86528                      10.664812                   13.557059                  1467.1914       171.55524        139.36101
              1       1380.6752     0.022792269       69.438076       3.0456071      0.97288473       7.9058757      0.73450452      0.25251934     0.048979038      0.99952297      0.99952209       1.0073197      0.99774009       0.9992488    0.0081762324   2.1022789e-09      0.95272928      0.87533459       0.2597442      0.81449119       13.557059       1017.3652       1467.1914      -24.373241       -26.656983          2.2837418       2810.0969                 21.520718                 396.32345                                588.85732                      10.663761                   13.557059                  1467.1914       171.55583        140.42743
              1       1383.6549     0.022792269       69.438076       3.0456071      0.97288473       7.9058757      0.73450452      0.25251934     0.048979038      0.99793395      0.99973263       1.0064369      0.99533562        1.007938    0.0081762324   2.1022789e-09      0.95272928      0.87533459       0.2597442      0.81449119       13.557059        1017.182       1467.1914      -23.054981       -25.338723          2.2837418       2813.4197                 21.684889                 396.36421                                588.94224                      10.190672                   13.557059                  1467.1914       170.98624        144.50301
              1       1381.9233      0.02282283        69.30302       3.0472921      0.97340202       7.8742322      0.73306871      0.25132758     0.054375435       0.9988653       1.0021557        1.003732      0.99660187       0.9970728    0.0062461732   2.1058244e-09      0.95248123      0.87585025      0.26114528      0.81716606       13.245919       1018.3875       1467.4787      -23.469599       -26.091246          2.6216471       2810.7857                 21.608161                 396.26451                                590.48419                      10.030638                   13.245919                  1467.4787       170.71219        140.96146
              1       1379.1345      0.02282283        69.30302       3.0472921      0.97340202       7.8742322      0.73306871      0.25132758     0.054375435      0.99934288      0.99750708       1.0072271      0.99513196       0.9980826    0.0062461732   2.1058244e-09      0.95248123      0.87585025      0.26114528      0.81716606       13.245919       1017.4695       1467.4787       -23.19591       -25.817557          2.6216471       2804.6608                  21.55931                  396.2801                                589.49773                      10.132397                   13.245919                  1467.4787       166.18541        140.28127
              1       1381.2535      0.02282283        69.30302       3.0472921      0.97340202       7.8742322      0.73306871      0.25132758     0.054375435      0.99816823      0.99736012       1.0045377      0.99808427      0.99622066    0.0062461732   2.1058244e-09      0.95248123      0.87585025      0.26114528      0.81716606       13.245919       1021.1626       1467.4787      -23.316491       -25.938138          2.6216471         2809.14                 21.680839                 396.27632                                593.29997                      9.9055043                   13.245919                  1467.4787       164.95137        142.30147
              1       1380.3278     0.022822859       69.137668       3.0454195      0.97504898       7.7283454      0.73267831      0.25935802     0.065118906       0.9987685      0.99964791       1.0016475      0.99716648       1.0045969     0.012243973   2.1018846e-09       0.9522536      0.87449847      0.26133739       0.8162049       13.249562       1022.5445        1467.582       -23.67065       -26.292634          2.6219842       2807.9969                 21.410401                 396.00869                                594.93647                       10.18893                   13.249562                   1467.582       164.42671        140.19408
              1       1381.0024     0.022822859       69.137668       3.0454195      0.97504898       7.7283454      0.73267831      0.25935802     0.065118906      0.99834223      0.99994347       1.0028707      0.99851822        1.001566     0.012243973   2.1018846e-09       0.9522536      0.87449847      0.26133739       0.8162049       13.249562       1025.1525        1467.582      -23.900205        -26.52219          2.6219842       2809.8052                 21.451346                 396.00407                                 597.5968                      10.100286                   13.249562                   1467.582       163.82146        139.99968
              1       1382.3501     0.022822859       69.137668       3.0454195      0.97504898       7.7283454      0.73267831      0.25935802     0.065118906      0.99834223      0.99968142       1.0016796      0.99530645       1.0045983     0.012243973   2.1018846e-09       0.9522536      0.87449847      0.26133739       0.8162049       13.249562       1025.1525        1467.582      -23.226009       -25.847993          2.6219842       2811.1523                 21.451346                 396.00407                                 597.5968                      10.100286                   13.249562                   1467.582        164.3938        140.77441
              1       1381.8806     0.022822859       69.137668       3.0454195      0.97504898       7.7283454      0.73267831      0.25935802     0.065118906      0.99834223       1.0015243        1.002777      0.99814992       1.0013238     0.012243973   2.1018846e-09       0.9522536      0.87449847      0.26133739       0.8162049       13.249562       1025.1525        1467.582      -23.747481       -26.369465          2.6219842       2811.2561                 21.451346                 396.00407                                 597.5968                      10.100286                   13.249562                   1467.582       165.33524        139.93674
              1       1379.9756     0.022791605       69.229733       3.0453558       0.9756324       7.7312575      0.73361157      0.25871468     0.064820376      0.99935703      0.99986765       1.0033495      0.99732043       1.0063599     0.011564118   2.1017509e-09      0.95244572       0.8746875      0.26045906       0.8150083       13.609826       1020.7005       1467.1306      -23.948381       -26.225106           2.276725        2807.848                 21.293061                 396.02201                                592.95005                      10.435375                   13.609826                  1467.1306       165.00627        141.40089
              1       1379.4378     0.022792995       69.297464        3.047326      0.97517966       7.8242822      0.73295407      0.25172327     0.061856541      0.99919659       1.0003842        1.005784      0.99915129       1.0022174   0.00055121728   2.1058958e-09      0.95253574      0.87774665      0.26123356      0.81907381       13.537407       1019.5858       1466.9397      -24.404236       -26.695662          2.2914265       2807.6841                 21.376053                 396.15753                                591.82291                      10.229307                   13.537407                  1466.9397       166.13045        141.49074
              1       1380.1006     0.022792995       69.297464        3.047326      0.97517966       7.8242822      0.73295407      0.25172327     0.061856541      0.99919659      0.99892837       1.0079089      0.99861931       1.0002249   0.00055121728   2.1058958e-09      0.95253574      0.87774665      0.26123356      0.81907381       13.537407       1019.5858       1466.9397      -24.365258       -26.656684          2.2914265       2808.9317                 21.376053                 396.15753                                591.82291                      10.229307                   13.537407                  1466.9397       167.18088        141.68794
              1       1381.0074     0.022792995       69.297464        3.047326      0.97517966       7.8242822      0.73295407      0.25172327     0.061856541      0.99919659       1.0000083       1.0072811       1.0001326      0.99844254   0.00055121728   2.1058958e-09      0.95253574      0.87774665      0.26123356      0.81907381       13.537407       1019.5858       1466.9397      -24.453428       -26.744854          2.2914265       2810.9216                 21.376053                 396.15753                                591.82291                      10.229307                   13.537407                  1466.9397        167.1749        143.68379
              1       1381.2281     0.022792995       69.297464        3.047326      0.97517966       7.8242822      0.73295407      0.25172327     0.061856541       1.0005638       1.0012097       1.0080286      0.99892394      0.99963598   0.00055121728   2.1058958e-09      0.95253574      0.87774665      0.26123356      0.81907381       13.537407       1018.2047       1466.9397       -24.39175       -26.683176          2.2914265       2811.2398                 21.249081                 396.14481                                590.25743                      10.553411                   13.537407                  1466.9397       170.45593        142.10205
              1       1378.8377     0.022792995       69.297464        3.047326      0.97517966       7.8242822      0.73295407      0.25172327     0.061856541      0.99988749      0.99910653       1.0070177      0.99628703       1.0017636   0.00055121728   2.1058958e-09      0.95253574      0.87774665      0.26123356      0.81907381       13.537407       1018.1071       1466.9397      -24.111749       -26.403176          2.2914265       2805.8989                 21.311166                 396.16452                                590.25155                      10.379835                   13.537407                  1466.9397       166.23244        141.08228
              1       1378.5865     0.022792995       69.297464        3.047326      0.97517966       7.8242822      0.73295407      0.25172327     0.061856541       1.0005029      0.99847121       1.0052286      0.99986762       1.0013735   0.00055121728   2.1058958e-09      0.95253574      0.87774665      0.26123356      0.81907381       13.537407       1018.1307       1466.9397      -24.360089       -26.651516          2.2914265       2805.8932                 21.254599                 396.14481                                590.19458                      10.536728                   13.537407                  1466.9397       165.24147         142.0439
              1       1380.1731     0.022792995       69.297464        3.047326      0.97517966       7.8242822      0.73295407      0.25172327     0.061856541       1.0012739       0.9983325         1.00505      0.99674971      0.99825723   0.00055121728   2.1058958e-09      0.95253574      0.87774665      0.26123356      0.81907381       13.537407       1019.9944       1466.9397        -23.9534       -26.244826          2.2914265        2808.253                 21.185813                 396.14781                                591.89741                      10.763398                   13.537407                  1466.9397       165.30632        142.47522
              1        1381.345     0.022797641       69.224843       3.0477838      0.97513664       7.8759535      0.73194182      0.25254142     0.060374421       1.0007497      0.99663441       1.0057276      0.99665289       1.0023949   0.00014635161   2.1068599e-09      0.95242641      0.87932548      0.26217849      0.82202979       13.213795       1021.1704       1467.3113      -23.472514       -25.813507          2.3409933        2809.635                 21.200404                 396.23764                                593.06722                       10.66515                   13.213795                  1467.3113       166.52562        141.41388
              1       1382.3789     0.022797641       69.224843       3.0477838      0.97513664       7.8759535      0.73194182      0.25254142     0.060374421       1.0006255       1.0008604        1.005816       1.0019462       1.0015381   0.00014635161   2.1068599e-09      0.95242641      0.87932548      0.26217849      0.82202979       13.213795       1020.6982       1467.3113      -24.290138       -26.631131          2.3409933        2813.338                 21.211396                 396.23764                                592.61784                      10.631342                   13.213795                  1467.3113       167.20071        144.91396
              1       1381.4176     0.022797641       69.224843       3.0477838      0.97513664       7.8759535      0.73194182      0.25254142     0.060374421      0.99871457      0.99892255        1.003866       1.0027545       1.0034834   0.00014635161   2.1068599e-09      0.95242641      0.87932548      0.26217849      0.82202979       13.213795        1020.039       1467.3113      -23.979242       -26.320235          2.3409933       2810.7938                 21.387489                 396.26606                                592.16412                      10.221332                   13.213795                  1467.3113        164.0461        146.18356
              1       1378.8892     0.022797641       69.224843       3.0477838      0.97513664       7.8759535      0.73194182      0.25254142     0.060374421      0.99887984      0.99844186       1.0038702      0.99861246       1.0017461   0.00014635161   2.1068599e-09      0.95242641      0.87932548      0.26217849      0.82202979       13.213795        1019.592       1467.3113      -24.167036       -26.508029          2.3409933       2806.1126                 21.371817                  396.2499                                591.72167                      10.248594                   13.213795                  1467.3113        164.1647        141.83078
              1        1378.807     0.022797641       69.224843       3.0477838      0.97513664       7.8759535      0.73194182      0.25254142     0.060374421      0.99998774      0.99826432       1.0037948      0.99779573       1.0036677   0.00014635161   2.1068599e-09      0.95242641      0.87932548      0.26217849      0.82202979       13.213795       1019.1086       1467.3113      -24.063746       -26.404739          2.3409933       2805.7414                  21.26875                 396.25311                                591.11522                      10.471512                   13.213795                  1467.3113       164.27435        141.83336
              1       1386.7507     0.022797641       69.224843       3.0477838      0.97513664       7.8759535      0.73194182      0.25254142     0.060374421      0.99998774      0.99736492      0.99722983      0.99561457      0.99483402   0.00014635161   2.1068599e-09      0.95242641      0.87932548      0.26217849      0.82202979       13.213795       1019.1086       1467.3113      -23.363666       -25.704659          2.3409933       2820.2287                  21.26875                 396.25311                                591.11522                      10.471512                   13.213795                  1467.3113       174.70001        145.89497
              1       1388.3398     0.022747654       68.833361        3.047432      0.97667079       7.6320861       0.7301675      0.26208739     0.080722331       1.0014978       1.0009493      0.99655355       1.0005214       1.0072991     0.019349229    2.106119e-09      0.95198923      0.87445161      0.26367119      0.81979732       13.131249       1023.0878       1468.4885      -24.235765       -26.079582          1.8438167       2825.1512                 21.117352                 395.85923                                595.49029                      10.620918                   13.131249                  1468.4885       178.37476        142.06891
              1       1388.0869     0.022747654       68.833361        3.047432      0.97667079       7.6320861       0.7301675      0.26208739     0.080722331       1.0015027       1.0004813         1.00187      0.99360996       1.0089273     0.019349229    2.106119e-09      0.95198923      0.87445161      0.26367119      0.81979732       13.131249       1023.0724       1468.4885      -23.015891       -24.859708          1.8438167       2822.2056                 21.116945                 395.85923                                595.47407                       10.62218                   13.131249                  1468.4885       169.19725        148.31622
              1       1382.7727     0.022747654       68.833361        3.047432      0.97667079       7.6320861       0.7301675      0.26208739     0.080722331       1.0026701       1.0000388       1.0038137      0.99960947       1.0062371     0.019349229    2.106119e-09      0.95198923      0.87445161      0.26367119      0.81979732       13.131249       1021.7084       1468.4885      -24.033829       -25.877646          1.8438167        2813.613                  21.02201                  395.8554                                593.86785                      10.963162                   13.131249                  1468.4885       168.64061        141.64426
              1       1382.3228     0.022747654       68.833361        3.047432      0.97667079       7.6320861       0.7301675      0.26208739     0.080722331       1.0024256       1.0008611       1.0021893      0.99874704       1.0044906     0.019349229    2.106119e-09      0.95198923      0.87445161      0.26367119      0.81979732       13.131249       1021.6099       1468.4885       -24.23449       -26.078307          1.8438167       2813.1146                 21.041452                 395.85373                                593.82932                      10.885393                   13.131249                  1468.4885       168.29276        141.59219
              1       1382.0733     0.022747654       68.833361        3.047432      0.97667079       7.6320861       0.7301675      0.26208739     0.080722331       1.0024256       1.0022943       1.0036265      0.99889403       1.0061477     0.019349229    2.106119e-09      0.95198923      0.87445161      0.26367119      0.81979732       13.131249       1021.6099       1468.4885      -23.825072       -25.668889          1.8438167       2811.7968                 21.041452                 395.85373                                593.82932                      10.885393                   13.131249                  1468.4885       166.84634        141.72081
              1       1381.9846     0.022747654       68.833361        3.047432      0.97667079       7.6320861       0.7301675      0.26208739     0.080722331       1.0020982       1.0011939        1.005886       0.9996779       1.0059303     0.019349229    2.106119e-09      0.95198923      0.87445161      0.26367119      0.81979732       13.131249       1021.8026       1468.4885      -24.209384         -26.0532          1.8438167       2812.3881                 21.067836                 395.86003                                594.08823                       10.78654                   13.131249                  1468.4885       167.39296        141.57275
              1       1385.0472     0.022747654       68.833361        3.047432      0.97667079       7.6320861       0.7301675      0.26208739     0.080722331       1.0026128       1.0015022       1.0054123       0.9940046       1.0015534     0.019349229    2.106119e-09      0.95198923      0.87445161      0.26367119      0.81979732       13.131249       1021.6557       1468.4885      -23.390235       -25.234052          1.8438167       2816.8748                 21.026546                 395.84345                                593.84106                      10.944643                   13.131249                  1468.4885       167.09258        146.50682
              1       1384.2982     0.022725158        68.62954        3.046985      0.97629136       7.5015856      0.72960275      0.26722372     0.085794989       1.0042353       1.0023569       1.0015017      0.99724183       1.0010834     0.034395637   2.1051778e-09       0.9517514      0.86907827      0.26409944      0.81542121       12.960685       1019.9972        1469.688      -23.230194       -24.876494             1.6463       2815.0568                  21.00944                 395.73101                                591.99252                      11.264185                   12.960685                   1469.688       168.77254        143.63841
              1       1383.6057     0.022725158        68.62954        3.046985      0.97629136       7.5015856      0.72960275      0.26722372     0.085794989       1.0041584        1.003977       1.0014579        1.004245       1.0050294     0.034395637   2.1051778e-09       0.9517514      0.86907827      0.26409944      0.81542121       12.960685       1019.9656        1469.688      -22.225293       -23.871593             1.6463       2811.6621                 21.015436                 395.72999                                 591.9871                      11.233107                   12.960685                   1469.688       167.82695        141.22079
              1       1383.4586     0.022725158        68.62954        3.046985      0.97629136       7.5015856      0.72960275      0.26722372     0.085794989       1.0041584       1.0010777       1.0062827      0.99896174       1.0008534     0.034395637   2.1051778e-09       0.9517514      0.86907827      0.26409944      0.81542121       12.960685       1019.9656        1469.688      -23.692076       -25.338376             1.6463       2814.3014                 21.015436                 395.72999                                 591.9871                      11.233107                   12.960685                   1469.688       168.97447        142.71263
              1       1383.1222     0.022725158        68.62954        3.046985      0.97629136       7.5015856      0.72960275      0.26722372     0.085794989       1.0035838       1.0024625       1.0021386      0.99930962        1.000647     0.034395637   2.1051778e-09       0.9517514      0.86907827      0.26409944      0.81542121       12.960685       1020.3796        1469.688      -23.793443       -25.439743             1.6463       2813.8312                 21.060801                 395.74148                                592.56589                        11.0114                   12.960685                   1469.688        168.0144        142.78857
              1       1383.5879     0.022725158        68.62954        3.046985      0.97629136       7.5015856      0.72960275      0.26722372     0.085794989       1.0037778       1.0023691       1.0016924       1.0010271       1.0000645     0.034395637   2.1051778e-09       0.9517514      0.86907827      0.26409944      0.81542121       12.960685       1020.1095        1469.688      -23.693826       -25.340126             1.6463       2814.5635                  21.04535                 395.73183                                592.24813                      11.084203                   12.960685                   1469.688       168.55305        143.25226
              1       1383.4967     0.022743712       68.568837        3.046819      0.97598665       7.5062814      0.72910425      0.26921884     0.086773474       1.0035194       1.0014098       1.0009703      0.99965282       1.0090297      0.03660313   2.1048282e-09      0.95162647      0.86878685      0.26452912      0.81581063       12.846023       1019.7845         1470.01      -23.136244       -24.944264          1.8080207       2813.2659                 21.078341                 395.74472                                591.89082                       11.07058                   12.846023                    1470.01       169.90932        140.71606
              1       1381.8716     0.022743712       68.568837        3.046819      0.97598665       7.5062814      0.72910425      0.26921884     0.086773474       1.0035194       1.0018366       1.0057911       1.0000396       1.0086956      0.03660313   2.1048282e-09      0.95162647      0.86878685      0.26452912      0.81581063       12.846023       1019.7845         1470.01      -23.118231       -24.926251          1.8080207       2809.9797                 21.078341                 395.74472                                591.89082                       11.07058                   12.846023                    1470.01       166.90239        140.43678
              1       1382.0904     0.022741416       68.565704       3.0469092      0.97608176       7.5026443      0.72906795      0.26910938     0.087069222       1.0031383       1.0040943       1.0044737       1.0016428       1.0046351     0.036666686   2.1050181e-09      0.95162693      0.86880965      0.26456626      0.81588929       12.850157       1020.6578       1470.0216       -23.04308       -24.830481          1.7874004       2810.2669                   21.1056                 395.74472                                592.90367                      10.903828                   12.850157                  1470.0216       166.71526        140.02205
              1       1383.4666     0.022741416       68.565704       3.0469092      0.97608176       7.5026443      0.72906795      0.26910938     0.087069222       1.0028583       1.0048741       1.0024342       1.0005624       1.0023569     0.036666686   2.1050181e-09      0.95162693      0.86880965      0.26456626      0.81588929       12.850157       1021.4562       1470.0216      -22.998654       -24.786055          1.7874004       2812.9304                 21.128744                 395.74203                                593.77816                      10.807263                   12.850157                  1470.0216       167.61922        140.98326
              1       1382.4457     0.022756348       68.671076       3.0479052      0.97605009       7.5167577      0.72946755      0.26377164     0.085328882       1.0043057       1.0049459        1.004201      0.99893859       1.0050881     0.031293905   2.1071159e-09      0.95174361      0.86950567       0.2643096      0.81614676       12.953636       1019.1389       1469.4638      -21.780362         -23.7049          1.9245375       2808.4521                 21.055606                 395.73241                                591.33907                      11.011769                   12.953636                  1469.4638       166.54312        140.35277
              1       1381.7159     0.022756348       68.671076       3.0479052      0.97605009       7.5167577      0.72946755      0.26377164     0.085328882       1.0037743       1.0040218        1.006343        1.002015       1.0053819     0.031293905   2.1071159e-09      0.95174361      0.86950567       0.2643096      0.81614676       12.953636       1019.4471       1469.4638      -22.482438       -24.406976          1.9245375       2808.3967                 21.098852                   395.742                                591.78391                      10.822311                   12.953636                  1469.4638       166.70341        139.82878
              1       1386.6849     0.022756348       68.671076       3.0479052      0.97605009       7.5167577      0.72946755      0.26377164     0.085328882        1.004683       1.0059453       1.0044451       1.0050932       1.0018925     0.031293905   2.1071159e-09      0.95174361      0.86950567       0.2643096      0.81614676       12.953636       1019.5058       1469.4638      -20.499905       -22.424442          1.9245375       2814.3697                 21.025598                 395.73472                                591.58964                      11.155842                   12.953636                  1469.4638       168.61501        143.83148
              1       1383.6635     0.022756348       68.671076       3.0479052      0.97605009       7.5167577      0.72946755      0.26377164     0.085328882        1.004683       1.0038468       1.0040316       1.0047368       1.0091554     0.031293905   2.1071159e-09      0.95174361      0.86950567       0.2643096      0.81614676       12.953636       1019.5058       1469.4638      -20.969314       -22.893851          1.9245375       2809.2657                 21.025598                 395.73472                                591.58964                      11.155842                   12.953636                  1469.4638       165.49905        141.84344
              1       1384.0748     0.022762212        68.70113        3.046801      0.97662945       7.4765735      0.72986129       0.2657111     0.084907421       1.0041186       1.0027402       1.0027046       1.0046828       1.0090633     0.033508256   2.1047905e-09      0.95177339      0.86921811      0.26388936      0.81522799       13.022721       1020.4175       1469.2157      -21.744367       -23.724723          1.9803563       2811.6383                 20.995168                 395.74082                                592.44625                      11.235254                   13.022721                  1469.2157       166.58601        142.39636
              1        1382.763     0.022762212        68.70113        3.046801      0.97662945       7.4765735      0.72986129       0.2657111     0.084907421       1.0041186       1.0041371       1.0020497        1.002392       1.0052994     0.033508256   2.1047905e-09      0.95177339      0.86921811      0.26388936      0.81522799       13.022721       1020.4175       1469.2157      -22.124025       -24.104381          1.9803563        2809.774                 20.995168                 395.74082                                592.44625                      11.235254                   13.022721                  1469.2157       166.55864        140.55945
              1       1383.7242     0.022762212        68.70113        3.046801      0.97662945       7.4765735      0.72986129       0.2657111     0.084907421       1.0041186       1.0041371       1.0020497       1.0024845       1.0094755     0.033508256   2.1047905e-09      0.95177339      0.86921811      0.26388936      0.81522799       13.022721       1020.4175       1469.2157      -21.529122       -23.509478          1.9803563       2810.5066                 20.995168                 395.74082                                592.44625                      11.235254                   13.022721                  1469.2157       166.55864        141.29202
              1       1380.9057     0.022729262       68.564722       3.0475052      0.97472249       7.5845116      0.72815936      0.26657332     0.077896672       1.0024194       1.0029324       1.0059237      0.99866106       1.0068051     0.037242129   2.1062732e-09       0.9516514      0.87029079      0.26549012      0.81870595       12.669663       1018.8288       1470.4331      -23.710206       -25.391312          1.6811061       2809.2319                 21.270242                 395.80448                                591.10251                       10.65153                   12.669663                  1470.4331       167.26482        140.03551
              1       1382.4068     0.022729262       68.564722       3.0475052      0.97472249       7.5845116      0.72815936      0.26657332     0.077896672        1.003449       1.0025876       1.0089621      0.99948777       1.0036982     0.037242129   2.1062732e-09       0.9516514      0.87029079      0.26549012      0.81870595       12.669663       1018.7583       1470.4331      -23.679255       -25.360361          1.6811061       2812.1722                 21.180807                 395.78595                                590.80074                      10.990777                   12.669663                  1470.4331       170.58846        139.72263
              1       1380.8234     0.022729262       68.564722       3.0475052      0.97472249       7.5845116      0.72815936      0.26657332     0.077896672       1.0021444       1.0003685       1.0065983       1.0020482       1.0038054     0.037242129   2.1062732e-09       0.9516514      0.87029079      0.26549012      0.81870595       12.669663        1019.454       1470.4331      -24.522317       -26.203423          1.6811061       2810.6915                 21.294765                 395.80924                                591.77906                      10.570978                   12.669663                  1470.4331       167.66211        140.47255
              1       1380.3244     0.022729262       68.564722       3.0475052      0.97472249       7.5845116      0.72815936      0.26657332     0.077896672       1.0026409       1.0011732       1.0037243      0.99821778       1.0007394     0.037242129   2.1062732e-09       0.9516514      0.87029079      0.26549012      0.81870595       12.669663       1018.5103       1470.4331      -24.420384        -26.10149          1.6811061       2809.4896                 21.250691                 395.79935                                590.74077                        10.7195                   12.669663                  1470.4331       166.44423         141.4323
              1        1380.005     0.022729262       68.564722       3.0475052      0.97472249       7.5845116      0.72815936      0.26657332     0.077896672       1.0026306       1.0015187       1.0062705       1.0001184       1.0064591     0.037242129   2.1062732e-09       0.9516514      0.87029079      0.26549012      0.81870595       12.669663       1018.5212       1470.4331      -24.061977       -25.743083          1.6811061       2808.1339                 21.251597                 395.79935                                590.75398                      10.716277                   12.669663                  1470.4331       166.72887        139.78101
              1       1380.8716     0.022729262       68.564722       3.0475052      0.97472249       7.5845116      0.72815936      0.26657332     0.077896672       1.0028361       1.0032872       1.0019902       1.0016311        1.002479     0.037242129   2.1062732e-09       0.9516514      0.87029079      0.26549012      0.81870595       12.669663       1018.3648       1470.4331      -23.770855       -25.451961          1.6811061       2809.2849                 21.233617                 395.79233                                590.55718                       10.78166                   12.669663                  1470.4331        167.0916        140.72572
              1       1379.8502     0.022729262       68.564722       3.0475052      0.97472249       7.5845116      0.72815936      0.26657332     0.077896672       1.0028361       1.0011033       1.0054956       1.0005809       1.0021434     0.037242129   2.1062732e-09       0.9516514      0.87029079      0.26549012      0.81870595       12.669663       1018.3648       1470.4331      -24.375844        -26.05695          1.6811061        2808.452                 21.233617                 395.79233                                590.55718                       10.78166                   12.669663                  1470.4331       166.51889        140.46555
              1       1382.6822     0.022729262       68.564722       3.0475052      0.97472249       7.5845116      0.72815936      0.26657332     0.077896672       1.0026437       1.0007019       1.0037206      0.99484575       1.0075625     0.037242129   2.1062732e-09       0.9516514      0.87029079      0.26549012      0.81870595       12.669663       1018.5074       1470.4331      -23.352329       -25.033435          1.6811061        2812.069                 21.250448                 395.79935                                590.73728                      10.720368                   12.669663                  1470.4331       166.97668        143.48207
              1       1382.4348     0.022680559       68.812423       3.0512338      0.97527384       7.6633398      0.72807978      0.24916691     0.070197604       1.0031516       1.0007494       1.0077255       1.0008556       1.0002556     0.013666917   2.1141414e-09       0.9521017      0.87708925      0.26596467      0.82583853       12.787586        1019.662       1469.3781      -24.671774       -25.975286          1.3035122       2814.2131                 21.265049                 395.87719                                 592.2507                      10.269032                   12.787586                  1469.3781       168.93069        143.45483
              1       1383.7086     0.022680559       68.812423       3.0512338      0.97527384       7.6633398      0.72807978      0.24916691     0.070197604       1.0032855        1.000793        1.005692       1.0060235       1.0022873     0.013666917   2.1141414e-09       0.9521017      0.87708925      0.26596467      0.82583853       12.787586       1019.3254       1469.3781      -23.668552       -24.972064          1.3035122       2814.7543                 21.253075                 395.87719                                591.90849                      10.286595                   12.787586                  1469.3781        167.9256        145.33768
              1       1380.8323     0.022680559       68.812423       3.0512338      0.97527384       7.6633398      0.72807978      0.24916691     0.070197604       1.0032855       1.0025082        1.003989        1.003877       1.0035066     0.013666917   2.1141414e-09       0.9521017      0.87708925      0.26596467      0.82583853       12.787586       1019.3254       1469.3781      -23.814197       -25.117709          1.3035122        2809.293                 21.253075                 395.87719                                591.90849                      10.286595                   12.787586                  1469.3781       165.65375        142.14822
              1       1380.7361     0.022680559       68.812423       3.0512338      0.97527384       7.6633398      0.72807978      0.24916691     0.070197604       1.0032855       1.0022789       1.0045669       1.0036476       1.0033177     0.013666917   2.1141414e-09       0.9521017      0.87708925      0.26596467      0.82583853       12.787586       1019.3254       1469.3781      -23.930193       -25.233705          1.3035122       2809.3326                 21.253075                 395.87719                                591.90849                      10.286595                   12.787586                  1469.3781       165.76976        142.07188
              1       1383.3193     0.022652121       68.848818       3.0514018      0.97454762        7.731543      0.72807551      0.24757475     0.066256477       1.0034996       1.0001871       1.0069536       1.0054855       1.0042399     0.010731862   2.1144965e-09      0.95221232      0.87837935        0.266003      0.82711283       12.781482       1018.4063       1469.3594      -23.802593       -24.921778          1.1191848       2814.2438                 21.275829                 396.02062                                590.73049                      10.379417                   12.781482                  1469.3594       169.26933        144.42722
              1       1384.3193     0.022653145       68.982241       3.0534587      0.97397304       7.8392644      0.72833917      0.23974348     0.060512951       1.0049319       1.0001991       1.0069818      0.99716855       1.0087322   0.00098454201   2.1188503e-09      0.95239485      0.88016653      0.26592733      0.82867782       12.815401        1022.016       1468.9833      -22.826243       -23.951595          1.1253518        2814.291                 21.236683                 396.16597                                594.18776                      10.425567                   12.815401                  1468.9833       168.31526        142.16113
              1       1384.3765     0.022653145       68.982241       3.0534587      0.97397304       7.8392644      0.72833917      0.23974348     0.060512951       1.0049319       1.0014562       1.0083731      0.99702251       1.0078427   0.00098454201   2.1188503e-09      0.95239485      0.88016653      0.26592733      0.82867782       12.815401        1022.016       1468.9833      -22.829075       -23.954427          1.1253518       2814.4112                 21.236683                 396.16597                                594.18776                      10.425567                   12.815401                  1468.9833       168.86119        141.73532
              1       1380.7583     0.022653145       68.982241       3.0534587      0.97397304       7.8392644      0.72833917      0.23974348     0.060512951       1.0033578      0.99931458       1.0085845       1.0017192       1.0033473   0.00098454201   2.1188503e-09      0.95239485      0.88016653      0.26592733      0.82867782       12.815401       1017.0029       1468.9833       -24.58712       -25.712472          1.1253518       2810.6909                 21.383092                 396.16495                                589.24951                      10.205337                   12.815401                  1468.9833       171.00853        140.88077
              1       1382.3978     0.022653145       68.982241       3.0534587      0.97397304       7.8392644      0.72833917      0.23974348     0.060512951       1.0039657       1.0002555       1.0084263       1.0025325      0.99965375   0.00098454201   2.1188503e-09      0.95239485      0.88016653      0.26592733      0.82867782       12.815401       1017.9658       1468.9833      -24.272547       -25.397898          1.1253518       2813.3408                 21.325737                 396.17373                                590.19239                      10.273914                   12.815401                  1468.9833       169.45424         144.1221
              1       1384.0714     0.022653259       68.702173       3.0534284      0.97177775       7.9213723      0.72589956       0.2456211     0.058473598       1.0026018       1.0016756       1.0079108      0.99250445      0.99912412     0.010594661    2.118786e-09      0.95200569      0.87996162      0.26812958      0.83190832       12.609424       1016.9848       1470.7355      -23.595631       -24.721676          1.1260451        2815.334                 21.638658                 396.38659                                588.77167                      10.187923                   12.609424                  1470.7355       170.22882        144.77542
              1       1380.2783     0.022653259       68.702173       3.0534284      0.97177775       7.9213723      0.72589956       0.2456211     0.058473598       1.0018433       1.0016048       1.0081507      0.99570871       1.0041037     0.010594661    2.118786e-09      0.95200569      0.87996162      0.26812958      0.83190832       12.609424        1016.095       1470.7355      -24.662903       -25.788948          1.1260451       2809.8825                 21.718281                 396.40188                                587.82361                       10.15126                   12.609424                  1470.7355       170.45596        139.98656
              1       1380.4908     0.022655171       68.723876       3.0535567      0.97177599       7.9328687      0.72597878      0.24473261     0.057486192       1.0022266       1.0033067        1.002094      0.99648199       1.0045185    0.0091499256   2.1190578e-09      0.95203195      0.88028767      0.26807455      0.83213117       12.609474       1016.4495       1470.6591      -24.178044       -25.315707          1.1376627       2809.3378                 21.676538                 396.42009                                588.19088                      10.162009                   12.609474                  1470.6591       170.01277        139.60693
              1       1381.6837      0.02265916       68.718958       3.0534611       0.9718293       7.9285046      0.72597069      0.24513415     0.057794726       1.0017151       1.0025576      0.99787236      0.99688836      0.99964186    0.0098314844   2.1188553e-09      0.95201664      0.88012944      0.26807313      0.83197938       12.609244       1016.2848       1470.6646      -24.817503       -25.979806          1.1623028       2813.0023                 21.719544                 396.42705                                587.99394                      10.144225                   12.609244                  1470.6646       172.80707        140.63669
              1       1378.3968      0.02265916       68.718958       3.0534611       0.9718293       7.9285046      0.72597069      0.24513415     0.057794726       1.0017151       1.0016077       1.0058397       1.0003268       1.0032762    0.0098314844   2.1188553e-09      0.95201664      0.88012944      0.26807313      0.83197938       12.609244       1016.2848       1470.6646      -25.174476       -26.336779          1.1623028       2807.1425                 21.719544                 396.42705                                587.99394                      10.144225                   12.609244                  1470.6646       167.72357         139.8604
              1       1379.7558      0.02265916       68.718958       3.0534611       0.9718293       7.9285046      0.72597069      0.24513415     0.057794726       1.0015513       1.0012035       1.0035208      0.99885553       1.0094269    0.0098314844   2.1188553e-09      0.95201664      0.88012944      0.26807313      0.83197938       12.609244       1016.3714       1470.6646      -24.511396       -25.673699          1.1623028       2808.5343                 21.736994                 396.42705                                588.06562                      10.141706                   12.609244                  1470.6646       166.45865        142.43051
              1       1380.1294      0.02265916       68.718958       3.0534611       0.9718293       7.9285046      0.72597069      0.24513415     0.057794726       1.0018267       1.0025002       1.0056128       1.0015694       1.0051211    0.0098314844   2.1188553e-09      0.95201664      0.88012944      0.26807313      0.83197938       12.609244       1016.2777       1470.6646      -24.734158       -25.896461          1.1623028       2809.7271                 21.707697                 396.42705                                587.99611                      10.146815                   12.609244                  1470.6646       169.22449        140.95113
              1       1378.3694     0.022670098       68.755413       3.0533292      0.97157549       7.9443418      0.72639273      0.24515362     0.056343351        1.001649       0.9993077       1.0011209      0.99892614       1.0030514     0.010707793   2.1185758e-09      0.95204437      0.87955793      0.26767035      0.83081428       12.607122       1016.1719       1470.5258      -25.226457       -26.459041          1.2325835       2807.1918                 21.750152                 396.44236                                587.89166                       10.08772                   12.607122                  1470.5258        168.7491        139.13783
              1       1378.0388     0.022670098       68.755413       3.0533292      0.97157549       7.9443418      0.72639273      0.24515362     0.056343351       1.0009324       1.0005229       1.0013263      0.99881036       1.0029943     0.010707793   2.1185758e-09      0.95204437      0.87955793      0.26767035      0.83081428       12.607122       1016.9631       1470.5258      -25.382632       -26.615216          1.2325835       2806.8429                 21.827761                 396.48349                                588.57689                      10.074982                   12.607122                  1470.5258       167.63966        139.10712
              1       1380.0375     0.022670098       68.755413       3.0533292      0.97157549       7.9443418      0.72639273      0.24515362     0.056343351       1.0014305      0.99893235       1.0084081       1.0023487       1.0035833     0.010707793   2.1185758e-09      0.95204437      0.87955793      0.26767035      0.83081428       12.607122        1016.231       1470.5258      -25.101984       -26.334568          1.2325835        2810.279                 21.773657                 396.45707                                587.91953                      10.080735                   12.607122                  1470.5258       169.25279        141.66228
              1       1377.8096     0.022670098       68.755413       3.0533292      0.97157549       7.9443418      0.72639273      0.24515362     0.056343351       1.0009497       1.0003012       1.0043166      0.99813566      0.99991278     0.010707793   2.1185758e-09      0.95204437      0.87955793      0.26767035      0.83081428       12.607122       1016.9245       1470.5258      -25.423824       -26.656408          1.2325835       2806.4668                 21.825868                 396.48349                                588.54019                      10.074944                   12.607122                  1470.5258       166.41803        139.99135
              1       1379.2329     0.022670098       68.755413       3.0533292      0.97157549       7.9443418      0.72639273      0.24515362     0.056343351       1.0009497      0.99965786       1.0014083      0.99808174      0.99836438     0.010707793   2.1185758e-09      0.95204437      0.87955793      0.26767035      0.83081428       12.607122       1016.9245       1470.5258      -25.392066       -26.624649          1.2325835       2809.2499                 21.825868                 396.48349                                588.54019                      10.074944                   12.607122                  1470.5258       168.02457        141.16788
              1       1379.6086     0.022670098       68.755413       3.0533292      0.97157549       7.9443418      0.72639273      0.24515362     0.056343351       1.0009497       1.0011408      0.99993978      0.99741492        1.006167     0.010707793   2.1185758e-09      0.95204437      0.87955793      0.26767035      0.83081428       12.607122       1016.9245       1470.5258      -24.917304       -26.149888          1.2325835       2809.0518                 21.825868                 396.48349                                588.54019                      10.074944                   12.607122                  1470.5258       169.18269        139.81163
              1       1379.1683     0.022670098       68.755413       3.0533292      0.97157549       7.9443418      0.72639273      0.24515362     0.056343351        1.001485       1.0012707       1.0058335      0.99483209       1.0038384     0.010707793   2.1185758e-09      0.95204437      0.87955793      0.26767035      0.83081428       12.607122       1016.2048       1470.5258      -24.519411       -25.751995          1.2325835       2807.3754                  21.76778                 396.45707                                587.89773                      10.082224                   12.607122                  1470.5258       167.85023        140.18745
              1       1379.4504     0.022632026       68.702557       3.0528537      0.97039552       7.9508511       0.7264269      0.24771809     0.055661576       1.0015657       1.0010386       1.0058303      0.99698308       1.0043371     0.018306128   2.1175688e-09      0.95205121      0.87749546      0.26757884      0.82872441       12.613701        1015.543       1470.9355       -25.15495       -26.160138          1.0051885       2809.2107                 21.908185                 396.47584                                587.12615                      10.032807                   12.613701                  1470.9355       171.33389         138.7847
              1       1379.6249     0.022632026       68.702557       3.0528537      0.97039552       7.9508511       0.7264269      0.24771809     0.055661576       1.0005653       1.0007603       1.0052114       0.9982861       1.0048081     0.018306128   2.1175688e-09      0.95205121      0.87749546      0.26757884      0.82872441       12.613701       1017.0128       1470.9355      -25.465465       -26.470653          1.0051885       2810.1806                 22.021818                 396.47129                                588.53804                      9.9817003                   12.613701                  1470.9355       170.56245        139.05617
              1       1380.7665     0.022631872       68.584466       3.0527431       0.9700513       7.9193366      0.72585137      0.25084067     0.060357882       1.0005059        0.999117       1.0056504      0.99652447       1.0002237     0.021824407   2.1173346e-09      0.95188628      0.87626719      0.26805577      0.82830161       12.616324       1018.5504       1471.4523      -25.451657       -26.456029          1.0043715       2812.4363                 22.092689                 396.41715                                590.09937                      9.9412048                   12.616324                  1471.4523       170.66528        139.15196
              1       1380.8262     0.022631872       68.584466       3.0527431       0.9700513       7.9193366      0.72585137      0.25084067     0.060357882       1.0004684      0.99972282       1.0049241      0.99874538        1.005933     0.021824407   2.1173346e-09      0.95188628      0.87626719      0.26805577      0.82830161       12.616324       1018.7164       1471.4523      -25.421643       -26.426014          1.0043715       2812.4958                 22.097075                 396.41715                                590.26159                      9.9405984                   12.616324                  1471.4523       170.41187        139.29884
              1       1381.4321     0.022631872       68.584466       3.0527431       0.9700513       7.9193366      0.72585137      0.25084067     0.060357882       1.0004025      0.99937905       1.0077938      0.99954102        1.003898     0.021824407   2.1173346e-09      0.95188628      0.87626719      0.26805577      0.82830161       12.616324       1019.0195       1471.4523       -25.63216       -26.636531          1.0043715       2814.1286                 22.104788                 396.41715                                590.55785                      9.9397291                   12.616324                  1471.4523        172.0197        139.02069
              1       1382.9533      0.02267976       68.455959       3.0512672      0.96964678       7.9442921      0.72511899      0.25856589     0.060389743      0.99869752      0.99720024       1.0038121      0.99846386      0.99824747     0.029090413   2.1142118e-09      0.95160328      0.87552407      0.26857181      0.82839539       12.729472       1020.9248       1472.1449      -24.863136       -26.161101          1.2979649       2815.6328                 22.217126                  396.5164                                592.25769                      9.9336114                   12.729472                  1472.1449       169.51062        140.32297
              1       1380.8273     0.022647693       68.498347       3.0516283      0.96956083       7.9617902      0.72508825      0.25635326     0.057866342      0.99970397       0.9965169       1.0058513      0.99474115       1.0000941     0.024116346   2.1149755e-09       0.9517315      0.87759091      0.26864982      0.83047156       12.725635       1016.1678       1471.9813      -24.359982       -25.452888          1.0929058       2810.3746                 22.119396                 396.54711                                587.45674                      10.044564                   12.725635                  1471.9813         170.412        139.08789
              1       1379.6082     0.022647693       68.498347       3.0516283      0.96956083       7.9617902      0.72508825      0.25635326     0.057866342      0.99979862      0.99818806       1.0040599      0.99757939      0.99793095     0.024116346   2.1149755e-09       0.9517315      0.87759091      0.26864982      0.83047156       12.725635       1015.9891       1471.9813      -25.355514       -26.448419          1.0929058       2809.9274                 22.108296                 396.54711                                587.28587                      10.047813                   12.725635                  1471.9813       168.87656        140.35483
              1       1379.4685     0.022736021       68.484167       3.0517073      0.96880681       7.9923082      0.72454604      0.25689242     0.058954719      0.99962295      0.99675929       1.0035218      0.99802782       1.0033109     0.026485777   2.1151425e-09      0.95152318      0.87677139      0.26915881      0.83048166       12.801841         1015.84       1471.9205      -24.285251       -26.024878          1.7396273       2807.5076                 22.210724                 396.62841                                586.99535                      10.005489                   12.801841                  1471.9205       166.26492        140.68033
              1        1383.396     0.022736021       68.484167       3.0517073      0.96880681       7.9923082      0.72454604      0.25689242     0.058954719      0.99962295      0.99864655       0.9959612       0.9969493       1.0011921     0.026485777   2.1151425e-09      0.95152318      0.87677139      0.26915881      0.83048166       12.801841         1015.84       1471.9205      -24.722845       -26.462473          1.7396273       2816.2377                 22.210724                 396.62841                                586.99535                      10.005489                   12.801841                  1471.9205       176.18317        139.49228
              1       1384.5022     0.022736021       68.484167       3.0517073      0.96880681       7.9923082      0.72454604      0.25689242     0.058954719       1.0001267       1.0004074      0.99742534       0.9926175      0.99708399     0.026485777   2.1151425e-09      0.95152318      0.87677139      0.26915881      0.83048166       12.801841       1016.6425       1471.9205      -23.637591       -25.377219          1.7396273       2816.2796                 22.150659                 396.63037                                587.81923                      10.042232                   12.801841                  1471.9205       173.89221        141.02257
              1       1380.4466     0.022736021       68.484167       3.0517073      0.96880681       7.9923082      0.72454604      0.25689242     0.058954719      0.99954255      0.99643124       1.0046828      0.99359517      0.99709993     0.026485777   2.1151425e-09      0.95152318      0.87677139      0.26915881      0.83048166       12.801841       1015.7917       1471.9205      -23.258987       -24.998614          1.7396273       2807.4112                 22.220384                 396.62841                                 586.9419                      10.000962                   12.801841                  1471.9205       166.39905         140.4982
              1       1378.8299     0.022736021       68.484167       3.0517073      0.96880681       7.9923082      0.72454604      0.25689242     0.058954719      0.99954255       0.9975372       1.0043155      0.99706296      0.99785356     0.026485777   2.1151425e-09      0.95152318      0.87677139      0.26915881      0.83048166       12.801841       1015.7917       1471.9205      -24.469018       -26.208645          1.7396273       2806.5979                 22.220384                 396.62841                                 586.9419                      10.000962                   12.801841                  1471.9205       165.81003         140.2739
              1       1380.2695     0.022736021       68.484167       3.0517073      0.96880681       7.9923082      0.72454604      0.25689242     0.058954719      0.99962648      0.99726513       1.0047618      0.99889552      0.99599635     0.026485777   2.1151425e-09      0.95152318      0.87677139      0.26915881      0.83048166       12.801841       1015.8426       1471.9205      -24.471669       -26.211296          1.7396273       2809.4824                 22.210301                 396.62841                                586.99819                      10.005697                   12.801841                  1471.9205       165.89613        143.02133
              1       1380.1596     0.022755074       68.484833       3.0513788      0.96886966       7.9806119      0.72473682      0.25784468     0.059282706      0.99966748      0.99952677       1.0033057      0.99972348       1.0004156     0.027571719   2.1144478e-09       0.9514835      0.87610742      0.26895537      0.82953907       12.798179       1016.5656       1471.8942      -24.882506       -26.795063          1.9125564       2810.0842                 22.187442                 396.63103                                  587.768                      9.9790971                   12.798179                  1471.8942       167.28183        141.54451
              1       1378.6844     0.022615371       68.797473        3.052465      0.97098441       7.9833551      0.72679131      0.24771178     0.050542652       1.0010327       1.0004132       1.0051079       0.9977802       1.0016999    0.0095117368   2.1167458e-09      0.95221861      0.88167751      0.26722217      0.83211889       12.629269       1016.0445       1470.4899      -25.654535       -26.575529         0.92099393       2808.6779                  21.81735                 396.55246                                587.47226                      10.202447                   12.629269                  1470.4899       169.79976         139.7144
              1       1379.4427     0.022615371       68.797473        3.052465      0.97098441       7.9833551      0.72679131      0.24771178     0.050542652      0.99963669      0.99985537        1.003349      0.99602827       1.0036342    0.0095117368   2.1167458e-09      0.95221861      0.88167751      0.26722217      0.83211889       12.629269       1017.7578       1470.4899      -25.370986        -26.29198         0.92099393       2809.6273                 21.973069                  396.5556                                589.03654                      10.192596                   12.629269                  1470.4899       168.99117        139.75911
              1       1380.0784     0.022615371       68.797473        3.052465      0.97098441       7.9833551      0.72679131      0.24771178     0.050542652      0.99963669      0.99862975       1.0050226       1.0003552      0.99945555    0.0095117368   2.1167458e-09      0.95221861      0.88167751      0.26722217      0.83211889       12.629269       1017.7578       1470.4899      -25.778083       -26.699077         0.92099393       2811.7129                 21.973069                  396.5556                                589.03654                      10.192596                   12.629269                  1470.4899       168.65579        142.18011
              1       1383.6927     0.022658301       68.722941       3.0526521      0.97082708       8.0461541      0.72544193      0.24914994     0.048581428      0.99874026      0.99777449       1.0069242      0.99965696      0.99315562    0.0069161426   2.1171419e-09      0.95202402      0.88423717      0.26847472      0.83648824       12.715663       1017.8448       1470.8918      -24.814722       -25.971676          1.1569541       2817.0148                 22.008645                 396.72551                                588.70125                      10.409394                   12.715663                  1470.8918       167.01491        148.54764
              1       1383.0753     0.022731374       69.017556       3.0516769      0.97083466       8.1267971      0.72770592      0.24744661      0.04209014      0.99832161      0.99440582       1.0079212      0.99370504      0.99724212    0.0067235679   2.1150783e-09      0.95227933      0.88378937      0.26635419      0.83275628       12.645159       1017.7823       1469.4126      -22.101938       -23.801169          1.6992312       2810.3545                 21.962705                 396.95643                                 588.6255                      10.237631                   12.645159                  1469.4126       168.66359        141.85086
              1       1380.5005     0.022731374       69.017556       3.0516769      0.97083466       8.1267971      0.72770592      0.24744661      0.04209014      0.99794096      0.99608733       1.0051383      0.99430688      0.99672212    0.0067235679   2.1150783e-09      0.95227933      0.88378937      0.26635419      0.83275628       12.645159       1017.4155       1469.4126      -23.025477       -24.724708          1.6992312        2807.052                 22.006396                  396.9579                                588.21727                      10.233951                   12.645159                  1469.4126       165.52299        142.05574
              1       1385.4003     0.022731374       69.017556       3.0516769      0.97083466       8.1267971      0.72770592      0.24744661      0.04209014      0.99824649      0.99472361       1.0066347      0.98982099       1.0025098    0.0067235679   2.1150783e-09      0.95227933      0.88378937      0.26635419      0.83275628       12.645159       1017.6706       1469.4126      -20.698655       -22.397886          1.6992312       2812.1979                 21.971295                 396.95643                                588.50667                      10.236249                   12.645159                  1469.4126       167.25046        145.21906
              1       1381.6465     0.022731374       69.017556       3.0516769      0.97083466       8.1267971      0.72770592      0.24744661      0.04209014      0.99824649      0.99693207       1.0080444      0.99431396      0.99671804    0.0067235679   2.1150783e-09      0.95227933      0.88378937      0.26635419      0.83275628       12.645159       1017.6706       1469.4126      -23.448009        -25.14724          1.6992312       2810.1891                 21.971295                 396.95643                                588.50667                      10.236249                   12.645159                  1469.4126       168.40257        142.05804
              1       1382.5045     0.022731374       69.017556       3.0516769      0.97083466       8.1267971      0.72770592      0.24744661      0.04209014        0.997867      0.99689665       1.0081644      0.99773595      0.99522754    0.0067235679   2.1150783e-09      0.95227933      0.88378937      0.26635419      0.83275628       12.645159       1017.4126       1469.4126       -23.87903       -25.578261          1.6992312       2812.7671                 22.014932                 396.96938                                588.19408                      10.234198                   12.645159                  1469.4126       168.53647        144.76027
              1       1380.8575     0.022731374       69.017556       3.0516769      0.97083466       8.1267971      0.72770592      0.24744661      0.04209014        0.997867      0.99831216       1.0026521      0.99287078        1.001617    0.0067235679   2.1150783e-09      0.95227933      0.88378937      0.26635419      0.83275628       12.645159       1017.4126       1469.4126      -23.313119        -25.01235          1.6992312       2808.3412                 22.014932                 396.96938                                588.19408                      10.234198                   12.645159                  1469.4126       166.72673         142.1441
              1       1383.2324     0.022731374       69.017556       3.0516769      0.97083466       8.1267971      0.72770592      0.24744661      0.04209014       0.9973323      0.99586752       1.0080177      0.99352017      0.99482993    0.0067235679   2.1150783e-09      0.95227933      0.88378937      0.26635419      0.83275628       12.645159       1017.8608       1469.4126      -22.308337       -24.007568          1.6992312       2811.0816                 22.077119                 396.96701                                 588.5713                      10.245338                   12.645159                  1469.4126       167.76019         143.4028
              1       1381.0958     0.022731374       69.017556       3.0516769      0.97083466       8.1267971      0.72770592      0.24744661      0.04209014      0.99716024      0.99746956       1.0040584      0.99914644      0.99921934    0.0067235679   2.1150783e-09      0.95227933      0.88378937      0.26635419      0.83275628       12.645159       1018.2135       1469.4126      -24.095943       -25.795175          1.6992312       2810.3835                 22.097325                 396.96701                                588.89677                      10.252424                   12.645159                  1469.4126       165.73398        144.37825
              1       1380.0236     0.022731374       69.017556       3.0516769      0.97083466       8.1267971      0.72770592      0.24744661      0.04209014      0.99784897      0.99735138       1.0050161      0.99808587      0.99977838    0.0067235679   2.1150783e-09      0.95227933      0.88378937      0.26635419      0.83275628       12.645159       1017.4119       1469.4126      -24.269426       -25.968657          1.6992312       2808.5861                 22.017016                 396.96938                                 588.1912                      10.234306                   12.645159                  1469.4126       165.94377        143.17265
              1        1380.997     0.022731374       69.017556       3.0516769      0.97083466       8.1267971      0.72770592      0.24744661      0.04209014      0.99823047      0.99627805       1.0002498      0.99622615      0.99905079    0.0067235679   2.1150783e-09      0.95227933      0.88378937      0.26635419      0.83275628       12.645159        1017.639       1469.4126      -23.738798        -25.43803          1.6992312       2809.4716                 21.973129                 396.94615                                588.48376                      10.235995                   12.645159                  1469.4126       167.92754         141.8472
              1       1382.5686     0.022731374       69.017556       3.0516769      0.97083466       8.1267971      0.72770592      0.24744661      0.04209014      0.99724189      0.99843886      0.99868224      0.99642235        1.002867    0.0067235679   2.1150783e-09      0.95227933      0.88378937      0.26635419      0.83275628       12.645159       1018.0335       1469.4126      -23.981467       -25.680698          1.6992312       2813.1001                 22.087724                 396.96701                                 588.7299                      10.248848                   12.645159                  1469.4126       170.12141        142.88739
              1       1380.8319     0.022733694       69.017306       3.0517205      0.97091785       8.1256317      0.72768726      0.24740302     0.042250583      0.99703601      0.99733481       1.0014343      0.99610148       1.0008932    0.0066897688   2.1151705e-09      0.95227411      0.88382137      0.26637316      0.83281608       12.644745       1018.7044       1469.4009       -23.61863       -25.337947          1.7193167       2808.9011                 22.101897                 396.96701                                589.36983                       10.26568                   12.644745                  1469.4009       166.22298        141.92816
              1       1379.3305     0.022752514       68.983896       3.0517455      0.97132329       8.0807764      0.72745691      0.24770202     0.044907025      0.99793306      0.99676909       1.0039881      0.99651042       1.0017741    0.0080587018   2.1152234e-09      0.95218833      0.88315609      0.26658842      0.83252538       12.637507       1017.8905       1469.4282      -23.677745       -25.566379          1.8886339       2806.0165                 21.974702                 396.85144                                588.82932                      10.235003                   12.637507                  1469.4282       164.16309         141.8972
              1       1381.1188     0.022752514       68.983896       3.0517455      0.97132329       8.0807764      0.72745691      0.24770202     0.044907025      0.99909634      0.99738682       1.0055994       0.9934446       1.0042086    0.0080587018   2.1152234e-09      0.95218833      0.88315609      0.26658842      0.83252538       12.637507         1018.59       1469.4282      -23.253185       -25.141819          1.8886339       2808.7439                 21.843972                 396.84047                                589.65862                      10.246894                   12.637507                  1469.4282       164.67181        143.41638
              1       1379.2112     0.022769264        69.08547       3.0518621      0.97131234       8.0793356      0.72838919      0.24533098     0.042915882      0.99898734      0.99909291       1.0025698      0.99243294       1.0003827      0.00766128     2.11547e-09      0.95229372      0.88208489      0.26575509      0.83021495       12.646446        1016.726       1469.0742      -23.221666       -25.270601          2.0489352       2804.8658                 21.889602                 396.84999                                  587.863                      10.123447                   12.646446                  1469.0742       164.61874        141.80038
              1       1378.5895     0.022769264        69.08547       3.0518621      0.97131234       8.0793356      0.72838919      0.24533098     0.042915882      0.99895927      0.99821267       1.0024003      0.99997919      0.99904132      0.00766128     2.11547e-09      0.95229372      0.88208489      0.26575509      0.83021495       12.646446       1016.6878       1469.0742      -24.498114       -26.547049          2.0489352       2806.1753                 21.892746                 396.84762                                587.82515                      10.122245                   12.646446                  1469.0742        163.7813        143.98564
              1       1379.1813     0.022769264        69.08547       3.0518621      0.97131234       8.0793356      0.72838919      0.24533098     0.042915882      0.99919344      0.99840287       1.0044594      0.99796137      0.99544062      0.00766128     2.11547e-09      0.95229372      0.88208489      0.26575509      0.83021495       12.646446       1017.0731       1469.0742      -24.277454       -26.326389          2.0489352       2806.9175                 21.866613                 396.85166                                588.22116                      10.133651                   12.646446                  1469.0742       163.99068        144.13316
              1       1379.6915     0.022769264        69.08547       3.0518621      0.97131234       8.0793356      0.72838919      0.24533098     0.042915882      0.99919344      0.99740497       1.0039468      0.99325851      0.99538393      0.00766128     2.11547e-09      0.95229372      0.88208489      0.26575509      0.83021495       12.646446       1017.0731       1469.0742      -23.016034       -25.064969          2.0489352       2805.4151                 21.866613                 396.85166                                588.22116                      10.133651                   12.646446                  1469.0742       163.31065        143.31079
              1       1377.9775     0.022769264        69.08547       3.0518621      0.97131234       8.0793356      0.72838919      0.24533098     0.042915882      0.99831272      0.99784757       1.0035241      0.99461363      0.99791358      0.00766128     2.11547e-09      0.95229372      0.88208489      0.26575509      0.83021495       12.646446       1016.5936       1469.0742      -23.525059       -25.573994          2.0489352       2803.0051                 21.965902                 396.84002                                587.68067                      10.107026                   12.646446                  1469.0742       163.40224        141.28867
              1       1378.9984     0.022769264        69.08547       3.0518621      0.97131234       8.0793356      0.72838919      0.24533098     0.042915882      0.99865548      0.99635535       1.0069723      0.99757512      0.99761225      0.00766128     2.11547e-09      0.95229372      0.88208489      0.26575509      0.83021495       12.646446       1016.4743       1469.0742      -23.688585        -25.73752          2.0489352        2805.374                 21.926948                 396.85175                                587.58346                      10.112114                   12.646446                  1469.0742       164.92783         142.2513
              1       1380.6856     0.022750355       69.048287        3.051573      0.97129444       8.0305177      0.72856272      0.24682198      0.04583854      0.99906906       0.9968707       1.0014972      0.99192393        0.997572     0.010196963   2.1148586e-09      0.95228199      0.88081666      0.26555528      0.82870959       12.653187       1015.7577       1469.1518      -22.664493       -24.533126          1.8686329       2806.7002                 21.917833                  396.6928                                587.07449                      10.072625                   12.653187                  1469.1518       166.17102        142.96643
              1       1379.6947     0.022750355       69.048287        3.051573      0.97129444       8.0305177      0.72856272      0.24682198      0.04583854      0.99999253      0.99614133       1.0040845      0.99319213       1.0002099     0.010196963   2.1148586e-09      0.95228199      0.88081666      0.26555528      0.82870959       12.653187       1016.7613       1469.1518      -22.974164       -24.842797          1.8686329       2805.3377                 21.815357                 396.69162                                 588.1154                      10.138953                   12.653187                  1469.1518        165.6162         141.1552
              1       1378.2254     0.022750355       69.048287        3.051573      0.97129444       8.0305177      0.72856272      0.24682198      0.04583854      0.99841816      0.99759546       1.0039042      0.99869106      0.99817204     0.010196963   2.1148586e-09      0.95228199      0.88081666      0.26555528      0.82870959       12.653187       1016.7926       1469.1518      -24.355754       -26.224387          1.8686329       2805.1622                  21.99178                  396.6949                                588.05078                      10.055149                   12.653187                  1469.1518       164.22015        142.34448
              1       1380.0188     0.022750355       69.048287        3.051573      0.97129444       8.0305177      0.72856272      0.24682198      0.04583854      0.99860141      0.99752605       1.0083195       0.9943609       1.0042343     0.010196963   2.1148586e-09      0.95228199      0.88081666      0.26555528      0.82870959       12.653187       1016.3467       1469.1518       -23.49645       -25.365083          1.8686329       2807.0304                  21.97084                 396.68593                                587.63232                      10.057611                   12.653187                  1469.1518       167.14697        141.73178
              1       1377.6438     0.022740757       68.940784       3.0510513      0.97296848       7.8666209      0.72911887      0.25051927     0.053594047       1.0011695        1.000472       1.0019568      0.99635143       1.0034515     0.023709418   2.1137554e-09      0.95215325      0.87512179      0.26494692      0.82240796       12.676402       1017.0226       1469.5079       -24.47371       -26.255226          1.7815163       2804.2351                 21.585845                 396.24833                                589.11908                      10.069306                   12.676402                  1469.5079       165.74887        139.27933
              1       1378.7722     0.022736466       68.900335       3.0505918      0.97271533        7.869714      0.72892893      0.25260316     0.053710746       1.0008464       1.0002595       1.0007513       0.9960888      0.99916893     0.025800729   2.1127843e-09      0.95210609      0.87487915      0.26507972      0.82238596       12.653432       1016.9209       1469.7023      -24.629349       -26.372886          1.7435372        2806.803                 21.619778                 396.26965                                588.94264                      10.088891                   12.653432                  1469.7023       167.05019        140.47615
              1       1378.6671     0.022736466       68.900335       3.0505918      0.97271533        7.869714      0.72892893      0.25260316     0.053710746       1.0022183      0.99936475       1.0051549      0.99900901      0.99920626     0.025800729   2.1127843e-09      0.95210609      0.87487915      0.26507972      0.82238596       12.653432       1018.0885       1469.7023      -24.629928       -26.373466          1.7435372        2806.594                 21.481624                 396.25686                                589.98252                      10.367484                   12.653432                  1469.7023        165.6035        140.54625
              1       1378.3625     0.022736466       68.900335       3.0505918      0.97271533        7.869714      0.72892893      0.25260316     0.053710746       1.0020641       1.0011775       1.0029777      0.99867951       1.0052209     0.025800729   2.1127843e-09      0.95210609      0.87487915      0.26507972      0.82238596       12.653432       1017.6394       1469.7023      -24.357363         -26.1009          1.7435372       2805.4397                 21.496898                 396.25686                                 589.5548                      10.330873                   12.653432                  1469.7023       165.96317        139.48135
              1       1377.8617     0.022736466       68.900335       3.0505918      0.97271533        7.869714      0.72892893      0.25260316     0.053710746        1.001275       1.0011079       1.0016239      0.99875083      0.99986394     0.025800729   2.1127843e-09      0.95210609      0.87487915      0.26507972      0.82238596       12.653432        1016.598       1469.7023      -24.839233        -26.58277          1.7435372       2805.4019                 21.576019                 396.26072                                 588.5968                      10.164489                   12.653432                  1469.7023       166.43425        140.01384
              1       1378.0091     0.022736466       68.900335       3.0505918      0.97271533        7.869714      0.72892893      0.25260316     0.053710746       1.0015385      0.99882718       1.0065847       1.0003196       1.0026957     0.025800729   2.1127843e-09      0.95210609      0.87487915      0.26507972      0.82238596       12.653432        1016.714       1469.7023      -24.739286       -26.482823          1.7435372       2805.4968                 21.549405                 396.26112                                 588.6873                      10.216149                   12.653432                  1469.7023       166.56815        139.85895
              1       1380.2356     0.022753339       68.805585       3.0507579      0.97306013       7.8346771      0.72815019      0.25415277     0.057675096       1.0018791       1.0014865       1.0053138      0.99364056       1.0040144     0.027481923   2.1131355e-09      0.95193845      0.87460117      0.26578859      0.82322319         12.6158        1017.279       1470.0093       -23.36284        -25.25916          1.8963199        2807.197                 21.492529                 396.19561                                  589.358                      10.232897                     12.6158                  1470.0093       165.40482        141.88799
              1       1377.8171     0.022753339       68.805585       3.0507579      0.97306013       7.8346771      0.72815019      0.25415277     0.057675096       1.0014791       1.0014114       1.0056205      0.99962376       1.0021976     0.027481923   2.1131355e-09      0.95193845      0.87460117      0.26578859      0.82322319         12.6158       1017.1655       1470.0093      -24.588682       -26.485002          1.8963199       2804.8115                 21.532146                 396.19561                                589.27992                      10.157798                     12.6158                  1470.0093       165.53047        139.49043
              1       1378.9468     0.022753339       68.805585       3.0507579      0.97306013       7.8346771      0.72815019      0.25415277     0.057675096       1.0021903       1.0004768       1.0045188      0.99526992       1.0051584     0.027481923   2.1131355e-09      0.95193845      0.87460117      0.26578859      0.82322319         12.6158       1017.7411       1470.0093       -23.72051        -25.61683          1.8963199       2805.3346                 21.462004                 396.19606                                589.78546                      10.297581                     12.6158                  1470.0093       164.40678        140.56157
              1       1380.8979     0.022633674       68.849736       3.0540965      0.97264442       7.9013019      0.72760937      0.24374221     0.056647033       1.0024781      0.99992698       1.0033638      0.99536791       1.0073665     0.012791244   2.1202022e-09      0.95225251      0.87864297       0.2665414      0.82819795       12.656883       1016.7014       1470.0241      -24.268761        -25.28279          1.0140298       2810.3333                 21.619113                 396.32287                                588.69118                      10.068204                   12.656883                  1470.0241       169.39574        141.55528
              1       1382.9001     0.022633674       68.849736       3.0540965      0.97264442       7.9013019      0.72760937      0.24374221     0.056647033       1.0024781      0.99810897       1.0092843      0.99587797       1.0011369     0.012791244   2.1202022e-09      0.95225251      0.87864297       0.2665414      0.82819795       12.656883       1016.7014       1470.0241       -24.68227         -25.6963          1.0140298       2815.1647                 21.619113                 396.32287                                588.69118                      10.068204                   12.656883                  1470.0241       174.49274        141.28963
              1       1382.1116      0.02263201       68.842875       3.0541056      0.97256331       7.9058911      0.72755423      0.24385878     0.056415989       1.0020213      0.99836896       1.0065659      0.99621363       1.0072391     0.012838254   2.1202214e-09      0.95224651      0.87868363      0.26659129      0.82831378        12.65073        1017.744       1470.0804      -24.488806       -25.493913          1.0051063       2813.2008                 21.673384                 396.32273                                589.69982                      10.048023                    12.65073                  1470.0804       172.08194        140.64375
              1       1379.8124      0.02263201       68.842875       3.0541056      0.97256331       7.9058911      0.72755423      0.24385878     0.056415989       1.0023138       1.0022614       1.0029105      0.99745007      0.99960246     0.012838254   2.1202214e-09      0.95224651      0.87868363      0.26659129      0.82831378        12.65073       1016.9804       1470.0804      -24.939619       -25.944725          1.0051063        2809.504                 21.642806                  396.3343                                588.94388                      10.059398                    12.65073                  1470.0804       168.34282        141.44965
              1       1381.3773      0.02263201       68.842875       3.0541056      0.97256331       7.9058911      0.72755423      0.24385878     0.056415989       1.0013676       1.0015644       1.0010546       1.0017021       1.0017817     0.012838254   2.1202214e-09      0.95224651      0.87868363      0.26659129      0.82831378        12.65073        1020.536       1470.0804      -25.427294         -26.4324          1.0051063       2813.6091                 21.742647                 396.33056                                592.42249                      10.040269                    12.65073                  1470.0804       169.68974        140.65231
              1       1381.3385      0.02263201       68.842875       3.0541056      0.97256331       7.9058911      0.72755423      0.24385878     0.056415989       1.0013676       0.9996221         1.00205      0.99789994       1.0037009     0.012838254   2.1202214e-09      0.95224651      0.87868363      0.26659129      0.82831378        12.65073        1020.536       1470.0804       -25.41826       -26.423366          1.0051063       2813.5135                 21.742647                 396.33056                                592.42249                      10.040269                    12.65073                  1470.0804       171.15353        139.09293
              1       1382.0651      0.02263201       68.842875       3.0541056      0.97256331       7.9058911      0.72755423      0.24385878     0.056415989       1.0013676      0.99962378       1.0032959      0.99728441      0.99930246     0.012838254   2.1202214e-09      0.95224651      0.87868363      0.26659129      0.82831378        12.65073        1020.536       1470.0804      -25.469783       -26.474889          1.0051063       2815.0698                 21.742647                 396.33056                                592.42249                      10.040269                    12.65073                  1470.0804       170.00665        141.79608
              1       1382.3626      0.02263201       68.842875       3.0541056      0.97256331       7.9058911      0.72755423      0.24385878     0.056415989       1.0013676       1.0005037       1.0086487      0.99791166      0.99901726     0.012838254   2.1202214e-09      0.95224651      0.87868363      0.26659129      0.82831378        12.65073        1020.536       1470.0804      -25.533749       -26.538855          1.0051063       2815.7927                 21.742647                 396.33056                                592.42249                      10.040269                    12.65073                  1470.0804       170.62717        141.89848
              1       1380.5287      0.02263201       68.842875       3.0541056      0.97256331       7.9058911      0.72755423      0.24385878     0.056415989       1.0013676       1.0014056       1.0035447      0.99737415       1.0007027     0.012838254   2.1202214e-09      0.95224651      0.87868363      0.26659129      0.82831378        12.65073        1020.536       1470.0804       -25.37971       -26.384816          1.0051063       2811.8169                 21.742647                 396.33056                                592.42249                      10.040269                    12.65073                  1470.0804       167.97482        140.57498
              1       1380.8401     0.022628782       68.837815       3.0540294      0.97251783       7.8981184      0.72757327      0.24411547     0.056709213       1.0036722       1.0022862        1.004629      0.99536058       1.0055037     0.013446602   2.1200597e-09       0.9522463      0.87846076      0.26656723      0.82806631       12.653083       1016.9586       1470.0985      -23.642294       -24.630351         0.98805711       2808.9648                 21.514135                 396.29936                                588.97374                      10.171411                   12.653083                  1470.0985       168.47549         140.7791
              1       1379.8029     0.022628782       68.837815       3.0540294      0.97251783       7.8981184      0.72757327      0.24411547     0.056709213       1.0038533       1.0019827        1.006098      0.99820833       1.0035873     0.013446602   2.1200597e-09       0.9522463      0.87846076      0.26656723      0.82806631       12.653083       1017.4044       1470.0985      -24.224246       -25.212303         0.98805711       2808.0543                 21.496032                 396.29327                                589.41999                      10.195075                   12.653083                  1470.0985       168.86719         139.0312
              1       1380.0146     0.022628782       68.837815       3.0540294      0.97251783       7.8981184      0.72757327      0.24411547     0.056709213       1.0035567      0.99928751       1.0049472        1.000568       1.0022437     0.013446602   2.1200597e-09       0.9522463      0.87846076      0.26656723      0.82806631       12.653083       1016.7279       1470.0985      -24.735998       -25.724056         0.98805711       2809.5012                 21.525716                 396.29936                                588.74557                      10.157286                   12.653083                  1470.0985       170.28377        139.73788
              1       1379.8259     0.022628782       68.837815       3.0540294      0.97251783       7.8981184      0.72757327      0.24411547     0.056709213       1.0036451       1.0003878        1.003242      0.99987513       1.0008306     0.013446602   2.1200597e-09       0.9522463      0.87846076      0.26656723      0.82806631       12.653083       1016.9005       1470.0985      -24.753642       -25.741699         0.98805711        2809.159                 21.516851                 396.29936                                588.91624                      10.168029                   12.653083                  1470.0985       169.14424        140.36272
              1         1383.85     0.022637534       68.782309       3.0537642      0.97281917       7.8319695      0.72732778      0.24494731     0.059871238       1.0037594       1.0035617       1.0054362       1.0004282       0.9964163      0.01807964   2.1194977e-09       0.9521507       0.8766217      0.26678601      0.82667178       12.642334       1016.5786       1470.2959      -23.823341        -24.85843          1.0350883       2815.3466                 21.506917                  396.1785                                588.77204                      10.121132                   12.642334                  1470.2959       169.43318        146.39661
              1       1385.6965     0.022637534       68.782309       3.0537642      0.97281917       7.8319695      0.72732778      0.24494731     0.059871238       1.0028896       1.0039492       1.0068873      0.99319366       1.0012591      0.01807964   2.1194977e-09       0.9521507       0.8766217      0.26678601      0.82667178       12.642334       1017.6133       1470.2959      -23.086391       -24.121479          1.0350883       2817.5659                 21.594449                 396.19429                                589.79021                      10.034299                   12.642334                  1470.2959       171.41464        145.59975
              1       1382.4154     0.022639995       68.851904       3.0553221      0.97160903       7.9610086      0.72696939      0.23879114      0.05382369       1.0038456       1.0031128       1.0060998      0.99676654       1.0054889    0.0073340379   2.1228021e-09      0.95224219      0.87946819      0.26727021      0.83010836        12.61901       1018.2687       1470.2676      -23.505344       -24.554121          1.0487773       2811.8414                 21.634245                 396.44268                                590.13712                      10.054698                    12.61901                  1470.2676       171.48955         139.1965
              1       1381.5376     0.022639995       68.851904       3.0553221      0.97160903       7.9610086      0.72696939      0.23879114      0.05382369       1.0034606       1.0029471       1.0071553       1.0004495       1.0047069    0.0073340379   2.1228021e-09      0.95224219      0.87946819      0.26727021      0.83010836        12.61901       1017.2785       1470.2676       -24.11592       -25.164697          1.0487773       2811.3069                 21.674636                 396.46708                                589.10915                      10.027606                    12.61901                  1470.2676       172.28302         138.8588
              1       1379.7782     0.022701048       68.962502       3.0550286      0.97163422        7.980879      0.72765179      0.23678178     0.050163527        1.003077       1.0001612       1.0052822      0.99781603       1.0055123    0.0045610985   2.1221793e-09      0.95226687      0.87934191      0.26666545      0.82904962       12.626555       1018.9569       1469.8219      -24.202364       -25.655253          1.4528889       2807.9611                 21.687915                 396.54186                                590.77647                      9.9506461                   12.626555                  1469.8219        167.7327          138.823
              1       1379.1075     0.022701048       68.962502       3.0550286      0.97163422        7.980879      0.72765179      0.23678178     0.050163527       1.0029067         1.00032        1.004538      0.99991233       1.0036612    0.0045610985   2.1221793e-09      0.95226687      0.87934191      0.26666545      0.82904962       12.626555       1018.5806       1469.8219      -24.558391        -26.01128          1.4528889       2807.3319                 21.706065                 396.54186                                590.39186                      9.9407901                   12.626555                  1469.8219       167.51631        138.78648
              1       1380.0584     0.022701048       68.962502       3.0550286      0.97163422        7.980879      0.72765179      0.23678178     0.050163527       1.0027851       1.0023658        1.003226      0.99670165       1.0021826    0.0045610985   2.1221793e-09      0.95226687      0.87934191      0.26666545      0.82904962       12.626555       1018.3931       1469.8219      -24.120592       -25.573481          1.4528889       2808.3579                 21.719074                  396.5635                                590.17577                      9.9347571                   12.626555                  1469.8219       168.41888        139.09743
              1       1380.4883     0.022701048       68.962502       3.0550286      0.97163422        7.980879      0.72765179      0.23678178     0.050163527       1.0027851       1.0012313       1.0068112      0.99829664       0.9993866    0.0045610985   2.1221793e-09      0.95226687      0.87934191      0.26666545      0.82904962       12.626555       1018.3931       1469.8219      -24.586689       -26.039578          1.4528889       2810.1501                 21.719074                  396.5635                                590.17577                      9.9347571                   12.626555                  1469.8219       168.98105        140.32741
              1       1382.6314     0.022669691       68.881851       3.0513314      0.97024627       7.9400201      0.72839406      0.24736675     0.050187105       1.0014289      0.99724725       1.0054051       1.0008027      0.99731266     0.019798657   2.1143476e-09      0.95222112      0.87543169      0.26570991      0.82388295       12.633491       1017.0968       1470.2066      -24.921373       -26.151271           1.229898       2815.1056                  21.90707                 396.47899                                588.71857                      9.9921497                   12.633491                  1470.2066       172.13474          143.034
              1       1379.2324     0.022675978       68.851536       3.0512115      0.97037992       7.9163753      0.72813485      0.24807215     0.052062914       1.0002159      0.99903204       1.0036342      0.99690111       1.0014449     0.020971502   2.1140942e-09      0.95216577      0.87517371       0.2659418      0.82399947       12.626798       1017.8592       1470.2461      -25.234171       -26.506175          1.2720042       2808.9332                 22.032561                 396.40666                                589.55955                      9.8603864                   12.626798                  1470.2461       169.93054        138.27058
              1       1381.1253     0.022675978       68.851536       3.0512115      0.97037992       7.9163753      0.72813485      0.24807215     0.052062914       1.0002952      0.99988226       1.0047983      0.99844577       1.0081693     0.020971502   2.1140942e-09      0.95216577      0.87517371       0.2659418      0.82399947       12.626798       1017.6184       1470.2461      -24.848869       -26.120873          1.2720042       2811.9484                 22.023405                 396.41694                                 589.3107                      9.8673329                   12.626798                  1470.2461       170.08543        141.37166
              1        1379.931      0.02267976       68.886037       3.0508196       0.9701584       7.9280327      0.72846191      0.24851782     0.051461298       1.0000112      0.99793594       1.0035433      0.99442481       1.0033191     0.020341616   2.1132657e-09      0.95220571      0.87530101      0.26561795      0.82361741       12.640896       1016.8078       1470.0456      -24.410104       -25.708069          1.2979644       2808.6821                 22.060835                 396.44894                                588.42124                      9.8768089                   12.640896                  1470.0456       170.21909        138.96873
              1       1381.4059     0.022686516       68.824448       3.0502056      0.97053216       7.8151626      0.72885427      0.25118971      0.05809949       1.0009656      0.99989815       1.0037248       1.0006261       1.0012057     0.025649593   2.1119687e-09      0.95210586      0.87205358      0.26518489      0.81989253       12.662776       1019.5108       1470.1176      -25.375724       -26.721239          1.3455151       2813.5633                 21.975033                 396.20974                                591.46806                      9.8579751                   12.662776                  1470.1176       171.67159        139.60054
              1       1382.9763     0.022686516       68.824448       3.0502056      0.97053216       7.8151626      0.72885427      0.25118971      0.05809949       1.0009656        1.000988       1.0020422      0.99713163      0.99731301     0.025649593   2.1119687e-09      0.95210586      0.87205358      0.26518489      0.81989253       12.662776       1019.5108       1470.1176      -25.073195        -26.41871          1.3455151       2816.0989                 21.975033                 396.20974                                591.46806                      9.8579751                   12.662776                  1470.1176       172.69543        141.11235
              1       1385.4978     0.022686516       68.824448       3.0502056      0.97053216       7.8151626      0.72885427      0.25118971      0.05809949      0.99957943       1.0006239        1.005938      0.99904295       1.0006341     0.025649593   2.1119687e-09      0.95210586      0.87205358      0.26518489      0.81989253       12.662776       1027.9227       1470.1176      -25.412067       -26.757582          1.3455151       2821.8198                 22.135521                 396.19739                                599.89103                      9.6987727                   12.662776                  1470.1176       172.27913        138.83757
              1       1381.2384     0.022694793       69.026459       3.0509797      0.97145892       7.8489728      0.72955706       0.2440349     0.052660376       1.0002563      0.99890442       1.0064512      0.99939818       1.0069044     0.015442624   2.1136042e-09      0.95236841       0.8751039       0.2646757      0.82197011       12.771325       1020.8816       1469.2539      -24.882161       -26.287981          1.4058198       2812.2411                   21.9459                 396.24104                                592.89137                      9.8033201                   12.771325                  1469.2539       169.58429        139.74988
              1       1380.4431     0.022667022       68.859113       3.0503043      0.97208389       7.7627848      0.72870431      0.24997422     0.060165728       1.0007654       1.0011033       1.0044055      0.99953289       1.0055063     0.024792762   2.1121771e-09      0.95219519      0.87349488      0.26535448      0.82151017       12.735722       1020.7998       1469.6988      -25.200741        -26.41316          1.2124194       2811.2877                 21.812069                 396.05917                                592.97856                      9.9499855                   12.735722                  1469.6988       168.83675        139.21664
              1       1383.6105     0.022667022       68.859113       3.0503043      0.97208389       7.7627848      0.72870431      0.24997422     0.060165728       1.0007654       1.0025908       1.0042179       0.9998589       1.0100002     0.024792762   2.1121771e-09      0.95219519      0.87349488      0.26535448      0.82151017       12.735722       1020.7998       1469.6988      -24.241153       -25.453572          1.2124194       2815.7032                 21.812069                 396.05917                                592.97856                      9.9499855                   12.735722                  1469.6988       170.29265        142.17632
              1       1383.3458     0.022586879       68.779945       3.0501841      0.97109402       7.8334899       0.7273711      0.24997816     0.055492353       1.0001384      0.99961746       1.0071773         1.00193      0.99914145     0.014612675   2.1119232e-09      0.95225449      0.87870031      0.26661641      0.82836852       12.644042       1018.9372       1470.3567      -25.912141       -26.710858         0.79871728       2818.5159                 21.923603                 396.20908                                590.68945                      10.115031                   12.644042                  1470.3567        172.4576        144.12039
              1       1381.9391     0.022603889       68.727005       3.0497157      0.97072706        7.767594      0.72731196      0.25173336     0.060597219         1.00061      0.99949149       1.0037868       1.0000237      0.99922711     0.019751381   2.1109342e-09      0.95214489      0.87619865       0.2666355      0.82603973        12.64686        1018.402       1470.4183       -25.90168        -26.77008         0.86839959       2815.6815                 21.963499                 396.07302                                590.30812                      10.057396                    12.64686                  1470.4183       172.24956        141.96472
              1       1382.8287     0.022603889       68.727005       3.0497157      0.97072706        7.767594      0.72731196      0.25173336     0.060597219         1.00061      0.99837218       1.0067853       1.0000184       1.0074288     0.019751381   2.1109342e-09      0.95214489      0.87619865       0.2666355      0.82603973        12.64686        1018.402       1470.4183      -25.252415       -26.120815         0.86839959       2816.1622                 21.963499                 396.07302                                590.30812                      10.057396                    12.64686                  1470.4183       173.09148        141.60355
              1       1381.6512     0.022603889       68.727005       3.0497157      0.97072706        7.767594      0.72731196      0.25173336     0.060597219       1.0005328      0.99896501       1.0065813      0.99679878        1.005039     0.019751381   2.1109342e-09      0.95214489      0.87619865       0.2666355      0.82603973        12.64686       1018.7335       1470.4183      -25.374885       -26.243284         0.86839959       2814.0521                 21.972224                 396.06129                                590.64892                      10.051036                    12.64686                  1470.4183       172.53331        139.72017
              1       1381.1219     0.022603889       68.727005       3.0497157      0.97072706        7.767594      0.72731196      0.25173336     0.060597219       1.0027143      0.99972123       1.0058359      0.99814684        1.006068     0.019751381   2.1109342e-09      0.95214489      0.87619865       0.2666355      0.82603973        12.64686       1016.8397       1470.4183      -24.924253       -25.792652         0.86839959       2812.0923                  21.73283                 396.06684                                588.67913                      10.360906                    12.64686                  1470.4183       172.09087        140.09657
              1       1382.6466     0.022603889       68.727005       3.0497157      0.97072706        7.767594      0.72731196      0.25173336     0.060597219       1.0015725       1.0018619       1.0049879      0.99369929         1.00141     0.019751381   2.1109342e-09      0.95214489      0.87619865       0.2666355      0.82603973        12.64686        1015.813       1470.4183      -24.557658       -25.426058         0.86839959       2814.4086                 21.856202                 396.05642                                587.73524                      10.165152                    12.64686                  1470.4183       174.04716        141.48322
              1        1381.165     0.022603889       68.727005       3.0497157      0.97072706        7.767594      0.72731196      0.25173336     0.060597219       1.0015725      0.99989927       1.0017162      0.99521409       1.0020372     0.019751381   2.1109342e-09      0.95214489      0.87619865       0.2666355      0.82603973        12.64686        1015.813       1470.4183      -25.145748       -26.014147         0.86839959       2812.6216                 21.856202                 396.05642                                587.73524                      10.165152                    12.64686                  1470.4183       173.59387        140.14949
              1       1380.7039     0.022603889       68.727005       3.0497157      0.97072706        7.767594      0.72731196      0.25173336     0.060597219       1.0015577      0.99961673       1.0021814      0.99587653       1.0030776     0.019751381   2.1109342e-09      0.95214489      0.87619865       0.2666355      0.82603973        12.64686       1015.8288       1470.4183        -25.2379         -26.1063         0.86839959       2811.8836                 21.857834                 396.05642                                587.75144                      10.163092                    12.64686                  1470.4183       173.28482        139.70485
              1       1380.6378     0.022624083       68.677746       3.0492309      0.97086768       7.7353048      0.72712892      0.25409637     0.062409012        1.002218       0.9998471       1.0016125       0.9995452       1.0052443     0.023550805   2.1099111e-09       0.9520334       0.8750958      0.26675675      0.82518759       12.628854       1015.6631       1470.6056      -25.195856       -26.159725         0.96386905       2811.6672                 21.760183                 396.02813                                587.57916                      10.295655                   12.628854                  1470.6056       172.73047         140.0392
              1       1379.5694     0.022624083       68.677746       3.0492309      0.97086768       7.7353048      0.72712892      0.25409637     0.062409012       1.0022333      0.99965637       1.0034052      0.99829417       1.0036017     0.023550805   2.1099111e-09       0.9520334       0.8750958      0.26675675      0.82518759       12.628854       1015.6793       1470.6056      -25.255556       -26.219425         0.96386905         2809.65                 21.758545                 396.02813                                587.59402                      10.298636                   12.628854                  1470.6056       171.39635         139.3399
              1       1380.9766     0.022624083       68.677746       3.0492309      0.97086768       7.7353048      0.72712892      0.25409637     0.062409012       1.0013084       1.0020108        1.003848      0.99608853       1.0013233     0.023550805   2.1099111e-09       0.9520334       0.8750958      0.26675675      0.82518759       12.628854       1016.1224       1470.6056      -25.098395       -26.062264         0.96386905       2812.1501                 21.858589                 396.02713                                588.09406                      10.142605                   12.628854                  1470.6056       172.88484        139.90843
              1       1381.9333     0.022624083       68.677746       3.0492309      0.97086768       7.7353048      0.72712892      0.25409637     0.062409012       1.0022662       1.0017199        1.007497      0.99648203       1.0050751     0.023550805   2.1099111e-09       0.9520334       0.8750958      0.26675675      0.82518759       12.628854       1015.7167       1470.6056      -24.730231         -25.6941         0.96386905       2813.3271                 21.755039                 396.02813                                587.62846                      10.305067                   12.628854                  1470.6056       174.64636        139.72961
              1        1383.939     0.022579818       68.662254       3.0494506      0.97039741       7.8299136      0.72642256      0.25387366     0.056502394       1.0016394      0.99972769       1.0073987      0.99349483       1.0030457     0.019343514   2.1103747e-09      0.95210564      0.87846041      0.26742982      0.82940468       12.632398        1017.825       1470.9485      -24.690776       -25.463468         0.77269177       2817.2596                 21.798506                 396.18874                                589.46531                      10.372469                   12.632398                  1470.9485       174.67186        141.18181
              1       1381.8663     0.022578654       68.643563       3.0495781      0.97022682        7.843727      0.72626907      0.25412722     0.056664217       1.0015198      0.99923459       1.0056967      0.99896866       1.0013268     0.019700283   2.1106437e-09      0.95208203       0.8784356      0.26757038      0.82959919       12.634043       1017.6239       1471.0621      -25.790961       -26.559525         0.76856372       2815.3145                 21.828647                 396.24479                                589.19716                      10.353284                   12.634043                  1471.0621       173.15332        140.84117
              1       1383.4306     0.022578654       68.643563       3.0495781      0.97022682        7.843727      0.72626907      0.25412722     0.056664217       1.0018435       1.0008175       1.0031195       0.9985728       1.0038502     0.019700283   2.1106437e-09      0.95208203       0.8784356      0.26757038      0.82959919       12.634043       1018.6653       1471.0621      -25.551545       -26.320109         0.76856372       2817.9642                 21.793482                 396.23585                                590.22989                       10.40603                   12.634043                  1471.0621        174.9101         140.6927
              1       1381.5531     0.022578654       68.643563       3.0495781      0.97022682        7.843727      0.72626907      0.25412722     0.056664217       1.0013302      0.99993727       1.0046851      0.99808282       1.0022649     0.019700283   2.1106437e-09      0.95208203       0.8784356      0.26757038      0.82959919       12.634043       1017.1642       1471.0621      -25.769852       -26.538416         0.76856372        2814.646                 21.849402                 396.23652                                588.75314                      10.325139                   12.634043                  1471.0621       173.55185        140.23378
              1       1384.1869     0.022578654       68.643563       3.0495781      0.97022682        7.843727      0.72626907      0.25412722     0.056664217       1.0008497      0.99737107       1.0094661      0.99489159      0.99779248     0.019700283   2.1106437e-09      0.95208203       0.8784356      0.26757038      0.82959919       12.634043       1016.5828       1471.0621      -24.916276        -25.68484         0.76856372       2818.2064                 21.902571                  396.2569                                588.16051                       10.26287                   12.634043                  1471.0621       176.12144        141.80594
              1       1385.2196     0.022587344       68.486206       3.0493915      0.97051886       7.7782463      0.72520931      0.25812632     0.062512154        1.001302      0.99847681       1.0038134      0.99913779      0.99499311     0.027597617   2.1102499e-09      0.95184305      0.87666553       0.2684896      0.82934844       12.657886       1017.1405        1471.764      -25.499276        -26.29977         0.80049397       2821.4378                 21.834589                 396.10868                                588.86767                      10.329524                   12.657886                   1471.764       173.25758        146.61789
              1       1383.6193     0.022587344       68.486206       3.0493915      0.97051886       7.7782463      0.72520931      0.25812632     0.062512154        1.001302      0.99858443       1.0032955      0.99362439       1.0010921     0.027597617   2.1102499e-09      0.95184305      0.87666553       0.2684896      0.82934844       12.657886       1017.1405        1471.764      -24.753021       -25.553515         0.80049397       2816.7447                 21.834589                 396.10868                                588.86767                      10.329524                   12.657886                   1471.764       173.44763         141.7347
              1       1386.7949     0.022587344       68.486206       3.0493915      0.97051886       7.7782463      0.72520931      0.25812632     0.062512154       1.0005278      0.99732865        1.009478      0.99586174      0.99574111     0.027597617   2.1102499e-09      0.95184305      0.87666553       0.2684896      0.82934844       12.657886       1017.9058        1471.764       -25.00433       -25.804824         0.80049397       2823.5984                 21.919828                 396.11973                                589.62852                      10.237732                   12.657886                   1471.764       176.55176        144.71893
              1       1383.4937     0.022587344       68.486206       3.0493915      0.97051886       7.7782463      0.72520931      0.25812632     0.062512154       1.0005278      0.99877551       1.0075704      0.99939831      0.99855607     0.027597617   2.1102499e-09      0.95184305      0.87666553       0.2684896      0.82934844       12.657886       1017.9058        1471.764        -25.8851       -26.685594         0.80049397       2818.7576                 21.919828                 396.11973                                589.62852                      10.237732                   12.657886                   1471.764       173.78471        142.64519
              1       1384.0016     0.022587344       68.486206       3.0493915      0.97051886       7.7782463      0.72520931      0.25812632     0.062512154       1.0004255      0.99767938       1.0086982       0.9993746        1.000272     0.027597617   2.1102499e-09      0.95184305      0.87666553       0.2684896      0.82934844       12.657886       1018.1461        1471.764      -25.695323       -26.495817         0.80049397       2819.3939                 21.931232                   396.108                                 589.8787                      10.228147                   12.657886                   1471.764       175.32686        141.49908
              1       1385.0006     0.022656702       68.631517        3.047835        0.969595       7.8526098      0.72615824      0.25897682     0.056121831      0.99898865      0.99526801       1.0062664      0.99686924       1.0051737       0.0307488   2.1069679e-09      0.95189951      0.87584906      0.26756722      0.82715155       12.654132       1017.1981       1470.9707      -23.850689       -24.997747          1.1470573       2817.7025                 22.085926                 396.28052                                588.58904                      10.242623                   12.654132                  1470.9707       173.74846        143.13107
              1       1383.1187     0.022656702       68.631517        3.047835        0.969595       7.8526098      0.72615824      0.25897682     0.056121831       1.0000141       0.9964791       1.0052842      0.99741695       1.0008306       0.0307488   2.1069679e-09      0.95189951      0.87584906      0.26756722      0.82715155       12.654132       1018.3583       1470.9707      -24.812095       -25.959152          1.1470573       2815.8616                 21.968225                 396.26833                                589.70029                      10.421442                   12.654132                  1470.9707        172.2681        141.61035
              1       1383.1902     0.022656702       68.631517        3.047835        0.969595       7.8526098      0.72615824      0.25897682     0.056121831      0.99989601      0.99648176       1.0063775      0.99559395      0.99884973       0.0307488   2.1069679e-09      0.95189951      0.87584906      0.26756722      0.82715155       12.654132       1018.0408       1470.9707      -24.490295       -25.637352          1.1470573        2815.361                 21.981618                 396.26713                                589.39424                      10.397818                   12.654132                  1470.9707       172.55074        141.14459
              1       1382.6186     0.022656702       68.631517        3.047835        0.969595       7.8526098      0.72615824      0.25897682     0.056121831      0.99894286      0.99837433       1.0051176      0.99826247       1.0009923       0.0307488   2.1069679e-09      0.95189951      0.87584906      0.26756722      0.82715155       12.654132        1017.229       1470.9707      -25.352404       -26.499461          1.1470573       2815.9421                 22.091262                 396.28052                                588.62115                      10.236027                   12.654132                  1470.9707       172.83838        142.24991
              1       1382.8321     0.022656702       68.631517        3.047835        0.969595       7.8526098      0.72615824      0.25897682     0.056121831      0.99893803      0.99893641       1.0044071       0.9965927       1.0029728       0.0307488   2.1069679e-09      0.95189951      0.87584906      0.26756722      0.82715155       12.654132       1017.2326       1470.9707      -25.148214       -26.295271          1.1470573       2815.9607                 22.091824                 396.28052                                588.62494                      10.235339                   12.654132                  1470.9707       173.44897        141.65427
              1       1382.6396     0.022656702       68.631517        3.047835        0.969595       7.8526098      0.72615824      0.25897682     0.056121831      0.99966612       0.9976936       1.0060064      0.99637326      0.99835304       0.0307488   2.1069679e-09      0.95189951      0.87584906      0.26756722      0.82715155       12.654132       1017.5523       1470.9707      -25.016497       -26.163554          1.1470573       2815.3122                   22.0078                  396.2592                                588.93121                      10.354094                   12.654132                  1470.9707       172.56546        141.56961
              1       1386.3338     0.022656702       68.631517        3.047835        0.969595       7.8526098      0.72615824      0.25897682     0.056121831      0.99966612      0.99603434       1.0023462      0.99121361      0.99817111       0.0307488   2.1069679e-09      0.95189951      0.87584906      0.26756722      0.82715155       12.654132       1017.5523       1470.9707      -22.843882       -23.990939          1.1470573       2818.3554                   22.0078                  396.2592                                588.93121                      10.354094                   12.654132                  1470.9707       174.12852        143.04967
              1       1382.3183     0.022729377       68.601425       3.0467248      0.96966215       7.8601791      0.72598121      0.26272532     0.055984282      0.99897502      0.99781291       1.0063071      0.99671628      0.99925193     0.032910838     2.10463e-09      0.95170288      0.87546923      0.26764902      0.82691923       12.696391       1018.0572       1471.0479      -24.515276       -26.197369          1.6820931       2813.6672                 21.985421                 396.26937                                 589.4089                      10.393481                   12.696391                  1471.0479       170.24251         141.6232
              1       1380.9874     0.022668028       68.583706         3.04933      0.97099454       7.8931589      0.72515079       0.2561002     0.052172427       1.0005344      0.99776616       1.0059715       1.0007371       1.0003682     0.024307424   2.1101201e-09      0.95180835      0.87888082      0.26859489      0.83160718       12.764157       1018.4332       1471.5566      -25.286074       -26.505052          1.2189779        2812.547                 21.731975                  396.3265                                590.00673                      10.368032                   12.764157                  1471.5566       166.74432        143.04872
              1       1379.1884     0.022668028       68.583706         3.04933      0.97099454       7.8931589      0.72515079       0.2561002     0.052172427        1.000176      0.99893183       1.0029119      0.99884274       1.0007927     0.024307424   2.1101201e-09      0.95180835      0.87888082      0.26859489      0.83160718       12.764157       1017.3915       1471.5566      -25.495876       -26.714854          1.2189779       2809.3685                 21.770213                 396.31662                                588.97956                      10.325152                   12.764157                  1471.5566       166.63467        141.02155
              1       1380.1532     0.022670843       68.577637       3.0493527      0.97121389        7.880214      0.72512582      0.25619123     0.053208382        1.000345       0.9999854       1.0022343      0.99529109      0.99800565      0.02459152    2.110168e-09      0.95179383      0.87873803      0.26861691      0.83150616       12.754316       1017.5992       1471.5395      -24.985257       -26.222775          1.2375178       2810.2768                 21.732971                 396.29686                                589.22902                       10.34038                   12.754316                  1471.5395       167.43568        140.94806
              1        1385.149     0.022670843       68.577637       3.0493527      0.97121389        7.880214      0.72512582      0.25619123     0.053208382        1.001174       0.9986467       1.0086214       0.9916095        1.002417      0.02459152    2.110168e-09      0.95179383      0.87873803      0.26861691      0.83150616       12.754316       1020.6659       1471.5395      -23.569051       -24.806569          1.2375178        2817.436                 21.646096                 396.28708                                592.27805                      10.454712                   12.754316                  1471.5395        169.7406        142.73561
              1       1383.4423     0.022670843       68.577637       3.0493527      0.97121389        7.880214      0.72512582      0.25619123     0.053208382       1.0008627       0.9993252       1.0069729       0.9917142      0.99978483      0.02459152    2.110168e-09      0.95179383      0.87873803      0.26861691      0.83150616       12.754316       1019.2557       1471.5395      -23.794354       -25.031871          1.2375178       2814.4732                 21.678441                 396.30278                                590.86727                      10.407235                   12.754316                  1471.5395       168.39452        142.52913
              1       1380.1879     0.022670843       68.577637       3.0493527      0.97121389        7.880214      0.72512582      0.25619123     0.053208382       1.0003977      0.99850905       1.0076484      0.99732152       1.0032859      0.02459152    2.110168e-09      0.95179383      0.87873803      0.26861691      0.83150616       12.754316       1017.7261       1471.5395      -25.166134       -26.403651          1.2375178        2810.708                  21.72738                 396.29686                                589.35537                      10.346498                   12.754316                  1471.5395       168.26674         140.4213
              1       1385.9676     0.022670843       68.577637       3.0493527      0.97121389        7.880214      0.72512582      0.25619123     0.053208382       1.0001728      0.99622917       1.0122588        1.001316       1.0007012      0.02459152    2.110168e-09      0.95179383      0.87873803      0.26861691      0.83150616       12.754316       1017.2503       1471.5395      -24.742421       -25.979939          1.2375178       2821.4201                  21.75128                 396.29686                                588.88068                      10.321503                   12.754316                  1471.5395       176.30325        143.57263
              1       1380.5294     0.022670843       68.577637       3.0493527      0.97121389        7.880214      0.72512582      0.25619123     0.053208382      0.99990812      0.99837425       1.0078947       1.0002401       1.0018595      0.02459152    2.110168e-09      0.95179383      0.87873803      0.26861691      0.83150616       12.754316       1016.9284       1471.5395       -25.40071       -26.638228          1.2375178       2811.8602                 21.779567                  396.3159                                588.53714                      10.295769                   12.754316                  1471.5395        168.4725        142.16551
              1       1378.9728     0.022670843       68.577637       3.0493527      0.97121389        7.880214      0.72512582      0.25619123     0.053208382      0.99990812      0.99920218       1.0026061      0.99885865      0.99987538      0.02459152    2.110168e-09      0.95179383      0.87873803      0.26861691      0.83150616       12.754316       1016.9284       1471.5395      -25.513869       -26.751387          1.2375178       2808.9733                 21.779567                  396.3159                                588.53714                      10.295769                   12.754316                  1471.5395       166.57805        141.17299
              1       1382.1344     0.022670843       68.577637       3.0493527      0.97121389        7.880214      0.72512582      0.25619123     0.053208382       1.0002005       0.9989839       1.0064303       0.9972495       1.0084533      0.02459152    2.110168e-09      0.95179383      0.87873803      0.26861691      0.83150616       12.754316       1017.2997       1471.5395      -24.658151       -25.895669          1.2375178       2813.5851                 21.748329                 396.29686                                588.93008                      10.324427                   12.754316                  1471.5395       167.41992        144.57164
              1       1378.9645     0.022670843       68.577637       3.0493527      0.97121389        7.880214      0.72512582      0.25619123     0.053208382      0.99977348      0.99996749       1.0022252      0.99764672       1.0010807      0.02459152    2.110168e-09      0.95179383      0.87873803      0.26861691      0.83150616       12.754316       1016.8455       1471.5395        -25.4298       -26.667318          1.2375178       2808.7885                 21.794026                  396.3155                                588.45173                      10.284206                   12.754316                  1471.5395       167.41629        140.23291
              1       1379.5579     0.022679299       68.570131       3.0491829      0.97132881       7.8615587       0.7252075      0.25690105     0.054453169      0.99992198       1.0000983       1.0039752      0.99969488       1.0030189     0.026334767   2.1098097e-09      0.95176529      0.87799566      0.26852336      0.83065901       12.739388       1016.8818       1471.5204      -25.435551       -26.730327          1.2947768       2809.9869                 21.767871                 396.26228                                588.57478                      10.276823                   12.739388                  1471.5204       167.24603        141.59932
              1       1380.6712     0.022657785       68.513306       3.0500386      0.97135467       7.8774552      0.72452943      0.25618087     0.055538992       1.0004843        0.998817       1.0057923      0.99551449       1.0059268     0.025638529    2.111616e-09      0.95173108      0.87874311       0.2691864      0.83239192       12.787466       1017.4796       1471.8674        -24.7383       -25.892052          1.1537525       2810.8189                 21.728511                 396.27299                                589.14417                      10.333949                   12.787466                  1471.8674       166.93509        141.74933
              1        1381.046     0.022650197       68.462306       3.0505691      0.97046366       7.8917685      0.72395705      0.25584712     0.055893986       1.0011291      0.99865567       1.0060094      0.99947388      0.99913964     0.027195008   2.1127365e-09      0.95167533      0.87835465      0.26974131       0.8328811       12.852529       1018.2876       1472.2219      -25.495939       -26.603622          1.1076839       2813.0838                 21.798754                 396.31452                                589.83379                      10.340521                   12.852529                  1472.2219       167.83948        141.88235
              1       1379.6449     0.022650197       68.462306       3.0505691      0.97046366       7.8917685      0.72395705      0.25584712     0.055893986       1.0005197      0.99912107       1.0025175       0.9961885      0.99961702     0.027195008   2.1127365e-09      0.95167533      0.87835465      0.26974131       0.8328811       12.852529       1016.7888       1472.2219      -25.285977       -26.393661          1.1076839       2809.8617                 21.865176                 396.32723                                 588.3138                      10.282576                   12.852529                  1472.2219       167.77577        140.22269
              1       1380.7668     0.022652845       68.638812       3.0520689      0.97076618       7.9750855      0.72465255      0.24904416     0.050944735      0.99991147      0.99972995       1.0004411      0.99642333       1.0062432     0.014646929   2.1159076e-09      0.95191792      0.88185565      0.26923671      0.83541835       12.756155       1016.7492       1471.3374      -25.005646        -26.12919          1.1235448       2811.5448                 21.916524                 396.55312                                587.95692                      10.322649                   12.756155                  1471.3374       168.52083        142.18126
              1       1382.3143     0.022652845       68.638812       3.0520689      0.97076618       7.9750855      0.72465255      0.24904416     0.050944735       1.0005153       1.0013902       1.0033389       1.0009545       1.0048994     0.014646929   2.1159076e-09      0.95191792      0.88185565      0.26923671      0.83541835       12.756155       1017.3608       1471.3374      -25.318049       -26.441594          1.1235448       2815.2647                 21.849537                 396.56167                                588.62634                      10.323284                   12.756155                  1471.3374       169.97523        143.83508
              1       1379.0365     0.022659593       68.654739        3.053641      0.97147923       7.9425095      0.72458857      0.24392927     0.052581876       1.0016708       1.0021683       1.0040114      0.99739848       1.0029494    0.0077156293   2.1192366e-09      0.95192591      0.88228888      0.26942115        0.836115       12.721552       1017.3919       1471.3138       -24.92019         -26.0852          1.1650098       2807.9134                 21.744802                 396.44148                                588.91635                      10.289301                   12.721552                  1471.3138       167.11845        139.36765
              1       1379.5717     0.022659593       68.654739        3.053641      0.97147923       7.9425095      0.72458857      0.24392927     0.052581876       1.0013503       1.0025371        1.001027      0.99728412        1.000986    0.0077156293   2.1192366e-09      0.95192591      0.88228888      0.26942115        0.836115       12.721552       1017.2003       1471.3138      -24.959276       -26.124286          1.1650098        2809.062                 21.779233                 396.45618                                588.66417                       10.30073                   12.721552                  1471.3138        168.0896        139.73677
              1        1377.809     0.022659593       68.654739        3.053641      0.97147923       7.9425095      0.72458857      0.24392927     0.052581876       1.0016053        1.000603       1.0041354      0.99910087       1.0039082    0.0077156293   2.1192366e-09      0.95192591      0.88228888      0.26942115        0.836115       12.721552       1017.3375       1471.3138      -25.263962       -26.428972          1.1650098        2806.146                 21.751821                 396.45741                                588.83709                      10.291161                   12.721552                  1471.3138       165.13124        139.64191
              1       1379.4069     0.022659593       68.654739        3.053641      0.97147923       7.9425095      0.72458857      0.24392927     0.052581876       1.0015625      0.99911853       1.0057398      0.99811785       1.0076853    0.0077156293   2.1192366e-09      0.95192591      0.88228888      0.26942115        0.836115       12.721552       1017.2981       1471.3138      -24.769772       -25.934782          1.1650098       2808.3533                 21.756409                 396.45618                                588.79304                      10.292508                   12.721552                  1471.3138       165.67047        141.34937
              1       1377.7711     0.022659593       68.654739        3.053641      0.97147923       7.9425095      0.72458857      0.24392927     0.052581876       1.0015625        1.000648       1.0041888      0.99753157       1.0034909    0.0077156293   2.1192366e-09      0.95192591      0.88228888      0.26942115        0.836115       12.721552       1017.2981       1471.3138      -25.169814       -26.334824          1.1650098       2805.8818                 21.756409                 396.45618                                588.79304                      10.292508                   12.721552                  1471.3138       165.16589        139.38245
              1       1378.8307     0.022659593       68.654739        3.053641      0.97147923       7.9425095      0.72458857      0.24392927     0.052581876       1.0021428      0.99972698       1.0049837      0.99890802       1.0055405    0.0077156293   2.1192366e-09      0.95192591      0.88228888      0.26942115        0.836115       12.721552       1018.3267       1471.3138      -24.963429       -26.128439          1.1650098       2807.5884                  21.69463                  396.4425                                589.90649                      10.283115                   12.721552                  1471.3138       165.15411        140.07216
              1       1381.5406     0.022659593       68.654739        3.053641      0.97147923       7.9425095      0.72458857      0.24392927     0.052581876       1.0020203        1.000072       1.0041368      0.99950886       1.0104808    0.0077156293   2.1192366e-09      0.95192591      0.88228888      0.26942115        0.836115       12.721552       1018.0186       1471.3138       -24.28288        -25.44789          1.1650098        2811.647                 21.707578                 396.44854                                589.57896                      10.283505                   12.721552                  1471.3138       164.98091        144.61221
              1       1381.2024     0.022659593       68.654739        3.053641      0.97147923       7.9425095      0.72458857      0.24392927     0.052581876       1.0012987      0.99857547       1.0084917       1.0015189        1.007165    0.0077156293   2.1192366e-09      0.95192591      0.88228888      0.26942115        0.836115       12.721552       1017.1995       1471.3138      -24.864325       -26.029335          1.1650098       2812.1334                 21.784796                 396.45618                                588.65542                      10.303117                   12.721552                  1471.3138       168.36865        142.52991
              1       1383.6919     0.022659593       68.654739        3.053641      0.97147923       7.9425095      0.72458857      0.24392927     0.052581876       1.0017008      0.99635773       1.0040651       1.0029863       1.0023473    0.0077156293   2.1192366e-09      0.95192591      0.88228888      0.26942115        0.836115       12.721552       1017.4293       1471.3138      -24.413144       -25.578153          1.1650098       2816.2102                 21.741596                 396.44181                                588.95733                      10.288532                   12.721552                  1471.3138       171.77081        142.97473
              1       1381.1721     0.022659593       68.654739        3.053641      0.97147923       7.9425095      0.72458857      0.24392927     0.052581876       1.0016663       0.9974753       1.0044364      0.99987948      0.99760939    0.0077156293   2.1192366e-09      0.95192591      0.88228888      0.26942115        0.836115       12.721552       1017.3866       1471.3138      -25.024197       -26.189207          1.1650098       2812.3927                 21.745284                 396.44148                                588.91045                      10.289421                   12.721552                  1471.3138       168.14311        142.82761
              1       1380.8057     0.022644374       68.610239       3.0534868      0.97238721       7.8772012      0.72453969      0.24548793     0.057184541       1.0020368       1.0004742       1.0036996      0.99349543       1.0026736    0.0080331399   2.1189099e-09      0.95189586      0.88216429      0.26942954      0.83600997       12.683884       1017.7516       1471.3548      -24.284919       -25.358553          1.0736349       2810.1813                   21.6221                 396.26893                                589.51765                      10.342952                   12.683884                  1471.3548       165.21269        143.17831
              1       1378.8284     0.022644374       68.610239       3.0534868      0.97238721       7.8772012      0.72453969      0.24548793     0.057184541        1.001891       1.0008968        1.002097       0.9966039       1.0024264    0.0080331399   2.1189099e-09      0.95189586      0.88216429      0.26942954      0.83600997       12.683884       1017.8178       1471.3548      -25.073747       -26.147382          1.0736349       2807.8044                 21.637104                 396.27789                                589.55513                      10.347674                   12.683884                  1471.3548       165.68211        140.26579
              1       1383.6831     0.022636227       68.613747       3.0525391       0.9720936       7.8704314      0.72486496      0.24766128     0.056723507       1.0015282       1.0022563      0.99678608      0.99576556       1.0060675     0.010296254   2.1169027e-09      0.95191808      0.88160853      0.26906623      0.83491979       12.675138       1017.2572       1471.3203      -24.529354       -25.557258           1.027904       2816.4249                 21.675758                 396.26122                                589.00531                      10.314914                   12.675138                  1471.3203       174.16298        141.00928
              1       1385.5953     0.022636227       68.613747       3.0525391       0.9720936       7.8704314      0.72486496      0.24766128     0.056723507       1.0002969       1.0021365      0.99797132      0.99538512       1.0088925     0.010296254   2.1169027e-09      0.95191808      0.88160853      0.26906623      0.83491979       12.675138       1020.5476       1471.3203      -24.255058       -25.282962           1.027904       2819.7007                  21.80655                 396.26474                                592.10434                      10.372005                   12.675138                  1471.3203       171.70119        143.45647
              1       1379.5861     0.022636227       68.613747       3.0525391       0.9720936       7.8704314      0.72486496      0.24766128     0.056723507       1.0005936       1.0011142       1.0061302      0.99983678       1.0012593     0.010296254   2.1169027e-09      0.95191808      0.88160853      0.26906623      0.83491979       12.675138       1019.2912       1471.3203       -25.67915       -26.707054           1.027904       2810.5305                 21.774655                 396.27268                                590.89356                      10.350288                   12.675138                  1471.3203       166.84177        140.40221
              1       1381.6524     0.022636066       68.618802       3.0527145      0.97183182        7.901525      0.72464738      0.24713367     0.055028776      0.99983081       1.0008149       1.0077447      0.99805734       0.9995017    0.0082492236   2.1172739e-09      0.95192551      0.88260933       0.2692851      0.83620747        12.70435       1021.0713        1471.351      -25.657728        -26.68475          1.0270214       2814.6202                 21.871343                 396.37236                                592.36414                      10.463485                    12.70435                   1471.351        168.5717        140.92183
              1       1381.9531     0.022660131       68.373181       3.0533661      0.97100413       7.8174323       0.7222763      0.24828513      0.06509493       1.0007042       1.0012093       1.0080241      0.99943103      0.99972731     0.011369314   2.1186541e-09      0.95152801      0.88141106       0.2715255      0.83853883       12.882701       1020.2124       1472.5602      -25.521848       -26.690231          1.1683829         2814.95                 21.978175                 396.22062                                591.46216                      10.551445                   12.882701                  1472.5602       167.83662        141.45811
              1       1382.3854     0.022660131       68.373181       3.0533661      0.97100413       7.8174323       0.7222763      0.24828513      0.06509493       1.0008189      0.99799796       1.0032297      0.99938102        1.000073     0.011369314   2.1186541e-09      0.95152801      0.88141106       0.2715255      0.83853883       12.882701        1019.698       1472.5602      -25.365617          -26.534          1.1683829       2815.5019                 21.965264                 396.22062                                590.97625                       10.53585                   12.882701                  1472.5602       169.17015        141.19096
              1       1380.8144     0.022660131       68.373181       3.0533661      0.97100413       7.8174323       0.7222763      0.24828513      0.06509493       1.0017185      0.99878671       1.0019125      0.99834073       1.0064086     0.011369314   2.1186541e-09      0.95152801      0.88141106       0.2715255      0.83853883       12.882701       1017.1965       1472.5602      -24.876645       -26.045028          1.1683829       2811.3821                  21.86536                 396.19956                                588.69179                      10.439798                   12.882701                  1472.5602       168.26248        140.48027
              1       1382.0904     0.022660131       68.373181       3.0533661      0.97100413       7.8174323       0.7222763      0.24828513      0.06509493       1.0023381      0.99770626       1.0069665       1.0021385       1.0043531     0.011369314   2.1186541e-09      0.95152801      0.88141106       0.2715255      0.83853883       12.882701       1017.0742       1472.5602      -24.629174       -25.797556          1.1683829       2813.4392                 21.798159                  396.1901                                588.68537                      10.400601                   12.882701                  1472.5602       169.45346        141.46864
              1       1382.0907     0.022660131       68.373181       3.0533661      0.97100413       7.8174323       0.7222763      0.24828513      0.06509493       1.0022675      0.99910313       1.0096559       1.0016438       1.0058926     0.011369314   2.1186541e-09      0.95152801      0.88141106       0.2715255      0.83853883       12.882701       1017.0217       1472.5602      -24.799991       -25.968374          1.1683829       2813.7814                 21.805749                  396.1901                                588.62186                      10.403962                   12.882701                  1472.5602       169.95203        141.36484
              1       1379.0783     0.022660131       68.373181       3.0533661      0.97100413       7.8174323       0.7222763      0.24828513      0.06509493       1.0024172      0.99976009       1.0059251      0.99819666       1.0019509     0.011369314   2.1186541e-09      0.95152801      0.88141106       0.2715255      0.83853883       12.882701       1017.1531       1472.5602      -25.064209       -26.232592          1.1683829        2808.285                 21.789671                  396.1901                                588.77613                      10.397171                   12.882701                  1472.5602       165.57794         140.1111
              1       1379.5188     0.022648825       68.336417       3.0531259      0.97139847       7.7943143      0.72209137      0.24953083     0.066187704       1.0021475       1.0013605       1.0027022      0.99874968       1.0064394     0.012655345   2.1181452e-09      0.95150005      0.88138899       0.2716712      0.83874278       12.904734       1017.5103       1472.7675      -24.817503       -25.917062          1.0995587       2808.6727                 21.763941                 396.17221                                589.11981                      10.454335                   12.904734                  1472.7675       165.05394         140.4362
              1       1379.9492     0.022648825       68.336417       3.0531259      0.97139847       7.7943143      0.72209137      0.24953083     0.066187704       1.0021475       1.0025096       1.0054364      0.99889825       1.0030102     0.012655345   2.1181452e-09      0.95150005      0.88138899       0.2716712      0.83874278       12.904734       1017.5103       1472.7675      -24.885658       -25.985216          1.0995587       2809.6698                 21.763941                 396.17221                                589.11981                      10.454335                   12.904734                  1472.7675       166.51224        139.97501
              1       1379.4911     0.022636157       68.365127       3.0530626      0.97124503       7.8053958      0.72232382      0.24897391     0.064753192       1.0020119       1.0011909       1.0027907      0.99715536       1.0041838      0.01203007    2.118011e-09      0.95156788      0.88156395      0.27146208      0.83858633       12.876189       1017.4002       1472.6319      -25.023479       -26.050996          1.0275176       2809.0291                  21.79054                  396.1693                                588.99069                      10.449652                   12.876189                  1472.6319       165.92773        140.19312
              1       1382.9178     0.022658809        68.28708       3.0527758      0.97102807       7.7940021      0.72180407      0.25115726     0.064235806       1.0010139      0.99820033       1.0017241      0.99731418       1.0022003     0.013362337   2.1174038e-09      0.95140853      0.88131799      0.27190573      0.83903714       13.063742       1020.0006       1473.2261      -25.172881       -26.332999          1.1601177       2816.1814                 21.910286                 396.17627                                591.39757                      10.516527                   13.063742                  1473.2261        170.1907        139.70016
              1       1382.0561     0.022658809        68.28708       3.0527758      0.97102807       7.7940021      0.72180407      0.25115726     0.064235806       1.0028205      0.99905444       1.0063419       0.9955004       1.0037661     0.013362337   2.1174038e-09      0.95140853      0.88131799      0.27190573      0.83903714       13.063742       1019.1765       1473.2261      -24.337361       -25.497479          1.1601177        2812.787                 21.715464                 396.18334                                590.88791                      10.389811                   13.063742                  1473.2261       166.74286        140.57774
              1       1379.2399     0.022658809        68.28708       3.0527758      0.97102807       7.7940021      0.72180407      0.25115726     0.064235806       1.0020139       1.0010568       1.0042925      0.99896932       1.0021344     0.013362337   2.1174038e-09      0.95140853      0.88131799      0.27190573      0.83903714       13.063742       1018.1675       1473.2261      -25.203818       -26.363936          1.1601177       2808.8874                 21.801167                 396.16622                                589.77681                      10.423343                   13.063742                  1473.2261        164.8656        139.56444
              1       1380.6705     0.022658809        68.28708       3.0527758      0.97102807       7.7940021      0.72180407      0.25115726     0.064235806       1.0020139      0.99859899       1.0062112      0.99972568       1.0017819     0.013362337   2.1174038e-09      0.95140853      0.88131799      0.27190573      0.83903714       13.063742       1018.1675       1473.2261      -25.194355       -26.354473          1.1601177       2811.7298                 21.801167                 396.16622                                589.77681                      10.423343                   13.063742                  1473.2261       167.41776        139.85466
              1       1379.8881     0.022625112       68.226273       3.0525987      0.97091469        7.747218       0.7215669       0.2524134     0.068041827       1.0021501       1.0008281       1.0045999       1.0002712       1.0023371     0.014216247   2.1170289e-09      0.95139427      0.88089989      0.27209992      0.83893851        13.02736       1017.7164       1473.5278      -25.389354       -26.358457         0.96910282        2810.555                 21.833233                 396.04473                                589.38941                      10.449015                    13.02736                  1473.5278       166.35362        139.92979
              1       1380.0281     0.022625112       68.226273       3.0525987      0.97091469        7.747218       0.7215669       0.2524134     0.068041827       1.0025825       1.0016284       1.0050471       1.0002342       1.0040543     0.014216247   2.1170289e-09      0.95139427      0.88089989      0.27209992      0.83893851        13.02736       1017.4192       1473.5278      -25.013075       -25.982178         0.96910282       2810.0824                  21.78677                 396.04909                                589.15976                      10.423602                    13.02736                  1473.5278       166.54941        139.55856
              1       1380.0188     0.022625112       68.226273       3.0525987      0.97091469        7.747218       0.7215669       0.2524134     0.068041827       1.0025825       1.0005201       1.0044818        1.000009       1.0016883     0.014216247   2.1170289e-09      0.95139427      0.88089989      0.27209992      0.83893851        13.02736       1017.4192       1473.5278      -25.275252       -26.244355         0.96910282        2810.588                  21.78677                 396.04909                                589.15976                      10.423602                    13.02736                  1473.5278       166.49765        140.11597
              1       1383.9428     0.022681033       68.231985       3.0508297      0.97136354       7.6650747      0.72222913       0.2566206     0.071396118       1.0017402       1.0023804      0.99669549      0.99997495       1.0064816     0.020923248   2.1132872e-09       0.9512823      0.87816449      0.27137016      0.83521117       12.930616       1018.1814       1473.2428      -24.558563       -25.865371          1.3068084       2817.0028                 21.793026                 395.94088                                590.16081                      10.286705                   12.930616                  1473.2428       172.68192        139.96605
              1       1382.8766     0.022681033       68.231985       3.0508297      0.97136354       7.6650747      0.72222913       0.2566206     0.071396118       1.0018456       1.0044387      0.99988862       1.0004402       1.0049513     0.020923248   2.1132872e-09       0.9512823      0.87816449      0.27137016      0.83521117       12.930616       1017.9425       1473.2428      -23.909304       -25.216113          1.3068084       2813.5719                 21.781821                 395.94088                                 589.9346                      10.285221                   12.930616                  1473.2428       169.76895          139.687
              1       1383.2964     0.022681033       68.231985       3.0508297      0.97136354       7.6650747      0.72222913       0.2566206     0.071396118       1.0021897       1.0043721      0.99943527       1.0005269       1.0003681     0.020923248   2.1132872e-09       0.9512823      0.87816449      0.27137016      0.83521117       12.930616       1017.4181       1473.2428      -24.059351        -25.36616          1.3068084       2814.7115                 21.745456                  395.9346                                589.45323                      10.284793                   12.930616                  1473.2428       170.02687        141.09315
              1       1379.5177     0.022681033       68.231985       3.0508297      0.97136354       7.6650747      0.72222913       0.2566206     0.071396118       1.0021897       1.0008978       1.0044983       1.0018759       1.0038698     0.020923248   2.1132872e-09       0.9512823      0.87816449      0.27137016      0.83521117       12.930616       1017.4181       1473.2428      -24.855746       -26.162554          1.3068084       2808.7469                 21.745456                  395.9346                                589.45323                      10.284793                   12.930616                  1473.2428       164.69131        140.46407
              1       1382.5155     0.022681033       68.231985       3.0508297      0.97136354       7.6650747      0.72222913       0.2566206     0.071396118        1.002574        1.001037        1.004177      0.99322505       1.0049749     0.020923248   2.1132872e-09       0.9512823      0.87816449      0.27137016      0.83521117       12.930616       1017.3276       1473.2428      -23.550759       -24.857567          1.3068084       2812.1325                 21.705225                 395.94939                                589.38074                      10.292287                   12.930616                  1473.2428        164.6225        144.00893
              1        1379.419     0.022716647       68.362607       3.0497525      0.96905397       7.8074793      0.72314435      0.25718764     0.062021432       1.0006593      0.99859819       1.0035618      0.99569534       1.0045168     0.019796835   2.1110118e-09      0.95139209      0.87857971      0.27048263      0.83423851       12.974326       1016.7485       1472.5985      -24.447507       -26.023363          1.5758559       2807.7331                 22.078548                 396.20598                                 588.2924                      10.171599                   12.974326                  1472.5985       165.11465        140.29713
              1       1381.3914     0.022716647       68.362607       3.0497525      0.96905397       7.8074793      0.72314435      0.25718764     0.062021432       1.0006593      0.99775288       1.0054887       1.0006827       1.0063781     0.019796835   2.1110118e-09      0.95139209      0.87857971      0.27048263      0.83423851       12.974326       1016.7485       1472.5985      -24.532315       -26.108171          1.5758559       2811.8475                 22.078548                 396.20598                                 588.2924                      10.171599                   12.974326                  1472.5985       165.54501        143.98114
              1       1380.2655     0.022698449       68.271108       3.0505588      0.96865361       7.8468893      0.72208176      0.25749143     0.062134038      0.99990745      0.99843395       1.0052195       1.0001503       1.0040105     0.018957951   2.1127147e-09      0.95130075      0.87983934      0.27148624      0.83698305       13.190051        1016.372       1473.2623       -25.09705       -26.530226           1.433176       2810.7252                 22.220302                 396.28271                                587.61304                      10.255989                   13.190051                  1473.2623       165.67648        142.22427
              1       1380.6226     0.022721817       68.479716       3.0535404      0.96966023       7.8897082      0.72243355      0.24482393      0.05779403       1.0003698       1.0014002      0.99886285      0.99966185       1.0042462    0.0014695634   2.1190234e-09      0.95154717      0.88339107      0.27145378      0.84031153       13.003897       1018.2172       1472.1273      -24.908248       -26.526609          1.6183612       2811.0617                 22.164955                  396.3956                                589.11689                      10.539729                   13.003897                  1472.1273       167.02234        140.69102
              1       1378.8909     0.022721817       68.479716       3.0535404      0.96966023       7.8897082      0.72243355      0.24482393      0.05779403       1.0004789       1.0005324       1.0006881      0.99698396       1.0005988    0.0014695634   2.1190234e-09      0.95154717      0.88339107      0.27145378      0.84031153       13.003897       1018.0476       1472.1273      -24.938424       -26.556786          1.6183612       2807.6586                 22.152032                  396.3956                                588.97744                      10.522574                   13.003897                  1472.1273       164.49699        139.98283
              1       1378.7283     0.022721817       68.479716       3.0535404      0.96966023       7.8897082      0.72243355      0.24482393      0.05779403         1.00105        1.000086       1.0053993      0.99804596       1.0046447    0.0014695634   2.1190234e-09      0.95154717      0.88339107      0.27145378      0.84031153       13.003897       1017.8202       1472.1273      -24.814111       -26.432473          1.6183612       2807.0848                 22.085003                 396.39713                                588.89417                      10.443912                   13.003897                  1472.1273       163.87843        140.25499
              1       1378.1187     0.022721817       68.479716       3.0535404      0.96966023       7.8897082      0.72243355      0.24482393      0.05779403        1.000885        0.999406       1.0052216      0.99838495        1.002403    0.0014695634   2.1190234e-09      0.95154717      0.88339107      0.27145378      0.84031153       13.003897       1017.7717       1472.1273      -24.999936       -26.618297          1.6183612       2806.2373                 22.104256                 396.39594                                588.80678                      10.464715                   13.003897                  1472.1273       163.48424        139.85017
              1       1383.0444     0.022721817       68.479716       3.0535404      0.96966023       7.8897082      0.72243355      0.24482393      0.05779403       1.0001372       1.0003398       1.0093421       0.9949799       1.0051994    0.0014695634   2.1190234e-09      0.95154717      0.88339107      0.27145378      0.84031153       13.003897       1018.7069       1472.1273      -24.312819        -25.93118          1.6183612       2814.7144                 22.192657                 396.38852                                589.54714                      10.578616                   13.003897                  1472.1273       169.54047        141.33582
              1       1383.0084     0.022721817       68.479716       3.0535404      0.96966023       7.8897082      0.72243355      0.24482393      0.05779403       1.0005681       1.0026993       1.0053599       0.9988194      0.99670575    0.0014695634   2.1190234e-09      0.95154717      0.88339107      0.27145378      0.84031153       13.003897        1017.939       1472.1273      -24.633676       -26.252038          1.6183612       2815.2842                  22.14149                  396.3956                                588.89288                      10.509054                   13.003897                  1472.1273       169.15332        143.06067
              1       1378.5787     0.022721817       68.479716       3.0535404      0.96966023       7.8897082      0.72243355      0.24482393      0.05779403       1.0005681       1.0001026       1.0045809      0.99985713       1.0002793    0.0014695634   2.1190234e-09      0.95154717      0.88339107      0.27145378      0.84031153       13.003897        1017.939       1472.1273      -25.173873       -26.792234          1.6183612       2807.5051                  22.14149                  396.3956                                588.89288                      10.509054                   13.003897                  1472.1273       163.44254        140.99239
              1        1379.013     0.022721817       68.479716       3.0535404      0.96966023       7.8897082      0.72243355      0.24482393      0.05779403       1.0010699      0.99990305       1.0036053      0.99478132       1.0029067    0.0014695634   2.1190234e-09      0.95154717      0.88339107      0.27145378      0.84031153       13.003897       1017.8321       1472.1273      -24.354038       -25.972399          1.6183612        2806.734                 22.082693                 396.39713                                588.91078                      10.441515                   13.003897                  1472.1273       163.12776        140.64297
              1       1382.0541     0.022721817       68.479716       3.0535404      0.96966023       7.8897082      0.72243355      0.24482393      0.05779403       1.0011615      0.99700943        1.006032      0.99356856       1.0001851    0.0014695634   2.1190234e-09      0.95154717      0.88339107      0.27145378      0.84031153       13.003897       1017.9043       1472.1273      -23.570532       -25.188893          1.6183612       2811.2493                  22.07205                 396.39713                                589.00434                      10.430746                   13.003897                  1472.1273       166.31564        141.89819
              1        1380.382     0.022710468       68.466379       3.0531362      0.96939007       7.8817043      0.72265056       0.2466019     0.058930871       1.0017359      0.99752748       1.0051778      0.99934848      0.99911496    0.0045922802   2.1181671e-09       0.9515525      0.88261345      0.27120655      0.83918941       12.957645       1018.2281       1472.1529      -24.695044       -26.221236          1.5261919        2810.154                 22.036373                 396.37367                                589.50767                      10.310386                   12.957645                  1472.1529       165.59821        141.21718
              1       1380.4558     0.022710468       68.466379       3.0531362      0.96939007       7.8817043      0.72265056       0.2466019     0.058930871       1.0017359      0.99929949       1.0039524      0.99625983       1.0071695    0.0045922802   2.1181671e-09       0.9515525      0.88261345      0.27120655      0.83918941       12.957645       1018.2281       1472.1529      -24.192133       -25.718325          1.5261919       2809.2958                 22.036373                 396.37367                                589.50767                      10.310386                   12.957645                  1472.1529       163.95151        142.00565
              1       1380.4711     0.022710468       68.466379       3.0531362      0.96939007       7.8817043      0.72265056       0.2466019     0.058930871       1.0015595       1.0004044      0.99872892        0.997553       1.0036903    0.0045922802   2.1181671e-09       0.9515525      0.88261345      0.27120655      0.83918941       12.957645       1017.7576       1472.1529      -24.812709       -26.338901          1.5261919       2810.5676                 22.056715                 396.37367                                589.00563                       10.32155                   12.957645                  1472.1529       167.89923        139.80023
              1       1382.5794     0.022710468       68.466379       3.0531362      0.96939007       7.8817043      0.72265056       0.2466019     0.058930871       1.0003852       1.0013267      0.99704434      0.99479576       1.0028073    0.0045922802   2.1181671e-09       0.9515525      0.88261345      0.27120655      0.83918941       12.957645       1017.3268       1472.1529      -24.437749       -25.963941          1.5261919       2814.0343                 22.194719                 396.39913                                588.29183                      10.441163                   12.957645                  1472.1529       171.21271         140.3842
              1       1380.4046     0.022710468       68.466379       3.0531362      0.96939007       7.8817043      0.72265056       0.2466019     0.058930871       1.0003105      0.99736462       1.0060354      0.99851545          1.0061    0.0045922802   2.1181671e-09       0.9515525      0.88261345      0.27120655      0.83918941       12.957645       1017.4557       1472.1529      -24.493447       -26.019639          1.5261919       2809.7961                 22.203644                 396.39913                                588.40152                       10.45144                   12.957645                  1472.1529        166.1002        141.12965
              1       1379.3146      0.02272816       68.604806       3.0530093      0.96937165       7.9116797      0.72356602      0.24394594     0.054645171       1.0000836      0.99840602       1.0000716      0.99581818       1.0004126   0.00076292674   2.1178984e-09      0.95171022      0.88303954      0.27039033      0.83833019       12.847574       1016.9779       1471.4176      -24.571126       -26.242837          1.6717112       2807.7715                 22.214413                 396.45333                                587.93408                      10.376052                   12.847574                  1471.4176       166.46829        140.06017
              1       1380.3113      0.02272816       68.604806       3.0530093      0.96937165       7.9116797      0.72356602      0.24394594     0.054645171       1.0000965      0.99854951       1.0027464        1.001191      0.99659706   0.00076292674   2.1178984e-09      0.95171022      0.88303954      0.27039033      0.83833019       12.847574       1016.9632       1471.4176       -24.88581       -26.557521          1.6717112       2810.3943                 22.212865                 396.45333                                587.92257                      10.374436                   12.847574                  1471.4176        163.9207        145.24524
              1       1378.7692      0.02272816       68.604806       3.0530093      0.96937165       7.9116797      0.72356602      0.24394594     0.054645171       1.0003434      0.99895126       1.0073362      0.99944777       1.0006667   0.00076292674   2.1178984e-09      0.95171022      0.88303954      0.27039033      0.83833019       12.847574       1016.7845       1471.4176      -25.065861       -26.737572          1.6717112       2807.6702                 22.183256                 396.44709                                587.80884                      10.345281                   12.847574                  1471.4176       165.71123        140.90932
              1       1378.1281      0.02272816       68.604806       3.0530093      0.96937165       7.9116797      0.72356602      0.24394594     0.054645171       1.0003434      0.99858088       1.0013843      0.99874093       1.0012179   0.00076292674   2.1178984e-09      0.95171022      0.88303954      0.27039033      0.83833019       12.847574       1016.7845       1471.4176        -24.9735       -26.645211          1.6717112       2806.2033                 22.183256                 396.44709                                587.80884                      10.345281                   12.847574                  1471.4176       164.79184         140.3618
              1       1378.5725      0.02272816       68.604806       3.0530093      0.96937165       7.9116797      0.72356602      0.24394594     0.054645171       1.0009088       0.9978733       1.0041733      0.99749067       1.0045078   0.00076292674   2.1178984e-09      0.95171022      0.88303954      0.27039033      0.83833019       12.847574       1017.1738       1471.4176      -24.482434       -26.154145          1.6717112       2806.1099                 22.116206                 396.45382                                588.31206                      10.291703                   12.847574                  1471.4176       164.14516        140.52582
              1       1377.9309      0.02272816       68.604806       3.0530093      0.96937165       7.9116797      0.72356602      0.24394594     0.054645171       1.0006371      0.99907856       1.0057682      0.99785387      0.99977624   0.00076292674   2.1178984e-09      0.95171022      0.88303954      0.27039033      0.83833019       12.847574       1016.8551       1471.4176      -24.953825       -26.625536          1.6717112       2805.7695                 22.148303                 396.45382                                587.93777                      10.315168                   12.847574                  1471.4176       164.28951        140.35979
              1       1379.2964     0.022729413       68.596293       3.0529849      0.96957936       7.9000283      0.72354704      0.24431717     0.055355583       1.0007495      0.99820657         1.00753      0.99634907      0.99824901    0.0014638706   2.1178467e-09      0.95169558      0.88295526      0.27040231      0.83826873        12.84295        1016.818       1471.4334      -24.554267       -26.236662          1.6823949       2807.7013                 22.111217                 396.41383                                587.97005                      10.322908                    12.84295                  1471.4334       165.52086        141.08606
              1       1383.0936     0.022729413       68.596293       3.0529849      0.96957936       7.9000283      0.72354704      0.24431717     0.055355583       1.0005825       1.0013151       1.0073514      0.99234021      0.99895915    0.0014638706   2.1178467e-09      0.95169558      0.88295526      0.27040231      0.83826873        12.84295       1016.7565       1471.4334      -23.548849       -25.231244          1.6823949       2813.2849                  22.13086                 396.41383                                587.87276                      10.339026                    12.84295                  1471.4334        169.0182         143.2339
              1       1384.2774     0.022729413       68.596293       3.0529849      0.96957936       7.9000283      0.72354704      0.24431717     0.055355583       1.0009551       1.0018358       1.0074369       0.9921203       1.0029259    0.0014638706   2.1178467e-09      0.95169558      0.88295526      0.27040231      0.83826873        12.84295       1017.0232       1471.4334      -23.256372       -24.938767          1.6823949       2815.0675                 22.087166                 396.41383                                588.21698                      10.305257                    12.84295                  1471.4334       170.69304        143.07492
              1       1379.3058     0.022729413       68.596293       3.0529849      0.96957936       7.9000283      0.72354704      0.24431717     0.055355583       1.0000497       1.0017853       1.0031878       0.9967545       1.0033393    0.0014638706   2.1178467e-09      0.95169558      0.88295526      0.27040231      0.83826873        12.84295       1017.1893       1471.4334      -24.593492       -26.275887          1.6823949       2807.7986                 22.194149                 396.41111                                588.18289                      10.401152                    12.84295                  1471.4334       166.33598        139.99701
              1        1378.207     0.022729413       68.596293       3.0529849      0.96957936       7.9000283      0.72354704      0.24431717     0.055355583       1.0012889      0.99960317       1.0038391      0.99590929       1.0031559    0.0014638706   2.1178467e-09      0.95169558      0.88295526      0.27040231      0.83826873        12.84295       1017.6623       1471.4334      -24.486585        -26.16898          1.6823949       2805.3871                 22.048417                 396.41594                                588.91619                      10.281742                    12.84295                  1471.4334       163.34573        140.10272
              1       1377.9189     0.022729413       68.596293       3.0529849      0.96957936       7.9000283      0.72354704      0.24431717     0.055355583       1.0005829      0.99906709       1.0033235      0.99515399       1.0028094    0.0014638706   2.1178467e-09      0.95169558      0.88295526      0.27040231      0.83826873        12.84295       1016.7565       1471.4334      -24.404859       -26.087254          1.6823949       2804.6475                 22.130816                 396.41383                                587.87287                      10.338989                    12.84295                  1471.4334       163.29306        140.32159
              1       1380.0265     0.022760015       68.479331       3.0518307      0.96899938       7.8696619      0.72300176      0.24978342     0.057834477       1.0005158      0.99872419        1.000823      0.99588227       1.0053066     0.011157986   2.1154036e-09      0.95146517       0.8808541      0.27079866       0.8368866       12.986068       1017.6262       1472.0267      -24.061927       -26.021241          1.9593137       2808.1768                 22.176411                 396.37336                                588.86668                       10.20979                   12.986068                  1472.0267       164.41405        141.12373
              1       1381.0802     0.022760015       68.479331       3.0518307      0.96899938       7.8696619      0.72300176      0.24978342     0.057834477       1.0003087       1.0013634       1.0045595      0.99892583       1.0050968     0.011157986   2.1154036e-09      0.95146517       0.8808541      0.27079866       0.8368866       12.986068       1017.4247       1472.0267      -24.475299       -26.434612          1.9593137       2811.1111                 22.201118                 396.38195                                588.62015                      10.221502                   12.986068                  1472.0267       167.10374        141.56984
              1       1379.5286     0.022756652       68.407654       3.0508662      0.96946652       7.7733646      0.72299678      0.25341891     0.064785835       1.0016351       1.0008431        1.002148      0.99682027       1.0044426     0.017320414   2.1133642e-09      0.95137059      0.87867311      0.27071755      0.83468942       12.889654       1017.6419       1472.1623      -24.201624       -26.129024          1.9273995       2807.4605                 22.005832                 396.15905                                589.30118                      10.175857                   12.889654                  1472.1623        164.3886        140.37807
              1       1379.4848      0.02271371       68.568038       3.0510238      0.96730332       7.8947619      0.72391056      0.24820807     0.055231996        1.000652      0.99878214       1.0039441       0.9957311       1.0016882    0.0082786012   2.1136974e-09      0.95168916      0.88047002      0.26996578      0.83523427       12.834397       1017.0704        1471.604      -24.672446       -26.224537          1.5520913       2808.3144                 22.394669                 396.40936                                588.18478                      10.081619                   12.834397                   1471.604       167.31749        139.48816
              1        1380.125      0.02271371       68.568038       3.0510238      0.96730332       7.8947619      0.72391056      0.24820807     0.055231996      0.99983369      0.99798798      0.99999996      0.99404951      0.99990779    0.0082786012   2.1136974e-09      0.95168916      0.88047002      0.26996578      0.83523427       12.834397       1015.3107        1471.604      -24.162414       -25.714505          1.5520913       2808.5749                 22.497991                 396.44077                                586.27395                      10.098023                   12.834397                   1471.604       169.27274        139.55307
              1       1383.7012     0.022807918       68.520192       3.0490019      0.96807428       7.6048183      0.72614004       0.2561571     0.072322711       1.0025459       0.9993025       1.0039525       0.9964324       1.0076343     0.031437623   2.1094279e-09      0.95142101      0.86860941      0.26766743      0.82046803       12.571813       1018.8649       1471.2088      -22.954201       -25.407289           2.453088       2813.3109                 22.252199                 395.92651                                590.80528                      9.8808963                   12.571813                  1471.2088       170.35669        140.30869
              1       1383.0646     0.022807918       68.520192       3.0490019      0.96807428       7.6048183      0.72614004       0.2561571     0.072322711        1.002298        1.000602       1.0032497      0.99587611      0.99888775     0.031437623   2.1094279e-09      0.95142101      0.86860941      0.26766743      0.82046803       12.571813       1018.9087       1471.2088      -23.490706       -25.943794           2.453088       2813.1106                 22.282154                 395.92651                                 590.8671                      9.8329133                   12.571813                  1471.2088       170.05557        140.36574
              1       1386.1287     0.022808432       68.517548       3.0489515      0.96806134       7.6042623      0.72613557      0.25636844     0.072405753       1.0022769      0.99931684       1.0091535      0.99295546        1.003144     0.031656517   2.1093216e-09      0.95141616      0.86856398      0.26766671      0.82042402       12.572137       1018.7774       1471.2188       -22.59612       -25.054898          2.4587784       2817.4496                 22.283749                 395.92651                                590.72927                      9.8378458                   12.572137                  1471.2188       173.54559        141.33574
              1       1386.7159     0.022787514       68.438634       3.0491324      0.96758079       7.6156091      0.72569377      0.25794116      0.07372668       1.0024741      0.99897126       1.0048157      0.99185735       1.0033067     0.034264546   2.1097033e-09      0.95134872      0.86794577      0.26805111      0.82042855       12.587237       1019.2577       1471.7322      -22.289708       -24.523529          2.2338209       2818.0113                 22.331031                 395.93507                                591.13618                      9.8553814                   12.587237                  1471.7322       171.93379        142.50032
              1       1383.9312     0.022787514       68.438634       3.0491324      0.96758079       7.6156091      0.72569377      0.25794116      0.07372668       1.0024741        1.000295         1.00687       0.9961033       1.0049053     0.034264546   2.1097033e-09      0.95134872      0.86794577      0.26805111      0.82042855       12.587237       1019.2577       1471.7322      -23.487289        -25.72111          2.2338209       2814.8371                 22.331031                 395.93507                                591.13618                      9.8553814                   12.587237                  1471.7322       172.64299        138.61691
              1       1385.5669     0.022787514       68.438634       3.0491324      0.96758079       7.6156091      0.72569377      0.25794116      0.07372668       1.0029108      0.99940431       1.0054021      0.99311781       1.0035962     0.034264546   2.1097033e-09      0.95134872      0.86794577      0.26805111      0.82042855       12.587237       1019.5294       1471.7322      -22.591468       -24.825288          2.2338209       2816.3167                 22.277924                 395.94094                                591.36263                      9.9479247                   12.587237                  1471.7322       171.69099        140.77684
              1       1383.6247     0.022787514       68.438634       3.0491324      0.96758079       7.6156091      0.72569377      0.25794116      0.07372668       1.0026199      0.99901313       1.0065889      0.99680105       1.0005966     0.034264546   2.1097033e-09      0.95134872      0.86794577      0.26805111      0.82042855       12.587237       1019.2809       1471.7322       -23.72566        -25.95948          2.2338209       2814.7007                 22.313249                 395.94094                                591.14161                      9.8850868                   12.587237                  1471.7322       172.41476        138.68555
              1        1384.556     0.022794094       68.428122       3.0490545      0.96759395       7.6138943      0.72565361      0.25846085     0.073961694       1.0022715        1.000739       1.0078778      0.99718185        1.001657     0.034505288    2.109539e-09      0.95131972      0.86786086      0.26807729      0.82038836       12.591544       1019.8411       1471.7892      -23.850713       -26.153802          2.3030885       2816.8134                   22.3477                 395.91669                                591.75741                      9.8192625                   12.591544                  1471.7892       174.37143        138.22015
              1       1383.7337     0.022794094       68.428122       3.0490545      0.96759395       7.6138943      0.72565361      0.25846085     0.073961694       1.0017767       1.0006072       1.0062626      0.99817722       1.0036185     0.034505288    2.109539e-09      0.95131972      0.86786086      0.26807729      0.82038836       12.591544       1020.5897       1471.7892      -24.037491        -26.34058          2.3030885       2815.5425                  22.40868                 395.91728                                  592.532                      9.7317269                   12.591544                  1471.7892       172.52245        138.04961
              1       1385.3173     0.022794094       68.428122       3.0490545      0.96759395       7.6138943      0.72565361      0.25846085     0.073961694       1.0017767       1.0004503       1.0089355      0.99783362       1.0039661     0.034505288    2.109539e-09      0.95131972      0.86786086      0.26807729      0.82038836       12.591544       1020.5897       1471.7892      -23.987773       -26.290861          2.3030885       2818.6101                  22.40868                 395.91728                                  592.532                      9.7317269                   12.591544                  1471.7892       175.58261        138.05704
              1       1385.7967     0.022794094       68.428122       3.0490545      0.96759395       7.6138943      0.72565361      0.25846085     0.073961694        1.003651       0.9983492       1.0067988        0.997807       1.0026039     0.034505288    2.109539e-09      0.95131972      0.86786086      0.26807729      0.82038836       12.591544       1022.1348       1471.7892      -23.115601       -25.418689          2.3030885       2817.8246                  22.18119                  395.9378                                593.87967                      10.136141                   12.591544                  1471.7892       173.27974         138.0293
              1       1384.8809     0.022794094       68.428122       3.0490545      0.96759395       7.6138943      0.72565361      0.25846085     0.073961694       1.0034718       1.0012527       1.0034338      0.99700408       1.0033576     0.034505288    2.109539e-09      0.95131972      0.86786086      0.26807729      0.82038836       12.591544       1021.4789       1471.7892      -23.136068       -25.439157          2.3030885       2816.0339                 22.202513                  395.9378                                593.24967                      10.088957                   12.591544                  1471.7892       172.12283        138.05141
              1       1385.2322     0.022794094       68.428122       3.0490545      0.96759395       7.6138943      0.72565361      0.25846085     0.073961694       1.0034718      0.99991722       1.0025306      0.99651757       1.0051492     0.034505288    2.109539e-09      0.95131972      0.86786086      0.26807729      0.82038836       12.591544       1021.4789       1471.7892      -23.000531       -25.303619          2.3030885       2816.4654                 22.202513                  395.9378                                593.24967                      10.088957                   12.591544                  1471.7892       172.05074        138.55505
              1        1384.363     0.022726173       68.487723       3.0496255      0.96805337       7.5593062      0.72630209      0.25556336     0.075919469       1.0044583       1.0009877       1.0026967       1.0008194      0.99969344     0.030834493   2.1107438e-09      0.95154921      0.86835878      0.26752414      0.82001172        12.56937       1017.8284       1471.3696      -23.503192       -25.158052          1.6548598       2815.7323                 22.126299                 395.82392                                 589.7578                      10.120401                    12.56937                  1471.3696        173.1825        140.78239
              1       1382.8736     0.022726173       68.487723       3.0496255      0.96805337       7.5593062      0.72630209      0.25556336     0.075919469       1.0044583       1.0007837       1.0056934       0.9984933       1.0047575     0.030834493   2.1107438e-09      0.95154921      0.86835878      0.26752414      0.82001172        12.56937       1017.8284       1471.3696      -23.270392       -24.925252          1.6548598        2812.288                 22.126299                 395.82392                                 589.7578                      10.120401                    12.56937                  1471.3696       172.66295        137.85768
              1        1383.559     0.022726173       68.487723       3.0496255      0.96805337       7.5593062      0.72630209      0.25556336     0.075919469        1.002908        1.001837       1.0063537       1.0022734       1.0042224     0.030834493   2.1107438e-09      0.95154921      0.86835878      0.26752414      0.82001172        12.56937       1018.2377       1471.3696      -24.004191       -25.659051          1.6548598       2815.1263                  22.31161                 395.83531                                590.30138                      9.7894037                    12.56937                  1471.3696       173.41565        139.53398
              1       1384.4457     0.022732787       68.509634       3.0492734      0.96822047       7.5603552       0.7264607      0.25606641     0.075218073       1.0027582      0.99991487       1.0009745       1.0018545        1.007923     0.030715562   2.1100007e-09      0.95156611      0.86862815      0.26736038        0.820015       12.573101       1017.3139       1471.2109       -23.82025        -25.53169          1.7114398       2816.5319                  22.27794                 395.83531                                589.36573                      9.8349107                   12.573101                  1471.2109        175.0157        140.41826
              1       1382.2454     0.022732787       68.509634       3.0492734      0.96822047       7.5603552       0.7264607      0.25606641     0.075218073       1.0027582       1.0014302       1.0042848      0.99557295        1.002176     0.030715562   2.1100007e-09      0.95156611      0.86862815      0.26736038        0.820015       12.573101       1017.3139       1471.2109      -23.855311       -25.566751          1.7114398       2812.2014                  22.27794                 395.83531                                589.36573                      9.8349107                   12.573101                  1471.2109       171.63962        139.46384
              1       1382.1293     0.022729978       68.533254       3.0488028      0.96829343       7.5634427      0.72657326      0.25638941     0.074460928       1.0025111      0.99867779        1.005505      0.99546309       1.0057109      0.02907599    2.109008e-09      0.95160547       0.8694268      0.26724333      0.82058927       12.579715        1016.069       1471.0373      -23.712046        -25.39928           1.687234       2811.6826                  22.26149                 395.83028                                588.09101                      9.8862282                   12.579715                  1471.0373       172.42929        139.56734
              1       1383.8684     0.022713189       68.316925       3.0496204      0.96878986       7.5437756      0.72453609      0.25956749     0.081314462       1.0045764       1.0000478       1.0076821      0.99462229       1.0043921     0.033321617    2.110733e-09      0.95133447      0.86998913      0.26911035      0.82398328       12.595689       1016.2227       1472.2227      -22.696621       -24.244527          1.5479063       2813.1301                 21.964459                 395.77269                                588.16972                      10.315795                   12.595689                  1472.2227       170.86162         141.2274
              1       1381.8955     0.022717591       68.353032       3.0513958      0.96810581       7.6073617      0.72420235      0.25313227     0.079596608       1.0044183       1.0010421       1.0026672      0.99967921        1.006684     0.022465495   2.1144838e-09      0.95137645      0.87210851      0.26958116      0.82671281       12.595437       1016.1951       1472.1711      -23.189112       -24.772666           1.583554       2810.1693                 22.143098                 395.90539                                 588.1954                      9.9511851                   12.595437                  1472.1711       170.44958        138.75809
              1       1382.0271     0.022717591       68.353032       3.0513958      0.96810581       7.6073617      0.72420235      0.25313227     0.079596608       1.0036444       1.0002745       1.0025385       1.0008875      0.99994963     0.022465495   2.1144838e-09      0.95137645      0.87210851      0.26958116      0.82671281       12.595437       1015.3273       1472.1711       -24.15006       -25.733614           1.583554       2812.3543                 22.234938                 395.91961                                 587.3202                      9.8525124                   12.595437                  1472.1711       171.31004        140.95042
              1       1381.8663     0.022717591       68.353032       3.0513958      0.96810581       7.6073617      0.72420235      0.25313227     0.079596608       1.0027827       1.0006233        1.005399      0.99645403       1.0002001     0.022465495   2.1144838e-09      0.95137645      0.87210851      0.26958116      0.82671281       12.595437       1016.7134       1472.1711      -24.283045       -25.866599           1.583554       2812.2988                 22.339204                 395.91446                                588.67731                      9.7824278                   12.595437                  1472.1711       170.07166        140.74716
              1       1383.3361     0.022717591       68.353032       3.0513958      0.96810581       7.6073617      0.72420235      0.25313227     0.079596608       1.0027827        1.000897       1.0001401      0.99918829      0.99934287     0.022465495   2.1144838e-09      0.95137645      0.87210851      0.26958116      0.82671281       12.595437       1016.7134       1472.1711      -24.551733       -26.135287           1.583554       2815.7757                 22.339204                 395.91446                                588.67731                      9.7824278                   12.595437                  1472.1711       173.39085        140.90489
              1       1382.4668     0.022717591       68.353032       3.0513958      0.96810581       7.6073617      0.72420235      0.25313227     0.079596608        1.003973      0.99867881       1.0050799      0.99738252       1.0025293     0.022465495   2.1144838e-09      0.95137645      0.87210851      0.26958116      0.82671281       12.595437       1015.4573       1472.1711      -23.646134       -25.229689           1.583554       2812.2258                 22.195715                 395.92062                                587.45063                      9.8902968                   12.595437                  1472.1711       173.03163        138.97037
              1       1382.3716     0.022717591       68.353032       3.0513958      0.96810581       7.6073617      0.72420235      0.25313227     0.079596608       1.0029795      0.99857899       1.0051133      0.99925947        1.001409     0.022465495   2.1144838e-09      0.95137645      0.87210851      0.26958116      0.82671281       12.595437       1016.1871       1472.1711      -24.381588       -25.965142           1.583554       2813.5063                  22.31523                 395.92718                                   588.15                      9.7947232                   12.595437                  1472.1711       173.27872        139.27393
              1       1382.8456     0.022717591       68.353032       3.0513958      0.96810581       7.6073617      0.72420235      0.25313227     0.079596608        1.003754      0.99832803       1.0072877       1.0008211        1.005386     0.022465495   2.1144838e-09      0.95137645      0.87210851      0.26958116      0.82671281       12.595437       1015.3299       1472.1711      -23.662445       -25.245999           1.583554       2813.0161                 22.221812                 395.91961                                587.32406                       9.864445                   12.595437                  1472.1711       174.11531        138.80431
              1        1381.981     0.022717591       68.353032       3.0513958      0.96810581       7.6073617      0.72420235      0.25313227     0.079596608        1.003754      0.99903945       1.0035485       1.0002612       1.0052971     0.022465495   2.1144838e-09      0.95137645      0.87210851      0.26958116      0.82671281       12.595437       1015.3299       1472.1711      -23.790501       -25.374055           1.583554       2811.5429                 22.221812                 395.91961                                587.32406                       9.864445                   12.595437                  1472.1711       172.87907        138.56735
              1       1383.4402     0.022717591       68.353032       3.0513958      0.96810581       7.6073617      0.72420235      0.25313227     0.079596608       1.0029459       0.9996033       1.0054898       1.0015646      0.99797404     0.022465495   2.1144838e-09      0.95137645      0.87210851      0.26958116      0.82671281       12.595437       1016.2698       1472.1711      -24.433774       -26.017328           1.583554        2815.748                 22.319311                 395.92718                                588.23082                      9.7924704                   12.595437                  1472.1711        171.1277        143.58397
              1       1382.6607     0.022746675       68.322105       3.0492564      0.96837232       7.5170672      0.72516489      0.26000218     0.085361479       1.0029936       1.0019721       1.0012032       1.0014013       1.0064585     0.034145914   2.1099649e-09      0.95127011      0.86753503      0.26850433      0.82073328       12.562438       1016.7344       1472.0769      -23.608731       -25.443607          1.8348755       2812.5388                 22.235617                  395.8019                                588.81474                      9.8821823                   12.562438                  1472.0769       171.91176        139.25333
              1       1381.7787     0.022664878         68.4409       3.0506385       0.9690447       7.5574708      0.72580519      0.25397151      0.08130511       1.0038299       1.0003461       1.0063093      0.99799243       1.0059459     0.024104533   2.1128832e-09      0.95161375      0.87071395      0.26803031      0.82301326       12.587128       1015.6461        1471.497      -24.006788       -25.205336          1.1985471       2811.5709                  22.09961                 395.81956                                 587.8205                      9.9064278                   12.587128                   1471.497       173.33923        138.50148
              1       1382.8943     0.022658362       68.283908       3.0491149      0.96778395       7.5696832      0.72518093      0.26199055     0.083092045       1.0024609       1.0010451       1.0038629       1.0005463       1.0066549     0.032353208   2.1096664e-09      0.95140498      0.86913707      0.26843464      0.82214217       12.577669       1016.8842       1472.4579       -24.69103       -25.848363          1.1573331       2815.1707                 22.332106                 395.81383                                588.84559                       9.892682                   12.577669                  1472.4579       174.05682        139.19414
              1       1382.9387     0.022628096       68.361538       3.0499065      0.96801695       7.6102083      0.72538492      0.25805435     0.079821731        1.002451       1.0011891        1.007625      0.99835275       1.0012297     0.025712551   2.1113369e-09      0.95158005      0.87140209      0.26833017       0.8241243       12.581031       1016.7734       1472.0664      -25.194643       -26.179125         0.98448267       2816.2666                 22.315101                 395.89932                                588.68725                      9.8717617                   12.581031                  1472.0664       175.74734        139.09843
              1       1384.1908     0.022628096       68.361538       3.0499065      0.96801695       7.6102083      0.72538492      0.25805435     0.079821731       1.0023255        1.001711       1.0003849      0.99930353       1.0012654     0.025712551   2.1113369e-09      0.95158005      0.87140209      0.26833017       0.8241243       12.581031       1017.2495       1472.0664      -25.212936       -26.197419         0.98448267       2818.8075                 22.330394                 395.91114                                 589.1512                      9.8567846                   12.581031                  1472.0664       177.64755          139.263
              1       1386.1323     0.022635941       68.489418       3.0484584      0.96677279       7.6800998      0.72664945      0.25932554     0.074125293       1.0003104      0.99801338       1.0064762      0.99765858      0.99623307      0.02685964   2.1082817e-09      0.95174397      0.87085657      0.26709325       0.8217079       12.599639        1020.026       1471.3339      -25.296367       -26.322708          1.0263403       2822.8573                 22.657006                 395.99561                                591.61068                      9.7626772                   12.599639                  1471.3339       176.43074        142.46704
              1       1383.7051     0.022635941       68.489418       3.0484584      0.96677279       7.6800998      0.72664945      0.25932554     0.074125293       1.0005109       0.9985846       1.0068286      0.99865693       1.0010686      0.02685964   2.1082817e-09      0.95174397      0.87085657      0.26709325       0.8217079       12.599639       1018.9788       1471.3339      -25.605816       -26.632157          1.0263403       2818.6218                 22.630807                 395.99187                                590.56871                      9.7874492                   12.599639                  1471.3339       176.43156        139.27786
              1       1386.8596     0.022624375       68.517651       3.0492357      0.96675572       7.7237867      0.72664444      0.25734492     0.070347102       1.0004227      0.99856734       1.0079906      0.99233279       1.0039735     0.027175878   2.1099213e-09      0.95180836      0.87121986      0.26714544        0.822131       12.597608       1019.7814       1471.3656      -24.118857       -25.084209         0.96535187       2821.9569                 22.656914                 396.05715                                591.32208                      9.7452954                   12.597608                  1471.3656       177.59235        140.61989
              1       1382.8204     0.022722897       68.419784       3.0476899      0.96741785       7.7074655      0.72647619      0.26487246     0.073999391      0.99982199      0.99797807        1.006532      0.99794041       1.0035578     0.032696365   2.1066622e-09      0.95145994      0.86957915      0.26713205      0.82056217       12.580657       1019.3186       1471.7267      -24.737912       -26.365269          1.6273576       2815.1166                 22.496991                 396.00287                                591.02557                      9.7931428                   12.580657                  1471.7267       172.81212        138.67853
              1       1381.3564     0.022756316        68.45157       3.0491658      0.96697679       7.8451815      0.72524543      0.26142968     0.069627093      0.99911642      0.99687227       1.0062217      0.99879614       1.0049857     0.022841094   2.1097737e-09      0.95143369      0.87476724       0.2683808      0.82738493       12.652636       1015.1688       1471.5648      -24.018611       -25.942842          1.9242314       2810.7501                 22.583963                 396.31537                                 586.4048                      9.8646735                   12.652636                  1471.5648       168.41058        142.95325
              1       1380.5803     0.022756316        68.45157       3.0491658      0.96697679       7.8451815      0.72524543      0.26142968     0.069627093       0.9985389      0.99685008       1.0060148      0.99778206        1.000895     0.022841094   2.1097737e-09      0.95143369      0.87476724       0.2683808      0.82738493       12.652636       1016.4594       1471.5648      -24.044059        -25.96829          1.9242314       2809.2488                 22.659111                  396.3342                                587.63588                        9.83023                   12.652636                  1471.5648       168.29289        140.27902
              1       1380.1338     0.022756316        68.45157       3.0491658      0.96697679       7.8451815      0.72524543      0.26142968     0.069627093       1.0002795      0.99850216       1.0034319      0.99575101      0.99780274     0.022841094   2.1097737e-09      0.95143369      0.87476724       0.2683808      0.82738493       12.652636       1016.0341       1471.5648      -24.271321       -26.195553          1.9242314       2808.8103                 22.435888                 396.30093                                587.30554                       9.991737                   12.652636                  1471.5648       168.74644         139.8123
              1       1382.1819     0.022756316        68.45157       3.0491658      0.96697679       7.8451815      0.72524543      0.26142968     0.069627093       1.0007934      0.99929309       1.0005286      0.99599836      0.99796907     0.022841094   2.1097737e-09      0.95143369      0.87476724       0.2683808      0.82738493       12.652636       1017.8753       1471.5648      -24.381362       -26.305593          1.9242314       2813.1265                 22.371883                 396.29864                                 589.1325                      10.072266                   12.652636                  1471.5648       171.21786        139.81592
              1       1381.8491     0.022756316        68.45157       3.0491658      0.96697679       7.8451815      0.72524543      0.26142968     0.069627093      0.99965426      0.99956459      0.99970578      0.99318553       1.0003871     0.022841094   2.1097737e-09      0.95143369      0.87476724       0.2683808      0.82738493       12.652636        1015.002       1471.5648       -23.72243       -25.646662          1.9242314        2811.143                 22.514956                 396.31146                                586.26174                      9.9138792                   12.652636                  1471.5648       172.48164        139.44182
              1        1381.787      0.02274352       68.357316       3.0489286      0.96662999       7.8475225       0.7245588      0.26387513     0.070742216      0.99942076      0.99919589       1.0026516      0.99925525      0.99797279     0.025032357   2.1092733e-09      0.95132705      0.87472832      0.26897572       0.8282646       12.727913        1015.098       1472.1615      -24.898194       -26.704483           1.806289       2813.3704                 22.567251                 396.33689                                586.26525                      9.9286047                   12.727913                  1472.1615       170.86615        142.51685
              1       1382.2483      0.02274352       68.357316       3.0489286      0.96662999       7.8475225       0.7245588      0.26387513     0.070742216      0.99957946       0.9992557       1.0011085      0.99932287       0.9980149     0.025032357   2.1092733e-09      0.95132705      0.87472832      0.26897572       0.8282646       12.727913       1015.2284       1472.1615      -24.920015       -26.726304           1.806289       2814.3367                 22.546873                 396.33689                                586.39935                      9.9452576                   12.727913                  1472.1615       171.63506        142.58383
              1       1382.9104      0.02274352       68.357316       3.0489286      0.96662999       7.8475225       0.7245588      0.26387513     0.070742216      0.99881296       0.9994254       1.0060094      0.99907075      0.99784059     0.025032357   2.1092733e-09      0.95132705      0.87472832      0.26897572       0.8282646       12.727913       1015.3796       1472.1615      -24.816994       -26.623283           1.806289       2815.4548                 22.646047                 396.32688                                586.52854                      9.8780882                   12.727913                  1472.1615        172.8363        142.34947
              1       1381.1733     0.022765007       68.376382       3.0484649      0.96843074       7.7914608      0.72518554      0.26634435     0.074948739      0.99931886      0.99667367       1.0024701      0.99817128      0.99667342      0.02848807   2.1082956e-09      0.95130823      0.87370676      0.26832187      0.82629116       12.641999       1015.3167       1471.7775      -23.973095       -25.980441          2.0073457       2810.2929                 22.302262                 396.18632                                586.84469                      9.9834128                   12.641999                  1471.7775       168.29454        142.26212
              1       1380.3043     0.022765007       68.376382       3.0484649      0.96843074       7.7914608      0.72518554      0.26634435     0.074948739       1.0002835      0.99847288       1.0062514      0.99780793      0.99709527      0.02848807   2.1082956e-09      0.95130823      0.87370676      0.26832187      0.82629116       12.641999       1015.4369       1471.7775      -24.477549       -26.484895          2.0073457       2809.5636                 22.186213                 396.21478                                586.91063                      10.125328                   12.641999                  1471.7775       168.03705        141.67007
              1       1380.4346     0.022756439       68.386575       3.0488398      0.96828784       7.7834758       0.7251532      0.26476419     0.074702278       1.0005998      0.99864451       1.0064142      0.99373854        1.003201     0.028040347   2.1090861e-09      0.95134106      0.87360669      0.26839086      0.82630273       12.634661       1015.1495       1471.7559      -23.694325       -25.619721          1.9253961       2808.2578                 22.209347                 396.20506                                586.63484                      10.100202                   12.634661                  1471.7559       168.30429        140.41351
              1       1381.1445     0.022756439       68.386575       3.0488398      0.96828784       7.7834758       0.7251532      0.26476419     0.074702278       1.0008317       0.9977376       1.0075483      0.99831684      0.99675506     0.028040347   2.1090861e-09      0.95134106      0.87360669      0.26839086      0.82630273       12.634661       1015.6192       1471.7559      -24.384906       -26.310302          1.9253961       2811.0588                 22.181745                 396.18879                                 587.1076                      10.141067                   12.634661                  1471.7559        168.7737        142.27531
              1       1380.5368     0.022702606       68.387874       3.0528475      0.97017998       8.0121963      0.72303514      0.25481588     0.064249132      0.99840192      0.99853142       1.0065879       0.9961305      0.99860529    0.0079077235   2.1175556e-09      0.95145802      0.88304119      0.27063693      0.83871395       12.908692       1019.4435       1472.3078      -24.641181       -26.105997          1.4648153        2810.356                 22.142459                 396.67817                                 590.1118                      10.511017                   12.908692                  1472.3078       165.25554        140.44055
              1       1382.4899     0.022706558       68.176206       3.0530863      0.96877496        7.999087      0.72192611      0.25906166     0.072697688      0.99868618      0.99841019       1.0072971      0.99860454      0.99772276     0.015897177   2.1180614e-09      0.95114763      0.87985093       0.2715959       0.8371631       13.057818       1019.1615       1473.5682      -24.948601       -26.444017          1.4954163       2814.8771                 22.351112                 396.66673                                589.84069                      10.303013                   13.057818                  1473.5682       167.82498        141.26454
              1       1384.1947     0.022706558       68.176206       3.0530863      0.96877496        7.999087      0.72192611      0.25906166     0.072697688      0.99868618      0.99846272       1.0102916      0.99737061       1.0002029     0.015897177   2.1180614e-09      0.95114763      0.87985093       0.2715959       0.8371631       13.057818       1019.1615       1473.5682      -24.883223       -26.378639          1.4954163       2818.1559                 22.351112                 396.66673                                589.84069                      10.303013                   13.057818                  1473.5682       172.88181        139.48656
              1       1380.2002     0.022706558       68.176206       3.0530863      0.96877496        7.999087      0.72192611      0.25906166     0.072697688      0.99973561       0.9996314       1.0019751       0.9957921       1.0030836     0.015897177   2.1180614e-09      0.95114763      0.87985093       0.2715959       0.8371631       13.057818       1016.9337       1473.5682      -24.782227       -26.277643          1.4954163       2809.9649                 22.223488                 396.67742                                587.81961                       10.21316                   13.057818                  1473.5682       166.91679        139.48842
              1       1380.5786     0.022706558       68.176206       3.0530863      0.96877496        7.999087      0.72192611      0.25906166     0.072697688      0.99973561      0.99999267       1.0014068      0.99919416       1.0012425     0.015897177   2.1180614e-09      0.95114763      0.87985093       0.2715959       0.8371631       13.057818       1016.9337       1473.5682      -25.288158       -26.783574          1.4954163       2811.7334                 22.223488                 396.67742                                587.81961                       10.21316                   13.057818                  1473.5682       167.61975        140.55397
              1       1379.8793     0.022716882       68.448165       3.0532931      0.96834966       8.0952306      0.72372773      0.25353074     0.065289953      0.99933876       0.9990042       1.0017511      0.99669551       1.0035878     0.011248938   2.1184993e-09      0.95151302      0.88061263      0.27001192      0.83544094       12.772643       1015.7311       1471.8757      -24.759447       -26.337214          1.5777671       2809.2776                 22.305837                 396.93807                                586.35648                      10.130711                   12.772643                  1471.8757       167.72261        141.17551
              1       1380.3143     0.022668096       68.552655       3.0525155      0.96857236       8.0100757      0.72530744      0.25151639     0.064621526       1.0005546       1.0005045       1.0037609      0.99845013       1.0033921      0.01564755   2.1168527e-09      0.95176453      0.87745899      0.26855599       0.8302017       12.618727       1014.9332       1471.3454      -25.393284       -26.612706          1.2194224       2811.4151                 22.209523                 396.67298                                586.06247                      9.9881878                   12.618727                  1471.3454       172.26595        140.25192
              1       1380.4866     0.022668096       68.552655       3.0525155      0.96857236       8.0100757      0.72530744      0.25151639     0.064621526       1.0005546      0.99590704       1.0042214      0.99819672       1.0005306      0.01564755   2.1168527e-09      0.95176453      0.87745899      0.26855599       0.8302017       12.618727       1014.9332       1471.3454      -24.561855       -25.781277          1.2194224       2810.0968                 22.209523                 396.67298                                586.06247                      9.9881878                   12.618727                  1471.3454       171.39273        139.80687
              1       1383.4517     0.022668096       68.552655       3.0525155      0.96857236       8.0100757      0.72530744      0.25151639     0.064621526       1.0000525      0.99525972       1.0070962      0.99255333      0.99722659      0.01564755   2.1168527e-09      0.95176453      0.87745899      0.26855599       0.8302017       12.618727        1014.706       1471.3454      -22.903812       -24.123234          1.2194224        2812.711                 22.270362                 396.68626                                585.78764                      9.9617622                   12.618727                  1471.3454       172.68465        141.35629
              1       1382.9553     0.022668096       68.552655       3.0525155      0.96857236       8.0100757      0.72530744      0.25151639     0.064621526       1.0004418        1.000732      0.99961596      0.99571986       0.9953008      0.01564755   2.1168527e-09      0.95176453      0.87745899      0.26855599       0.8302017       12.618727       1014.8108       1471.3454      -24.891816       -26.111238          1.2194224       2815.6943                 22.223119                 396.67892                                585.92778                      9.9810052                   12.618727                  1471.3454       174.76611        142.15329
              1       1385.0023     0.022668096       68.552655       3.0525155      0.96857236       8.0100757      0.72530744      0.25151639     0.064621526      0.99920118       1.0007274      0.99853022      0.99194524      0.99813239      0.01564755   2.1168527e-09      0.95176453      0.87745899      0.26855599       0.8302017       12.618727        1016.235       1471.3454      -23.877915       -25.097337          1.2194224       2817.7604                 22.375182                 396.66649                                587.24348                      9.9498252                   12.618727                  1471.3454       176.25037        141.31094
              1       1380.0873     0.022668096       68.552655       3.0525155      0.96857236       8.0100757      0.72530744      0.25151639     0.064621526      0.99970779      0.99984909       1.0017859      0.99643979      0.99759021      0.01564755   2.1168527e-09      0.95176453      0.87745899      0.26855599       0.8302017       12.618727       1015.0314       1471.3454      -25.223065       -26.442487          1.2194224       2810.6208                 22.312563                 396.68181                                586.08507                      9.9519358                   12.618727                  1471.3454       171.41026         140.2151
              1        1382.114     0.022651021       68.658084       3.0529323      0.96894575       8.0071729       0.7264769      0.24907124     0.062972677       1.0002165       1.0019199       1.0040467      0.99906216       1.0017392     0.015894527   2.1177352e-09      0.95194878      0.87640067      0.26749885      0.82756675        12.59703        1015.804       1470.8353       -25.44833       -26.560923           1.112593       2815.1246                 22.252379                 396.66277                                587.01812                      9.8707741                    12.59703                  1470.8353       176.28613        139.60207
              1       1381.3169     0.022651021       68.658084       3.0529323      0.96894575       8.0071729       0.7264769      0.24907124     0.062972677        1.000117      0.99631829       1.0080761      0.99766351       1.0023424     0.015894527   2.1177352e-09      0.95194878      0.87640067      0.26749885      0.82756675        12.59703        1016.054       1470.8353      -24.765834       -25.878427           1.112593       2812.1655                 22.264518                 396.67831                                587.24452                      9.8666794                    12.59703                  1470.8353       173.90608        138.77304
              1       1381.0466     0.022654986       68.638717       3.0529276      0.96883382        8.008802      0.72637415      0.24957806     0.063615997       1.0000676      0.99888394        1.006566      0.99373428       0.9990831     0.015996706   2.1177252e-09      0.95191324      0.87629481      0.26758512      0.82760021       12.593882       1016.2783        1470.928       -24.63214       -25.768674          1.1365337       2811.3574                 22.284169                 396.68426                                587.45432                      9.8555506                   12.593882                   1470.928        171.8437        139.71353
              1       1381.7203     0.022624882       68.622371        3.053848      0.97048492       7.9945256       0.7262146      0.24806791     0.067148012       1.0017682       1.0009546       1.0096815      0.99690405       1.0027083     0.011554885   2.1196753e-09      0.95195426      0.87777124      0.26777055      0.82928179       12.597779       1015.4764        1470.899      -25.244103        -26.21203         0.96792724       2813.9287                 21.888501                 396.60516                                586.96815                      10.014579                   12.597779                   1470.899       176.35187        138.60371
              1       1383.8148     0.022624882       68.622371        3.053848      0.97048492       7.9945256       0.7262146      0.24806791     0.067148012       1.0030406       1.0009084       1.0098447      0.99690303       1.0030467     0.011554885   2.1196753e-09      0.95195426      0.87777124      0.26777055      0.82928179       12.597779       1018.4507        1470.899       -24.74078       -25.708707         0.96792724       2817.1112                 21.749142                 396.59922                                589.95167                      10.150698                   12.597779                   1470.899       176.56874        138.59494
              1       1385.1575     0.022624882       68.622371        3.053848      0.97048492       7.9945256       0.7262146      0.24806791     0.067148012       1.0030406      0.99767407       1.0023829      0.99269039         1.00127     0.011554885   2.1196753e-09      0.95195426      0.87777124      0.26777055      0.82928179       12.597779       1018.4507        1470.899      -23.471355       -24.439282         0.96792724       2817.2578                 21.749142                 396.59922                                589.95167                      10.150698                   12.597779                   1470.899       173.74237        141.56792
              1       1379.9788     0.022623623       68.628573       3.0550819      0.97003994       8.0630577      0.72562381       0.2449059     0.064508653       1.0014162       1.0003886       1.0050106      0.99485379      0.99932216     0.006647464   2.1222924e-09      0.95196562      0.87958286      0.26840828      0.83198231       12.593973       1015.5604       1471.0108      -25.028313       -25.989856         0.96154223       2810.0142                 21.995748                 396.78036                                586.76237                      10.021893                   12.593973                  1471.0108       170.58427        140.26476
              1       1380.0483     0.022623623       68.628573       3.0550819      0.97003994       8.0630577      0.72562381       0.2449059     0.064508653       1.0011856      0.99921098       1.0044136       1.0002126      0.99816055     0.006647464   2.1222924e-09      0.95196562      0.87958286      0.26840828      0.83198231       12.593973        1015.646       1471.0108      -25.678162       -26.639704         0.96154223       2811.4529                 22.022284                 396.77699                                586.82526                      10.021488                   12.593973                  1471.0108       169.97932        142.22284
              1        1379.728     0.022623623       68.628573       3.0550819      0.97003994       8.0630577      0.72562381       0.2449059     0.064508653       1.0023723      0.99916794       1.0045658      0.99651302       1.0029154     0.006647464   2.1222924e-09      0.95196562      0.87958286      0.26840828      0.83198231       12.593973       1017.1121       1471.0108      -24.987691       -25.949233         0.96154223       2809.4314                 21.887331                  396.7878                                588.38124                      10.055768                   12.593973                  1471.0108       169.97986        138.73459
              1       1378.6466     0.022623623       68.628573       3.0550819      0.97003994       8.0630577      0.72562381       0.2449059     0.064508653       1.0011311      0.99921296       1.0044066      0.99651401       1.0025854     0.006647464   2.1222924e-09      0.95196562      0.87958286      0.26840828      0.83198231       12.593973       1015.6934       1471.0108      -25.356943       -26.318485         0.96154223       2808.0072                 22.028579                 396.77699                                586.86596                      10.021835                   12.593973                  1471.0108       169.97948        138.72957
              1       1384.8561     0.022623623       68.628573       3.0550819      0.97003994       8.0630577      0.72562381       0.2449059     0.064508653       1.0011311      0.99757926       1.0065391      0.99728267       0.9926945     0.006647464   2.1222924e-09      0.95196562      0.87958286      0.26840828      0.83198231       12.593973       1015.6934       1471.0108      -24.742399       -25.703942         0.96154223        2819.197                 22.028579                 396.77699                                586.86596                      10.021835                   12.593973                  1471.0108       171.58992        148.30898
              1       1382.5693     0.022695525       68.955115       3.0530552      0.97140216       7.9998006      0.72933995      0.24396722     0.057411682       1.0019585      0.99982758       1.0029273      0.99641317      0.99542271     0.021099975   2.1179956e-09      0.95226826      0.87297451      0.26489015      0.82030213       12.775408        1017.636       1469.4901      -24.582805       -25.994069          1.4112643       2814.3043                 21.755491                 396.60151                                589.28721                      9.9917711                   12.775408                  1469.4901       170.81772        143.58507
              1       1381.5665     0.022695525       68.955115       3.0530552      0.97140216       7.9998006      0.72933995      0.24396722     0.057411682       1.0018326      0.99819631       1.0035847       0.9952873      0.99909099     0.021099975   2.1179956e-09      0.95226826      0.87297451      0.26489015      0.82030213       12.775408       1017.6076       1469.4901      -24.400544       -25.811809          1.4112643       2811.9342                 21.769117                 396.61449                                589.25642                      9.9675961                   12.775408                  1469.4901       172.11482         139.9462
              1       1383.0753     0.022695525       68.955115       3.0530552      0.97140216       7.9998006      0.72933995      0.24396722     0.057411682       1.0018326      0.99799103       1.0005576      0.99509748       1.0015224     0.021099975   2.1179956e-09      0.95226826      0.87297451      0.26489015      0.82030213       12.775408       1017.6076       1469.4901      -24.297687       -25.708952          1.4112643       2814.7459                 21.769117                 396.61449                                589.25642                      9.9675961                   12.775408                  1469.4901       176.01958        138.85323
              1       1382.3454     0.022724529        68.94375       3.0530501      0.97165984       8.0447868      0.72909674      0.24576112     0.056633238       1.0002605      0.99761687       1.0001662      0.99641344       1.0054683     0.021094089   2.1179846e-09       0.9521915      0.87399186      0.26508065      0.82155335       12.717473       1018.1908        1469.496      -24.256006       -25.897019          1.6410124       2813.2028                 21.845049                 396.73941                                589.76178                      9.8445711                   12.717473                   1469.496       173.61896        139.17949
              1       1382.3041     0.022725189       68.944378       3.0531577      0.97157809       8.0486667       0.7290242       0.2453396     0.056458574       1.0002631       1.0015783       1.0026434      0.99245054       1.0029402     0.020728446   2.1182125e-09      0.95219099      0.87409905      0.26515982      0.82177681       12.712231       1018.0744        1469.504      -23.534068       -25.180623          1.6465552       2811.6763                 21.859108                 396.74228                                 589.6357                      9.8373615                   12.712231                   1469.504       170.38953        140.99605
              1       1379.6147     0.022725189       68.944378       3.0531577      0.97157809       8.0486667       0.7290242       0.2453396     0.056458574       1.0002631      0.99806403       1.0072971       0.9992158       1.0017645     0.020728446   2.1182125e-09      0.95219099      0.87409905      0.26515982      0.82177681       12.712231       1018.0744        1469.504      -24.914857       -26.561412          1.6465552       2809.0591                 21.859108                 396.74228                                 589.6357                      9.8373615                   12.712231                   1469.504       169.68118        139.08723
              1       1380.8593     0.022725189       68.944378       3.0531577      0.97157809       8.0486667       0.7290242       0.2453396     0.056458574       1.0002631      0.99687803       1.0073162      0.99638978       1.0000237     0.020728446   2.1182125e-09      0.95219099      0.87409905      0.26515982      0.82177681       12.712231       1018.0744        1469.504      -24.303041       -25.949597          1.6465552       2810.3246                 21.859108                 396.74228                                 589.6357                      9.8373615                   12.712231                   1469.504       171.17905        138.85489
              1       1379.2004     0.022725189       68.944378       3.0531577      0.97157809       8.0486667       0.7290242       0.2453396     0.056458574       1.0005481      0.99875759       1.0040757      0.99977817       1.0054081     0.020728446   2.1182125e-09      0.95219099      0.87409905      0.26515982      0.82177681       12.712231       1017.4767        1469.504      -24.785627       -26.432182          1.6465552        2807.972                 21.827554                 396.74682                                589.02895                      9.8733362                   12.712231                   1469.504       168.19135        140.08774
              1       1380.1365     0.022725189       68.944378       3.0531577      0.97157809       8.0486667       0.7290242       0.2453396     0.056458574       1.0015581       1.0002797       1.0069741      0.99681494        1.005414     0.020728446   2.1182125e-09      0.95219099      0.87409905      0.26515982      0.82177681       12.712231       1017.5677        1469.504      -24.445869       -26.092424          1.6465552       2809.1648                 21.717875                 396.75444                                589.05743                      10.037946                   12.712231                   1469.504       170.24957         139.1313
              1       1382.2174     0.022725189       68.944378       3.0531577      0.97157809       8.0486667       0.7290242       0.2453396     0.056458574       1.0015581      0.99959484      0.99995847       1.0026483       1.0003299     0.020728446   2.1182125e-09      0.95219099      0.87409905      0.26515982      0.82177681       12.712231       1017.5677        1469.504      -24.795016       -26.441571          1.6465552       2814.0249                 21.717875                 396.75444                                589.05743                      10.037946                   12.712231                   1469.504       171.01474        143.22624
              1       1380.0872     0.022725189       68.944378       3.0531577      0.97157809       8.0486667       0.7290242       0.2453396     0.056458574       1.0015581      0.99853026       1.0028787       1.0008968       1.0048573     0.020728446   2.1182125e-09      0.95219099      0.87409905      0.26515982      0.82177681       12.712231       1017.5677        1469.504      -24.615951       -26.262507          1.6465552       2809.4063                 21.717875                 396.75444                                589.05743                      10.037946                   12.712231                   1469.504       168.81898        140.80341
              1       1379.8194     0.022725189       68.944378       3.0531577      0.97157809       8.0486667       0.7290242       0.2453396     0.056458574       1.0007868      0.99855824       1.0027798      0.99428126       1.0039641     0.020728446   2.1182125e-09      0.95219099      0.87409905      0.26515982      0.82177681       12.712231       1017.1773        1469.504      -24.048547       -25.695102          1.6465552       2807.7359                 21.801342                 396.73941                                588.72949                      9.9070218                   12.712231                   1469.504       168.85284        139.48955
              1       1379.5637     0.022695955       68.981031       3.0536272       0.9724133       8.0753037      0.72902075       0.2435728     0.053334663       1.0008269        1.001278       1.0046387      0.99566799      0.99833144     0.018010239   2.1192073e-09      0.95230322      0.87589769      0.26520153      0.82353254       12.723387       1017.0619       1469.4798      -24.768204       -26.182672          1.4144673       2808.6638                 21.676828                 396.80727                                588.61377                       9.964055                   12.723387                  1469.4798       168.98341        140.41519
              1       1378.1764     0.022695955       68.981031       3.0536272       0.9724133       8.0753037      0.72902075       0.2435728     0.053334663       1.0012751      0.99867693       1.0049156      0.99822305      0.99938319     0.018010239   2.1192073e-09      0.95230322      0.87589769      0.26520153      0.82353254       12.723387       1016.9747       1469.4798      -25.096172        -26.51064          1.4144673       2806.5451                 21.629697                 396.77628                                588.54287                      10.025834                   12.723387                  1469.4798       167.67809        139.68907
              1       1378.5883     0.022695955       68.981031       3.0536272       0.9724133       8.0753037      0.72902075       0.2435728     0.053334663       1.0007611      0.99919599       1.0062637       1.0006949       1.0039527     0.018010239   2.1192073e-09      0.95230322      0.87589769      0.26520153      0.82353254       12.723387       1017.1275       1469.4798      -25.163379       -26.577847          1.4144673       2807.5034                 21.683805                 396.80727                                588.68047                      9.9559445                   12.723387                  1469.4798       167.96942        140.20328
              1       1380.0733     0.022695955       68.981031       3.0536272       0.9724133       8.0753037      0.72902075       0.2435728     0.053334663       1.0007611       1.0004467       1.0020258       1.0023813       1.0052974     0.018010239   2.1192073e-09      0.95230322      0.87589769      0.26520153      0.82353254       12.723387       1017.1275       1469.4798      -24.941866       -26.356333          1.4144673       2810.0304                 21.683805                 396.80727                                588.68047                      9.9559445                   12.723387                  1469.4798       168.23891        142.46074
              1       1378.9729     0.022695955       68.981031       3.0536272       0.9724133       8.0753037      0.72902075       0.2435728     0.053334663       1.0009098      0.99951144       1.0060157      0.99876591      0.99760442     0.018010239   2.1192073e-09      0.95230322      0.87589769      0.26520153      0.82353254       12.723387        1016.986       1469.4798      -25.233873        -26.64834          1.4144673       2808.4135                 21.668059                 396.79301                                588.55028                      9.9746211                   12.723387                  1469.4798       167.86925        141.35503
              1       1377.6791     0.022695955       68.981031       3.0536272       0.9724133       8.0753037      0.72902075       0.2435728     0.053334663       1.0009098      0.99951144       1.0060157      0.99805875       1.0015255     0.018010239   2.1192073e-09      0.95230322      0.87589769      0.26520153      0.82353254       12.723387        1016.986       1469.4798      -25.210457       -26.624925          1.4144673       2805.7791                 21.668059                 396.79301                                588.55028                      9.9746211                   12.723387                  1469.4798       167.86925        138.72061
              1       1377.6334     0.022695955       68.981031       3.0536272       0.9724133       8.0753037      0.72902075       0.2435728     0.053334663       1.0009098      0.99965106       1.0046486        0.997003       1.0039081     0.018010239   2.1192073e-09      0.95230322      0.87589769      0.26520153      0.82353254       12.723387        1016.986       1469.4798      -24.965179       -26.379646          1.4144673       2805.1971                 21.668059                 396.79301                                588.55028                      9.9746211                   12.723387                  1469.4798       167.38899        138.61893
              1       1378.5441     0.022706828       68.943947       3.0538029      0.97354483       8.0784158      0.72882172       0.2456921     0.055538356       1.0008978      0.99792609       1.0043773      0.99806015        1.005256     0.018668092   2.1195797e-09      0.95222902      0.87657632      0.26534217      0.82438911        12.70589       1017.5543       1469.4976      -24.664247       -26.161774          1.4975274       2806.4166                 21.507284                 396.76928                                589.22424                      10.053455                    12.70589                  1469.4976        167.3446        139.31425
              1       1381.1773     0.022657777       68.917891       3.0523895      0.97350368       8.2969857      0.72895637      0.25402485     0.043896694      0.99862341      0.99656488       1.0074146      0.99481619      0.99581295     0.026022819   2.1165859e-09      0.95229616      0.87867823      0.26501431      0.82585519       12.648341        1019.077       1470.1598      -24.026709       -25.180411          1.1537018       2810.4079                 21.460012                 397.41736                                 589.8767                      10.322912                   12.648341                  1470.1598       167.85632        140.66646
              1       1381.5347     0.022657777       68.917891       3.0523895      0.97350368       8.2969857      0.72895637      0.25402485     0.043896694      0.99895804      0.99565389       1.0070029       0.9938646      0.99735126     0.026022819   2.1165859e-09      0.95229616      0.87867823      0.26501431      0.82585519       12.648341       1019.8825       1470.1598      -23.529975       -24.683677          1.1537018       2810.1293                 21.426943                 397.41736                                 590.6533                      10.384924                   12.648341                  1470.1598        167.7402        139.69844
              1        1379.839     0.022657777       68.917891       3.0523895      0.97350368       8.2969857      0.72895637      0.25402485     0.043896694      0.99828761      0.99816274       1.0022494      0.99388688      0.99770134     0.026022819   2.1165859e-09      0.95229616      0.87867823      0.26501431      0.82585519       12.648341       1018.6618       1470.1598      -24.267242       -25.420944          1.1537018       2808.2125                  21.49356                 397.42922                                589.47197                      10.267068                   12.648341                  1470.1598       167.20351        139.53897
              1       1380.7705     0.022657777       68.917891       3.0523895      0.97350368       8.2969857      0.72895637      0.25402485     0.043896694      0.99828761      0.99858932       1.0015036      0.99333052       1.0032346     0.026022819   2.1165859e-09      0.95229616      0.87867823      0.26501431      0.82585519       12.648341       1018.6618       1470.1598      -24.118845       -25.272546          1.1537018       2809.7787                  21.49356                 397.42922                                589.47197                      10.267068                   12.648341                  1470.1598       168.03085        140.27788
              1       1379.5756     0.022657777       68.917891       3.0523895      0.97350368       8.2969857      0.72895637      0.25402485     0.043896694      0.99828761      0.99687512       1.0059596      0.99515378      0.99796415     0.026022819   2.1165859e-09      0.95229616      0.87867823      0.26501431      0.82585519       12.648341       1018.6618       1470.1598      -24.267408        -25.42111          1.1537018        2807.686                  21.49356                 397.42922                                589.47197                      10.267068                   12.648341                  1470.1598       166.75627        139.45969
              1       1380.2969     0.022649255       68.996692       3.0523879      0.97501637       8.2949968        0.730333      0.25433519     0.044907934      0.99807908       0.9976645       1.0052024      0.99803566      0.99928483     0.020530432   2.1165826e-09      0.95242296      0.87928981       0.2636898      0.82436221       12.710441       1021.6158       1469.7623      -25.019018       -26.121118          1.1020998       2810.6318                 21.337467                 397.35499                                592.73064                      10.192702                   12.710441                  1469.7623       166.84348        139.69987
              1       1383.0632     0.022649255       68.996692       3.0523879      0.97501637       8.2949968        0.730333      0.25433519     0.044907934      0.99807908      0.99760233       1.0091123      0.99373808      0.99798279     0.020530432   2.1165826e-09      0.95242296      0.87928981       0.2636898      0.82436221       12.710441       1021.6158       1469.7623      -24.092204       -25.194304          1.1020998       2814.3109                 21.337467                 397.35499                                592.73064                      10.192702                   12.710441                  1469.7623       170.76562        139.45677
              1        1382.697     0.022649255       68.996692       3.0523879      0.97501637       8.2949968        0.730333      0.25433519     0.044907934       0.9990601      0.99592401       1.0086387      0.99910059       1.0027146     0.020530432   2.1165826e-09      0.95242296      0.87928981       0.2636898      0.82436221       12.710441       1021.2971       1469.7623      -24.634348       -25.736448          1.1020998       2814.6627                 21.245733                 397.35158                                592.34515                      10.354668                   12.710441                  1469.7623       170.30594         140.5869
              1       1383.7344     0.022649255       68.996692       3.0523879      0.97501637       8.2949968        0.730333      0.25433519     0.044907934      0.99933111      0.99526855       1.0091319      0.99454792      0.99899397     0.020530432   2.1165826e-09      0.95242296      0.87928981       0.2636898      0.82436221       12.710441       1021.7992       1469.7623      -23.691482       -24.793582          1.1020998       2814.8518                 21.220975                  397.3646                                592.80455                      10.409055                   12.710441                  1469.7623       171.75613        138.82375
              1       1379.9464     0.022649255       68.996692       3.0523879      0.97501637       8.2949968        0.730333      0.25433519     0.044907934      0.99933111      0.99883467       1.0048142      0.99605435       1.0000865     0.020530432   2.1165826e-09      0.95242296      0.87928981       0.2636898      0.82436221       12.710441       1021.7992       1469.7623      -25.220358       -26.322458          1.1020998       2810.3336                 21.220975                  397.3646                                592.80455                      10.409055                   12.710441                  1469.7623       167.46429        138.59744
              1       1380.4627     0.022649255       68.996692       3.0523879      0.97501637       8.2949968        0.730333      0.25433519     0.044907934      0.99933111      0.99883467       1.0048142      0.99699897      0.99760437     0.020530432   2.1165826e-09      0.95242296      0.87928981       0.2636898      0.82436221       12.710441       1021.7992       1469.7623      -25.328884       -26.430984          1.1020998       2811.5832                 21.220975                  397.3646                                592.80455                      10.409055                   12.710441                  1469.7623       167.46429          139.847
              1       1380.8562     0.022636638       69.000515       3.0524169      0.97522901       8.3168574       0.7304164       0.2548944     0.044263023      0.99916036      0.99905757       1.0011008      0.99570239      0.99873951     0.021108323   2.1166439e-09      0.95245474      0.87958741      0.26359649      0.82449532       12.719279       1022.0472       1469.7715       -25.21088       -26.241037          1.0301573       2812.1341                 21.196802                 397.44914                                592.95507                      10.446243                   12.719279                  1469.7715       168.65549        138.94052
              1       1383.5216     0.022636638       69.000515       3.0524169      0.97522901       8.3168574       0.7304164       0.2548944     0.044263023      0.99872674      0.99752687       1.0028103       1.0028888       1.0007792     0.021108323   2.1166439e-09      0.95245474      0.87958741      0.26359649      0.82449532       12.719279       1021.4186       1469.7715      -25.107504       -26.137661          1.0301573       2817.2582                 21.236013                 397.46388                                592.35873                      10.359987                   12.719279                  1469.7715       167.14835        146.20047
              1       1384.5519     0.022631947         69.1151       3.0535924      0.97510791       8.3859881      0.73065051      0.24923436      0.03883012      0.99861214       1.0005225       1.0002947       1.0018068       1.0003649     0.014353281   2.1191336e-09      0.95262207      0.88157088      0.26350115       0.8262051       12.749717       1021.5328       1469.5604      -25.563625       -26.568397          1.0047716       2820.2311                 21.271285                 397.67621                                592.32163                       10.26368                   12.749717                  1469.5604       171.76675        144.62141
              1       1380.4395     0.022645139        69.08665       3.0537181      0.97501341       8.4074152      0.73030181      0.24984469     0.039284164      0.99831557      0.99800372       1.0047297      0.99342156      0.99965333     0.013478477   2.1193999e-09      0.95255541      0.88214226      0.26381991       0.8272405       12.711721       1021.5496       1469.6315      -24.219012       -25.297057          1.0780442        2809.317                  21.29058                 397.75043                                592.25384                      10.254755                   12.711721                  1469.6315       166.43327        138.99086
              1       1384.9067     0.022645139        69.08665       3.0537181      0.97501341       8.4074152      0.73030181      0.24984469     0.039284164      0.99831557      0.99573442       1.0054159      0.98944867       0.9999806     0.013478477   2.1193999e-09      0.95255541      0.88214226      0.26381991       0.8272405       12.711721       1021.5496       1469.6315      -21.742841       -22.820885          1.0780442        2813.299                  21.29058                 397.75043                                592.25384                      10.254755                   12.711721                  1469.6315       166.85663        142.54951
              1       1382.6183     0.022760813       69.129761       3.0533411      0.97631571       8.3753964      0.73055128      0.25248581     0.041603676      0.99725001      0.99950302      0.99910451      0.99255826      0.99720543     0.023146779    2.118601e-09      0.95237251      0.87985249      0.26352944       0.8246389       12.720889       1022.3777        1469.062      -22.786848       -24.753785          1.9669375       2810.8102                 21.231591                  397.6799                                  593.237                      10.229191                   12.720889                   1469.062       165.27043        141.37921
              1       1381.2709     0.022760813       69.129761       3.0533411      0.97631571       8.3753964      0.73055128      0.25248581     0.041603676      0.99695145      0.99622659       1.0040481      0.99541688      0.99650185     0.023146779    2.118601e-09      0.95237251      0.87985249      0.26352944       0.8246389       12.720889       1022.9445        1469.062      -22.681696       -24.648633          1.9669375       2807.9052                 21.258911                  397.6799                                593.81226                      10.193441                   12.720889                   1469.062        162.1248        141.05304
              1       1379.7956     0.022760813       69.129761       3.0533411      0.97631571       8.3753964      0.73055128      0.25248581     0.041603676      0.99776464      0.99728082       1.0025679      0.99538044      0.99680249     0.023146779    2.118601e-09      0.95237251      0.87985249      0.26352944       0.8246389       12.720889       1022.1211        1469.062      -23.416427       -25.383365          1.9669375        2806.424                 21.185345                 397.68506                                592.94786                      10.302817                   12.720889                   1469.062       161.66209        140.85791
              1       1382.9489     0.022760813       69.129761       3.0533411      0.97631571       8.3753964      0.73055128      0.25248581     0.041603676      0.99859812       0.9951649        1.001658      0.99564238      0.99684728     0.023146779    2.118601e-09      0.95237251      0.87985249      0.26352944       0.8246389       12.720889       1023.5768        1469.062       -22.83195       -24.798887          1.9669375       2811.5618                 21.112156                 397.65416                                594.35635                      10.454122                   12.720889                   1469.062       165.33157        140.87054
              1       1382.7583     0.022760813       69.129761       3.0533411      0.97631571       8.3753964      0.73055128      0.25248581     0.041603676      0.99859812      0.99462207       1.0049247      0.99815952       1.0010288     0.023146779    2.118601e-09      0.95237251      0.87985249      0.26352944       0.8246389       12.720889       1023.5768        1469.062      -22.994909       -24.961846          1.9669375       2811.5065                 21.112156                 397.65416                                594.35635                      10.454122                   12.720889                   1469.062       165.00954        141.13725
              1       1380.8191     0.022760813       69.129761       3.0533411      0.97631571       8.3753964      0.73055128      0.25248581     0.041603676      0.99733505      0.99828404       1.0054715      0.99393253       1.0030496     0.023146779    2.118601e-09      0.95237251      0.87985249      0.26352944       0.8246389       12.720889       1022.2825        1469.062      -23.120176       -25.087114          1.9669375       2807.8786                 21.223878                 397.69031                                593.12796                      10.240311                   12.720889                   1469.062        162.8206        140.99268
              1        1379.713     0.022645258       69.544912       3.0559546      0.97731786       8.4403722      0.73280962      0.23574826     0.023880201      0.99889897      0.99786969       1.0054702      0.99741477       1.0019002     0.014445273   2.1241453e-09      0.95317837      0.88197577      0.26174769      0.82382972       13.131849       1023.2281       1468.7631      -25.192128       -26.270859          1.0787309       2809.8102                 21.099155                 397.84226                                594.08552                      10.201179                   13.131849                  1468.7631       165.29826        139.38884
              1       1379.4134     0.022645258       69.544912       3.0559546      0.97731786       8.4403722      0.73280962      0.23574826     0.023880201      0.99961436      0.99994616       1.0029572      0.99669007       1.0014833     0.014445273   2.1241453e-09      0.95317837      0.88197577      0.26174769      0.82382972       13.131849       1023.1418       1468.7631      -25.436561       -26.515292          1.0787309       2809.6999                 21.037297                 397.83764                                593.97016                      10.296719                   13.131849                  1468.7631       165.38448        139.27863
              1       1379.7397     0.022634144       69.519082       3.0557643      0.97640641       8.4047243      0.73099869       0.2307103     0.020113301      0.99887734      0.99959801       1.0026219      0.99652053       1.0011321    0.0015452906    2.123741e-09      0.95316656      0.88645154      0.26358846      0.83091685         12.8889       1023.0159       1468.9354      -25.381116       -26.397684          1.0165677       2810.2416                 21.196136                 397.70037                                593.75916                      10.360205                     12.8889                  1468.9354       164.83905        140.56238
              1       1380.5572     0.022634144       69.519082       3.0557643      0.97640641       8.4047243      0.73099869       0.2307103     0.020113301      0.99887734      0.99968975       1.0031034      0.99973546       1.0032882    0.0015452906    2.123741e-09      0.95316656      0.88645154      0.26358846      0.83091685         12.8889       1023.0159       1468.9354      -25.593115       -26.609683          1.0165677       2812.3007                 21.196136                 397.70037                                593.75916                      10.360205                     12.8889                  1468.9354       164.88007        142.58044
              1       1380.5228     0.022634144       69.519082       3.0557643      0.97640641       8.4047243      0.73099869       0.2307103     0.020113301      0.99809286      0.99971821       1.0030028      0.99823111       1.0026738    0.0015452906   2.1237411e-09      0.95316656      0.88645149      0.26358845       0.8309168         12.8889        1023.717       1468.9354      -25.362691       -26.379258          1.0165673        2811.771                 21.268597                 397.71585                                 594.3747                      10.357869                     12.8889                  1468.9354       164.92802        141.30159
              1       1380.3552        0.022636       69.471061       3.0555832      0.97603255        8.389195      0.73062661      0.23177509      0.02111513      0.99792892       0.9992654       1.0035872      0.99600492       1.0026399    0.0027799369   2.1233566e-09      0.95309795       0.8862797       0.2639228      0.83128248       12.838798       1023.5321       1469.0399      -24.958316       -25.984974          1.0266583        2810.627                 21.328589                 397.66136                                594.17792                      10.364203                   12.838798                  1469.0399       164.53151        140.68474
              1       1380.4792        0.022636       69.471061       3.0555832      0.97603255        8.389195      0.73062661      0.23177509      0.02111513      0.99853711      0.99984644       1.0052982      0.99586472       1.0028575    0.0027799369   2.1233566e-09      0.95309795       0.8862797       0.2639228      0.83128248       12.838798       1022.5344       1469.0399      -25.119343       -26.146002          1.0266583       2811.1971                 21.271022                 397.66846                                593.24035                      10.354609                   12.838798                  1469.0399       166.02928        140.75468
              1       1378.0925     0.022672546       69.588832       3.0550433      0.97619439       8.2979231      0.73213148      0.23046937     0.023662358      0.99965808      0.99994057       1.0028863      0.99569096       1.0029516    0.0070985974   2.1222104e-09       0.9531811      0.88273873      0.26251641      0.82575228       13.095317       1020.3633       1468.4958      -25.018546       -26.267406          1.2488596       2806.2221                 21.224851                 397.35213                                591.60504                      10.181276                   13.095317                  1468.4958       164.13007         140.1376
              1       1380.4124     0.022672546       69.588832       3.0550433      0.97619439       8.2979231      0.73213148      0.23046937     0.023662358        0.998956       1.0006141      0.99881072      0.99619797       1.0023718    0.0070985974   2.1222104e-09       0.9531811      0.88273873      0.26251641      0.82575228       13.095317       1021.3534       1468.4958      -25.051135       -26.299994          1.2488596        2810.927                 21.290364                 397.34231                                 592.5853                      10.135397                   13.095317                  1468.4958       168.04039        139.94208
              1       1380.6551     0.022725259       69.590298       3.0543579      0.97700238        8.264327      0.73178931      0.23119444     0.025323431      0.99838457      0.99922303       1.0028722      0.99689551      0.99620194    0.0024520241   2.1207564e-09      0.95307422      0.88418646       0.2628248      0.82759224       13.027331       1023.6217       1468.1884      -24.554921       -26.202073          1.6471519       2810.4199                 21.219694                 397.25432                                 594.9219                      10.225734                   13.027331                  1468.1884       161.77332        143.80927
              1       1380.1884     0.022725259       69.590298       3.0543579      0.97700238        8.264327      0.73178931      0.23119444     0.025323431      0.99838457      0.99956934       1.0015076      0.99528724      0.99883214    0.0024520241   2.1207564e-09      0.95307422      0.88418646       0.2628248      0.82759224       13.027331       1023.6217       1468.1884       -24.38991       -26.037062          1.6471519       2809.1566                 21.219694                 397.25432                                 594.9219                      10.225734                   13.027331                  1468.1884       162.36502        141.95425
              1       1381.8586     0.022725259       69.590298       3.0543579      0.97700238        8.264327      0.73178931      0.23119444     0.025323431      0.99929142      0.99953644       1.0016239      0.99545568      0.99414019    0.0024520241   2.1207564e-09      0.95307422      0.88418646       0.2628248      0.82759224       13.027331       1022.2625       1468.1884      -24.283612       -25.930764          1.6471519       2812.2844                 21.138193                 397.22678                                  593.635                      10.262557                   13.027331                  1468.1884       162.29146        146.51471
              1       1381.8402     0.022725259       69.590298       3.0543579      0.97700238        8.264327      0.73178931      0.23119444     0.025323431      0.99920597      0.99953954       1.0016129      0.99577851       1.0089043    0.0024520241   2.1207564e-09      0.95307422      0.88418646       0.2628248      0.82759224       13.027331       1022.2743       1468.1884      -23.918447       -25.565599          1.6471519       2811.5172                 21.145766                  397.2326                                593.63887                      10.257076                   13.027331                  1468.1884       162.29822        145.72896
              1       1383.1543     0.022725259       69.590298       3.0543579      0.97700238        8.264327      0.73178931      0.23119444     0.025323431      0.99920597      0.99675223       1.0001965      0.99925709      0.99719186    0.0024520241   2.1207564e-09      0.95307422      0.88418646       0.2628248      0.82759224       13.027331       1022.2743       1468.1884      -24.448001       -26.095153          1.6471519       2815.2047                 21.145766                  397.2326                                593.63887                      10.257076                   13.027331                  1468.1884       167.96153        143.75313
              1        1379.502     0.022726971       69.598271       3.0543911      0.97696421       8.2694889      0.73183088      0.23103266     0.025125182      0.99915239      0.99971619      0.99997949      0.99543594       1.0011971    0.0020896116   2.1208268e-09      0.95308144      0.88424599      0.26278808      0.82759012        13.03413       1022.1575       1468.1677      -24.566132       -26.227741           1.661609       2808.1362                 21.154713                 397.27012                                593.47688                      10.255779                    13.03413                  1468.1677       163.59766        141.17923
              1        1380.575     0.022726971       69.598271       3.0543911      0.97696421       8.2694889      0.73183088      0.23103266     0.025125182      0.99997121       1.0001988       1.0076507      0.99828443       1.0020443    0.0020896116   2.1208268e-09      0.95308144      0.88424599      0.26278808      0.82759012        13.03413       1023.0921       1468.1677      -25.043478       -26.705087           1.661609       2811.2369                 21.082831                 397.24673                                594.43811                      10.324374                    13.03413                  1468.1677       165.76877        141.17418
              1       1378.8444     0.022726971       69.598271       3.0543911      0.97696421       8.2694889      0.73183088      0.23103266     0.025125182      0.99997121      0.99991897       1.0042226      0.99901938       1.0015564    0.0020896116   2.1208268e-09      0.95308144      0.88424599      0.26278808      0.82759012        13.03413       1023.0921       1468.1677      -25.111075       -26.772684           1.661609        2807.911                 21.082831                 397.24673                                594.43811                      10.324374                    13.03413                  1468.1677        162.0878         141.5293
              1       1378.1773     0.022676779       69.579239       3.0543003      0.97491883       8.1648502      0.73194643      0.22735057     0.030417092       1.0012116       1.0002203       1.0049718      0.99506991       1.0005171    0.0012705759   2.1206342e-09      0.95315945       0.8812852      0.26276076      0.82477617        13.22509       1018.3616       1468.0771      -24.816942       -26.094402            1.27746       2805.9885                 21.315584                 396.92332                                589.95664                      10.166093                    13.22509                  1468.0771       165.40999         140.9146
              1       1381.1519     0.022676779       69.579239       3.0543003      0.97491883       8.1648502      0.73194643      0.22735057     0.030417092       1.0012116       1.0017546       1.0059088       1.0012216        1.007381    0.0012705759   2.1206342e-09      0.95315945       0.8812852      0.26276076      0.82477617        13.22509       1018.3616       1468.0771      -24.701563       -25.979023            1.27746       2811.7069                 21.315584                 396.92332                                589.95664                      10.166093                    13.22509                  1468.0771       168.44722        143.59576
              1       1378.2629     0.022676779       69.579239       3.0543003      0.97491883       8.1648502      0.73194643      0.22735057     0.030417092       1.0005791      0.99913164       1.0012873      0.99638766      0.99940939    0.0012705759   2.1206342e-09      0.95315945       0.8812852      0.26276076      0.82477617        13.22509       1017.7449       1468.0771      -25.146766       -26.424226            1.27746       2806.8194                 21.376378                 396.93225                                589.34215                      10.094089                    13.22509                  1468.0771       166.81528        140.95699
              1       1378.3923     0.022676779       69.579239       3.0543003      0.97491883       8.1648502      0.73194643      0.22735057     0.030417092       1.0002209      0.99951648       1.0005005       0.9995286       1.0003797    0.0012705759   2.1206342e-09      0.95315945       0.8812852      0.26276076      0.82477617        13.22509       1017.9934       1468.0771      -25.518652       -26.796112            1.27746        2807.822                 21.411371                 396.93454                                589.58407                      10.063393                    13.22509                  1468.0771       167.41383        141.11256
              1       1378.5833     0.022639466       69.459689       3.0535614       0.9748399       8.0829398      0.73130724      0.22994799     0.032996074         1.00032       1.0010501       1.0024738      0.99883187       1.0006858    0.0042771935   2.1190679e-09      0.95307541      0.88080879       0.2633175      0.82520315       13.099641       1019.5814       1468.4347      -25.666311        -26.71213          1.0458187       2808.4992                 21.431604                 396.73401                                591.34546                      10.070287                   13.099641                  1468.4347       167.02673         140.3568
              1       1378.5819     0.022639466       69.459689       3.0535614       0.9748399       8.0829398      0.73130724      0.22994799     0.032996074         1.00032      0.99974424       1.0022317      0.99971336       1.0021732    0.0042771935   2.1190679e-09      0.95307541      0.88080879       0.2633175      0.82520315       13.099641       1019.5814       1468.4347      -25.715521       -26.761339          1.0458187       2808.5949                 21.431604                 396.73401                                591.34546                      10.070287                   13.099641                  1468.4347       167.32042        140.15878
              1       1379.6362     0.022639466       69.459689       3.0535614       0.9748399       8.0829398      0.73130724      0.22994799     0.032996074       1.0013525       1.0023273       1.0055973       0.9980543      0.99992651    0.0042771935   2.1190679e-09      0.95307541      0.88080879       0.2633175      0.82520315       13.099641       1018.1417       1468.4347      -25.232875       -26.278694          1.0458187       2809.7381                 21.331551                 396.70489                                589.94698                      10.158311                   13.099641                  1468.4347       169.43318        140.62889
              1        1380.146     0.022639466       69.459689       3.0535614       0.9748399       8.0829398      0.73130724      0.22994799     0.032996074       1.0011743       1.0017886      0.99888414      0.99803685       1.0005271    0.0042771935   2.1190679e-09      0.95307541      0.88080879       0.2633175      0.82520315       13.099641        1018.127       1468.4347      -25.387789       -26.433608          1.0458187       2811.0676                 21.348572                 396.70489                                589.93474                      10.138792                   13.099641                  1468.4347       171.12958        140.27667
              1       1379.8172     0.022639466       69.459689       3.0535614       0.9748399       8.0829398      0.73130724      0.22994799     0.032996074       1.0011743      0.99957996       1.0022267      0.99777634       1.0086856    0.0042771935   2.1190679e-09      0.95307541      0.88080879       0.2633175      0.82520315       13.099641        1018.127       1468.4347      -24.817621        -25.86344          1.0458187       2809.2697                 21.348572                 396.70489                                589.93474                      10.138792                   13.099641                  1468.4347       167.46469        142.14371
              1       1377.6693     0.022639466       69.459689       3.0535614       0.9748399       8.0829398      0.73130724      0.22994799     0.032996074       1.0011743       1.0009277       1.0031661      0.99709436       1.0024062    0.0042771935   2.1190679e-09      0.95307541      0.88080879       0.2633175      0.82520315       13.099641        1018.127       1468.4347      -25.351761        -26.39758          1.0458187       2806.0421                 21.348572                 396.70489                                589.93474                      10.138792                   13.099641                  1468.4347       166.71085        139.66995
              1       1378.6334     0.022639466       69.459689       3.0535614       0.9748399       8.0829398      0.73130724      0.22994799     0.032996074       1.0011743       1.0009277       1.0031661       1.0012731       1.0056279    0.0042771935   2.1190679e-09      0.95307541      0.88080879       0.2633175      0.82520315       13.099641        1018.127       1468.4347      -25.276093       -26.321912          1.0458187       2807.8191                 21.348572                 396.70489                                589.93474                      10.138792                   13.099641                  1468.4347       166.71085        141.44691
              1       1379.7757     0.022639466       69.459689       3.0535614       0.9748399       8.0829398      0.73130724      0.22994799     0.032996074       1.0011743       1.0019652       1.0006701      0.99664066       1.0061119    0.0042771935   2.1190679e-09      0.95307541      0.88080879       0.2633175      0.82520315       13.099641        1018.127       1468.4347      -24.815904       -25.861723          1.0458187       2809.1832                 21.348572                 396.70489                                589.93474                      10.138792                   13.099641                  1468.4347       169.04309        140.47879
              1       1379.1434     0.022639466       69.459689       3.0535614       0.9748399       8.0829398      0.73130724      0.22994799     0.032996074       1.0008963       1.0012068       1.0063662      0.99527619       1.0032442    0.0042771935   2.1190679e-09      0.95307541      0.88080879       0.2633175      0.82520315       13.099641       1018.3185       1468.4347      -24.975884       -26.021702          1.0458187       2808.2387                 21.375316                 396.70467                                590.12655                      10.111936                   13.099641                  1468.4347       167.99551        140.39035
              1       1378.7231     0.022639466       69.459689       3.0535614       0.9748399       8.0829398      0.73130724      0.22994799     0.032996074       1.0011854       1.0005392       1.0062989       1.0005987       1.0060995    0.0042771935   2.1190679e-09      0.95307541      0.88080879       0.2633175      0.82520315       13.099641       1018.1248       1468.4347      -25.284655       -26.330474          1.0458187       2808.0154                 21.347514                 396.70489                                589.93243                      10.139951                   13.099641                  1468.4347       167.23326        141.12306
              1         1377.65     0.022639466       69.459689       3.0535614       0.9748399       8.0829398      0.73130724      0.22994799     0.032996074       1.0011854       1.0002429       1.0061823      0.99889492       1.0034994    0.0042771935   2.1190679e-09      0.95307541      0.88080879       0.2633175      0.82520315       13.099641       1018.1248       1468.4347      -25.512234       -26.558053          1.0458187       2806.3245                 21.347514                 396.70489                                589.93243                      10.139951                   13.099641                  1468.4347       166.98183        139.68359
              1       1379.4253     0.022639466       69.459689       3.0535614       0.9748399       8.0829398      0.73130724      0.22994799     0.032996074       1.0014261       1.0011443       1.0036006       1.0025469       1.0051343    0.0042771935   2.1190679e-09      0.95307541      0.88080879       0.2633175      0.82520315       13.099641       1018.1791       1468.4347      -25.128373       -26.174191          1.0458187       2809.1073                  21.32455                 396.70489                                589.98276                      10.166892                   13.099641                  1468.4347       166.79442        142.59952
              1       1379.0227     0.022704288        69.21334        3.049744       0.9736944       7.9488744      0.73078552       0.2454927      0.04242056       1.0004174      0.99971246       1.0063634       1.0012733       1.0044152     0.020576782    2.110994e-09      0.95260546      0.87655988      0.26346632       0.8214545       12.879025       1016.8442       1468.7226      -25.098949       -26.576724          1.4777749       2808.2433                 21.459788                  396.4013                                588.66449                      10.318654                   12.879025                  1468.7226        167.1712         142.6263
              1       1377.5816     0.022704288        69.21334        3.049744       0.9736944       7.9488744      0.73078552       0.2454927      0.04242056       1.0004174         1.00003       1.0022453      0.99758769      0.99959578     0.020576782    2.110994e-09      0.95260546      0.87655988      0.26346632       0.8214545       12.879025       1016.8442       1468.7226      -25.182248       -26.660023          1.4777749       2805.5277                 21.459788                  396.4013                                588.66449                      10.318654                   12.879025                  1468.7226       166.72441         140.3575
              1         1377.79     0.022704288        69.21334        3.049744       0.9736944       7.9488744      0.73078552       0.2454927      0.04242056      0.99997809      0.99865119       1.0049529      0.99829487      0.99844506     0.020576782    2.110994e-09      0.95260546      0.87655988      0.26346632       0.8214545       12.879025       1016.9142       1468.7226      -25.146012       -26.623787          1.4777749       2805.8721                 21.503502                 396.39446                                588.78523                      10.231044                   12.879025                  1468.7226       166.04767        141.30859
              1       1377.4483     0.022704288        69.21334        3.049744       0.9736944       7.9488744      0.73078552       0.2454927      0.04242056       1.0001611      0.99890209       1.0033599      0.99980429       1.0018587     0.020576782    2.110994e-09      0.95260546      0.87655988      0.26346632       0.8214545       12.879025       1016.8027       1468.7226      -25.239427       -26.717202          1.4777749       2805.3754                 21.485219                 396.39446                                588.65678                      10.266223                   12.879025                  1468.7226       166.09128        140.87984
              1       1377.1943     0.022704288        69.21334        3.049744       0.9736944       7.9488744      0.73078552       0.2454927      0.04242056       1.0004078      0.99924005       1.0054189       0.9969142       1.0028598     0.020576782    2.110994e-09      0.95260546      0.87655988      0.26346632       0.8214545       12.879025        1016.839       1468.7226      -24.983177       -26.460952          1.4777749       2804.3549                 21.460729                  396.4013                                588.66029                       10.31664                   12.879025                  1468.7226       166.23207        139.68231
              1        1377.311     0.022704288        69.21334        3.049744       0.9736944       7.9488744      0.73078552       0.2454927      0.04242056       1.0004078      0.99944515       1.0051481      0.99809776        1.003889     0.020576782    2.110994e-09      0.95260546      0.87655988      0.26346632       0.8214545       12.879025        1016.839       1468.7226      -25.078869       -26.556644          1.4777749       2804.7798                 21.460729                  396.4013                                588.66029                       10.31664                   12.879025                  1468.7226       166.21831        140.12094
              1       1377.5123     0.022704288        69.21334        3.049744       0.9736944       7.9488744      0.73078552       0.2454927      0.04242056       1.0000195      0.99945924       1.0050983      0.99625378       1.0039814     0.020576782    2.110994e-09      0.95260546      0.87655988      0.26346632       0.8214545       12.879025       1016.8791       1468.7226      -24.827803       -26.305578          1.4777749       2804.6801                 21.499361                 396.39446                                588.74642                      10.238829                   12.879025                  1468.7226       166.20738        139.99208
              1       1376.9264     0.022718246       69.208676       3.0506829      0.97306884       7.9549807      0.73053748      0.24277008     0.042880531       1.0003453      0.99922306       1.0023865      0.99672075       1.0039003     0.017107912   2.1129769e-09      0.95256994      0.87663255      0.26376698      0.82199121       12.843078       1016.3516       1468.7876      -24.777279       -26.366187          1.5889085       2803.4074                 21.597718                 396.43591                                588.23895                      10.079013                   12.843078                  1468.7876       166.09988        139.32524
              1       1378.3547     0.022718246       69.208676       3.0506829      0.97306884       7.9549807      0.73053748      0.24277008     0.042880531       1.0012026      0.99784584       1.0081988      0.99826768       1.0032572     0.017107912   2.1129769e-09      0.95256994      0.87663255      0.26376698      0.82199121       12.843078       1016.7671       1468.7876      -24.682671        -26.27158          1.5889085       2806.0747                 21.510555                 396.41624                                588.60683                      10.233419                   12.843078                  1468.7876       168.30739        139.36964
              1       1378.5622     0.022756457       69.212893       3.0506576      0.97249017       7.9933666      0.73014295      0.24225016     0.041043446         1.00064      0.99733562       1.0080305      0.99798755       1.0030391     0.016664452   2.1129235e-09      0.95249595      0.87701911      0.26415753      0.82296228       12.767314       1017.2132       1468.8094      -24.279344       -26.204907          1.9255628       2805.6831                 21.604866                  396.5535                                588.87343                      10.181364                   12.767314                  1468.8094       166.96671        139.92656
              1       1385.6247     0.022778769       68.831265       3.0508052      0.97315831       7.9061485      0.72672078      0.24768336     0.054540865       1.0023568      0.99826165       1.0071573      0.99336663       1.0059359      0.01123354   2.1132353e-09      0.95192063      0.87981946      0.26729893      0.83048452       12.610218       1026.8724       1469.9353      -22.639111       -24.783015          2.1439039       2816.5277                 21.355508                 396.33657                                598.75689                      10.423426                   12.610218                  1469.9353       163.47905        143.63077
              1       1383.7696     0.022778769       68.831265       3.0508052      0.97315831       7.9061485      0.72672078      0.24768336     0.054540865       1.0019116      0.99701648       1.0064543      0.99392358      0.99830809      0.01123354   2.1132353e-09      0.95192063      0.87981946      0.26729893      0.83048452       12.610218       1023.8802       1469.9353      -22.946308       -25.090212          2.1439039       2813.4318                 21.397678                 396.33597                                595.79597                      10.350601                   12.610218                  1469.9353       164.44174        142.56436
              1       1381.3211     0.022715575       68.772383       3.0518371      0.97295866       7.9809602      0.72647963      0.24810297     0.053105882       1.0010598      0.99771454       1.0088669       1.0019788       1.0025251     0.015632768   2.1154171e-09      0.95197188      0.87943563      0.26751963      0.83046486       12.623284       1018.9343       1470.4699      -24.715274       -26.282421          1.5671465       2812.0728                 21.499163                 396.50098                                 590.6911                      10.243055                   12.623284                  1470.4699       167.51572        142.52962
              1       1378.3806     0.022715575       68.772383       3.0518371      0.97295866       7.9809602      0.72647963      0.24810297     0.053105882      0.99978786      0.99865913       1.0059846       1.0003533      0.99971031     0.015632768   2.1154171e-09      0.95197188      0.87943563      0.26751963      0.83046486       12.623284       1018.3993       1470.4699      -25.145359       -26.712505          1.5671465       2807.0518                 21.627788                 396.54257                                590.06933                      10.159624                   12.623284                  1470.4699       164.06418        141.49519
              1       1381.6248     0.022747793       68.571158       3.0532941      0.97190705       8.0056915      0.72389587        0.247413     0.054305318       1.0008295      0.99658079       1.0053612      0.99966423       1.0009243     0.013122606   2.1185015e-09      0.95162107      0.88119639       0.2700048      0.83598373       12.865449       1021.0656       1471.6744      -24.259376       -26.104461          1.8450857       2811.7683                 21.675908                 396.61796                                592.52102                      10.250689                   12.865449                  1471.6744       165.68918        140.47369
              1       1379.3495     0.022678597       68.507606       3.0534187      0.97186584       7.8428918      0.72411799      0.24753881     0.060886945       1.0018404       1.0005609        1.006016      0.99771215        1.004192     0.017035081   2.1187656e-09       0.9516787       0.8786458      0.26979095      0.83323385       12.721342       1018.6967       1471.9216      -24.945448       -26.235381          1.2899326       2808.5899                 21.744643                 396.25595                                590.53139                      10.164715                   12.721342                  1471.9216       166.25381        138.99649
              1       1379.8857     0.022678597       68.507606       3.0534187      0.97186584       7.8428918      0.72411799      0.24753881     0.060886945       1.0025336       1.0003415       1.0066013      0.99650564       1.0030358     0.017035081   2.1187656e-09       0.9516787       0.8786458      0.26979095      0.83323385       12.721342       1017.9785       1471.9216      -24.619896       -25.909829          1.2899326       2809.0112                 21.671696                 396.25502                                589.88958                      10.162224                   12.721342                  1471.9216       166.73576        139.65396
              1       1383.4293     0.022678597       68.507606       3.0534187      0.97186584       7.8428918      0.72411799      0.24753881     0.060886945       1.0006908       1.0031106       1.0040704      0.99590606       1.0051835     0.017035081   2.1187656e-09       0.9516787       0.8786458      0.26979095      0.83323385       12.721342       1023.4727       1471.9216      -24.284361       -25.574294          1.2899326       2815.4273                 21.868659                   396.243                                595.13152                      10.229523                   12.721342                  1471.9216       167.14857        140.16313
              1       1383.5336     0.022678597       68.507606       3.0534187      0.97186584       7.8428918      0.72411799      0.24753881     0.060886945       1.0013844      0.99938437      0.99882841       1.0003842       1.0021232     0.017035081   2.1187656e-09       0.9516787       0.8786458      0.26979095      0.83323385       12.721342        1020.049       1471.9216      -25.309264       -26.599197          1.2899326       2817.6857                 21.793328                 396.24798                                591.82637                      10.181331                   12.721342                  1471.9216       173.49098        139.50281
              1       1381.0591     0.022693932       68.429257       3.0507078      0.97241175       7.8134578      0.72475816      0.25858677     0.060976568       1.0005082      0.99814245       1.0064924      0.99797363       1.0023615     0.032419003   2.1130294e-09      0.95153524       0.8753195      0.26891807      0.82873555       12.762191       1020.2641       1472.2933      -25.053488       -26.452929          1.3994408       2812.2253                  21.67565                 396.18399                                592.30722                       10.09726                   12.762191                  1472.2933       168.14188        138.76382
              1       1381.4595     0.022693932       68.429257       3.0507078      0.97241175       7.8134578      0.72475816      0.25858677     0.060976568         1.00286       1.0000101       1.0057159      0.99946438      0.99955076     0.032419003   2.1130294e-09      0.95153524       0.8753195      0.26891807      0.82873555       12.762191       1021.1815       1472.2933      -24.757055       -26.156496          1.3994408       2812.4332                  21.44098                 396.16352                                593.17174                      10.405252                   12.762191                  1472.2933       165.88234        140.31387
              1        1384.821     0.022693932       68.429257       3.0507078      0.97241175       7.8134578      0.72475816      0.25858677     0.060976568       1.0025724      0.99962368       1.0073252      0.99779751      0.99435564     0.032419003   2.1130294e-09      0.95153524       0.8753195      0.26891807      0.82873555       12.762191       1020.0661       1472.2933      -24.461471       -25.860912          1.3994408       2818.5649                 21.468771                 396.16225                                592.08427                      10.350828                   12.762191                  1472.2933       167.20627        146.23708
              1       1381.4558     0.022693932       68.429257       3.0507078      0.97241175       7.8134578      0.72475816      0.25858677     0.060976568       1.0025724      0.99927206       1.0071376      0.99927189      0.99946712     0.032419003   2.1130294e-09      0.95153524       0.8753195      0.26891807      0.82873555       12.762191       1020.0661       1472.2933      -24.845766       -26.245207          1.3994408       2812.6032                 21.468771                 396.16225                                592.08427                      10.350828                   12.762191                  1472.2933       167.18124         140.3004
              1       1380.7303     0.022714342       68.463552       3.0510027      0.97310381        7.875962      0.72483208       0.2592404     0.059496769       1.0018742      0.99946946       1.0061691       1.0013043       1.0045532     0.029772781   2.1136528e-09      0.95154023      0.87722568      0.26882972      0.83040385       12.778076       1020.8383       1472.0358      -24.727722        -26.28491          1.5571872        2810.916                 21.404719                 396.26735                                592.78431                       10.38188                   12.778076                  1472.0358       164.22795        141.03589
              1       1380.0237     0.022714342       68.463552       3.0510027      0.97310381        7.875962      0.72483208       0.2592404     0.059496769       1.0018742      0.99921409        1.005913      0.99933158       1.0044517     0.029772781   2.1136528e-09      0.95154023      0.87722568      0.26882972      0.83040385       12.778076       1020.8383       1472.0358      -24.748804       -26.305992          1.5571872       2809.5449                 21.404719                 396.26735                                592.78431                       10.38188                   12.778076                  1472.0358       164.13991         139.7529
              1       1379.2337     0.022731432        68.41284       3.0504891       0.9733097       7.8305624      0.72469959        0.261793     0.063527135       1.0017576       1.0003446        1.005258      0.99767316       1.0036964      0.03350248   2.1125675e-09      0.95143185      0.87590148      0.26889689       0.8292539       12.767663       1019.9577       1472.1483      -24.602874       -26.302609          1.6997355       2807.6731                 21.397562                 396.18366                                591.98849                      10.387944                   12.767663                  1472.1483       163.31639        139.48305
              1       1379.4384     0.022731432        68.41284       3.0504891       0.9733097       7.8305624      0.72469959        0.261793     0.063527135       1.0012821      0.99840562       1.0038959      0.99793638       1.0034029      0.03350248   2.1125675e-09      0.95143185      0.87590148      0.26889689       0.8292539       12.767663       1019.1845       1472.1483      -24.632264          -26.332          1.6997355       2808.1413                 21.442726                 396.19468                                591.23297                      10.314085                   12.767663                  1472.1483       164.60751        139.43336
              1        1378.638     0.022731432        68.41284       3.0504891       0.9733097       7.8305624      0.72469959        0.261793     0.063527135       1.0012821       1.0007016       1.0022802       0.9977776       1.0035878      0.03350248   2.1125675e-09      0.95143185      0.87590148      0.26889689       0.8292539       12.767663       1019.1845       1472.1483      -24.717029       -26.416764          1.6997355       2806.7101                 21.442726                 396.19468                                591.23297                      10.314085                   12.767663                  1472.1483        163.1498        139.45988
              1       1382.4195     0.022731432        68.41284       3.0504891       0.9733097       7.8305624      0.72469959        0.261793     0.063527135       1.0019257      0.99748947       1.0026371      0.99802331      0.99924045      0.03350248   2.1125675e-09      0.95143185      0.87590148      0.26889689       0.8292539       12.767663       1020.4298       1472.1483      -24.370967       -26.070702          1.6997355        2813.581                 21.381779                 396.19664                                592.43429                      10.417103                   12.767663                  1472.1483       167.52519        140.70998
              1       1381.9163     0.022731432        68.41284       3.0504891       0.9733097       7.8305624      0.72469959        0.261793     0.063527135       1.0015403      0.99750345       1.0025877       0.9995164      0.99934098      0.03350248   2.1125675e-09      0.95143185      0.87590148      0.26889689       0.8292539       12.767663        1019.517       1472.1483      -24.574175        -26.27391          1.6997355       2812.9809                  21.41811                 396.19595                                591.55033                      10.352602                   12.767663                  1472.1483       167.52589        141.02203
              1       1381.3161     0.022731432        68.41284       3.0504891       0.9733097       7.8305624      0.72469959        0.261793     0.063527135       1.0015403       0.9980329       1.0064745      0.99541546       1.0002089      0.03350248   2.1125675e-09      0.95143185      0.87590148      0.26889689       0.8292539       12.767663        1019.517       1472.1483      -24.193689       -25.893424          1.6997355       2811.0195                  21.41811                 396.19595                                591.55033                      10.352602                   12.767663                  1472.1483       165.68143        140.90514
              1       1380.9697     0.022731432        68.41284       3.0504891       0.9733097       7.8305624      0.72469959        0.261793     0.063527135       1.0017335      0.99799313       1.0065125      0.99984051       1.0001676      0.03350248   2.1125675e-09      0.95143185      0.87590148      0.26889689       0.8292539       12.767663       1019.8996       1472.1483      -24.655086       -26.354821          1.6997355       2811.2496                 21.399832                 396.18366                                591.93225                      10.383897                   12.767663                  1472.1483       165.77374        140.66023
              1       1379.4858     0.022731432        68.41284       3.0504891       0.9733097       7.8305624      0.72469959        0.261793     0.063527135       1.0002675       0.9992947       1.0034976       1.0009233       1.0031641      0.03350248   2.1125675e-09      0.95143185      0.87590148      0.26889689       0.8292539       12.767663       1020.0689       1472.1483      -24.970934       -26.670669          1.6997355       2808.9135                 21.541344                  396.1958                                 592.1323                      10.199424                   12.767663                  1472.1483       163.41595         140.5127
              1       1380.2905     0.022731432        68.41284       3.0504891       0.9733097       7.8305624      0.72469959        0.261793     0.063527135       1.0002675      0.99945922       1.0008893       1.0010306       1.0031685      0.03350248   2.1125675e-09      0.95143185      0.87590148      0.26889689       0.8292539       12.767663       1020.0689       1472.1483      -24.976855        -26.67659          1.6997355       2810.5348                 21.541344                  396.1958                                 592.1323                      10.199424                   12.767663                  1472.1483       164.95499        140.59497
              1       1378.9618     0.022707714       68.376379       3.0509634      0.97311164       7.8013923      0.72444198       0.2607104     0.065011169       1.0012439       1.0007818        1.002855       1.0000518       1.0045312     0.032507303   2.1135696e-09      0.95143077      0.87575787      0.26916804      0.82953586       12.769025       1019.2614       1472.4108      -24.963377       -26.467841          1.5044643       2807.8503                 21.520666                 396.14326                                591.39378                      10.203648                   12.769025                  1472.4108        164.0134        139.39566
              1       1379.9907     0.022707714       68.376379       3.0509634      0.97311164       7.8013923      0.72444198       0.2607104     0.065011169       1.0012439      0.99872284       1.0046871      0.99973544       1.0047967     0.032507303   2.1135696e-09      0.95143077      0.87575787      0.26916804      0.82953586       12.769025       1019.2614       1472.4108      -24.881615       -26.386079          1.5044643       2809.7447                 21.520666                 396.14326                                591.39378                      10.203648                   12.769025                  1472.4108       165.96815        139.33528
              1        1380.343     0.022707714       68.376379       3.0509634      0.97311164       7.8013923      0.72444198       0.2607104     0.065011169       1.0021654      0.99868941       1.0048053       0.9970454       1.0026339     0.032507303   2.1135696e-09      0.95143077      0.87575787      0.26916804      0.82953586       12.769025       1019.1923       1472.4108      -24.562731       -26.067195          1.5044643       2809.8115                 21.431486                 396.14801                                591.29827                      10.314552                   12.769025                  1472.4108       166.02914         139.4102
              1       1380.7296     0.022707714       68.376379       3.0509634      0.97311164       7.8013923      0.72444198       0.2607104     0.065011169       1.0021654       1.0016505       1.0056163        1.001727       1.0003253     0.032507303   2.1135696e-09      0.95143077      0.87575787      0.26916804      0.82953586       12.769025       1019.1923       1472.4108      -24.713972       -26.218436          1.5044643       2810.8872                 21.431486                 396.14801                                591.29827                      10.314552                   12.769025                  1472.4108       164.98199          141.533
              1        1380.399     0.022715692       68.440168        3.051223      0.97349665       7.7841903      0.72461868      0.25781476     0.063119714       1.0024947       1.0028713       1.0003606      0.99977747       1.0028777     0.029459003   2.1141184e-09      0.95150423      0.87651875      0.26906896      0.83010376       12.741088        1019.731       1472.0732      -24.216289       -25.784387           1.568098       2809.2305                 21.383771                 396.08911                                 591.9425                      10.315614                   12.741088                  1472.0732       165.30002        139.38522
              1       1380.9816     0.022715692       68.440168        3.051223      0.97349665       7.7841903      0.72461868      0.25781476     0.063119714       1.0026391       1.0012009       1.0007753      0.99593154       1.0046948     0.029459003   2.1141184e-09      0.95150423      0.87651875      0.26906896      0.83010376       12.741088       1020.0029       1472.0732      -23.995443       -25.563541           1.568098        2809.954                  21.37028                 396.08911                                592.20809                      10.335449                   12.741088                  1472.0732       164.65092        140.48586
              1        1380.701     0.022715692       68.440168        3.051223      0.97349665       7.7841903      0.72461868      0.25781476     0.063119714       1.0015765       1.0019025       1.0069973      0.99631235        1.003749     0.029459003   2.1141184e-09      0.95150423      0.87651875      0.26906896      0.83010376       12.741088       1019.6459       1472.0732      -24.381636       -25.949734           1.568098       2810.1654                 21.471166                 396.08925                                591.86842                      10.217082                   12.741088                  1472.0732       165.59735        140.10782
              1       1379.7328     0.022740737       68.336594       3.0491558      0.97066945        7.753569      0.72332544      0.26132467     0.065239359       1.0002754      0.99968545       1.0020009       0.9944095       1.0014541     0.033036287   2.1097527e-09      0.95130349       0.8756427      0.27021664       0.8310408       12.909421       1016.7954       1472.5386      -24.231842       -26.013177           1.781335       2807.9294                 21.886892                 396.07506                                588.62596                      10.207446                   12.909421                  1472.5386        164.6929        140.99306
              1        1380.109     0.022740737       68.336594       3.0491558      0.97066945        7.753569      0.72332544      0.26132467     0.065239359         1.00029      0.99968492       1.0020028      0.99714076       1.0065637     0.033036287   2.1097527e-09      0.95130349       0.8756427      0.27021664       0.8310408       12.909421       1016.7912       1472.5386      -24.415973       -26.197308           1.781335       2809.0499                 21.885289                 396.07506                                588.62216                      10.208727                   12.909421                  1472.5386        164.6918        142.11879
              1        1378.742     0.022740737       68.336594       3.0491558      0.97066945        7.753569      0.72332544      0.26132467     0.065239359         1.00029      0.99968492       1.0020028      0.99752853        1.001175     0.033036287   2.1097527e-09      0.95130349       0.8756427      0.27021664       0.8310408       12.909421       1016.7912       1472.5386      -24.861751       -26.643086           1.781335       2807.2074                 21.885289                 396.07506                                588.62216                      10.208727                   12.909421                  1472.5386        164.6918        140.27632
              1       1380.0369     0.022740737       68.336594       3.0491558      0.97066945        7.753569      0.72332544      0.26132467     0.065239359         1.00029      0.99964997       1.0037371      0.99511198      0.99747305     0.033036287   2.1097527e-09      0.95130349       0.8756427      0.27021664       0.8310408       12.909421       1016.7912       1472.5386      -24.372028       -26.153363           1.781335       2808.8179                 21.885289                 396.07506                                588.62216                      10.208727                   12.909421                  1472.5386       164.25879        142.31987
              1       1381.9094     0.022740737       68.336594       3.0491558      0.97066945        7.753569      0.72332544      0.26132467     0.065239359       1.0017206      0.99959807       1.0039206      0.99362329       1.0026755     0.033036287   2.1097527e-09      0.95130349       0.8756427      0.27021664       0.8310408       12.909421       1019.8653       1472.5386      -23.716527       -25.497862           1.781335       2811.2519                 21.731685                  396.0628                                591.67807                      10.392782                   12.909421                  1472.5386        164.2491        141.68945
              1       1381.3598     0.022734818       68.246047       3.0497907      0.97107996       7.7243945      0.72212945      0.26129708     0.066336636       1.0007409        1.001164       1.0061527      0.99770286       1.0053882     0.033096931   2.1110926e-09      0.95118689      0.87680756       0.2713559       0.8338987       13.098024       1018.0823       1473.1438      -24.566062       -26.295169          1.7291073       2811.8516                 21.816365                 396.03793                                589.92725                      10.300752                   13.098024                  1473.1438       166.13582        141.39171
              1       1382.2908     0.022734818       68.246047       3.0497907      0.97107996       7.7243945      0.72212945      0.26129708     0.066336636       1.0007409      0.99684095       1.0062012      0.99682406        1.003563     0.033096931   2.1110926e-09      0.95118689      0.87680756       0.2713559       0.8338987       13.098024       1018.0823       1473.1438      -24.122176       -25.851283          1.7291073        2812.826                 21.816365                 396.03793                                589.92725                      10.300752                   13.098024                  1473.1438       167.69019        140.81174
              1       1381.0198     0.022750479       68.327672       3.0490141      0.96942227       7.5392513      0.72347609      0.25805287     0.070440137       1.0025823       1.0024725      0.99978687      0.99702549       1.0054809     0.037485773   2.1094536e-09       0.9512699      0.87118535      0.27015996      0.82672378       12.777344       1015.0023       1472.5395      -23.573401       -25.443175          1.8697741       2809.1864                  22.03217                 395.76232                                587.15795                      10.049857                   12.777344                  1472.5395       168.96967        139.89764
              1       1382.1812     0.022750479       68.327672       3.0490141      0.96942227       7.5392513      0.72347609      0.25805287     0.070440137       1.0025823       1.0034162      0.99896499      0.99682097       1.0040742     0.037485773   2.1094536e-09       0.9512699      0.87118535      0.27015996      0.82672378       12.777344       1015.0023       1472.5395      -23.360627       -25.230401          1.8697741       2811.0837                  22.03217                 395.76232                                587.15795                      10.049857                   12.777344                  1472.5395       171.03032        139.73424
              1       1381.3944     0.022750479       68.327672       3.0490141      0.96942227       7.5392513      0.72347609      0.25805287     0.070440137       1.0025823      0.99788492       1.0072589      0.99705307       1.0037208     0.037485773   2.1094536e-09       0.9512699      0.87118535      0.27015996      0.82672378       12.777344       1015.0023       1472.5395      -23.821762       -25.691536          1.8697741       2810.4323                  22.03217                 395.76232                                587.15795                      10.049857                   12.777344                  1472.5395       170.49268        139.62053
              1       1380.4684     0.022750479       68.327672       3.0490141      0.96942227       7.5392513      0.72347609      0.25805287     0.070440137       1.0025823       1.0023839       1.0049111      0.99832809      0.99902719     0.037485773   2.1094536e-09       0.9512699      0.87118535      0.27015996      0.82672378       12.777344       1015.0023       1472.5395      -24.022644       -25.892418          1.8697741       2808.9822                  22.03217                 395.76232                                587.15795                      10.049857                   12.777344                  1472.5395       167.15288        141.51021
              1        1383.153     0.022750479       68.327672       3.0490141      0.96942227       7.5392513      0.72347609      0.25805287     0.070440137       1.0041711       1.0024263       1.0044064      0.99669781        1.006383     0.037485773   2.1094536e-09       0.9512699      0.87118535      0.27015996      0.82672378       12.777344       1018.7286       1472.5395      -22.575316        -24.44509          1.8697741       2811.4565                 21.855755                 395.78356                                590.74525                       10.34406                   12.777344                  1472.5395       166.99033        140.42079
              1       1379.8312     0.022750479       68.327672       3.0490141      0.96942227       7.5392513      0.72347609      0.25805287     0.070440137       1.0026607       1.0018931       1.0043857      0.99889139      0.99927557     0.037485773   2.1094536e-09       0.9512699      0.87118535      0.27015996      0.82672378       12.777344        1014.987       1472.5395      -24.149214       -26.018988          1.8697741       2807.9607                 22.023287                 395.76312                                587.13959                      10.061047                   12.777344                  1472.5395       166.33289        141.32401
              1       1379.3633     0.022750479       68.327672       3.0490141      0.96942227       7.5392513      0.72347609      0.25805287     0.070440137       1.0026607       0.9992942       1.0054584       1.0004734       1.0038335     0.037485773   2.1094536e-09       0.9512699      0.87118535      0.27015996      0.82672378       12.777344        1014.987       1472.5395      -24.211498       -26.081273          1.8697741       2807.1497                 22.023287                 395.76312                                587.13959                      10.061047                   12.777344                  1472.5395        167.1246        139.72124
              1       1379.3603     0.022750479       68.327672       3.0490141      0.96942227       7.5392513      0.72347609      0.25805287     0.070440137          1.0021      0.99938061       1.0052094       1.0004529        1.003695     0.037485773   2.1094536e-09       0.9512699      0.87118535      0.27015996      0.82672378       12.777344       1015.5964       1472.5395      -24.441729       -26.311503          1.8697741        2807.604                  22.08723                 395.80064                                587.71978                      9.9886981                   12.777344                  1472.5395       166.97147        139.71939
              1       1381.4462     0.022750479       68.327672       3.0490141      0.96942227       7.5392513      0.72347609      0.25805287     0.070440137          1.0021      0.99969067       1.0099652      0.99764267       1.0041605     0.037485773   2.1094536e-09       0.9512699      0.87118535      0.27015996      0.82672378       12.777344       1015.5964       1472.5395      -24.290399       -26.160173          1.8697741       2811.4733                  22.08723                 395.80064                                587.71978                      9.9886981                   12.777344                  1472.5395       171.13251         139.4276
              1       1380.7225     0.022750479       68.327672       3.0490141      0.96942227       7.5392513      0.72347609      0.25805287     0.070440137          1.0021       1.0008357       1.0044908       1.0003996       1.0092781     0.037485773   2.1094536e-09       0.9512699      0.87118535      0.27015996      0.82672378       12.777344       1015.5964       1472.5395      -23.740169       -25.609943          1.8697741       2808.9253                  22.08723                 395.80064                                587.71978                      9.9886981                   12.777344                  1472.5395        165.8712        142.14099
              1        1381.184     0.022750479       68.327672       3.0490141      0.96942227       7.5392513      0.72347609      0.25805287     0.070440137          1.0021       1.0031436       1.0026395       1.0019544       1.0015246     0.037485773   2.1094536e-09       0.9512699      0.87118535      0.27015996      0.82672378       12.777344       1015.5964       1472.5395       -23.93156       -25.801334          1.8697741       2810.2312                  22.08723                 395.80064                                587.71978                      9.9886981                   12.777344                  1472.5395        167.9558        141.36221
              1       1381.6061     0.022750479       68.327672       3.0490141      0.96942227       7.5392513      0.72347609      0.25805287     0.070440137          1.0021      0.99972682       1.0012161       1.0007179      0.99850087     0.037485773   2.1094536e-09       0.9512699      0.87118535      0.27015996      0.82672378       12.777344       1015.5964       1472.5395      -24.559105       -26.428879          1.8697741       2812.3305                  22.08723                 395.80064                                587.71978                      9.9886981                   12.777344                  1472.5395       168.64719        142.77014
              1       1380.2201     0.022750479       68.327672       3.0490141      0.96942227       7.5392513      0.72347609      0.25805287     0.070440137       1.0020878      0.99978579       1.0059355       1.0026424       1.0032894     0.037485773   2.1094536e-09       0.9512699      0.87118535      0.27015996      0.82672378       12.777344       1015.6208       1472.5395      -24.323329       -26.193103          1.8697741       2809.0869                 22.088644                 395.80064                                 587.7442                      9.9873122                   12.777344                  1472.5395       166.71877        141.43056
              1       1379.4137     0.022750479       68.327672       3.0490141      0.96942227       7.5392513      0.72347609      0.25805287     0.070440137       1.0022007       1.0002382       1.0058802       1.0015964       1.0035171     0.037485773   2.1094536e-09       0.9512699      0.87118535      0.27015996      0.82672378       12.777344       1015.4028       1472.5395      -24.379258       -26.249032          1.8697741       2807.5858                 22.075668                 395.78812                                587.53859                       10.00038                   12.777344                  1472.5395       166.41792        140.44833
              1       1379.8528     0.022774943       68.352411       3.0502935      0.97041837       7.5406745      0.72303595       0.2548073     0.070987696       1.0027003       1.0000068       1.0028409      0.99990905       1.0059933     0.035641816   2.1121542e-09      0.95125281      0.87228165      0.27065965       0.8285293       12.781127       1016.0201       1472.3379      -23.791214       -25.896547          2.1053324       2807.2879                 21.936521                 395.76973                                588.27101                      10.042831                   12.781127                  1472.3379       165.99261        140.15619
              1       1380.0383     0.022774943       68.352411       3.0502935      0.97041837       7.5406745      0.72303595       0.2548073     0.070987696       1.0027003        1.002658       1.0034419      0.99676011       1.0054034     0.035641816   2.1121542e-09      0.95125281      0.87228165      0.27065965       0.8285293       12.781127       1016.0201       1472.3379       -23.20219       -25.307522          2.1053324        2806.481                 21.936521                 395.76973                                588.27101                      10.042831                   12.781127                  1472.3379       164.26627        141.07561
              1       1381.2961     0.022774943       68.352411       3.0502935      0.97041837       7.5406745      0.72303595       0.2548073     0.070987696       1.0034861       1.0017902        1.001729       1.0030828       1.0003617     0.035641816   2.1121542e-09      0.95125281      0.87228165      0.27065965       0.8285293       12.781127       1015.9167       1472.3379      -23.327306       -25.432638          2.1053324       2809.2467                 21.850499                 395.79183                                588.14386                       10.13048                   12.781127                  1472.3379       164.70338        143.50764
              1       1383.0495     0.022795997       68.492363       3.0502886      0.97128268       7.6470104      0.72380231      0.25421029     0.064708767       1.0022361       1.0032794       1.0051559       1.0010235      0.99852608     0.030925392   2.1121439e-09      0.95140693      0.87519871       0.2699392      0.83019292       12.753072       1017.6753        1471.503      -23.452501       -25.775883          2.3233821       2813.0041                 21.766987                 395.94087                                  589.755                      10.212475                   12.753072                   1471.503       166.85201        144.22069
              1       1379.8217     0.022767751       68.638848       3.0496674      0.97100233       7.6862356      0.72577379       0.2544815     0.059141395       1.0021533       1.0023195       1.0020903      0.99745067       1.0040061     0.039991842   2.1108323e-09      0.95167408      0.87173475      0.26805599       0.8240176       12.637231       1016.0382       1470.8701      -23.802943       -25.837036          2.0340934       2807.2494                 21.785311                 395.99738                                588.00503                      10.250431                   12.637231                  1470.8701       167.35269        140.35118
              1       1380.8454     0.022767751       68.638848       3.0496674      0.97100233       7.6862356      0.72577379       0.2544815     0.059141395       1.0014072      0.99982037       1.0088061      0.99530364       1.0033822     0.039991842   2.1108323e-09      0.95167408      0.87173475      0.26805599       0.8240176       12.637231       1015.9107       1470.8701      -23.970338       -26.004432          2.0340934       2809.6315                 21.865976                 395.99914                                587.93427                      10.111281                   12.637231                  1470.8701       168.95583        141.25764
              1       1381.3856     0.022820615       68.668475       3.0513133      0.96948278       7.7402227       0.7248711      0.24758886     0.056329156       1.0010978       1.0003872       1.0032671      0.99184845       1.0019537     0.030173199   2.1143093e-09      0.95160366      0.87376366      0.26908264       0.8275156       12.697954       1016.1978       1470.8878      -22.434849       -25.031019          2.5961694       2807.6409                 22.180387                 396.11637                                588.00719                      9.8938643                   12.697954                  1470.8878       163.40082        144.45654
              1        1379.529      0.02279447       69.040235       3.0519134      0.96890291       7.8064152      0.72780331      0.23872512     0.051506186       1.0002168      0.99919316       1.0009175      0.99512854       1.0028611     0.017506189   2.1155785e-09       0.9521783      0.87491934      0.26648406      0.82459938       12.661142       1016.6426       1469.0364      -23.806853       -26.113946          2.3070933       2806.6717                  22.44451                 396.22037                                588.21839                       9.759307                   12.661142                  1469.0364       167.77061         140.5609
              1       1379.8811      0.02279447       69.040235       3.0519134      0.96890291       7.8064152      0.72780331      0.23872512     0.051506186       1.0002168      0.99919316       1.0009175      0.99533652      0.99900835     0.017506189   2.1155785e-09       0.9521783      0.87491934      0.26648406      0.82459938       12.661142       1016.6426       1469.0364      -23.924173       -26.231266          2.3070933       2807.6105                  22.44451                 396.22037                                588.21839                       9.759307                   12.661142                  1469.0364       167.77061        141.49977
              1       1378.9369      0.02279447       69.040235       3.0519134      0.96890291       7.8064152      0.72780331      0.23872512     0.051506186       1.0002168       1.0003912       1.0051248      0.99488641       1.0015094     0.017506189   2.1155785e-09       0.9521783      0.87491934      0.26648406      0.82459938       12.661142       1016.6426       1469.0364      -23.830442       -26.137535          2.3070933       2805.5348                  22.44451                 396.22037                                588.21839                       9.759307                   12.661142                  1469.0364       166.44873         140.7459
              1       1377.8707      0.02279447       69.040235       3.0519134      0.96890291       7.8064152      0.72780331      0.23872512     0.051506186       1.0011964      0.99874847       1.0061709         1.00027       1.0051541     0.017506189   2.1155785e-09       0.9521783      0.87491934      0.26648406      0.82459938       12.661142       1014.0871       1469.0364      -24.058145       -26.365238          2.3070933       2803.8578                 22.322484                  396.2479                                  585.715                      9.8016832                   12.661142                  1469.0364       166.37863         141.6945
              1       1376.9367      0.02279447       69.040235       3.0519134      0.96890291       7.8064152      0.72780331      0.23872512     0.051506186       1.0011964      0.99901235       1.0054135      0.99672232       1.0008488     0.017506189   2.1155785e-09       0.9521783      0.87491934      0.26648406      0.82459938       12.661142       1014.0871       1469.0364      -24.070829       -26.377922          2.3070933       2802.0151                 22.322484                  396.2479                                  585.715                      9.8016832                   12.661142                  1469.0364       165.97322        140.25722
              1       1377.4573      0.02279447       69.040235       3.0519134      0.96890291       7.8064152      0.72780331      0.23872512     0.051506186       1.0006446      0.99896993       1.0053642      0.99787518      0.99984939     0.017506189   2.1155785e-09       0.9521783      0.87491934      0.26648406      0.82459938       12.661142        1015.127       1469.0364      -24.308405       -26.615498          2.3070933       2803.5315                 22.390864                 396.23479                                586.73026                      9.7710711                   12.661142                  1469.0364       165.96785        140.73906
              1       1377.2493     0.022800578        69.06388       3.0521826       0.9692065       7.8157538      0.72798158      0.23814089     0.051429277       1.0020674      0.99978354       1.0053869      0.99792358       1.0002904     0.017094613   2.1161481e-09      0.95219824      0.87498637      0.26632742      0.82442016       12.675259       1014.5139       1468.9162      -23.994914       -26.367601          2.3726869       2802.4884                 22.176707                 396.24143                                586.21934                      9.8764451                   12.675259                  1468.9162       165.78957        140.59348
              1       1376.5634     0.022800578        69.06388       3.0521826       0.9692065       7.8157538      0.72798158      0.23814089     0.051429277       1.0013279      0.99967907       1.0048388      0.99810172       1.0024887     0.017094613   2.1161481e-09      0.95219824      0.87498637      0.26632742      0.82442016       12.675259       1014.1915       1468.9162      -24.152437       -26.525124          2.3726869       2801.4318                 22.266073                 396.25646                                585.86371                      9.8052773                   12.675259                  1468.9162        165.5706        140.07816
              1       1378.7196     0.022800578        69.06388       3.0521826       0.9692065       7.8157538      0.72798158      0.23814089     0.051429277       1.0008248      0.99899445       1.0019863      0.99931624      0.99800906     0.017094613   2.1161481e-09      0.95219824      0.87498637      0.26632742      0.82442016       12.675259       1015.0152       1468.9162      -24.287496       -26.660183          2.3726869       2806.0143                 22.327805                 396.25176                                586.66105                      9.7746222                   12.675259                  1468.9162       166.71814        142.68942
              1       1378.2424     0.022800578        69.06388       3.0521826       0.9692065       7.8157538      0.72798158      0.23814089     0.051429277       1.0013287      0.99897617       1.0020509        1.001146        1.004503     0.017094613   2.1161481e-09      0.95219824      0.87498637      0.26632742      0.82442016       12.675259       1014.1909       1468.9162      -24.023326       -26.396013          2.3726869       2804.5314                 22.265975                 396.25646                                585.86311                       9.805338                   12.675259                  1468.9162       166.68149        142.06752
              1       1379.7699     0.022824762        69.37041       3.0511767      0.96999129       7.8718479      0.73040113      0.23502217      0.04125593       1.0000355      0.99837367       1.0017764       1.0010202        1.006388     0.015601383   2.1140205e-09       0.9525695       0.8751168      0.26408208      0.82105993       12.906718       1014.9502       1467.9763      -23.616979       -26.260987          2.6440087       2806.7738                  22.22694                 396.36035                                586.58613                      9.7767682                   12.906718                  1467.9763       166.43294        144.50766
              1       1381.4321     0.022824762        69.37041       3.0511767      0.96999129       7.8718479      0.73040113      0.23502217      0.04125593       1.0000355      0.99632291       1.0076111       1.0009529       1.0062383     0.015601383   2.1140205e-09       0.9525695       0.8751168      0.26408208      0.82105993       12.906718       1014.9502       1467.9763      -23.033927       -25.677936          2.6440087        2808.932                  22.22694                 396.36035                                586.58613                      9.7767682                   12.906718                  1467.9763       168.77435        144.32451
              1       1379.3944     0.022824762        69.37041       3.0511767      0.96999129       7.8718479      0.73040113      0.23502217      0.04125593       1.0010624      0.99679512       1.0036825      0.99639403      0.99744561     0.015601383   2.1140205e-09       0.9525695       0.8751168      0.26408208      0.82105993       12.906718       1014.5872       1467.9763      -23.130726       -25.774735          2.6440087       2805.0502                 22.104115                 396.31738                                586.26114                      9.9046041                   12.906718                  1467.9763       167.39864         142.1814
              1       1379.9011     0.022816059       69.447165       3.0517637      0.96987926       7.9624813      0.73039675      0.23202863     0.035979283       1.0004503      0.99692951       1.0032038      0.99384543       0.9965898     0.010369148   2.1152618e-09      0.95269233      0.87744329      0.26415207       0.8233518       12.899081       1015.2113       1467.9321      -22.686177       -25.230418          2.5442417       2805.1745                  22.14304                 396.56601                                586.60381                      9.8984256                   12.899081                  1467.9321       166.07254        143.05956
              1       1378.8709     0.022815955       69.462018       3.0522261      0.97006219       7.9550992      0.73044237      0.23045411       0.0366212       1.0007685      0.99732902       1.0032032      0.99353925       1.0021412    0.0092261889   2.1162402e-09      0.95271277      0.87737604      0.26414495       0.8232776       12.932081       1014.8811        1467.858       -22.75461       -25.297675          2.5430654       2803.2509                 22.116978                 396.52799                                586.36055                      9.8755938                   12.932081                   1467.858       165.84529        141.73448
              1       1379.2172     0.022815955       69.462018       3.0522261      0.97006219       7.9550992      0.73044237      0.23045411       0.0366212       1.0007685        1.001355       1.0049747      0.99781511       1.0007353    0.0092261889   2.1162402e-09      0.95271277      0.87737604      0.26414495       0.8232776       12.932081       1014.8811        1467.858      -24.004054       -26.547119          2.5430654       2806.4425                 22.116978                 396.52799                                586.36055                      9.8755938                   12.932081                   1467.858       169.66864        141.10266
              1       1377.6246     0.022815955       69.462018       3.0522261      0.97006219       7.9550992      0.73044237      0.23045411       0.0366212       1.0007685      0.99975479        1.001122      0.99797436       1.0021804    0.0092261889   2.1162402e-09      0.95271277      0.87737604      0.26414495       0.8232776       12.932081       1014.8811        1467.858      -24.079488       -26.622553          2.5430654       2803.4081                 22.116978                 396.52799                                586.36055                      9.8755938                   12.932081                   1467.858       166.60536        141.13158
              1       1378.8133     0.022815955       69.462018       3.0522261      0.97006219       7.9550992      0.73044237      0.23045411       0.0366212       1.0003752      0.99986868       1.0018406       1.0014119      0.99974567    0.0092261889   2.1162402e-09      0.95271277      0.87737604      0.26414495       0.8232776       12.932081       1014.4096        1467.858      -24.214536       -26.757602          2.5430654       2806.0557                 22.163869                 396.54601                                585.86397                      9.8357891                   12.932081                   1467.858       166.23616        144.61989
              1       1378.3091     0.022815955       69.462018       3.0522261      0.97006219       7.9550992      0.73044237      0.23045411       0.0366212       1.0000756      0.99867693       1.0038676       1.0014373      0.99957341    0.0092261889   2.1162402e-09      0.95271277      0.87737604      0.26414495       0.8232776       12.932081        1014.396        1467.858      -24.126152       -26.669218          2.5430654       2804.8706                 22.199951                 396.55408                                585.83059                      9.8113534                   12.932081                   1467.858       164.95758        144.72694
              1       1377.8056     0.022815955       69.462018       3.0522261      0.97006219       7.9550992      0.73044237      0.23045411       0.0366212      0.99977122      0.99823749       1.0045819       0.9976037      0.99702742    0.0092261889   2.1162402e-09      0.95271277      0.87737604      0.26414495       0.8232776       12.932081       1014.7005        1467.858      -23.874038       -26.417103          2.5430654       2803.3593                 22.236901                 396.56878                                586.10306                      9.7917742                   12.932081                   1467.858       164.96924        142.89949
              1       1379.2591     0.022815955       69.462018       3.0522261      0.97006219       7.9550992      0.73044237      0.23045411       0.0366212      0.99977122       0.9987172       1.0089722      0.99515148       1.0023184    0.0092261889   2.1162402e-09      0.95271277      0.87737604      0.26414495       0.8232776       12.932081       1014.7005        1467.858      -23.547321       -26.090386          2.5430654       2805.6128                 22.236901                 396.56878                                586.10306                      9.7917742                   12.932081                   1467.858       169.18576        140.93649
              1        1379.816     0.022815955       69.462018       3.0522261      0.97006219       7.9550992      0.73044237      0.23045411       0.0366212      0.99977122       0.9971681       1.0082157       1.0007928      0.99912938    0.0092261889   2.1162402e-09      0.95271277      0.87737604      0.26414495       0.8232776       12.932081       1014.7005        1467.858      -23.804329       -26.347395          2.5430654       2807.2406                 22.236901                 396.56878                                586.10306                      9.7917742                   12.932081                   1467.858       167.64929        144.10075
              1       1378.2944     0.022815955       69.462018       3.0522261      0.97006219       7.9550992      0.73044237      0.23045411       0.0366212        1.000219      0.99799631       1.0072506      0.99929338      0.99833806    0.0092261889   2.1162402e-09      0.95271277      0.87737604      0.26414495       0.8232776       12.932081       1014.3684        1467.858       -24.01142       -26.554486          2.5430654       2804.6117                  22.18264                 396.55408                                585.80927                      9.8224132                   12.932081                   1467.858       166.45067        143.00255
              1       1378.3344     0.022815955       69.462018       3.0522261      0.97006219       7.9550992      0.73044237      0.23045411       0.0366212        1.000219       1.0006835        1.005336      0.99802233      0.99924414    0.0092261889   2.1162402e-09      0.95271277      0.87737604      0.26414495       0.8232776       12.932081       1014.3684        1467.858      -24.144618       -26.687684          2.5430654       2804.9581                  22.18264                 396.55408                                585.80927                      9.8224132                   12.932081                   1467.858       168.14891        141.65068
              1       1376.7643     0.022775125       69.485693        3.052512       0.9701076       7.9008199       0.7302967      0.22650582      0.03523056       1.0010379      0.99870619       1.0036393      0.99922268      0.99993821    0.0054073455   2.1168454e-09      0.95282955      0.87795462      0.26437357      0.82417694        12.96706       1013.7642       1467.9328      -24.518524       -26.625681          2.1071569       2802.5657                 22.157062                 396.38616                                585.39091                      9.8300296                    12.96706                  1467.9328       166.10789        141.79375
              1       1377.1805     0.022727751       69.383651       3.0533689      0.97172242       7.9503188      0.72951837      0.22909368     0.034503227       1.0005204       1.0005389        1.002042      0.99782736       1.0044215    0.0047802057   2.1186599e-09      0.95278911      0.88059395      0.26505652      0.82772166       12.830944       1015.8149       1468.4135      -24.811844       -26.480069          1.6682257       2803.9847                 21.933334                  396.4765                                587.39851                      10.006578                   12.830944                  1468.4135       166.04616        140.87918
              1       1378.5752     0.022727751       69.383651       3.0533689      0.97172242       7.9503188      0.72951837      0.22909368     0.034503227       1.0012012       1.0021454       1.0019923        0.996167      0.99970373    0.0047802057   2.1186599e-09      0.95278911      0.88059395      0.26505652      0.82772166       12.830944       1015.0707       1468.4135      -24.415295       -26.083521          1.6682257       2805.9811                 21.856884                 396.47899                                586.71673                       10.01814                   12.830944                  1468.4135       167.94792          141.718
              1       1377.6685     0.022727751       69.383651       3.0533689      0.97172242       7.9503188      0.72951837      0.22909368     0.034503227       1.0015981       1.0003328        1.005225      0.99928839      0.99860776    0.0047802057   2.1186599e-09      0.95278911      0.88059395      0.26505652      0.82772166       12.830944       1015.3498       1468.4135      -24.910279       -26.578505          1.6682257       2805.1575                 21.813034                 396.46927                                587.03044                      10.037057                   12.830944                  1468.4135       165.74113         142.8222
              1       1380.8804     0.022727751       69.383651       3.0533689      0.97172242       7.9503188      0.72951837      0.22909368     0.034503227       1.0015981       1.0008967       1.0075062        1.000513       1.0089799    0.0047802057   2.1186599e-09      0.95278911      0.88059395      0.26505652      0.82772166       12.830944       1015.3498       1468.4135      -24.133264       -25.801489          1.6682257       2810.0274                 21.813034                 396.46927                                587.03044                      10.037057                   12.830944                  1468.4135       168.47185        144.96132
              1       1378.5484     0.022727751       69.383651       3.0533689      0.97172242       7.9503188      0.72951837      0.22909368     0.034503227         1.00044       1.0009388       1.0073576      0.99857602       1.0000033    0.0047802057   2.1186599e-09      0.95278911      0.88059395      0.26505652      0.82772166       12.830944       1016.0069       1468.4135      -25.036916       -26.705142          1.6682257       2807.1707                 21.942468                  396.4765                                587.58102                      10.006961                   12.830944                  1468.4135       168.35085        141.56847
              1       1381.5299     0.022727751       69.383651       3.0533689      0.97172242       7.9503188      0.72951837      0.22909368     0.034503227       0.9999858      0.99851266      0.99876524      0.99923374      0.99964932    0.0047802057   2.1186599e-09      0.95278911      0.88059395      0.26505652      0.82772166       12.830944       1017.5133       1468.4135      -25.013014        -26.68124          1.6682257       2813.0859                 21.994463                 396.48356                                589.01917                      10.016086                   12.830944                  1468.4135       172.28452        142.04372
              1        1382.457     0.022727751       69.383651       3.0533689      0.97172242       7.9503188      0.72951837      0.22909368     0.034503227       1.0003786      0.99849841      0.99881562       1.0003167      0.99696166    0.0047802057   2.1186599e-09      0.95278911      0.88059395      0.26505652      0.82772166       12.830944       1016.1684       1468.4135        -24.9251       -26.593326          1.6682257       2814.7642                 21.949459                  396.4765                                587.73497                      10.007503                   12.830944                  1468.4135       172.20988        145.14146
              1       1381.6734     0.022727751       69.383651       3.0533689      0.97172242       7.9503188      0.72951837      0.22909368     0.034503227       1.0025523       1.0000994       1.0084341      0.99937377       0.9971237    0.0047802057   2.1186599e-09      0.95278911      0.88059395      0.26505652      0.82772166       12.830944       1018.2232       1468.4135      -24.541963       -26.210189          1.6682257       2812.4307                 21.709327                 396.48003                                589.91483                      10.119011                   12.830944                  1468.4135       168.66272        144.30037
              1       1377.4784     0.022727751       69.383651       3.0533689      0.97172242       7.9503188      0.72951837      0.22909368     0.034503227       1.0015958       1.0008351       1.0032997       0.9957926       1.0004449    0.0047802057   2.1186599e-09      0.95278911      0.88059395      0.26505652      0.82772166       12.830944       1015.3465       1468.4135      -24.468269       -26.136494          1.6682257       2803.8933                 21.813291                 396.46927                                587.02707                       10.03692                   12.830944                  1468.4135       165.80917        141.49316
              1       1377.6715     0.022727751       69.383651       3.0533689      0.97172242       7.9503188      0.72951837      0.22909368     0.034503227       1.0015958       1.0000286       1.0059491      0.99512965       1.0016595    0.0047802057   2.1186599e-09      0.95278911      0.88059395      0.26505652      0.82772166       12.830944       1015.3465       1468.4135      -24.333528       -26.001754          1.6682257       2804.0101                 21.813291                 396.46927                                587.02707                       10.03692                   12.830944                  1468.4135       165.94016        141.47902
              1        1377.811     0.022727751       69.383651       3.0533689      0.97172242       7.9503188      0.72951837      0.22909368     0.034503227       1.0015958      0.99979084       1.0053662      0.99823369      0.99777495    0.0047802057   2.1186599e-09      0.95278911      0.88059395      0.26505652      0.82772166       12.830944       1015.3465       1468.4135      -24.821283       -26.489509          1.6682257       2805.2646                 21.813291                 396.46927                                587.02707                       10.03692                   12.830944                  1468.4135       165.52812        143.14551
              1       1380.6402     0.022727751       69.383651       3.0533689      0.97172242       7.9503188      0.72951837      0.22909368     0.034503227       1.0015958       1.0023813       1.0039697        1.002312      0.99919784    0.0047802057   2.1186599e-09      0.95278911      0.88059395      0.26505652      0.82772166       12.830944       1015.3465       1468.4135      -24.494241       -26.162467          1.6682257       2810.2689                 21.813291                 396.46927                                587.02707                       10.03692                   12.830944                  1468.4135        168.5623        145.11563
              1       1377.6555     0.022727751       69.383651       3.0533689      0.97172242       7.9503188      0.72951837      0.22909368     0.034503227       1.0003953      0.99900257       1.0028359      0.99960272      0.99992146    0.0047802057   2.1186599e-09      0.95278911      0.88059395      0.26505652      0.82772166       12.830944       1016.1233       1468.4135      -25.079909       -26.748134          1.6682257       2805.4708                 21.947558                  396.4765                                587.69188                      10.007334                   12.830944                  1468.4135       166.02164        142.08153
              1       1377.1697     0.022727751       69.383651       3.0533689      0.97172242       7.9503188      0.72951837      0.22909368     0.034503227       1.0003953      0.99900257       1.0028359      0.99772571       1.0014499    0.0047802057   2.1186599e-09      0.95278911      0.88059395      0.26505652      0.82772166       12.830944       1016.1233       1468.4135       -24.93571       -26.603936          1.6682257       2804.2108                 21.947558                  396.4765                                587.69188                      10.007334                   12.830944                  1468.4135       166.02164        140.82146
              1       1378.0511     0.022731036       69.413847       3.0535254      0.97190266       7.9624902      0.72959505      0.22827383     0.033282866       1.0002941       1.0009935       1.0010249      0.99759477       1.0004923     0.003127738   2.1189915e-09      0.95282336      0.88121084      0.26500051      0.82821399        12.84128       1016.5125       1468.3369      -24.916026       -26.612353          1.6963272       2805.9342                  21.92899                 396.51645                                588.03055                      10.036541                    12.84128                  1468.3369       166.86604        141.37752
              1       1377.7737     0.022731036       69.413847       3.0535254      0.97190266       7.9624902      0.72959505      0.22827383     0.033282866       1.0002941       1.0008063       1.0051659      0.99982515       1.0011679     0.003127738   2.1189915e-09      0.95282336      0.88121084      0.26500051      0.82821399        12.84128       1016.5125       1468.3369      -25.066853        -26.76318          1.6963272       2805.6811                  21.92899                 396.51645                                588.03055                      10.036541                    12.84128                  1468.3369       166.09773        141.89273
              1       1378.6445     0.022731036       69.413847       3.0535254      0.97190266       7.9624902      0.72959505      0.22827383     0.033282866       1.0017812       1.0005188       1.0067717        1.000667       1.0012112     0.003127738   2.1189915e-09      0.95282336      0.88121084      0.26500051      0.82821399        12.84128       1016.2667       1468.3369      -24.829881       -26.526208          1.6963272       2806.9487                 21.764033                 396.48804                                587.94259                      10.072041                    12.84128                  1468.3369       167.00427        142.49957
              1       1381.0006     0.022731036       69.413847       3.0535254      0.97190266       7.9624902      0.72959505      0.22827383     0.033282866       1.0017812       1.0007325       1.0012464       1.0020181       1.0085025     0.003127738   2.1189915e-09      0.95282336      0.88121084      0.26500051      0.82821399        12.84128       1016.2667       1468.3369      -24.055036       -25.751363          1.6963272       2810.1112                 21.764033                 396.48804                                587.94259                      10.072041                    12.84128                  1468.3369       166.53214        146.13422
              1       1377.9093     0.022731036       69.413847       3.0535254      0.97190266       7.9624902      0.72959505      0.22827383     0.033282866        1.000458       0.9999502       1.0065701      0.99596928       1.0039066     0.003127738   2.1189915e-09      0.95282336      0.88121084      0.26500051      0.82821399        12.84128       1016.1291       1468.3369      -24.559312       -26.255639          1.6963272       2804.9373                 21.910452                 396.52472                                587.65971                      10.034267                    12.84128                  1468.3369       166.27229         141.3577
              1       1376.5637     0.022713403       69.503343       3.0532163      0.97068302       7.9915276      0.72992571       0.2237674     0.025636362       1.0003757       0.9986395       1.0052452      0.99788949       1.0044833    0.0027342433   2.1183366e-09      0.95298128      0.88050405      0.26478835      0.82721837        12.84971        1014.456       1468.6042      -24.855502       -26.405134          1.5496316       2802.8384                 22.089548                 396.60481                                585.83717                      9.9244911                    12.84971                  1468.6042       166.25436        140.67415
              1       1381.1837     0.022713403       69.503343       3.0532163      0.97068302       7.9915276      0.72992571       0.2237674     0.025636362       1.0015148      0.99859818       1.0053913      0.99308699       1.0082975    0.0027342433   2.1183366e-09      0.95298128      0.88050405      0.26478835      0.82721837        12.84971       1015.3036       1468.6042      -23.140916       -24.690547          1.5496316       2808.6492                 21.956901                 396.59781                                586.78655                      9.9623113                    12.84971                  1468.6042       166.30313        145.58862
              1       1377.6266     0.022713403       69.503343       3.0532163      0.97068302       7.9915276      0.72992571       0.2237674     0.025636362       1.0003856      0.99952259       1.0012132      0.99586896      0.99842011    0.0027342433   2.1183366e-09      0.95298128      0.88050405      0.26478835      0.82721837        12.84971       1014.4445       1468.6042      -24.798829        -26.34846          1.5496316       2804.8508                  22.08838                 396.60481                                585.82685                      9.9245015                    12.84971                  1468.6042       167.56961        141.38278
              1       1377.5728     0.022713403       69.503343       3.0532163      0.97068302       7.9915276      0.72992571       0.2237674     0.025636362       1.0003856      0.99994324       1.0021612      0.99434323      0.99980544    0.0027342433   2.1183366e-09      0.95298128      0.88050405      0.26478835      0.82721837        12.84971       1014.4445       1468.6042      -24.464193       -26.013825          1.5496316        2804.074                  22.08838                 396.60481                                585.82685                      9.9245015                    12.84971                  1468.6042       166.96254        141.21307
              1       1379.3227     0.022713403       69.503343       3.0532163      0.97068302       7.9915276      0.72992571       0.2237674     0.025636362      0.99968111      0.99722638       1.0057087      0.99485358      0.99814942    0.0027342433   2.1183366e-09      0.95298128      0.88050405      0.26478835      0.82721837        12.84971       1016.0856       1468.6042      -24.145443       -25.695075          1.5496316       2806.9364                 22.172394                 396.59553                                587.37992                      9.9377714                    12.84971                  1468.6042       167.51842        141.87846
              1       1381.5539     0.022713403       69.503343       3.0532163      0.97068302       7.9915276      0.72992571       0.2237674     0.025636362      0.99968111      0.99722638       1.0057087       1.0007275       0.9951208    0.0027342433   2.1183366e-09      0.95298128      0.88050405      0.26478835      0.82721837        12.84971       1016.0856       1468.6042      -24.596382       -26.146013          1.5496316       2812.3005                 22.172394                 396.59553                                587.37992                      9.9377714                    12.84971                  1468.6042       167.51842        147.24263
              1       1379.0794     0.022713403       69.503343       3.0532163      0.97068302       7.9915276      0.72992571       0.2237674     0.025636362      0.99948727      0.99794603       1.0052575       1.0006931      0.99895724    0.0027342433   2.1183366e-09      0.95298128      0.88050405      0.26478835      0.82721837        12.84971       1016.8366       1468.6042      -24.992639       -26.542271          1.5496316       2808.1442                 22.195807                 396.59531                                588.09908                      9.9464214                    12.84971                  1468.6042       166.60851        143.24516
              1       1381.6399     0.022713403       69.503343       3.0532163      0.97068302       7.9915276      0.72992571       0.2237674     0.025636362       1.0016122      0.99822438       1.0069524      0.99531356       1.0098682    0.0027342433   2.1183366e-09      0.95298128      0.88050405      0.26478835      0.82721837        12.84971       1015.5877       1468.6042      -23.421208       -24.970839          1.5496316       2810.1223                 21.945742                 396.60608                                587.06692                      9.9689556                    12.84971                  1468.6042       167.22443        145.85631
              1       1378.8622     0.022713403       69.503343       3.0532163      0.97068302       7.9915276      0.72992571       0.2237674     0.025636362       1.0010235      0.99797138       1.0095529      0.99552741       1.0029833    0.0027342433   2.1183366e-09      0.95298128      0.88050405      0.26478835      0.82721837        12.84971       1014.3974       1468.6042      -24.377494       -25.927126          1.5496316       2806.4794                  22.01368                 396.59781                                585.84898                      9.9369525                    12.84971                  1468.6042       170.32077        140.30736
              1       1380.5858     0.022713403       69.503343       3.0532163      0.97068302       7.9915276      0.72992571       0.2237674     0.025636362      0.99956959      0.99983525       1.0022453      0.99198908       1.0037818    0.0027342433   2.1183366e-09      0.95298128      0.88050405      0.26478835      0.82721837        12.84971       1016.5021       1468.6042      -23.526989        -25.07662          1.5496316       2808.2257                 22.185849                 396.59553                                587.77825                      9.9424838                    12.84971                  1468.6042       166.86038         143.4093
              1       1376.7763     0.022713403       69.503343       3.0532163      0.97068302       7.9915276      0.72992571       0.2237674     0.025636362       1.0004367      0.99804025       1.0044701       0.9973395       1.0044552    0.0027342433   2.1183366e-09      0.95298128      0.88050405      0.26478835      0.82721837        12.84971       1014.3905       1468.6042      -24.678302       -26.227933          1.5496316       2802.9092                 22.082352                 396.60481                                585.77872                      9.9246441                    12.84971                  1468.6042         166.511        140.55382
              1       1376.3681     0.022713403       69.503343       3.0532163      0.97068302       7.9915276      0.72992571       0.2237674     0.025636362       1.0004566       0.9990065       1.0051067      0.99929713       1.0011366    0.0027342433   2.1183366e-09      0.95298128      0.88050405      0.26478835      0.82721837        12.84971       1014.3719       1468.6042      -25.174264       -26.723895          1.5496316       2803.0846                  22.08001                 396.60481                                585.76235                      9.9247399                    12.84971                  1468.6042       166.21729        141.04156
              1       1377.8006     0.022713403       69.503343       3.0532163      0.97068302       7.9915276      0.72992571       0.2237674     0.025636362       1.0018645       1.0001295       1.0036378      0.99925404       1.0016026    0.0027342433   2.1183366e-09      0.95298128      0.88050405      0.26478835      0.82721837        12.84971       1016.4425       1468.6042      -24.953105       -26.502736          1.5496316       2805.5074                 21.916952                 396.59738                                 587.9395                      9.9886779                    12.84971                  1468.6042       166.68494        140.92613
              1       1379.2673     0.022713403       69.503343       3.0532163      0.97068302       7.9915276      0.72992571       0.2237674     0.025636362       1.0018645       0.9972717       1.0026663      0.99581262       1.0031175    0.0027342433   2.1183366e-09      0.95298128      0.88050405      0.26478835      0.82721837        12.84971       1016.4425       1468.6042      -24.051787       -25.601418          1.5496316       2806.6382                 21.916952                 396.59738                                 587.9395                      9.9886779                    12.84971                  1468.6042        168.4938        140.24806
              1        1377.364     0.022713403       69.503343       3.0532163      0.97068302       7.9915276      0.72992571       0.2237674     0.025636362       1.0009339      0.99978372       1.0017017      0.99459961       1.0012408    0.0027342433   2.1183366e-09      0.95298128      0.88050405      0.26478835      0.82721837        12.84971         1014.32       1468.6042       -24.45999       -26.009622          1.5496316       2803.6479                 22.024099                 396.59781                                585.76427                      9.9338068                    12.84971                  1468.6042       167.19136        140.68272
              1        1378.151     0.022713403       69.503343       3.0532163      0.97068302       7.9915276      0.72992571       0.2237674     0.025636362       1.0009339      0.99819449       1.0089642      0.99658403       1.0037726    0.0027342433   2.1183366e-09      0.95298128      0.88050405      0.26478835      0.82721837        12.84971         1014.32       1468.6042      -24.595318        -26.14495          1.5496316       2805.4926                 22.024099                 396.59781                                585.76427                      9.9338068                    12.84971                  1468.6042       169.43221         140.2865
              1       1377.8909     0.022713403       69.503343       3.0532163      0.97068302       7.9915276      0.72992571       0.2237674     0.025636362       1.0009339      0.99826849       1.0070224      0.99566292      0.99791537    0.0027342433   2.1183366e-09      0.95298128      0.88050405      0.26478835      0.82721837        12.84971         1014.32       1468.6042      -24.526276       -26.075908          1.5496316       2804.8344                 22.024099                 396.59781                                585.76427                      9.9338068                    12.84971                  1468.6042       167.26808        141.79247
              1       1377.4121     0.022713403       69.503343       3.0532163      0.97068302       7.9915276      0.72992571       0.2237674     0.025636362       1.0009339      0.99754422       1.0056409      0.99953324      0.99980484    0.0027342433   2.1183366e-09      0.95298128      0.88050405      0.26478835      0.82721837        12.84971         1014.32       1468.6042       -24.85966       -26.409292          1.5496316       2804.5435                 22.024099                 396.59781                                585.76427                      9.9338068                    12.84971                  1468.6042       167.08269        141.68698
              1       1378.0446     0.022713403       69.503343       3.0532163      0.97068302       7.9915276      0.72992571       0.2237674     0.025636362       1.0003894      0.99950917       1.0069909      0.99957097       1.0059921    0.0027342433   2.1183366e-09      0.95298128      0.88050405      0.26478835      0.82721837        12.84971       1014.4402       1468.6042      -24.900493       -26.450125          1.5496316       2805.8902                 22.087927                 396.60481                                585.82293                       9.924507                    12.84971                  1468.6042       167.71831        142.27789
              1        1378.017     0.022713403       69.503343       3.0532163      0.97068302       7.9915276      0.72992571       0.2237674     0.025636362       1.0019426      0.99792172        1.005306      0.99810127       1.0028556    0.0027342433   2.1183366e-09      0.95298128      0.88050405      0.26478835      0.82721837        12.84971       1016.7493       1468.6042      -24.561841       -26.111472          1.5496316       2805.1577                 21.908093                 396.59376                                588.25196                      9.9955076                    12.84971                  1468.6042       166.63664        140.31792
              1       1382.6131     0.022713403       69.503343       3.0532163      0.97068302       7.9915276      0.72992571       0.2237674     0.025636362       1.0028057       1.0019595       1.0031649      0.99916411       1.0029152    0.0027342433   2.1183366e-09      0.95298128      0.88050405      0.26478835      0.82721837        12.84971       1021.5479       1468.6042      -24.329466       -25.879097          1.5496316       2813.8851                 21.811456                 396.60414                                593.03845                      10.093829                    12.84971                  1468.6042        170.0403        140.84311
              1       1382.6299     0.022713403       69.503343       3.0532163      0.97068302       7.9915276      0.72992571       0.2237674     0.025636362       1.0028057      0.99782107       1.0063991      0.99331863       1.0024051    0.0027342433   2.1183366e-09      0.95298128      0.88050405      0.26478835      0.82721837        12.84971       1021.5479       1468.6042      -23.214867       -24.764498          1.5496316       2811.6894                 21.811456                 396.60414                                593.03845                      10.093829                    12.84971                  1468.6042       167.08316        141.60454
              1       1378.5276     0.022713403       69.503343       3.0532163      0.97068302       7.9915276      0.72992571       0.2237674     0.025636362        1.001648      0.99919387       1.0039846      0.99336806       1.0021653    0.0027342433   2.1183366e-09      0.95298128      0.88050405      0.26478835      0.82721837        12.84971       1015.6975       1468.6042      -23.881671       -25.431302          1.5496316       2804.8186                 21.941633                 396.60608                                587.17823                      9.9715415                    12.84971                  1468.6042       166.12659        141.54062
              1       1379.3954     0.022713403       69.503343       3.0532163      0.97068302       7.9915276      0.72992571       0.2237674     0.025636362       1.0020165        1.000376       1.0034532       1.0002373      0.99845552    0.0027342433   2.1183366e-09      0.95298128      0.88050405      0.26478835      0.82721837        12.84971       1017.0679       1468.6042      -24.913126       -26.462758          1.5496316       2808.6171                 21.899725                  396.5996                                588.56624                       10.00229                    12.84971                  1468.6042       166.96359        143.13174
              1       1377.1519     0.022713403       69.503343       3.0532163      0.97068302       7.9915276      0.72992571       0.2237674     0.025636362       1.0007494      0.99907838       1.0060445      0.99455631       1.0026654    0.0027342433   2.1183366e-09      0.95298128      0.88050405      0.26478835      0.82721837        12.84971       1014.2414       1468.6042      -24.375963       -25.925594          1.5496316       2803.0557                 22.045635                  396.5933                                585.67368                      9.9287631                    12.84971                  1468.6042       166.65604        140.70444
              1       1378.1975     0.022713403       69.503343       3.0532163      0.97068302       7.9915276      0.72992571       0.2237674     0.025636362       1.0012061      0.99794173       1.0024682      0.99577768      0.99807988    0.0027342433   2.1183366e-09      0.95298128      0.88050405      0.26478835      0.82721837        12.84971       1014.6392       1468.6042      -24.441475       -25.991106          1.5496316        2805.278                 21.992499                 396.59781                                586.10415                      9.9447799                    12.84971                  1468.6042       167.54131        141.64355
              1       1377.6339     0.022713403       69.503343       3.0532163      0.97068302       7.9915276      0.72992571       0.2237674     0.025636362        1.000835       0.9980723       1.0048383      0.99870483      0.99733134    0.0027342433   2.1183366e-09      0.95298128      0.88050405      0.26478835      0.82721837        12.84971       1014.2614       1468.6042      -24.899042       -26.448673          1.5496316       2805.0658                  22.03563                  396.5933                                585.70165                      9.9308627                    12.84971                  1468.6042        166.4689        142.88161
              1       1377.4909     0.022713403       69.503343       3.0532163      0.97068302       7.9915276      0.72992571       0.2237674     0.025636362        1.000835      0.99912288       1.0029903       1.0013432       1.0036117    0.0027342433   2.1183366e-09      0.95298128      0.88050405      0.26478835      0.82721837        12.84971       1014.2614       1468.6042      -25.003574       -26.553206          1.5496316       2804.9889                  22.03563                  396.5933                                585.70165                      9.9308627                    12.84971                  1468.6042        166.3656          142.908
              1       1376.4923     0.022713403       69.503343       3.0532163      0.97068302       7.9915276      0.72992571       0.2237674     0.025636362        1.000914      0.99820172       1.0039517      0.99865267       1.0009352    0.0027342433   2.1183366e-09      0.95298128      0.88050405      0.26478835      0.82721837        12.84971       1014.3064       1468.6042      -24.970469         -26.5201          1.5496316       2802.9255                 22.026424                 396.59781                                585.74902                      9.9331679                    12.84971                  1468.6042       166.46544        140.69974
              1       1376.8173     0.022713403       69.503343       3.0532163      0.97068302       7.9915276      0.72992571       0.2237674     0.025636362        1.000914      0.99903902        1.001537      0.99868172       1.0009962    0.0027342433   2.1183366e-09      0.95298128      0.88050405      0.26478835      0.82721837        12.84971       1014.3064       1468.6042      -25.099628        -26.64926          1.5496316       2803.8338                 22.026424                 396.59781                                585.74902                      9.9331679                    12.84971                  1468.6042       167.37373        140.69978
              1       1380.9905     0.022713403       69.503343       3.0532163      0.97068302       7.9915276      0.72992571       0.2237674     0.025636362        1.000914      0.99930013       1.0020346      0.99468141        1.009986    0.0027342433   2.1183366e-09      0.95298128      0.88050405      0.26478835      0.82721837        12.84971       1014.3064       1468.6042      -23.531262       -25.080893          1.5496316       2809.0436                 22.026424                 396.59781                                585.74902                      9.9331679                    12.84971                  1468.6042        166.8924        146.39091
              1       1377.1051     0.022713403       69.503343       3.0532163      0.97068302       7.9915276      0.72992571       0.2237674     0.025636362        1.000914      0.99735477       1.0054631      0.99798347       1.0033824    0.0027342433   2.1183366e-09      0.95298128      0.88050405      0.26478835      0.82721837        12.84971       1014.3064       1468.6042      -24.605601       -26.155232          1.5496316       2803.4214                 22.026424                 396.59781                                585.74902                      9.9331679                    12.84971                  1468.6042       167.29897        140.36214
              1       1376.4818     0.022713403       69.503343       3.0532163      0.97068302       7.9915276      0.72992571       0.2237674     0.025636362       1.0011025      0.99844335       1.0048002      0.99792319       1.0036212    0.0027342433   2.1183366e-09      0.95298128      0.88050405      0.26478835      0.82721837        12.84971       1014.4882       1468.6042      -24.807369       -26.357001          1.5496316       2802.5784                 22.004506                 396.59781                                 585.9458                      9.9401063                    12.84971                  1468.6042       166.23761        140.39873
              1       1377.6161     0.022713403       69.503343       3.0532163      0.97068302       7.9915276      0.72992571       0.2237674     0.025636362      0.99968611      0.99894311       1.0055486      0.99978547       1.0038948    0.0027342433   2.1183366e-09      0.95298128      0.88050405      0.26478835      0.82721837        12.84971       1016.0679       1468.6042       -25.05566       -26.605292          1.5496316       2805.3435                 22.171791                 396.59553                                587.36303                      9.9375768                    12.84971                  1468.6042       166.36093        141.46074
              1       1378.6371     0.022695932       69.487465       3.0535377      0.97077371       7.9723264      0.72988026      0.22323372     0.027214284       1.0009854      0.99827637       1.0003174      0.99878194       1.0007039    0.0018172892   2.1190177e-09      0.95299597      0.88043261       0.2648427      0.82723614       12.869338       1014.2617       1468.6037      -25.121369       -26.535666          1.4142973        2807.517                 22.043606                 396.54306                                585.74896                      9.9260805                   12.869338                  1468.6037       171.09769        140.68463
              1       1376.2749     0.022695932       69.487465       3.0535377      0.97077371       7.9723264      0.72988026      0.22323372     0.027214284       1.0009854      0.99948695       1.0039247      0.99848578       1.0008173    0.0018172892   2.1190177e-09      0.95299597      0.88043261       0.2648427      0.82723614       12.869338       1014.2617       1468.6037      -25.250096       -26.664393          1.4142973         2803.05                 22.043606                 396.54306                                585.74896                      9.9260805                   12.869338                  1468.6037       166.79723        140.51807
              1       1378.1012     0.022695932       69.487465       3.0535377      0.97077371       7.9723264      0.72988026      0.22323372     0.027214284       1.0009854      0.99772058       1.0028262      0.99542965       1.0017965    0.0018172892   2.1190177e-09      0.95299597      0.88043261       0.2648427      0.82723614       12.869338       1014.2617       1468.6037      -24.490664       -25.904961          1.4142973       2805.1837                 22.043606                 396.54306                                585.74896                      9.9260805                   12.869338                  1468.6037       169.07854        140.37044
              1       1378.0285     0.022695932       69.487465       3.0535377      0.97077371       7.9723264      0.72988026      0.22323372     0.027214284       1.0017507      0.99769281       1.0029244       0.9991602       1.0023934    0.0018172892   2.1190177e-09      0.95299597      0.88043261       0.2648427      0.82723614       12.869338       1014.6419       1468.6037      -24.792975       -26.207273          1.4142973       2805.6429                 21.954966                 396.53361                                586.20277                      9.9505076                   12.869338                  1468.6037       169.05206        140.47597
              1       1377.3211     0.022695932       69.487465       3.0535377      0.97077371       7.9723264      0.72988026      0.22323372     0.027214284       1.0017507      0.99865808       1.0022304      0.99833957       1.0011739    0.0018172892   2.1190177e-09      0.95299597      0.88043261       0.2648427      0.82723614       12.869338       1014.6419       1468.6037      -24.978931       -26.393228          1.4142973       2804.6001                 21.954966                 396.53361                                586.20277                      9.9505076                   12.869338                  1468.6037       168.13654        140.34874
              1       1379.6535     0.022727791       69.225681       3.0528727      0.97050878       7.9753459      0.72827057      0.23140726     0.034219433       1.0010411       1.0004082       1.0046977      0.99392437      0.99583566    0.0069374984    2.117609e-09      0.95257332      0.88015024      0.26620032      0.82908769        12.67548        1015.273       1469.2215      -23.975794       -25.644361          1.6685675       2807.2585                 21.982739                 396.58118                                586.72735                       9.981781                    12.67548                  1469.2215       166.21246        143.87608
              1       1378.2425     0.022727791       69.225681       3.0528727      0.97050878       7.9753459      0.72827057      0.23140726     0.034219433      0.99992972       1.0000801       1.0044035       1.0017683      0.99988885    0.0069374984    2.117609e-09      0.95257332      0.88015024      0.26620032      0.82908769        12.67548       1015.4838       1469.2215      -25.072889       -26.741457          1.6685675       2806.6308                 22.112353                 396.59194                                586.80262                      9.9768562                    12.67548                  1469.2215       165.64923        143.60085
              1       1377.3774     0.022727791       69.225681       3.0528727      0.97050878       7.9753459      0.72827057      0.23140726     0.034219433       1.0008489      0.99817479       1.0080959      0.99661138       1.0019312    0.0069374984    2.117609e-09      0.95257332      0.88015024      0.26620032      0.82908769        12.67548       1015.0085       1469.2215      -24.588511       -26.257078          1.6685675       2803.9319                 22.004894                 396.58093                                586.44679                      9.9758943                    12.67548                  1469.2215       167.38779        139.63863
              1        1377.847     0.022727791       69.225681       3.0528727      0.97050878       7.9753459      0.72827057      0.23140726     0.034219433       1.0008489       0.9967814       1.0062612       0.9969286       1.0036884    0.0069374984    2.117609e-09      0.95257332      0.88015024      0.26620032      0.82908769        12.67548       1015.0085       1469.2215      -24.155474       -25.824042          1.6685675        2804.005                 22.004894                 396.58093                                586.44679                      9.9758943                    12.67548                  1469.2215       167.17836        139.92116
              1       1377.7778     0.022727791       69.225681       3.0528727      0.97050878       7.9753459      0.72827057      0.23140726     0.034219433      0.99996061      0.99685346       1.0045573      0.99700095       1.0034499    0.0069374984    2.117609e-09      0.95257332      0.88015024      0.26620032      0.82908769        12.67548       1015.4216       1469.2215      -24.265485       -25.934053          1.6685675       2804.0867                 22.108699                 396.59194                                586.74491                       9.976039                    12.67548                  1469.2215       166.91296        139.85516
              1       1376.9202     0.022727791       69.225681       3.0528727      0.97050878       7.9753459      0.72827057      0.23140726     0.034219433      0.99996061      0.99804667       1.0053427      0.99575173      0.99984076    0.0069374984    2.117609e-09      0.95257332      0.88015024      0.26620032      0.82908769        12.67548       1015.4216       1469.2215      -24.491364       -26.159932          1.6685675       2802.8231                 22.108699                 396.59194                                586.74491                       9.976039                    12.67548                  1469.2215       165.37744        140.12717
              1       1377.0379     0.022727791       69.225681       3.0528727      0.97050878       7.9753459      0.72827057      0.23140726     0.034219433       1.0004515      0.99887361       1.0011064      0.99747134      0.99889376    0.0069374984    2.117609e-09      0.95257332      0.88015024      0.26620032      0.82908769        12.67548       1014.8653       1469.2215      -24.894354       -26.562922          1.6685675       2803.8646                 22.051039                 396.58854                                586.25532                      9.9703879                    12.67548                  1469.2215        166.4682        140.63417
              1       1380.7968     0.022727791       69.225681       3.0528727      0.97050878       7.9753459      0.72827057      0.23140726     0.034219433       1.0026127      0.99879521       1.0013836      0.99718986       1.0033298    0.0069374984    2.117609e-09      0.95257332      0.88015024      0.26620032      0.82908769        12.67548       1022.0625       1469.2215      -24.223836       -25.892403          1.6685675       2810.0412                 21.805887                 396.55497                                593.59332                       10.10833                    12.67548                  1469.2215       166.23999        139.84174
              1       1376.8082     0.022747307       69.305954       3.0515189      0.97105437       7.9839917      0.72926556      0.23409989     0.031656726      0.99966479      0.99779475       1.0025322      0.99554114       1.0030404     0.009519523   2.1147441e-09      0.95264249      0.87979548      0.26518411      0.82717013       12.714285       1015.0893       1468.9339      -24.119538        -25.96018           1.840642       2801.8555                 21.977831                 396.59781                                 586.5385                      9.9751559                   12.714285                  1468.9339       164.88422        140.23381
              1       1378.1344     0.022747307       69.305954       3.0515189      0.97105437       7.9839917      0.72926556      0.23409989     0.031656726      0.99854314      0.99968741       1.0033826      0.99530451       1.0028995     0.009519523   2.1147441e-09      0.95264249      0.87979548      0.26518411      0.82717013       12.714285       1017.6747       1468.9339      -24.177669       -26.018311           1.840642       2804.6242                 22.108358                 396.59524                                589.00488                      9.9662355                   12.714285                  1468.9339       165.06648         140.2348
              1       1381.4041     0.022747307       69.305954       3.0515189      0.97105437       7.9839917      0.72926556      0.23409989     0.031656726      0.99854314      0.99951788       1.0089571      0.99388412       1.0032568     0.009519523   2.1147441e-09      0.95264249      0.87979548      0.26518411      0.82717013       12.714285       1017.6747       1468.9339      -23.768515       -25.609157           1.840642       2810.3453                 22.108358                 396.59524                                589.00488                      9.9662355                   12.714285                  1468.9339       170.06586        140.95654
              1       1378.3636     0.022747307       69.305954       3.0515189      0.97105437       7.9839917      0.72926556      0.23409989     0.031656726      0.99995429      0.99903144        1.004164      0.99503764      0.99502507     0.009519523   2.1147441e-09      0.95264249      0.87979548      0.26518411      0.82717013       12.714285       1015.1167       1468.9339      -24.082078        -25.92272           1.840642       2804.8914                 21.944712                 396.59791                                586.58494                      9.9891555                   12.714285                  1468.9339       164.50677        143.61977
              1       1377.6999     0.022747307       69.305954       3.0515189      0.97105437       7.9839917      0.72926556      0.23409989     0.031656726      0.99917018      0.99839608       1.0037982      0.99690581       1.0062367     0.009519523   2.1147441e-09      0.95264249      0.87979548      0.26518411      0.82717013       12.714285       1015.6897       1468.9339      -24.175811       -26.016453           1.840642       2803.7514                 22.034949                 396.58608                                587.10634                      9.9623216                   12.714285                  1468.9339       164.24225        142.17131
              1       1376.9717     0.022747307       69.305954       3.0515189      0.97105437       7.9839917      0.72926556      0.23409989     0.031656726      0.99917018      0.99839608       1.0037982      0.99583231      0.99786729     0.009519523   2.1147441e-09      0.95264249      0.87979548      0.26518411      0.82717013       12.714285       1015.6897       1468.9339      -24.307409       -26.148051           1.840642       2802.5581                 22.034949                 396.58608                                587.10634                      9.9623216                   12.714285                  1468.9339       164.24225        140.97803
              1       1376.6635     0.022747307       69.305954       3.0515189      0.97105437       7.9839917      0.72926556      0.23409989     0.031656726      0.99917018      0.99868067       1.0051142      0.99623067       1.0030553     0.009519523   2.1147441e-09      0.95264249      0.87979548      0.26518411      0.82717013       12.714285       1015.6897       1468.9339      -24.386764       -26.227406           1.840642       2802.1006                 22.034949                 396.58608                                587.10634                      9.9623216                   12.714285                  1468.9339        164.5751        140.18767
              1       1378.3617     0.022747307       69.305954       3.0515189      0.97105437       7.9839917      0.72926556      0.23409989     0.031656726      0.99917018      0.99788481       1.0076222      0.99631225       1.0052036     0.009519523   2.1147441e-09      0.95264249      0.87979548      0.26518411      0.82717013       12.714285       1015.6897       1468.9339      -24.082147       -25.922789           1.840642       2804.8878                 22.034949                 396.58608                                587.10634                      9.9623216                   12.714285                  1468.9339       166.24794        141.30199
              1       1378.4276      0.02277595       69.253414       3.0520247      0.97020267       7.9059113      0.72867887      0.23192916     0.035839709      0.99939335      0.99853414       1.0072957      0.99588916       1.0022492     0.007236695   2.1158141e-09      0.95251088      0.87875748      0.26579903      0.82715158       12.682023       1017.9289       1468.9672      -24.088645       -26.204084          2.1154382       2805.0324                 22.251183                 396.42652                                589.36664                      9.8845828                   12.682023                  1468.9672       165.83488         139.6194
              1       1380.0176     0.022860933       69.170972       3.0529976      0.97095363       7.9736018      0.72695452      0.23173107     0.034293652      0.99997272      0.99674124       1.0039341      0.99992335       1.0045469    0.0055318507   2.1178736e-09         0.95222      0.88114883      0.26745779      0.83198648       12.666304       1019.1638       1469.2871      -22.950075       -26.034115          3.0840407       2805.9353                 22.004846                 396.60247                                590.51091                       10.04555                   12.666304                  1469.2871       162.03816        142.77992
              1          1380.3     0.022833563       69.148664       3.0510127      0.97039371       7.8127252      0.72802561       0.2353308     0.037861049       1.0013032      0.99838645       1.0022634       1.0030465        1.003824     0.020948222    2.113674e-09       0.9522464      0.87491727      0.26635499      0.82439772        12.64175       1016.9087       1469.3371      -23.423555        -26.17086          2.7473049       2807.4471                 22.009661                 396.24969                                588.79245                      9.8569299                    12.64175                  1469.3371       164.77023        143.78922
              1       1379.2251     0.022833563       69.148664       3.0510127      0.97039371       7.8127252      0.72802561       0.2353308     0.037861049       1.0013032      0.99873169       1.0023718        1.001954       1.0042723     0.020948222    2.113674e-09       0.9522464      0.87491727      0.26635499      0.82439772        12.64175       1016.9087       1469.3371      -23.579988       -26.327293          2.7473049       2805.6101                 22.009661                 396.24969                                588.79245                      9.8569299                    12.64175                  1469.3371       164.26074        142.46178
              1       1381.2513     0.022833563       69.148664       3.0510127      0.97039371       7.8127252      0.72802561       0.2353308     0.037861049      0.99999075       1.0023749       1.0018159      0.99418552       1.0004523     0.020948222    2.113674e-09       0.9522464      0.87491727      0.26635499      0.82439772        12.64175        1018.574       1469.3371      -22.918809       -25.666114          2.7473049       2808.3402                  22.16314                 396.24422                                590.39046                      9.7761715                    12.64175                  1469.3371       166.81184        140.97545
              1       1380.6839     0.022833563       69.148664       3.0510127      0.97039371       7.8127252      0.72802561       0.2353308     0.037861049       1.0002053       1.0019771       1.0042379      0.99411133       1.0004854     0.020948222    2.113674e-09       0.9522464      0.87491727      0.26635499      0.82439772        12.64175       1017.9017       1469.3371      -22.989791       -25.737096          2.7473049       2807.3475                 22.137668                 396.24541                                  589.736                      9.7826385                    12.64175                  1469.3371       166.44057        141.02628
              1       1381.6386     0.022833563       69.148664       3.0510127      0.97039371       7.8127252      0.72802561       0.2353308     0.037861049      0.99952874      0.99992755       1.0077289      0.99502631      0.99885533     0.020948222    2.113674e-09       0.9522464      0.87491727      0.26635499      0.82439772        12.64175       1020.5586       1469.3371      -23.428592       -26.175897          2.7473049       2810.1345                 22.218518                 396.24422                                592.32468                      9.7712273                    12.64175                  1469.3371       166.46544         141.1315
              1       1381.9337     0.022833563       69.148664       3.0510127      0.97039371       7.8127252      0.72802561       0.2353308     0.037861049       1.0009884      0.99781321        1.001864      0.99604058       1.0091897     0.020948222    2.113674e-09       0.9522464      0.87491727      0.26635499      0.82439772        12.64175       1016.7839       1469.3371      -22.541021       -25.288326          2.7473049       2808.9494                 22.045982                 396.25676                                588.65259                      9.8286035                    12.64175                  1469.3371       166.11606        144.07053
              1       1380.2988     0.022833563       69.148664       3.0510127      0.97039371       7.8127252      0.72802561       0.2353308     0.037861049       1.0012728       1.0002013      0.99966999      0.99854062       1.0079535     0.020948222    2.113674e-09       0.9522464      0.87491727      0.26635499      0.82439772        12.64175       1016.8814       1469.3371      -23.289466       -26.036771          2.7473049       2807.1766                 22.013156                 396.24969                                 588.7646                      9.8539489                    12.64175                  1469.3371       165.89516        142.42111
              1       1379.0869     0.022833563       69.148664       3.0510127      0.97039371       7.8127252      0.72802561       0.2353308     0.037861049       1.0020325      0.99781427       1.0043363      0.99863595       1.0022451     0.020948222    2.113674e-09       0.9522464      0.87491727      0.26635499      0.82439772        12.64175       1018.4418       1469.3371      -23.382835        -26.13014          2.7473049       2804.9394                 21.926553                 396.19354                                590.37751                      9.9441565                    12.64175                  1469.3371       164.83946        139.67929
              1       1379.3041     0.022833563       69.148664       3.0510127      0.97039371       7.8127252      0.72802561       0.2353308     0.037861049       1.0020325      0.99761419       1.0045423      0.99864668       1.0022292     0.020948222    2.113674e-09       0.9522464      0.87491727      0.26635499      0.82439772        12.64175       1018.4418       1469.3371      -23.333414       -26.080719          2.7473049       2805.2749                 21.926553                 396.19354                                590.37751                      9.9441565                    12.64175                  1469.3371       165.17065        139.68364
              1       1380.5899     0.022833563       69.148664       3.0510127      0.97039371       7.8127252      0.72802561       0.2353308     0.037861049       1.0020325      0.99793603        1.007016       1.0007078       1.0051812     0.020948222    2.113674e-09       0.9522464      0.87491727      0.26635499      0.82439772        12.64175       1018.4418       1469.3371      -23.239026       -25.986331          2.7473049       2807.6579                 21.926553                 396.19354                                590.37751                      9.9441565                    12.64175                  1469.3371       165.68495        141.55232
              1       1378.7922     0.022833563       69.148664       3.0510127      0.97039371       7.8127252      0.72802561       0.2353308     0.037861049       1.0008073      0.99886533       1.0015016      0.99826547      0.99768982     0.020948222    2.113674e-09       0.9522464      0.87491727      0.26635499      0.82439772        12.64175       1016.8497       1469.3371       -23.82381       -26.571115          2.7473049       2805.2321                  22.06701                 396.24648                                588.72138                      9.8148598                    12.64175                  1469.3371       164.75706        141.64642
              1       1378.1294     0.022833579       69.144962       3.0509317      0.97038245       7.8108612      0.72798914      0.23547982     0.037830089       1.0007085      0.99888962       1.0007826      0.99793777       1.0010202     0.021003942   2.1135026e-09      0.95224125      0.87494477      0.26638635      0.82447217       12.641298        1016.913       1469.3526      -23.848398       -26.595903          2.7475048       2803.9555                 22.075916                 396.24648                                588.77623                      9.8143761                   12.641298                  1469.3526        165.3645        139.68414
              1       1378.3874     0.022833579       69.144962       3.0509317      0.97038245       7.8108612      0.72798914      0.23547982     0.037830089       1.0014367       1.0016261       1.0028548      0.99745785       1.0028451     0.021003942   2.1135026e-09      0.95224125      0.87494477      0.26638635      0.82447217       12.641298        1017.094       1469.3526       -23.52347       -26.270974          2.7475048       2803.8217                 21.991781                 396.20604                                589.01796                      9.8782146                   12.641298                  1469.3526       165.23659        139.49722
              1       1381.0105     0.022833579       69.144962       3.0509317      0.97038245       7.8108612      0.72798914      0.23547982     0.037830089      0.99921352       1.0018159       1.0032953      0.99741385       1.0022656     0.021003942   2.1135026e-09      0.95224125      0.87494477      0.26638635      0.82447217       12.641298       1022.1162       1469.3526      -23.625272       -26.372777          2.7475048       2809.2716                 22.253976                 396.25315                                 593.8307                      9.7783623                   12.641298                  1469.3526       165.69365        139.46788
              1       1379.8326      0.02283297        69.15082       3.0510056      0.97030881       7.8049486      0.72797574      0.23487854     0.037803916      0.99930366      0.99979226       1.0032289      0.99967658       1.0018271     0.020464202   2.1136588e-09      0.95225062      0.87497377      0.26641327      0.82454115       12.641766       1022.0365       1469.3317      -24.004238       -26.744514          2.7402757       2807.6738                 22.267566                 396.24866                                593.74333                      9.7769379                   12.641766                  1469.3317       163.45467        140.20918
              1       1381.8784     0.022874159       69.226496       3.0518441      0.97081956       7.7858842      0.72833816      0.23042991     0.041147844      0.99980942       1.0018042       1.0006409       1.0003452       1.0026264     0.013445654   2.1154318e-09      0.95226901      0.87520058       0.2661707      0.82437932       12.658074       1024.2023       1468.7788      -23.312807       -26.567916          3.2551092       2810.3824                  22.21006                 396.20301                                596.04005                      9.7491715                   12.658074                  1468.7788       164.43127        140.31192
              1         1382.19     0.022875854       69.221895       3.0519959       0.9712035       7.7829167      0.72821691       0.2302322     0.041286111      0.99992918       0.9987246       1.0021198      0.99680284       1.0022879       0.0132597    2.115753e-09      0.95225913      0.87550847      0.26629157      0.82485656       12.654046       1024.2092       1468.7822      -23.148654       -26.426075          3.2774205       2810.6772                 22.141751                 396.17351                                596.11042                      9.7835606                   12.654046                  1468.7822       164.89244        140.13927
              1       1381.6336     0.022875854       69.221895       3.0519959       0.9712035       7.7829167      0.72821691       0.2302322     0.041286111      0.99992918      0.99923049       1.0027594      0.99640841       1.0029476       0.0132597    2.115753e-09      0.95225913      0.87550847      0.26629157      0.82485656       12.654046       1024.2092       1468.7822      -23.107039        -26.38446          3.2774205       2809.4812                 22.141751                 396.17351                                596.11042                      9.7835606                   12.654046                  1468.7822       163.56786        140.26787
              1       1379.2899     0.022875854       69.221895       3.0519959       0.9712035       7.7829167      0.72821691       0.2302322     0.041286111       1.0011349      0.99928979       1.0022124       0.9964303       1.0032743       0.0132597    2.115753e-09      0.95225913      0.87550847      0.26629157      0.82485656       12.654046       1019.0855       1468.7822      -22.993931       -26.271352          3.2774205       2804.5676                 22.001173                 396.17615                                591.14162                      9.7665896                   12.654046                  1468.7822       163.78423        140.26155
              1       1378.9302     0.022875854       69.221895       3.0519959       0.9712035       7.7829167      0.72821691       0.2302322     0.041286111       1.0011349       1.0005438       1.0024632       1.0016551       1.0041439       0.0132597    2.115753e-09      0.95225913      0.87550847      0.26629157      0.82485656       12.654046       1019.0855       1468.7822      -23.192602       -26.470022          3.2774205       2804.2455                 22.001173                 396.17615                                591.14162                      9.7665896                   12.654046                  1468.7822       162.51756        141.20616
              1        1380.835      0.02279403       69.628787       3.0512471      0.97029064       7.9481962      0.73099457      0.22446633     0.029738864      0.99887244       1.0002107       1.0027293       0.9977816       1.0027981     0.011110115   2.1141693e-09      0.95298424      0.87676961      0.26375433      0.82210003       13.111845       1017.0256       1467.6331      -24.217167       -26.519581          2.3024134       2810.1042                 22.289274                 396.51826                                588.40308                      9.8149514                   13.111845                  1467.6331       169.96049        142.37328
              1       1381.3652      0.02279403       69.628787       3.0512471      0.97029064       7.9481962      0.73099457      0.22446633     0.029738864      0.99887244       1.0002107       1.0027293      0.99829524      0.99789256     0.011110115   2.1141693e-09      0.95298424      0.87676961      0.26375433      0.82210003       13.111845       1017.0256       1467.6331      -24.299195       -26.601609          2.3024134       2811.3287                 22.289274                 396.51826                                588.40308                      9.8149514                   13.111845                  1467.6331       169.96049        143.59776
              1       1381.5904      0.02279403       69.628787       3.0512471      0.97029064       7.9481962      0.73099457      0.22446633     0.029738864       1.0005065       1.0001514       1.0029389      0.99398637       1.0043204     0.011110115   2.1141693e-09      0.95298424      0.87676961      0.26375433      0.82210003       13.111845        1016.327       1467.6331      -23.422168       -25.724581          2.3024134       2810.0251                 22.091799                 396.48265                                587.77771                      9.9748342                   13.111845                  1467.6331       169.82509        143.12816
              1       1380.6529      0.02279403       69.628787       3.0512471      0.97029064       7.9481962      0.73099457      0.22446633     0.029738864      0.99952686      0.99980095       1.0001711      0.99818142       1.0028496     0.011110115   2.1141693e-09      0.95298424      0.87676961      0.26375433      0.82210003       13.111845       1015.6733       1467.6331      -24.338515       -26.640929          2.3024134       2809.9828                 22.209119                 396.52057                                587.08285                      9.8607308                   13.111845                  1467.6331       170.96147        142.60312
              1       1381.1432      0.02279403       69.628787       3.0512471      0.97029064       7.9481962      0.73099457      0.22446633     0.029738864        1.000378      0.99731307       1.0034488      0.99562439      0.99593539     0.011110115   2.1141693e-09      0.95298424      0.87676961      0.26375433      0.82210003       13.111845       1016.0574       1467.6331      -23.473803       -25.776217          2.3024134       2809.2341                 22.106995                 396.48865                                587.50495                      9.9567727                   13.111845                  1467.6331       168.20859        144.22325
              1       1380.6136      0.02279403       69.628787       3.0512471      0.97029064       7.9481962      0.73099457      0.22446633     0.029738864        1.000378      0.99652161       1.0047213      0.99848614      0.99880174     0.011110115   2.1141693e-09      0.95298424      0.87676961      0.26375433      0.82210003       13.111845       1016.0574       1467.6331      -23.763434       -26.065847          2.3024134        2808.754                 22.106995                 396.48865                                587.50495                      9.9567727                   13.111845                  1467.6331       168.73366        143.21806
              1       1381.0977      0.02279403       69.628787       3.0512471      0.97029064       7.9481962      0.73099457      0.22446633     0.029738864        1.000378      0.99605728       1.0039774      0.99856814       1.0023409     0.011110115   2.1141693e-09      0.95298424      0.87676961      0.26375433      0.82210003       13.111845       1016.0574       1467.6331      -23.539729       -25.842143          2.3024134        2809.275                 22.106995                 396.48865                                587.50495                      9.9567727                   13.111845                  1467.6331       169.73448         142.7382
              1       1376.9494     0.022773475       69.648895       3.0504816      0.97274377       7.9069956      0.73229878      0.22768003     0.032161202       1.0009589      0.99966615       1.0043247      0.99852584       1.0022527     0.012155101   2.1125515e-09      0.95305376       0.8758929      0.26242827      0.81921083       13.350883       1015.3853       1467.5316      -24.547569       -26.638228          2.0906593        2802.994                 21.674534                 396.33911                                587.26696                      10.104733                   13.350883                  1467.5316       165.82526        140.90094
              1       1382.0326     0.022790229       69.581924       3.0496838      0.97482342       7.9322917      0.73274731      0.23675673     0.037116751      0.99886432      0.99968281       1.0032964      0.99547472       1.0031917     0.022023548   2.1108669e-09      0.95292874      0.87494415      0.26179379      0.81733364        13.42749       1021.7098       1467.3122       -23.84461       -26.106852          2.2622419       2811.7544                 21.522449                 396.37689                                593.67938                      10.131064                    13.42749                  1467.3122       167.01599        142.28885
              1       1381.4651     0.022872425       69.605276       3.0491132      0.97419584        7.986774      0.73316335      0.23916547     0.034345554      0.99814634      0.99901558       1.0032008      0.99988185      0.99751252     0.029533991   2.1096628e-09      0.95279067      0.87225745      0.26134717      0.81412851       13.302575       1019.5138       1467.3951      -23.199904       -26.432275          3.2323708       2809.3299                 21.606026                 396.57099                                591.21372                      10.123087                   13.302575                  1467.3951       164.54176        144.57668
              1       1382.1565     0.022872425       69.605276       3.0491132      0.97419584        7.986774      0.73316335      0.23916547     0.034345554      0.99953241      0.99837044       1.0001945      0.99771604      0.99515669     0.029533991   2.1096628e-09      0.95279067      0.87225745      0.26134717      0.81412851       13.302575       1018.4109       1467.3951      -23.071201       -26.303572          3.2323708       2810.4554                 21.465347                 396.53983                                589.90972                      10.496001                   13.302575                  1467.3951       166.34782        144.99898
              1       1379.6814     0.022872425       69.605276       3.0491132      0.97419584        7.986774      0.73316335      0.23916547     0.034345554      0.99956209      0.99812231        1.002077      0.99611943       1.0020677     0.029533991   2.1096628e-09      0.95279067      0.87225745      0.26134717      0.81412851       13.302575       1018.4429       1467.3951       -22.96237       -26.194741          3.2323708       2805.2875                 21.462394                 396.52344                                589.95193                      10.505178                   13.302575                  1467.3951       164.76164        141.38528
              1       1379.9002     0.022872425       69.605276       3.0491132      0.97419584        7.986774      0.73316335      0.23916547     0.034345554      0.99935257      0.99812991       1.0020502      0.99943498       1.0007641     0.029533991   2.1096628e-09      0.95279067      0.87225745      0.26134717      0.81412851       13.302575       1018.1812       1467.3951      -23.346244       -26.578615          3.2323708       2806.4929                 21.483294                 396.53983                                589.71663                      10.441468                   13.302575                  1467.3951       164.77483         142.8392
              1       1379.6113     0.022872425       69.605276       3.0491132      0.97419584        7.986774      0.73316335      0.23916547     0.034345554      0.99935257      0.99858838        1.002132      0.99607291       1.0029561     0.029533991   2.1096628e-09      0.95279067      0.87225745      0.26134717      0.81412851       13.302575       1018.1812       1467.3951      -22.978114       -26.210485          3.2323708       2805.1789                 21.483294                 396.53983                                589.71663                      10.441468                   13.302575                  1467.3951       164.66243        141.63757
              1       1379.5678     0.022872425       69.605276       3.0491132      0.97419584        7.986774      0.73316335      0.23916547     0.034345554      0.99935257      0.99808327        1.002096      0.99612931       1.0019978     0.029533991   2.1096628e-09      0.95279067      0.87225745      0.26134717      0.81412851       13.302575       1018.1812       1467.3951      -22.940533       -26.172904          3.2323708       2805.0167                 21.483294                 396.53983                                589.71663                      10.441468                   13.302575                  1467.3951       164.76602        141.37177
              1       1379.8178     0.022837212       69.876313       3.0496361      0.97326097       8.0761376      0.73531974       0.2324735     0.026664193      0.99917321      0.99939827       1.0026166      0.99664775       1.0024561     0.027083745   2.1107662e-09       0.9532283      0.87121873      0.25942912       0.8101696       13.961632       1016.6046       1467.1825      -23.618444       -26.409301          2.7908565       2806.8726                 21.642866                 396.79605                                 587.7025                       10.46315                   13.961632                  1467.1825       168.05667         141.0672
              1       1380.0805     0.022883385       69.812448       3.0542897      0.97425232       8.1890233      0.73258772      0.22092021     0.028266095       1.0008182       1.0003819       1.0040332      0.99715277      0.99903596    0.0066703742   2.1206117e-09      0.95304795      0.87791691      0.26230764      0.82091512       13.384516       1021.3424       1467.1318      -23.170718       -26.548363          3.3776451       2806.5024                 21.445049                 397.10815                                 592.6965                      10.092677                   13.384516                  1467.1318       162.80997        141.83372
              1        1380.791     0.022912989       69.758576       3.0540424      0.97424186       8.2055087        0.732193       0.2235627     0.029907058      0.99960046      0.99820638       1.0038955       1.0012964      0.99778159    0.0073072159   2.1200875e-09      0.95291457      0.87825564      0.26262714      0.82173186       13.241018       1019.8303       1467.1128      -22.751691       -26.540146          3.7884558       2807.0853                 21.526834                 397.18467                                591.13903                      9.9797645                   13.241018                  1467.1128       160.60193        146.29929
              1       1379.4461     0.022912989       69.758576       3.0540424      0.97424186       8.2055087        0.732193       0.2235627     0.029907058      0.99960046      0.99820638       1.0038955      0.99895713       1.0036911    0.0073072159   2.1200875e-09      0.95291457      0.87825564      0.26262714      0.82173186       13.241018       1019.8303       1467.1128      -22.684065       -26.472521          3.7884558       2804.2604                 21.526834                 397.18467                                591.13903                      9.9797645                   13.241018                  1467.1128       160.60193        143.47432
              1       1379.2244     0.022912989       69.758576       3.0540424      0.97424186       8.2055087        0.732193       0.2235627     0.029907058      0.99960046      0.99901067       1.0038854      0.99830822      0.99824476    0.0073072159   2.1200875e-09      0.95291457      0.87825564      0.26262714      0.82173186       13.241018       1019.8303       1467.1128      -22.864147       -26.652603          3.7884558        2804.177                 21.526834                 397.18467                                591.13903                      9.9797645                   13.241018                  1467.1128       160.98451        143.00838
              1        1379.702     0.022912989       69.758576       3.0540424      0.97424186       8.2055087        0.732193       0.2235627     0.029907058      0.99890436      0.99731973       1.0028828       1.0005318       1.0000473    0.0073072159   2.1200875e-09      0.95291457      0.87825564      0.26262714      0.82173186       13.241018       1018.6816       1467.1128      -22.529254       -26.317709          3.7884558       2804.4625                 21.598813                 397.18468                                590.00104                      9.8970907                   13.241018                  1467.1128        161.0426        144.38445
              1       1380.9684     0.022920704       69.557551       3.0526524      0.97405322       8.0577274      0.73181487      0.23021685     0.037082615      0.99914501      0.99688565       1.0051425      0.99806384      0.99995608     0.020031931   2.1171424e-09      0.95262607      0.87340985      0.26284572      0.81753793        13.08302       1020.6492        1467.546       -22.22965       -26.129563          3.8999132       2806.3961                 21.648352                 396.75437                                592.46585                      9.7806538                    13.08302                   1467.546       164.30394        140.81398
              1       1378.5051     0.022920704       69.557551       3.0526524      0.97405322       8.0577274      0.73181487      0.23021685     0.037082615       0.9998497      0.99904359       1.0023241      0.99797765       1.0003145     0.020031931   2.1171424e-09      0.95262607      0.87340985      0.26284572      0.81753793        13.08302       1019.4055        1467.546       -22.76497       -26.664883          3.8999132       2802.5401                 21.575012                 396.73527                                591.21053                      9.8847223                    13.08302                   1467.546       161.83295        140.67259
              1       1380.4325     0.022920704       69.557551       3.0526524      0.97405322       8.0577274      0.73181487      0.23021685     0.037082615       0.9998497       0.9973682        1.001245      0.99883683       1.0006726     0.020031931   2.1171424e-09      0.95262607      0.87340985      0.26284572      0.81753793        13.08302       1019.4055        1467.546      -22.495525       -26.395438          3.8999132       2805.8561                 21.575012                 396.73527                                591.21053                      9.8847223                    13.08302                   1467.546       164.92247        140.89909
              1       1378.6895     0.022920704       69.557551       3.0526524      0.97405322       8.0577274      0.73181487      0.23021685     0.037082615       0.9998497       1.0006029       1.0030529      0.99841856       1.0009477     0.020031931   2.1171424e-09      0.95262607      0.87340985      0.26284572      0.81753793        13.08302       1019.4055        1467.546      -22.827442       -26.727355          3.8999132        2803.034                 21.575012                 396.73527                                591.21053                      9.8847223                    13.08302                   1467.546       162.33687        140.66258
              1       1383.4201     0.022920704       69.557551       3.0526524      0.97405322       8.0577274      0.73181487      0.23021685     0.037082615      0.99874343      0.99945707        1.005372      0.99298309      0.99675361     0.020031931   2.1171424e-09      0.95262607      0.87340985      0.26284572      0.81753793        13.08302       1022.1307        1467.546      -21.456418       -25.356331          3.8999132        2809.753                  21.69093                 396.77936                                593.92632                      9.7340742                    13.08302                   1467.546       162.37236        144.62099
              1       1381.6397     0.022920704       69.557551       3.0526524      0.97405322       8.0577274      0.73181487      0.23021685     0.037082615      0.99947953      0.99687374       1.0021455       1.0007325       1.0012257     0.020031931   2.1171424e-09      0.95262607      0.87340985      0.26284572      0.81753793        13.08302       1019.8569        1467.546      -22.327804       -26.227717          3.8999132        2807.935                 21.613325                 396.75437                                591.66271                      9.8265166                    13.08302                   1467.546        165.2896        142.15948
              1       1383.1199     0.022921158        69.56027       3.0526476       0.9740797       8.0594995      0.73182831      0.23019948     0.036925958      0.99945978       1.0005691      0.99632523       1.0006236       1.0015018     0.019973559   2.1171324e-09      0.95262884      0.87345677      0.26283317      0.81756234       13.083593       1019.9703       1467.5433      -22.841027       -26.747554          3.9065267       2811.9218                 21.609381                 396.75437                                591.78086                      9.8256943                   13.083593                  1467.5433        169.2814        142.04318
              1        1379.536     0.022921158        69.56027       3.0526476       0.9740797       8.0594995      0.73182831      0.23019948     0.036925958      0.99945978      0.99987022       1.0034728      0.99900963      0.99803498     0.019973559   2.1171324e-09      0.95262884      0.87345677      0.26283317      0.81756234       13.083593       1019.9703       1467.5433      -22.828215       -26.734742          3.9065267       2804.7284                 21.609381                 396.75437                                591.78086                      9.8256943                   13.083593                  1467.5433       161.83984        142.29132
              1       1378.6084     0.022921158        69.56027       3.0526476       0.9740797       8.0594995      0.73182831      0.23019948     0.036925958      0.99977741      0.99992943       1.0029652      0.99675549       1.0006725     0.019973559   2.1171324e-09      0.95262884      0.87345677      0.26283317      0.81756234       13.083593        1019.574       1467.5433      -22.643754        -26.55028          3.9065267       2802.5044                  21.57651                  396.7545                                591.36789                      9.8750959                   13.083593                  1467.5433        161.8324         140.4711
              1       1383.0214     0.022921158        69.56027       3.0526476       0.9740797       8.0594995      0.73182831      0.23019948     0.036925958       1.0003364       1.0009199      0.99956177       1.0037448       1.0035854     0.019973559   2.1171324e-09      0.95262884      0.87345677      0.26283317      0.81756234       13.083593        1019.689       1467.5433      -22.387865       -26.294392          3.9065267       2810.8185                 21.519339                 396.73527                                591.45836                      9.9760015                   13.083593                  1467.5433        164.2419        146.26071
              1       1379.1821     0.022921158        69.56027       3.0526476       0.9740797       8.0594995      0.73182831      0.23019948     0.036925958       1.0003364      0.99977364       1.0002434      0.99785412         1.00198     0.019973559   2.1171324e-09      0.95262884      0.87345677      0.26283317      0.81756234       13.083593        1019.689       1467.5433      -22.750157       -26.656684          3.9065267       2803.8646                 21.519339                 396.73527                                591.45836                      9.9760015                   13.083593                  1467.5433       163.11307        140.43565
              1       1379.4819     0.022921158        69.56027       3.0526476       0.9740797       8.0594995      0.73182831      0.23019948     0.036925958       1.0003364       1.0007914       1.0000974      0.99775657        1.002064     0.019973559   2.1171324e-09      0.95262884      0.87345677      0.26283317      0.81756234       13.083593        1019.689       1467.5433      -22.704374       -26.610901          3.9065267       2804.3726                 21.519339                 396.73527                                591.45836                      9.9760015                   13.083593                  1467.5433       163.63757        140.41917
              1       1380.1026     0.022921158        69.56027       3.0526476       0.9740797       8.0594995      0.73182831      0.23019948     0.036925958       1.0006752       1.0015309       1.0031103      0.99753765       1.0022271     0.019973559   2.1171324e-09      0.95262884      0.87345677      0.26283317      0.81756234       13.083593       1020.2859       1467.5433      -22.549379       -26.455905          3.9065267        2805.304                  21.48507                 396.73654                                592.01856                      10.045782                   13.083593                  1467.5433       163.99609        140.39507
              1       1382.5265     0.022921158        69.56027       3.0526476       0.9740797       8.0594995      0.73182831      0.23019948     0.036925958         1.00082       1.0015257       1.0031289       0.9966726      0.99532696     0.019973559   2.1171324e-09      0.95262884      0.87345677      0.26283317      0.81756234       13.083593       1020.6634       1467.5433      -22.249076       -26.155602          3.9065267       2809.5511                 21.470533                 396.74138                                592.37389                      10.077581                   13.083593                  1467.5433       163.99115        144.26964
              1       1381.1004     0.022921158        69.56027       3.0526476       0.9740797       8.0594995      0.73182831      0.23019948     0.036925958       1.0004277       0.9975546       1.0035606      0.99628137       1.0063016     0.019973559   2.1171324e-09      0.95262884      0.87345677      0.26283317      0.81756234       13.083593       1019.8113       1467.5433      -21.847868       -25.754394          3.9065267       2805.8966                 21.510074                 396.73527                                591.57183                      9.9941635                   13.083593                  1467.5433       163.11765        142.34068
              1       1378.7687     0.022917651       69.660961       3.0531704      0.97391261        8.075078      0.73237214      0.22625995     0.033026486       1.0006495      0.99943789       1.0039687      0.99773516       1.0011476     0.017223728   2.1182394e-09      0.95277291      0.87366115      0.26240071      0.81708061       13.195482       1019.9558       1467.4857      -22.773313       -26.628901          3.8555875       2803.0839                 21.543121                 396.78074                                 591.7095                      9.9224276                   13.195482                  1467.4857       162.26219         140.1848
              1       1379.5087     0.022917651       69.660961       3.0531704      0.97391261        8.075078      0.73237214      0.22625995     0.033026486       1.0004605       1.0006715       1.0046607      0.99825915       1.0037436     0.017223728   2.1182394e-09      0.95277291      0.87366115      0.26240071      0.81708061       13.195482       1019.7301       1467.4857       -22.71453       -26.570117          3.8555875       2804.4464                 21.562532                 396.78063                                591.49996                      9.8870227                   13.195482                  1467.4857       163.53491        140.50018
              1       1380.3114     0.022917651       69.660961       3.0531704      0.97391261        8.075078      0.73237214      0.22625995     0.033026486       1.0005191       0.9990581       1.0076769       0.9965507       1.0019175     0.017223728   2.1182394e-09      0.95277291      0.87366115      0.26240071      0.81708061       13.195482       1019.7871       1467.4857      -22.563588       -26.419175          3.8555875         2805.75                 21.556509                 396.78063                                591.55222                      9.8977779                   13.195482                  1467.4857       165.16263        140.11905
              1       1382.8065     0.022919986       69.701835        3.053697      0.97337272       8.0858344      0.73182474      0.22176578     0.030757045      0.99979502      0.99817196       1.0111315      0.99707496       1.0036388     0.011605727   2.1193552e-09      0.95282348      0.87535264      0.26302693      0.81963884       13.144593       1018.5781       1467.4263      -22.403935       -26.293405          3.8894693       2810.4209                 21.726708                 396.88664                                590.21409                      9.7506723                   13.144593                  1467.4263       170.43475        140.83714
              1       1380.3556     0.022919986       69.701835        3.053697      0.97337272       8.0858344      0.73182474      0.22176578     0.030757045      0.99979502      0.99778352       1.0078159       1.0005309       1.0031973     0.011605727   2.1193552e-09      0.95282348      0.87535264      0.26302693      0.81963884       13.144593       1018.5781       1467.4263      -22.550417       -26.439886          3.8894693       2805.8121                 21.726708                 396.88664                                590.21409                      9.7506723                   13.144593                  1467.4263       164.38992        142.27319
              1       1380.0063     0.022955774       69.731999       3.0544773      0.97377636       8.1535344      0.73160749      0.22019404     0.029138394      0.99931127      0.99852853       1.0037451       1.0002367       1.0032209    0.0066450574   2.1210096e-09      0.95279068      0.87714702      0.26327017      0.82169868       13.069202       1020.7351       1467.3541      -22.132825       -26.562113          4.4292881       2804.2783                 21.690867                 397.09568                                592.20296                      9.7456143                   13.069202                  1467.3541       160.21828        142.90167
              1       1379.6927     0.022955774       69.731999       3.0544773      0.97377636       8.1535344      0.73160749      0.22019404     0.029138394      0.99931127       0.9984502       1.0029958      0.99611779       1.0033336    0.0066450574   2.1210096e-09      0.95279068      0.87714702      0.26327017      0.82169868       13.069202       1020.7351       1467.3541      -21.740279       -26.169567          4.4292881       2802.8659                 21.690867                 397.09568                                592.20296                      9.7456143                   13.069202                  1467.3541       160.21155        141.49597
              1       1380.7229     0.022912404       69.999094       3.0563552      0.97134372       8.1802183      0.73401982      0.20895105     0.028387232       1.0006377      0.99908525       1.0062307      0.99838539       1.0044219     0.003330616   2.1249965e-09      0.95323878      0.87277237      0.26120546      0.81438823       13.966976       1019.1661       1466.9284      -22.711147        -26.49122           3.780073       2806.8682                 22.111289                 397.18146                                590.43842                       9.434893                   13.966976                  1466.9284       166.67632        140.13037
              1        1381.357     0.022912404       69.999094       3.0563552      0.97134372       8.1802183      0.73401982      0.20895105     0.028387232      0.99985697       1.0003258       1.0022028      0.99705544      0.99971842     0.003330616   2.1249965e-09      0.95323878      0.87277237      0.26120546      0.81438823       13.966976       1021.0432       1466.9284      -22.816484       -26.596557           3.780073        2808.347                 22.205931                 397.19871                                592.27347                      9.3650781                   13.966976                  1466.9284       166.46736        139.94102
              1       1381.4938      0.02291256       69.998605       3.0563826      0.97132825        8.183235      0.73397189       0.2089085     0.028286458      0.99980795       1.0003133       1.0034619      0.99672647      0.99846873     0.002972041   2.1250547e-09      0.95323781      0.87294546      0.26125213      0.81462249       13.952101       1020.8277       1466.9261      -22.741206       -26.523522          3.7823163         2808.47                  22.21133                  397.2004                                592.04743                      9.3685582                   13.952101                  1466.9261       166.11781        140.64626
              1        1383.379      0.02291256       69.998605       3.0563826      0.97132825        8.183235      0.73397189       0.2089085     0.028286458         1.00065       1.0015599        1.002143      0.99265559       1.0025001     0.002972041   2.1250547e-09      0.95323781      0.87294546      0.26125213      0.81462249       13.952101       1018.9059       1466.9261      -21.471658       -25.253974          3.7823163       2809.7013                 22.109212                 397.19514                                590.15927                      9.4422367                   13.952101                  1466.9261       168.09097        141.82623
              1       1382.3413      0.02291256       69.998605       3.0563826      0.97132825        8.183235      0.73397189       0.2089085     0.028286458       1.0013794      0.99964533       1.0067818       1.0017221        1.003454     0.002972041   2.1250547e-09      0.95323781      0.87294546      0.26125213      0.81462249       13.952101       1019.1881       1466.9261      -22.691937       -26.474253          3.7823163       2810.0665                 22.022663                 397.19253                                590.43423                      9.5387153                   13.952101                  1466.9261       167.37973        142.62036
              1       1382.7681     0.022958955       70.066887       3.0549707      0.97099892       8.2360349      0.73445501      0.21201813     0.023969472       1.0000887      0.99830546       1.0069412       0.9990334       1.0033989    0.0096197575   2.1220565e-09      0.95323441       0.8723316      0.26072092      0.81322162        13.93646       1019.7599       1466.8887       -22.04813       -26.527264           4.479134       2809.6324                 22.089839                 397.41735                                590.58098                      9.6717219                    13.93646                  1466.8887       166.40041        142.64694
              1        1382.523     0.022958955       70.066887       3.0549707      0.97099892       8.2360349      0.73445501      0.21201813     0.023969472       1.0003854       0.9982947       1.0069793      0.99584356      0.99867215    0.0096197575   2.1220565e-09      0.95323441       0.8723316      0.26072092      0.81322162        13.93646       1020.7501       1466.8887      -21.722152       -26.201286           4.479134       2808.4903                 22.054505                  397.4071                                591.55562                      9.7329194                    13.93646                  1466.8887         166.433        140.48201
              1       1380.2035      0.02284782       69.468537       3.0569664      0.97130317       8.0239148      0.72903911      0.21412214     0.038927246       1.0035025       1.0009768        1.007998       1.0000406        1.006693     0.016821535   2.1262955e-09      0.95265562      0.87284508      0.26588668      0.82172183       12.926019        1017.332       1468.0366      -22.441862       -25.361664          2.9198027       2805.2907                  21.86516                 396.69512                                588.99934                      9.7724052                   12.926019                  1468.0366       166.23146         140.7646
              1       1379.3047      0.02284782       69.468537       3.0569664      0.97130317       8.0239148      0.72903911      0.21412214     0.038927246        1.002455       1.0015527        1.003288      0.99530617      0.99768343     0.016821535   2.1262955e-09      0.95265562      0.87284508      0.26588668      0.82172183       12.926019       1015.2831       1468.0366      -22.686769       -25.606571          2.9198027        2803.983                 21.984526                 396.70901                                586.92403                      9.6655237                   12.926019                  1468.0366        163.4169         144.3204
              1       1379.6601     0.022827301        69.36094       3.0560705      0.97036301       7.9956007       0.7287349      0.21857084     0.040793187       1.0008696       1.0007583       1.0004663      0.99880388       1.0002058     0.023378952   2.1243915e-09      0.95255127      0.87102418      0.26607681      0.82030072       12.844979       1018.6753       1468.4306      -24.018006       -26.691557          2.6735512       2807.3561                  22.28819                 396.67227                                590.15837                      9.5564755                   12.844979                  1468.4306       166.97801        140.42728
              1       1379.3354     0.022827301        69.36094       3.0560705      0.97036301       7.9956007       0.7287349      0.21857084     0.040793187       1.0008696      0.99982745       1.0032338      0.99768085       1.0068291     0.023378952   2.1243915e-09      0.95255127      0.87102418      0.26607681      0.82030072       12.844979       1018.6753       1468.4306      -23.509594       -26.183145          2.6735512         2805.69                  22.28819                 396.67227                                590.15837                      9.5564755                   12.844979                  1468.4306       165.33009         140.4091
              1       1379.4289     0.022827301        69.36094       3.0560705      0.97036301       7.9956007       0.7287349      0.21857084     0.040793187       1.0008696       1.0001152        1.002478      0.99768731       1.0068503     0.023378952   2.1243915e-09      0.95255127      0.87102418      0.26607681      0.82030072       12.844979       1018.6753       1468.4306      -23.508506       -26.182057          2.6735512       2805.8749                  22.28819                 396.67227                                590.15837                      9.5564755                   12.844979                  1468.4306       165.50299        140.42104
              1       1377.9313     0.022827301        69.36094       3.0560705      0.97036301       7.9956007       0.7287349      0.21857084     0.040793187       1.0012213       1.0001025       1.0025231      0.99723242       1.0031572     0.023378952   2.1243915e-09      0.95255127      0.87102418      0.26607681      0.82030072       12.844979        1017.134       1468.4306       -23.74216       -26.415711          2.6735512        2803.347                 22.244919                 396.64436                                588.67684                      9.5678346                   12.844979                  1468.4306       165.48428        139.45322
              1       1376.7271      0.02270582       69.431449       3.0581924        0.970739       8.3426035      0.72865998      0.21666375     0.025442407      0.99991839      0.99791528         1.00535      0.99706854       1.0024702     0.017505417   2.1289041e-09      0.95289959      0.87719874      0.26618397      0.82628205       12.782104        1015.005       1469.1666      -24.817387       -26.307044          1.4896572       2803.0889                 22.122551                 397.66524                                 585.3967                      9.8205141                   12.782104                  1469.1666       166.51665        139.61859
              1       1379.8295     0.022671506       69.590194       3.0590346      0.96966994       8.3642018      0.72937178       0.2089333     0.018768499      0.99942881      0.99789163       1.0056086      0.99423896       1.0045002     0.012582924   2.1306977e-09      0.95318508      0.87738626      0.26567855      0.82567369       12.897653       1016.7238       1469.1465      -24.290163       -25.532085          1.2419216       2808.2394                  22.44705                 397.83425                                586.66892                       9.773625                   12.897653                  1469.1465       169.29691        140.17455
              1       1378.9209     0.022671506       69.590194       3.0590346      0.96966994       8.3642018      0.72937178       0.2089333     0.018768499      0.99942881      0.99875479       1.0057688      0.99859893       1.0026147     0.012582924   2.1306977e-09      0.95318508      0.87738626      0.26567855      0.82567369       12.897653       1016.7238       1469.1465      -25.352353       -26.594274          1.2419216       2808.5465                  22.44705                 397.83425                                586.66892                       9.773625                   12.897653                  1469.1465       169.68974        140.08884
              1       1378.8222     0.022671506       69.590194       3.0590346      0.96966994       8.3642018      0.72937178       0.2089333     0.018768499      0.99971113      0.99874455        1.005805      0.99775165      0.99820184     0.012582924   2.1306977e-09      0.95318508      0.87738626      0.26567855      0.82567369       12.897653       1015.8827       1469.1465      -25.327757       -26.569678          1.2419216          2808.3                 22.410811                 397.82872                                 585.8859                      9.7572583                   12.897653                  1469.1465       169.69954        140.67361
              1       1381.9203     0.022671506       69.590194       3.0590346      0.96966994       8.3642018      0.72937178       0.2089333     0.018768499      0.99971113      0.99905225       1.0023238      0.99197149      0.99614624     0.012582924   2.1306977e-09      0.95318508      0.87738626      0.26567855      0.82567369       12.897653       1015.8827       1469.1465      -23.782256       -25.024178          1.2419216       2811.4052                 22.410811                 397.82872                                 585.8859                      9.7572583                   12.897653                  1469.1465        170.0959        143.38245
              1       1383.1367     0.022671506       69.590194       3.0590346      0.96966994       8.3642018      0.72937178       0.2089333     0.018768499       1.0004513      0.99904642       1.0108588      0.99255471       1.0001454     0.012582924   2.1306977e-09      0.95318508      0.87738626      0.26567855      0.82567369       12.897653       1014.9613       1469.1465      -24.136146       -25.378067          1.2419216       2814.5457                 22.317089                 397.80957                                585.09859                      9.7360381                   12.897653                  1469.1465       177.03125        140.50902
              1       1384.6805     0.022671506       69.590194       3.0590346      0.96966994       8.3642018      0.72937178       0.2089333     0.018768499       1.0010727      0.99518257       1.0028059       1.0024459       1.0012378     0.012582924   2.1306977e-09      0.95318508      0.87738626      0.26567855      0.82567369       12.897653       1015.6038       1469.1465      -24.033724       -25.275645          1.2419216       2817.4285                 22.239697                 397.77623                                 585.8455                      9.7423495                   12.897653                  1469.1465       174.98453        144.79607
              1       1384.6608     0.022671506       69.590194       3.0590346      0.96966994       8.3642018      0.72937178       0.2089333     0.018768499       1.0014323      0.99820227      0.99912559      0.99067743       1.0004714     0.012582924   2.1306977e-09      0.95318508      0.87738626      0.26567855      0.82567369       12.897653       1016.5914       1469.1465      -23.076686       -24.318608          1.2419216       2815.4749                 22.195405                 397.77824                                586.86173                      9.7560102                   12.897653                  1469.1465       174.31036        142.52902
              1       1383.3508     0.022667362       69.758891       3.0599875      0.96984739       8.3890306      0.73062126      0.20346705     0.017064344       1.0023495      0.99850158        1.004461      0.99208152      0.99727996    0.0055035821   2.1327291e-09      0.95341975      0.87771234      0.26459954      0.82430156       13.162356       1018.6218       1468.7512      -23.413796       -24.628431          1.2146342       2813.5293                 22.134218                 397.84707                                588.93557                      9.7049647                   13.162356                  1468.7512       170.10796        142.88593
              1       1382.0342     0.022667362       69.758891       3.0599875      0.96984739       8.3890306      0.73062126      0.20346705     0.017064344       1.0023495      0.99795135       1.0042708      0.99345597      0.99841704    0.0055035821   2.1327291e-09      0.95341975      0.87771234      0.26459954      0.82430156       13.162356       1018.6218       1468.7512      -23.844658       -25.059293          1.2146342       2811.7577                 22.134218                 397.84707                                588.93557                      9.7049647                   13.162356                  1468.7512       170.33131        140.89093
              1        1380.455     0.022667362       69.758891       3.0599875      0.96984739       8.3890306      0.73062126      0.20346705     0.017064344       1.0014889      0.99782567       1.0009798      0.99905161       1.0034462    0.0055035821   2.1327291e-09      0.95341975      0.87771234      0.26459954      0.82430156       13.162356       1015.7886       1468.7512      -25.030585       -26.245219          1.2146342       2810.9711                 22.239605                  397.8641                                586.02172                      9.6631738                   13.162356                  1468.7512       173.20882        140.06007
              1       1379.3131     0.022666419       69.818237       3.0595902      0.97151485       8.3660547      0.73153653       0.2045097     0.017474343       1.0022272      0.99893587       1.0019829      0.99859983       1.0041002    0.0075120714    2.131882e-09      0.95350084      0.87720979       0.2636943      0.82241915       13.368205       1016.8575       1468.5484      -24.943968       -26.152468          1.2085004       2808.5141                 21.890336                 397.70194                                587.51923                      9.7459925                   13.368205                  1468.5484       170.37828        139.36177
              1       1378.5607     0.022666419       69.818237       3.0595902      0.97151485       8.3660547      0.73153653       0.2045097     0.017474343       1.0022272      0.99887167       1.0043425      0.99718769       1.0009087    0.0075120714    2.131882e-09      0.95350084      0.87720979       0.2636943      0.82241915       13.368205       1016.8575       1468.5484      -24.939845       -26.148346          1.2085004       2807.0011                 21.890336                 397.70194                                587.51923                      9.7459925                   13.368205                  1468.5484       169.07809        139.14897
              1       1379.4955     0.022666419       69.818237       3.0595902      0.97151485       8.3660547      0.73153653       0.2045097     0.017474343       1.0022272      0.99877264       1.0046426      0.99670379       0.9981174    0.0075120714    2.131882e-09      0.95350084      0.87720979       0.2636943      0.82241915       13.368205       1016.8575       1468.5484      -24.827856       -26.036357          1.2085004       2808.6467                 21.890336                 397.70194                                587.51923                      9.7459925                   13.368205                  1468.5484       169.08298        140.78969
              1       1379.7286     0.022671378       69.898456       3.0584791      0.97144078       8.3275161      0.73250042      0.20517005     0.016119183       1.0021632      0.99811692       1.0052487      0.99612546      0.99905686    0.0093829543   2.1295145e-09      0.95359735      0.87601528      0.26275098       0.8198289        13.58825       1016.7485       1468.4165      -24.626717       -25.867784          1.2410671       2808.7105                 21.900625                 397.61661                                587.47585                      9.7554344                    13.58825                  1468.4165        170.0134        139.94391
              1       1379.6388     0.022671378       69.898456       3.0584791      0.97144078       8.3275161      0.73250042      0.20517005     0.016119183         1.00122       0.9975261       1.0053692       1.0000468       1.0054456    0.0093829543   2.1295145e-09      0.95359735      0.87601528      0.26275098       0.8198289        13.58825       1015.4866       1468.4165      -24.839134       -26.080201          1.2410671       2808.9559                 22.010114                 397.61411                                586.20532                       9.657015                    13.58825                  1468.4165       170.68466        140.77994
              1        1380.236     0.022671378       69.898456       3.0584791      0.97144078       8.3275161      0.73250042      0.20517005     0.016119183       1.0003002      0.99755947       1.0052513       1.0005084       1.0005918    0.0093829543   2.1295145e-09      0.95359735      0.87601528      0.26275098       0.8198289        13.58825       1017.1488       1468.4165      -25.230981       -26.472048          1.2410671       2810.9339                 22.119691                 397.60488                                587.81453                      9.6096538                    13.58825                  1468.4165       170.64674        141.13371
              1       1378.6981     0.022687757       70.017892       3.0589348      0.97242186       8.3583996      0.73319325      0.20226285     0.015007541       1.0008502       0.9976963       1.0050925      0.99971712      0.99939695    0.0033979247   2.1304851e-09      0.95372212      0.87727269      0.26214599      0.82005993        13.85541       1015.4259       1468.1003      -25.107384       -26.461797          1.3544134        2807.611                 21.907471                 397.66914                                586.18524                      9.6640053                    13.85541                  1468.1003       168.91924        141.31023
              1       1378.3104     0.022687757       70.017892       3.0589348      0.97242186       8.3583996      0.73319325      0.20226285     0.015007541       1.0008502         1.00109       1.0054798      0.99921082         1.00327    0.0033979247   2.1304851e-09      0.95372212      0.87727269      0.26214599      0.82005993        13.85541       1015.4259       1468.1003      -25.225033       -26.579446          1.3544134       2807.0709                 21.907471                 397.66914                                586.18524                      9.6640053                    13.85541                  1468.1003       169.87753        139.81184
              1       1380.3381     0.022687757       70.017892       3.0589348      0.97242186       8.3583996      0.73319325      0.20226285     0.015007541       1.0008502        0.996569       1.0035555      0.99559344       1.0038253    0.0033979247   2.1304851e-09      0.95372212      0.87727269      0.26214599      0.82005993        13.85541       1015.4259       1468.1003      -24.133641       -25.488055          1.3544134       2808.9435                 21.907471                 397.66914                                586.18524                      9.6640053                    13.85541                  1468.1003       172.07939        139.48254
              1       1377.9579     0.022699026       69.933871       3.0583235      0.97260763       8.4475062      0.73304543      0.20990336     0.016075223      0.99900296      0.99902003       1.0037535      0.99761464      0.99929224    0.0080637135   2.1291831e-09      0.95358781      0.87812267      0.26211575      0.82080714       13.650403       1016.4306       1468.1162      -25.103607       -26.541143          1.4375357       2806.1231                 21.938547                 398.03732                                586.72672                      9.7279749                   13.650403                  1468.1162       167.42975        140.49617
              1       1378.0451     0.022699026       69.933871       3.0583235      0.97260763       8.4475062      0.73304543      0.20990336     0.016075223       1.0003334      0.99858448       1.0037094      0.99870846       0.9987139    0.0080637135   2.1291831e-09      0.95358781      0.87812267      0.26211575      0.82080714       13.650403       1016.0697       1468.1162      -25.205116       -26.642652          1.4375357       2806.5005                 21.787379                 398.04434                                586.41048                       9.827522                   13.650403                  1468.1162       167.13664        141.52756
              1       1378.1309     0.022699026       69.933871       3.0583235      0.97260763       8.4475062      0.73304543      0.20990336     0.016075223       1.0003334      0.99810236        1.003561      0.99876504      0.99867332    0.0080637135   2.1291831e-09      0.95358781      0.87812267      0.26211575      0.82080714       13.650403       1016.0697       1468.1162      -25.118917       -26.556453          1.4375357       2806.4996                 21.787379                 398.04434                                586.41048                       9.827522                   13.650403                  1468.1162       167.06589         141.5974
              1       1379.5697     0.022699026       69.933871       3.0583235      0.97260763       8.4475062      0.73304543      0.20990336     0.016075223      0.99996759      0.99982608       1.0004015      0.99491283       1.0047133    0.0080637135   2.1291831e-09      0.95358781      0.87812267      0.26211575      0.82080714       13.650403       1015.5711       1468.1162      -24.528576       -25.966112          1.4375357       2808.1965                 21.828472                 398.04293                                585.90954                      9.7901086                   13.650403                  1468.1162       170.15276        140.70612
              1       1379.4658     0.022699026       69.933871       3.0583235      0.97260763       8.4475062      0.73304543      0.20990336     0.016075223      0.99985058      0.99675401       1.0076362      0.99949163       1.0045568    0.0080637135   2.1291831e-09      0.95358781      0.87812267      0.26211575      0.82080714       13.650403       1015.5006       1468.1162      -24.592353       -26.029889          1.4375357       2808.1162                  21.84168                 398.03595                                 585.8432                      9.7797447                   13.650403                  1468.1162       168.62608        142.22298
              1       1378.8566     0.022699026       69.933871       3.0583235      0.97260763       8.4475062      0.73304543      0.20990336     0.016075223      0.99985058      0.99859639       1.0012347      0.99929095       1.0044675    0.0080637135   2.1291831e-09      0.95358781      0.87812267      0.26211575      0.82080714       13.650403       1015.5006       1468.1162      -25.069827       -26.507362          1.4375357       2807.8529                  21.84168                 398.03595                                 585.8432                      9.7797447                   13.650403                  1468.1162        168.5943        141.99146
              1       1378.0431     0.022687382       69.879468       3.0601793      0.97398113       8.4864365      0.73164651      0.20706076      0.01466086       1.0003185      0.99864751       1.0016015      0.99890194        1.000958    0.0024267988   2.1331381e-09      0.95353936       0.8817638      0.26352327      0.82642057       13.346562       1017.3629       1468.2737      -25.319834       -26.671552          1.3517184       2806.7259                  21.61993                 398.13077                                587.64802                      9.9641487                   13.346562                  1468.2737       166.42365        141.31914
              1       1378.9746      0.02271457        69.84855       3.0598403      0.97545065       8.4465206      0.73187128      0.20997165     0.017024117       1.0006307      0.99942085        1.001047       1.0023212       1.0040932    0.0039292198   2.1324151e-09      0.95344249      0.88150304      0.26324231      0.82573565       13.330902       1018.4033        1468.199      -24.918273       -26.477298          1.5590246       2807.7858                 21.390731                 397.92754                                589.09779                      9.9872671                   13.330902                   1468.199       164.39099        143.46162
              1       1379.4253     0.022736506       69.703763        3.059033      0.97584102       8.3640493      0.73117716      0.21501325     0.024540073      0.99901639      0.99934782       1.0029647      0.99828374       1.0021289    0.0098740034   2.1306944e-09      0.95320373      0.88004462      0.26379839      0.82523974       13.208275       1024.0035       1468.0666      -24.859035       -26.602922          1.7438866       2808.5687                 21.508651                 397.64517                                594.82722                      10.022466                   13.208275                  1468.0666       162.78497        140.50529
              1       1381.2078     0.022736506       69.703763        3.059033      0.97584102       8.3640493      0.73117716      0.21501325     0.024540073      0.99983276       1.0030228       1.0036996      0.99494264       1.0051758    0.0098740034   2.1306944e-09      0.95320373      0.88004462      0.26379839      0.82523974       13.208275       1020.2229       1468.0666      -23.678361       -25.422248          1.7438866       2809.7722                 21.426023                 397.64037                                 591.1581                      9.9984236                   13.208275                  1468.0666       166.17589        142.09853
              1       1378.0288     0.022689361       69.663995       3.0593062      0.97617414       8.3403039      0.73118582      0.21509613     0.026048385       1.0017651       1.0013591       1.0059629       1.0006918       1.0049076     0.011006728   2.1312765e-09      0.95324743      0.87959638       0.2637877      0.82480272       13.257562         1019.15       1468.2225      -24.862312       -26.228299          1.3659868       2805.7822                 21.234441                 397.50184                                590.36305                      10.050631                   13.257562                  1468.2225       164.54536        140.60686
              1        1378.659     0.022689361       69.663995       3.0593062      0.97617414       8.3403039      0.73118582      0.21509613     0.026048385       1.0022631        1.001341       1.0060267       1.0008986       1.0050453     0.011006728   2.1312765e-09      0.95324743      0.87959638       0.2637877      0.82480272       13.257562       1019.8785       1468.2225      -24.683419       -26.049406          1.3659868       2806.6849                 21.188464                 397.49603                                 591.0975                        10.0965                   13.257562                  1468.2225       164.57858        140.74779
              1       1384.2406     0.022659341       69.869386       3.0559591       0.9795806       8.2360424      0.73464917      0.22126184     0.024443857       1.0016996       1.0024972       1.0084832       1.0000167       0.9993534     0.020495452   2.1241549e-09      0.95358339      0.87632816      0.26031866       0.8163169       14.179943       1024.5248       1467.7568      -25.074938       -26.238376          1.1634379        2818.631                 20.829623                 397.02453                                596.27648                      10.394185                   14.179943                  1467.7568       169.31181        142.85768
              1       1383.3738     0.022659341       69.869386       3.0559591       0.9795806       8.2360424      0.73464917      0.22126184     0.024443857         1.00243       1.0025443       1.0086824      0.99941974       1.0045542     0.020495452   2.1241549e-09      0.95358339      0.87632816      0.26031866       0.8163169       14.179943       1024.4281       1467.7568      -24.619826       -25.783264          1.1634379       2815.9873                 20.774487                 397.03378                                596.04002                      10.579772                   14.179943                  1467.7568       169.69981        139.92274
              1        1382.303     0.022671037       69.915528       3.0562698      0.97970469       8.2771658      0.73469283      0.21970064     0.021874101       1.0022657      0.99891305       1.0061396        0.999689        1.004053     0.017218576   2.1248149e-09      0.95362071      0.87759289      0.26031045      0.81748213       14.146553       1024.9073       1467.7721      -24.946969       -26.185768           1.238799       2814.4999                  20.75822                 397.16072                                596.43609                      10.552267                   14.146553                  1467.7721       167.56787        140.10614
              1       1383.0667     0.022671037       69.915528       3.0562698      0.97970469       8.2771658      0.73469283      0.21970064     0.021874101       1.0006925      0.99862684       1.0056018      0.99960604       1.0019742     0.017218576   2.1248149e-09      0.95362071      0.87759289      0.26031045      0.81748213       14.146553       1026.1498       1467.7721      -25.397246       -26.636045           1.238799       2816.9278                 20.878369                 397.19045                                597.86858                      10.212407                   14.146553                  1467.7721       168.17314        140.68626
              1       1382.2735     0.022671037       69.915528       3.0562698      0.97970469       8.2771658      0.73469283      0.21970064     0.021874101       1.0006925       1.0025717       1.0062972       0.9998902        1.004359     0.017218576   2.1248149e-09      0.95362071      0.87759289      0.26031045      0.81748213       14.146553       1026.1498       1467.7721      -24.995241        -26.23404           1.238799       2814.5375                 20.878369                 397.19045                                597.86858                      10.212407                   14.146553                  1467.7721       166.34927         140.1198
              1       1382.3843     0.022671037       69.915528       3.0562698      0.97970469       8.2771658      0.73469283      0.21970064     0.021874101       1.0018775      0.99882407       1.0070794       1.0007239       1.0040822     0.017218576   2.1248149e-09      0.95362071      0.87759289      0.26031045      0.81748213       14.146553       1024.4252       1467.7721      -25.051609       -26.290408           1.238799       2814.8719                 20.787208                 397.15744                                596.02512                       10.45541                   14.146553                  1467.7721       168.13635        140.39171
              1       1384.0553     0.022674668       69.885424       3.0561029      0.97951302       8.2684842      0.73443555      0.22016896     0.022715304      0.99983116       1.0004522       1.0008099      0.99928673       1.0046378     0.017628502   2.1244604e-09      0.95357331      0.87744196      0.26054763      0.81771381       14.057532       1029.6355       1467.7861      -25.327013       -26.590138          1.2631248       2818.7646                 20.963583                 397.18702                                 601.3965                      10.088391                   14.057532                  1467.7861       167.23036        140.05519
              1       1383.9166     0.022670859       69.561995       3.0560681      0.97961447       8.3788093      0.73253111      0.23114054     0.023184158      0.99868297       1.0003411       1.0045555      0.99562414       1.0005518     0.030190451   2.1243864e-09      0.95314845      0.87699557      0.26213176      0.81977863       13.170665       1031.3847       1468.8669      -24.959242       -26.196866          1.2376236       2817.7516                 20.924731                 397.56382                                602.74878                      10.147403                   13.170665                  1468.8669       163.60521        140.72406
              1       1381.1955     0.022670859       69.561995       3.0560681      0.97961447       8.3788093      0.73253111      0.23114054     0.023184158       1.0002005       1.0002861       1.0047501      0.99559811       1.0015169     0.030190451   2.1243864e-09      0.95314845      0.87699557      0.26213176      0.81977863       13.170665       1026.4551       1468.8669      -25.072157       -26.309781          1.2376236       2812.5353                 20.806845                 397.55077                                597.69568                      10.401845                   13.170665                  1468.8669       163.65649        140.38609
              1        1382.691     0.022665583        69.60974        3.055313      0.97850271       8.3907194      0.73279787      0.23090921     0.018811104      0.99971542       1.0008188       1.0061185      0.99904236        1.007814     0.032814128   2.1227828e-09      0.95322359      0.87623826      0.26188163      0.81867985       13.175672       1024.2658       1469.0103      -24.972695       -26.175788          1.2030936       2815.3273                  20.92363                 397.63478                                595.29926                      10.408116                   13.175672                  1469.0103       166.57753          142.298
              1       1383.1207     0.022665583        69.60974        3.055313      0.97850271       8.3907194      0.73279787      0.23090921     0.018811104       1.0002712      0.99801106        1.009664      0.99932133       1.0045628     0.032814128   2.1227828e-09      0.95322359      0.87623826      0.26188163      0.81867985       13.175672       1024.6309       1469.0103       -25.18275       -26.385844          1.2030936       2816.6068                 20.879195                 397.59341                                595.61368                      10.544607                   13.175672                  1469.0103       169.48599        140.30399
              1       1382.5645     0.022665583        69.60974        3.055313      0.97850271       8.3907194      0.73279787      0.23090921     0.018811104       1.0003892        1.000809       1.0072167      0.99728525       1.0058557     0.032814128   2.1227828e-09      0.95322359      0.87623826      0.26188163      0.81867985       13.175672       1024.8516       1469.0103      -25.061145       -26.264239          1.2030936       2815.2513                 20.869908                 397.59341                                595.81246                      10.575819                   13.175672                  1469.0103       167.81104        140.40273
              1       1380.8558     0.022665583        69.60974        3.055313      0.97850271       8.3907194      0.73279787      0.23090921     0.018811104        0.999289      0.99864656       1.0018692      0.99907513       1.0020554     0.032814128   2.1227828e-09      0.95322359      0.87623826      0.26188163      0.81867985       13.175672       1024.6746       1469.0103      -25.413394       -26.616488          1.2030936       2812.5383                 20.958451                 397.64465                                595.75627                      10.315273                   13.175672                  1469.0103        165.8376         139.8401
              1       1379.9323     0.022665583        69.60974        3.055313      0.97850271       8.3907194      0.73279787      0.23090921     0.018811104      0.99942973      0.99992404       1.0038396      0.99885031       1.0022063     0.032814128   2.1227828e-09      0.95322359      0.87623826      0.26188163      0.81867985       13.175672       1024.4746       1469.0103      -25.511615       -26.714709          1.2030936       2810.8878                 20.946898                 397.64465                                595.53825                      10.344771                   13.175672                  1469.0103       164.50827        139.71898
              1       1382.4316     0.022665583        69.60974        3.055313      0.97850271       8.3907194      0.73279787      0.23090921     0.018811104       1.0011846      0.99981224       1.0023823       1.0006715       1.0008036     0.032814128   2.1227828e-09      0.95322359      0.87623826      0.26188163      0.81867985       13.175672        1027.551       1469.0103      -25.485271       -26.688364          1.2030936       2815.8337                 20.808504                 397.58112                                 598.3547                      10.806725                   13.175672                  1469.0103       164.80753        141.28914
              1       1385.9934     0.022631645       69.643129       3.0555517      0.97871888        8.489909      0.73326652      0.23177173     0.013600001       1.0012782       1.0000376       1.0049433       0.9998334       1.0004403     0.034373188   2.1232897e-09      0.95333841      0.87681434      0.26141115      0.81848188       13.180718       1033.4284       1469.3663      -25.683418       -26.686576          1.0031586       2823.3536                 20.729126                 397.93287                                603.66376                      11.102657                   13.180718                  1469.3663       166.58012        140.79805
              1        1382.515     0.022631645       69.643129       3.0555517      0.97871888        8.489909      0.73326652      0.23177173     0.013600001      0.99996168      0.99984474       1.0060081      0.99745857      0.99903937     0.034373188   2.1232897e-09      0.95333841      0.87681434      0.26141115      0.81848188       13.180718       1026.8231       1469.3663      -25.646346       -26.649504          1.0031586       2816.3227                 20.828091                  397.9353                                597.38291                      10.676788                   13.180718                  1469.3663       167.03677        139.91577
              1       1382.5101     0.022638884       69.623418       3.0553484      0.97910858       8.4689386      0.73322658      0.23270886     0.014541993       0.9991579       1.0001232       1.0058288      0.99972954       1.0001202     0.035924785   2.1228579e-09      0.95329705      0.87636987       0.2614292      0.81809523       13.163323       1026.5273       1469.3615      -25.717782       -26.760355          1.0425725       2816.4557                 20.856517                 397.86727                                597.33148                      10.471999                   13.163323                  1469.3615       166.74428        140.65929
              1       1382.8377     0.022638884       69.623418       3.0553484      0.97910858       8.4689386      0.73322658      0.23270886     0.014541993       0.9991579      0.99892851       1.0006537       1.0000762       1.0014173     0.035924785   2.1228579e-09      0.95329705      0.87636987       0.2614292      0.81809523       13.163323       1026.5273       1469.3615      -25.637647       -26.680219          1.0425725       2816.9507                 20.856517                 397.86727                                597.33148                      10.471999                   13.163323                  1469.3615       167.30469        140.59389
              1       1382.9183     0.022638884       69.623418       3.0553484      0.97910858       8.4689386      0.73322658      0.23270886     0.014541993      0.99919384       0.9989272       1.0006583      0.99923503        1.004598     0.035924785   2.1228579e-09      0.95329705      0.87636987       0.2614292      0.81809523       13.163323       1026.5142       1469.3615      -25.446862       -26.489434          1.0425725       2816.7302                 20.853726                 397.86727                                597.31237                      10.480825                   13.163323                  1469.3615       167.30022        140.39099
              1       1381.9398     0.022638884       69.623418       3.0553484      0.97910858       8.4689386      0.73322658      0.23270886     0.014541993      0.99919384      0.99976731       1.0010323      0.99752837       1.0006106     0.035924785   2.1228579e-09      0.95329705      0.87636987       0.2614292      0.81809523       13.163323       1026.5142       1469.3615      -25.567268       -26.609841          1.0425725       2815.0142                 20.853726                 397.86727                                597.31237                      10.480825                   13.163323                  1469.3615       166.66461        139.31058
              1       1381.8802     0.022638884       69.623418       3.0553484      0.97910858       8.4689386      0.73322658      0.23270886     0.014541993      0.99919384      0.99876358       1.0022662      0.99933251       1.0014137     0.035924785   2.1228579e-09      0.95329705      0.87636987       0.2614292      0.81809523       13.163323       1026.5142       1469.3615      -25.610429       -26.653001          1.0425725       2814.9813                 20.853726                 397.86727                                597.31237                      10.480825                   13.163323                  1469.3615        165.9424        139.99988
              1       1383.1905     0.022651448        69.60212       3.0552679      0.98003081       8.4899112      0.73305634      0.23463332     0.015981342      0.99885713      0.99760391       1.0024291      0.99949306       1.0012919     0.034327168   2.1226872e-09      0.95324253       0.8777549      0.26154737      0.81957331       13.125887       1028.3169       1469.2199      -25.259117       -26.374266          1.1151488       2816.8993                 20.763072                 397.92703                                599.07582                      10.550983                   13.125887                  1469.2199       165.59187        140.64468
              1       1383.1937     0.022651448        69.60212       3.0552679      0.98003081       8.4899112      0.73305634      0.23463332     0.015981342      0.99868199      0.99761026       1.0024066      0.99588273       1.0020278     0.034327168   2.1226872e-09      0.95324253       0.8777549      0.26154737      0.81957331       13.125887       1028.3922       1469.2199      -24.789159       -25.904307          1.1151488       2815.9657                 20.776016                 397.92703                                 599.1788                       10.51031                   13.125887                  1469.2199       165.59787        139.62988
              1       1384.1724     0.022631454       69.768653       3.0555243      0.98079502       8.4828137      0.73434568      0.23053449     0.013212517      0.99922636          1.0017        1.003095      0.99759952      0.99946829     0.033004996   2.1232314e-09      0.95350655      0.87743793       0.2604027       0.8174826       13.505178       1029.4049       1468.9435      -25.463709       -26.465855          1.0021458       2819.2723                 20.698464                 397.85931                                 600.2376                      10.609565                   13.505178                  1468.9435       166.84402        140.57465
              1       1383.5188     0.022631454       69.768653       3.0555243      0.98079502       8.4828137      0.73434568      0.23053449     0.013212517      0.99922636       1.0006894       1.0020175      0.99953078        1.000228     0.033004996   2.1232314e-09      0.95350655      0.87743793       0.2604027       0.8174826       13.505178       1029.4049       1468.9435      -25.737498       -26.739644          1.0021458       2818.5126                 20.698464                 397.85931                                 600.2376                      10.609565                   13.505178                  1468.9435        165.7057        140.95326
              1       1383.9281     0.022631913       69.763611       3.0554132      0.98055575       8.4855038      0.73435997      0.23099667       0.0132496      0.99980745       1.0009066       1.0030033      0.99478024       1.0008108      0.03339439   2.1229957e-09      0.95349889      0.87726633      0.26037868      0.81728503       13.496497        1029.115       1468.9569      -25.084705       -26.089295            1.00459       2818.0257                 20.673381                 397.86658                                599.78138                      10.793706                   13.496497                  1468.9569        165.9817        140.47557
              2       1385.3395     0.022631913       69.763611       3.0554132      0.98055575       8.4855038      0.73435997      0.23099667       0.0132496      0.99951579       0.9963732       1.0062296      0.99917985       1.0016191      0.03339439   2.1229957e-09      0.95349889      0.87726633      0.26037868      0.81728503       13.496497       1028.8133       1468.9569      -25.024289       -26.028879            1.00459       2820.7276                  20.69395                 397.86155                                599.54864                      10.709181                   13.496497                  1468.9569       169.14651        140.31442
              1       1386.7124     0.022631913       69.763611       3.0554132      0.98055575       8.4855038      0.73435997      0.23099667       0.0132496      0.99975785      0.99636441       1.0062607      0.99493895      0.99834968      0.03339439   2.1229957e-09      0.95349889      0.87726633      0.26037868      0.81728503       13.496497         1029.05       1468.9569       -24.41526        -25.41985            1.00459       2822.2553                 20.676859                 397.87231                                599.72183                      10.778994                   13.496497                  1468.9569       169.17641         141.5755
              1       1384.9019     0.022631171       69.961235       3.0563175      0.98030511       8.5043969      0.73537728      0.22308379    0.0081697036        1.000129      0.99657311       1.0061582       0.9989709       1.0006652     0.024844608   2.1249163e-09      0.95376274      0.87832121       0.2595768      0.81700681       13.855478       1027.9044       1468.8792       -25.13503       -26.135672          1.0006425       2820.0738                 20.715922                 397.93737                                598.66388                      10.587245                   13.855478                  1468.8792       169.34879        140.08594
              1       1384.1231      0.02261956       69.795872       3.0565994      0.97742325       8.4321882      0.73264621      0.21940943     0.014552648        1.000236       1.0013874       1.0066473      0.99708292       1.0030354     0.018251818   2.1255153e-09      0.95356722      0.88022397      0.26228185      0.82303192       13.431487       1024.3658       1468.5837      -25.468994       -26.410281         0.94128714       2819.1843                 21.040457                 397.72141                                595.21523                      10.388686                   13.431487                  1468.5837       171.94936        140.85391
              1        1386.107      0.02261956       69.795872       3.0565994      0.97742325       8.4321882      0.73264621      0.21940943     0.014552648        1.000236      0.99751802       1.0090388      0.99285247       1.0038982     0.018251818   2.1255153e-09      0.95356722      0.88022397      0.26228185      0.82303192       13.431487       1024.3658       1468.5837      -24.121109       -25.062396         0.94128714       2820.4562                 21.040457                 397.72141                                595.21523                      10.388686                   13.431487                  1468.5837       170.91382        143.16141
              1       1382.2614      0.02261956       69.795872       3.0565994      0.97742325       8.4321882      0.73264621      0.21940943     0.014552648        1.000236      0.99952854       1.0061689      0.99616638       1.0024747     0.018251818   2.1255153e-09      0.95356722      0.88022397      0.26228185      0.82303192       13.431487       1024.3658       1468.5837      -25.439353        -26.38064         0.94128714       2815.4016                 21.040457                 397.72141                                595.21523                      10.388686                   13.431487                  1468.5837       168.19279        140.82776
              1       1382.2055      0.02261956       69.795872       3.0565994      0.97742325       8.4321882      0.73264621      0.21940943     0.014552648        1.000236      0.99892153       1.0057281      0.99716441       1.0044265     0.018251818   2.1255153e-09      0.95356722      0.88022397      0.26228185      0.82303192       13.431487       1024.3658       1468.5837      -25.424743        -26.36603         0.94128714       2815.2604                 21.040457                 397.72141                                595.21523                      10.388686                   13.431487                  1468.5837       167.63182        141.24757
              1       1383.9072      0.02261956       69.795872       3.0565994      0.97742325       8.4321882      0.73264621      0.21940943     0.014552648       1.0001924      0.99851084       1.0017558      0.99374465       1.0031539     0.018251818   2.1255153e-09      0.95356722      0.88022397      0.26228185      0.82303192       13.431487       1024.2798       1468.5837      -24.687862       -25.629149         0.94128714       2817.1902                 21.044224                 397.72141                                595.13296                      10.381166                   13.431487                  1468.5837       168.79865        142.09657
              1       1385.6111     0.022628965       69.739037       3.0553372      0.97753589       8.2875732      0.73281191       0.2221145     0.019859319        1.001188      0.99744039       1.0011815      0.99570132       1.0002465      0.02440899   2.1228343e-09      0.95347217       0.8771466      0.26206465      0.81981485       13.519137       1023.3452         1468.42      -24.895116       -25.884129         0.98901298       2821.0125                 20.999127                 397.24356                                594.60854                      10.494026                   13.519137                    1468.42         174.022        141.70607
              1       1384.8582     0.022628965       69.739037       3.0553372      0.97753589       8.2875732      0.73281191       0.2221145     0.019859319        1.001188       1.0031271        1.002564      0.99496334       1.0015564      0.02440899   2.1228343e-09      0.95347217       0.8771466      0.26206465      0.81981485       13.519137       1023.3452         1468.42      -24.522633       -25.511646         0.98901298       2818.7616                 20.999127                 397.24356                                594.60854                      10.494026                   13.519137                    1468.42       171.84785        141.62935
              1       1381.6246     0.022628965       69.739037       3.0553372      0.97753589       8.2875732      0.73281191       0.2221145     0.019859319        1.001492       1.0001636       1.0046608      0.99882348       1.0039014      0.02440899   2.1228343e-09      0.95347217       0.8771466      0.26206465      0.81981485       13.519137       1024.0286         1468.42      -25.472964       -26.461977         0.98901298        2814.195                 20.973625                 397.25551                                595.23151                      10.567962                   13.519137                    1468.42       167.57271        140.65456
              1       1380.6092     0.022645853       69.769676       3.0563702      0.97638553       8.2912202      0.73284266      0.21858264     0.019360008       1.0004719       1.0002559        1.005036      0.99516825       1.0041383      0.02669325   2.1250282e-09      0.95347833      0.87523713        0.262119        0.818115       13.564271       1020.9121       1468.4478      -24.975231       -26.057409          1.0821777       2811.1689                 21.256847                 397.33465                                592.21683                      10.103727                   13.564271                  1468.4478       167.39682        140.84787
              1       1380.6165     0.022645853       69.769676       3.0563702      0.97638553       8.2912202      0.73284266      0.21858264     0.019360008       1.0011602      0.99823702       1.0034492      0.99774895       1.0040633      0.02669325   2.1250282e-09      0.95347833      0.87523713        0.262119        0.818115       13.564271       1020.0534       1468.4478       -25.17548       -26.257658          1.0821777        2811.584                 21.193108                 397.29914                                591.32811                       10.23304                   13.564271                  1468.4478       169.63988         139.8786
              1       1382.0266     0.022645853       69.769676       3.0563702      0.97638553       8.2912202      0.73284266      0.21858264     0.019360008       1.0011602      0.99842383       1.0006886      0.99752929       1.0042176      0.02669325   2.1250282e-09      0.95347833      0.87523713        0.262119        0.818115       13.564271       1020.0534       1468.4478      -25.172324       -26.254501          1.0821777       2814.3979                 21.193108                 397.29914                                591.32811                       10.23304                   13.564271                  1468.4478       172.42059         139.9118
              1       1381.0393     0.022642246       69.747775        3.056719       0.9764631       8.2932091      0.73279393      0.21859102     0.020415082       1.0013857       1.0013757       1.0041698       1.0021572       1.0005324     0.027134394   2.1257697e-09      0.95345653       0.8748878      0.26216622      0.81786213       13.556153       1020.1472       1468.4913      -25.381541       -26.443018          1.0614768       2812.8417                 21.180397                 397.29914                                591.45455                      10.213091                   13.556153                  1468.4913        167.7791        142.86803
              1       1380.6766     0.022642246       69.747775        3.056719       0.9764631       8.2932091      0.73279393      0.21859102     0.020415082       1.0003033        1.001608       1.0047225      0.99870474       1.0020177     0.027134394   2.1257697e-09      0.95345653       0.8748878      0.26216622      0.81786213       13.556153       1022.3559       1468.4913      -25.527265       -26.588741          1.0614768       2812.4076                 21.280643                  397.3319                                593.72223                      10.021079                   13.556153                  1468.4913       168.12798        139.87639
              1       1380.0374     0.022642246       69.747775        3.056719       0.9764631       8.2932091      0.73279393      0.21859102     0.020415082       1.0011506       1.0015773       1.0048312      0.99735804       1.0009427     0.027134394   2.1257697e-09      0.95345653       0.8748878      0.26216622      0.81786213       13.556153       1020.2871       1468.4913       -25.33276       -26.394237          1.0614768       2810.7403                 21.201859                 397.30477                                591.61477                      10.165726                   13.556153                  1468.4913       168.12489        140.28084
              1        1383.205     0.022642246       69.747775        3.056719       0.9764631       8.2932091      0.73279393      0.21859102     0.020415082        1.003165       1.0007899        1.001994      0.99656749       1.0018568     0.027134394   2.1257697e-09      0.95345653       0.8748878      0.26216622      0.81786213       13.556153       1025.1516       1468.4913       -24.59755       -25.659027          1.0614768        2815.605                  21.02335                 397.28501                                596.17107                      10.672161                   13.556153                  1468.4913       168.30037        140.10562
              1       1387.2052     0.022642246       69.747775        3.056719       0.9764631       8.2932091      0.73279393      0.21859102     0.020415082       1.0032595        1.000477      0.99949534      0.99390686       0.9997369     0.027134394   2.1257697e-09      0.95345653       0.8748878      0.26216622      0.81786213       13.556153       1025.7229       1468.4913      -23.974396       -25.035873          1.0614768       2822.3593                  21.01529                 397.29344                                596.71264                      10.701488                   13.556153                  1468.4913       171.55197          143.037
              1       1387.6366     0.022642246       69.747775        3.056719       0.9764631       8.2932091      0.73279393      0.21859102     0.020415082        1.003357      0.99920825       1.0081999      0.99572194      0.99590535     0.027134394   2.1257697e-09      0.95345653       0.8748878      0.26216622      0.81786213       13.556153       1026.3292       1468.4913      -24.209497       -25.270973          1.0614768       2823.6922                 21.006999                 397.28762                                597.30227                      10.732281                   13.556153                  1468.4913        169.6161        145.69946
              1       1389.4437     0.022639387       69.703515       3.0566915      0.97284988       8.3428967      0.73237998      0.21826565     0.016977618       1.0025606      0.99425079       1.0058493      0.99927088       1.0046933     0.028885502   2.1257112e-09      0.95340328      0.87332895      0.26257291      0.81703788       13.316415       1023.3283       1469.0098      -23.192121       -24.237497          1.0453759       2825.2716                 21.498951                 397.56289                                593.86485                       10.40165                   13.316415                  1469.0098        179.4476        140.16951
              1       1381.4618     0.022630705       69.925313       3.0566521      0.97320279       8.4233381      0.73421856      0.21535446    0.0099047707       1.0000777      0.99738436       1.0085083      0.99800184      0.99957424      0.02681365   2.1256274e-09      0.95371618      0.87358191      0.26086887      0.81461825       13.750437        1018.033       1468.9361        -25.3404       -26.338569         0.99816896       2813.6045                 21.678502                 397.90387                                588.47581                      9.9747733                   13.750437                  1468.9361       173.14357        139.74139
              1       1380.8003     0.022630705       69.925313       3.0566521      0.97320279       8.4233381      0.73421856      0.21535446    0.0099047707       1.0000777       0.9983643       1.0049738      0.99865572      0.99842049      0.02681365   2.1256274e-09      0.95371618      0.87358191      0.26086887      0.81461825       13.750437        1018.033       1468.9361      -25.604168       -26.602337         0.99816896       2812.8089                 21.678502                 397.90387                                588.47581                      9.9747733                   13.750437                  1468.9361       171.22983        140.85956
              1        1381.135     0.022630705       69.925313       3.0566521      0.97320279       8.4233381      0.73421856      0.21535446    0.0099047707       1.0000777       0.9983643       1.0049738      0.99326962       1.0002159      0.02681365   2.1256274e-09      0.95371618      0.87358191      0.26086887      0.81461825       13.750437        1018.033       1468.9361       -24.54869       -25.546859         0.99816896       2811.3674                 21.678502                 397.90387                                588.47581                      9.9747733                   13.750437                  1468.9361       171.22983        139.41806
              1       1381.2602     0.022630705       69.925313       3.0566521      0.97320279       8.4233381      0.73421856      0.21535446    0.0099047707       1.0000777      0.99879435       1.0025928      0.99973105      0.99966701      0.02681365   2.1256274e-09      0.95371618      0.87358191      0.26086887      0.81461825       13.750437        1018.033       1468.9361      -25.737629       -26.735798         0.99816896       2813.9957                 21.678502                 397.90387                                588.47581                      9.9747733                   13.750437                  1468.9361       172.06726        141.20895
              1       1381.0191     0.022630705       69.925313       3.0566521      0.97320279       8.4233381      0.73421856      0.21535446    0.0099047707       1.0000777      0.99837088       1.0044173      0.99681091      0.99709936      0.02681365   2.1256274e-09      0.95371618      0.87358191      0.26086887      0.81461825       13.750437        1018.033       1468.9361      -25.341948       -26.340117         0.99816896       2812.7221                 21.678502                 397.90387                                588.47581                      9.9747733                   13.750437                  1468.9361       171.24385        140.75879
              1       1380.9497     0.022647936       69.925959       3.0565415      0.97297433        8.413912      0.73439119      0.21596126     0.011626915       1.0000251      0.99831829       1.0042539       1.0003846        1.002428     0.026266755   2.1253923e-09      0.95368179      0.87313874      0.26068958      0.81392514       13.799039       1017.8641       1468.7928      -25.508942       -26.603272          1.0943307       2812.9173                 21.722129                 397.87326                                588.32804                      9.9407017                   13.799039                  1468.7928       171.08804        141.37331
              1       1380.4826     0.022647936       69.925959       3.0565415      0.97297433        8.413912      0.73439119      0.21596126     0.011626915       1.0001667      0.99831316       1.0042721      0.99631076       1.0049315     0.026266755   2.1253923e-09      0.95368179      0.87313874      0.26068958      0.81392514       13.799039       1017.8609       1468.7928      -24.997616       -26.091947          1.0943307       2810.9604                 21.706622                  397.8731                                588.30937                      9.9717903                   13.799039                  1468.7928       171.08423        139.42345
              1       1382.3671     0.022647936       69.925959       3.0565415      0.97297433        8.413912      0.73439119      0.21596126     0.011626915      0.99995135      0.99892257      0.99927144      0.99517354       1.0009911     0.026266755   2.1253923e-09      0.95368179      0.87313874      0.26068958      0.81392514       13.799039       1017.8927       1468.7928      -25.073831       -26.168161          1.0943307       2814.8818                  21.73024                 397.87326                                588.36424                      9.9249498                   13.799039                  1468.7928       175.93706        138.46024
              1       1384.8732     0.022647936       69.925959       3.0565415      0.97297433        8.413912      0.73439119      0.21596126     0.011626915       1.0005023       1.0006075       1.0061123      0.99104166       1.0020971     0.026266755   2.1253923e-09      0.95368179      0.87313874      0.26068958      0.81392514       13.799039       1018.1282       1468.7928       -23.65289       -24.747221          1.0943307       2817.0521                 21.670192                 397.87655                                588.53149                      10.049998                   13.799039                  1468.7928       175.07494        141.25714
              1       1382.5052     0.022647936       69.925959       3.0565415      0.97297433        8.413912      0.73439119      0.21596126     0.011626915       1.0005023      0.99792724       1.0055366       0.9915919       1.0018098     0.026266755   2.1253923e-09      0.95368179      0.87313874      0.26068958      0.81392514       13.799039       1018.1282       1468.7928      -23.682327       -24.776658          1.0943307        2812.375                 21.670192                 397.87655                                588.53149                      10.049998                   13.799039                  1468.7928       171.07535        140.57965
              1       1383.5138     0.022665306       69.956327       3.0557326       0.9723064       8.4420597      0.73424969      0.21575767    0.0078462206      0.99961947      0.99661181       1.0061326       1.0020513       1.0028345     0.023608671   2.1236738e-09       0.9536865      0.87430932      0.26082878       0.8152339       13.654887       1017.5366       1468.9168      -24.788853        -25.99016          1.2013072       2816.6053                 21.789901                  397.9855                                587.75971                      10.001465                   13.654887                  1468.9168       170.42285        146.07416
              1       1380.6453     0.022665306       69.956327       3.0557326       0.9723064       8.4420597      0.73424969      0.21575767    0.0078462206      0.99850613       0.9966522       1.0059898      0.99576331       1.0032239     0.023608671   2.1236738e-09       0.9536865      0.87430932      0.26082878       0.8152339       13.654887       1017.5017       1468.9168      -24.273888       -25.475196          1.2013072       2809.8385                    21.916                 398.02558                                587.77214                      9.7880262                   13.654887                  1468.9168       170.36624        139.39876
              1       1382.6649     0.022665306       69.956327       3.0557326       0.9723064       8.4420597      0.73424969      0.21575767    0.0078462206      0.99850613        0.998198       1.0011191       1.0006116       1.0012619     0.023608671   2.1236738e-09       0.9536865      0.87430932      0.26082878       0.8152339       13.654887       1017.5017       1468.9168      -25.235301       -26.436609          1.2013072       2815.8003                    21.916                 398.02558                                587.77214                      9.7880262                   13.654887                  1468.9168       172.40688        143.31998
              1       1383.9989     0.022665306       69.956327       3.0557326       0.9723064       8.4420597      0.73424969      0.21575767    0.0078462206       0.9983616       1.0002936       1.0053681      0.99998023       1.0001775     0.023608671   2.1236738e-09       0.9536865      0.87430932      0.26082878       0.8152339       13.654887       1017.8005       1468.9168      -25.398729       -26.600037          1.2013072       2818.7952                 21.932643                 398.02458                                588.07775                       9.765483                   13.654887                  1468.9168       175.98291        142.44011
              1       1387.0315     0.022699156       69.850639       3.0567683       0.9722013       8.5019716      0.73275113      0.21590701    0.0065954783      0.99826052      0.99499361       1.0140471        0.993998       1.0007676     0.020541017   2.1258744e-09      0.95347687      0.87671549       0.2622666      0.81972757       13.192873       1017.0696       1469.2058      -22.847834        -24.28635           1.438516       2819.7587                 21.922894                 398.29725                                587.09121                      9.7582323                   13.192873                  1469.2058       181.51808        138.77235
              1       1378.4009     0.022709762       69.823318       3.0545728       0.9747553       8.2251496      0.73363219      0.22071937     0.014720367       1.0002756      0.99862822       1.0041367       0.9976983      0.99964358     0.028165193   2.1212122e-09       0.9534187      0.87333138      0.26131401      0.81507915       13.467668       1018.2316       1468.6794      -25.056065       -26.576664           1.520599        2806.914                 21.460507                 397.15219                                589.62038                      9.9984942                   13.467668                  1468.6794        166.8773        139.65807
              1       1379.5695     0.022772476       69.615596       3.0539553      0.97484176       8.1284868      0.73199057      0.22574937     0.025387382       1.0015586       1.0009715       1.0036933        0.993682       1.0032708     0.032283446   2.1199028e-09       0.9530109      0.87226112      0.26278052      0.81636142        13.16095       1018.1971       1468.3832       -23.40118       -25.481891          2.0807103       2805.9413                 21.329126                 396.84492                                 589.7182                      10.304805                    13.16095                  1468.3832       164.59247        141.60765
              1       1379.4993     0.022772476       69.615596       3.0539553      0.97484176       8.1284868      0.73199057      0.22574937     0.025387382        1.001415       1.0008532       1.0064896      0.99435564       1.0025682     0.032283446   2.1199028e-09       0.9530109      0.87226112      0.26278052      0.81636142        13.16095       1017.8865       1468.3832      -23.685998       -25.766708          2.0807103       2806.3706                 21.342889                 396.85081                                589.42558                      10.267245                    13.16095                  1468.3832       166.02574        140.91417
              1       1378.8494     0.022772476       69.615596       3.0539553      0.97484176       8.1284868      0.73199057      0.22574937     0.025387382        1.001415      0.99959236       1.0074919      0.99603387      0.99979987     0.032283446   2.1199028e-09       0.9530109      0.87226112      0.26278052      0.81636142        13.16095       1017.8865       1468.3832       -24.17924        -26.25995          2.0807103       2806.0572                 21.342889                 396.85081                                589.42558                      10.267245                    13.16095                  1468.3832       165.99316        140.63333
              1       1379.5118     0.022772476       69.615596       3.0539553      0.97484176       8.1284868      0.73199057      0.22574937     0.025387382       1.0016717      0.99868503       1.0011604      0.99642906      0.99977096     0.032283446   2.1199028e-09       0.9530109      0.87226112      0.26278052      0.81636142        13.16095       1018.4974       1468.3832      -24.102778       -26.183488          2.0807103       2807.2292                 21.318328                 396.84724                                589.99663                      10.335202                    13.16095                  1468.3832       166.65736        140.53026
              1       1379.2433     0.022760817       69.565781       3.0544063      0.97419869       8.1318893      0.73116924      0.22390242      0.02476923       1.0017571      0.99874461       1.0010671       1.0006014       1.0039133     0.029405751   2.1208591e-09      0.95296767      0.87325419      0.26361038      0.81858033       13.016344       1018.2164       1468.6327      -24.364516       -26.331489          1.9669725       2807.2156                 21.404549                 396.90606                                589.70981                      10.195938                   13.016344                  1468.6327       166.62288         140.7274
              1       1377.8026     0.022760817       69.565781       3.0544063      0.97419869       8.1318893      0.73116924      0.22390242      0.02476923       1.0017571       1.0005203       1.0055652      0.99877208       1.0035974     0.029405751   2.1208591e-09      0.95296767      0.87325419      0.26361038      0.81858033       13.016344       1018.2164       1468.6327      -24.431049       -26.398021          1.9669725       2804.4672                 21.404549                 396.90606                                589.70981                      10.195938                   13.016344                  1468.6327       164.94278         139.6591
              1       1378.3825     0.022760817       69.565781       3.0544063      0.97419869       8.1318893      0.73116924      0.22390242      0.02476923       1.0017571        1.000498        1.005572      0.99762292       1.0058012     0.029405751   2.1208591e-09      0.95296767      0.87325419      0.26361038      0.81858033       13.016344       1018.2164       1468.6327      -24.133619       -26.100591          1.9669725       2805.0322                 21.404549                 396.90606                                589.70981                      10.195938                   13.016344                  1468.6327       164.92577        140.24112
              1       1379.8007     0.022760817       69.565781       3.0544063      0.97419869       8.1318893      0.73116924      0.22390242      0.02476923       1.0017571       1.0024882       1.0048194      0.99722886       1.0006869     0.029405751   2.1208591e-09      0.95296767      0.87325419      0.26361038      0.81858033       13.016344       1018.2164       1468.6327      -24.067048        -26.03402          1.9669725       2807.7355                 21.404549                 396.90606                                589.70981                      10.195938                   13.016344                  1468.6327       168.08029         139.7899
              1         1384.25     0.022760817       69.565781       3.0544063      0.97419869       8.1318893      0.73116924      0.22390242      0.02476923       1.0010947       1.0023324      0.99806137       1.0037448      0.99759475     0.029405751   2.1208591e-09      0.95296767      0.87325419      0.26361038      0.81858033       13.016344       1016.9839       1468.6327      -24.052294       -26.019267          1.9669725       2816.6046                 21.470559                 396.89819                                588.55979                      10.055409                   13.016344                  1468.6327       170.50464        147.46704
              1       1379.0953     0.022760817       69.565781       3.0544063      0.97419869       8.1318893      0.73116924      0.22390242      0.02476923       1.0016358       1.0001705       1.0004648      0.99484877        1.000785     0.029405751   2.1208591e-09      0.95296767      0.87325419      0.26361038      0.81858033       13.016344       1017.8816       1468.6327      -23.973285       -25.940257          1.9669725       2806.1372                 21.416508                 396.90606                                589.39066                      10.168354                   13.016344                  1468.6327       166.01053        140.59612
              1        1380.585     0.022760817       69.565781       3.0544063      0.97419869       8.1318893      0.73116924      0.22390242      0.02476923       1.0017916      0.99726324       1.0081548      0.99946086       1.0056793     0.029405751   2.1208591e-09      0.95296767      0.87325419      0.26361038      0.81858033       13.016344       1018.3206       1468.6327      -23.867671       -25.834644          1.9669725       2808.9053                 21.401158                 396.90606                                589.80948                      10.203936                   13.016344                  1468.6327       168.33772        140.59795
              1       1380.9084     0.022760817       69.565781       3.0544063      0.97419869       8.1318893      0.73116924      0.22390242      0.02476923       1.0017916      0.99867751      0.99968324      0.99876022       1.0069317     0.029405751   2.1208591e-09      0.95296767      0.87325419      0.26361038      0.81858033       13.016344       1018.3206       1468.6327      -24.006274       -25.973247          1.9669725       2809.8294                 21.401158                 396.90606                                589.80948                      10.203936                   13.016344                  1468.6327       168.74303        141.11676
              1         1379.28     0.022760817       69.565781       3.0544063      0.97419869       8.1318893      0.73116924      0.22390242      0.02476923       1.0016869      0.99857885       1.0057371        1.001881       1.0000107     0.029405751   2.1208591e-09      0.95296767      0.87325419      0.26361038      0.81858033       13.016344       1018.0166       1468.6327      -24.425302       -26.392275          1.9669725       2807.4107                 21.411462                 396.90606                                589.51919                      10.179873                   13.016344                  1468.6327       164.94952        142.79555
              1       1379.1318     0.022760817       69.565781       3.0544063      0.97419869       8.1318893      0.73116924      0.22390242      0.02476923       1.0016869        1.001297       1.0066663        0.999243       1.0000392     0.029405751   2.1208591e-09      0.95296767      0.87325419      0.26361038      0.81858033       13.016344       1018.0166       1468.6327      -24.517578        -26.48455          1.9669725       2807.2987                 21.411462                 396.90606                                589.51919                      10.179873                   13.016344                  1468.6327        167.0751        140.55804
              1       1377.7538     0.022760817       69.565781       3.0544063      0.97419869       8.1318893      0.73116924      0.22390242      0.02476923       1.0008783      0.99942577       1.0070795      0.99882035      0.99921562     0.029405751   2.1208591e-09      0.95296767      0.87325419      0.26361038      0.81858033       13.016344       1016.8971       1468.6327      -24.732547       -26.699519          1.9669725       2804.9727                 21.492458                 396.89042                                588.49931                      10.014872                   13.016344                  1468.6327       165.55824        140.86842
              1       1380.5177     0.022760817       69.565781       3.0544063      0.97419869       8.1318893      0.73116924      0.22390242      0.02476923      0.99885763        1.000325       1.0049205      0.99700324       1.0000695     0.029405751   2.1208591e-09      0.95296767      0.87325419      0.26361038      0.81858033       13.016344       1023.9188       1468.6327      -24.519862       -26.486834          1.9669725       2810.0751                  21.70303                 396.95879                                595.49188                      9.7651227                   13.016344                  1468.6327       164.43398        140.07333
              1       1383.2038     0.022760817       69.565781       3.0544063      0.97419869       8.1318893      0.73116924      0.22390242      0.02476923       1.0018972      0.99785276       1.0068579      0.99848104       1.0112347     0.029405751   2.1208591e-09      0.95296767      0.87325419      0.26361038      0.81858033       13.016344       1018.6427       1468.6327      -23.057523       -25.024495          1.9669725       2812.5226                  21.39081                 396.88422                                590.13885                      10.228826                   13.016344                  1468.6327       166.35913         145.8718
              1       1377.1229     0.022760817       69.565781       3.0544063      0.97419869       8.1318893      0.73116924      0.22390242      0.02476923       1.0005922      0.99951108       1.0019968      0.99919858       1.0042116     0.029405751   2.1208591e-09      0.95296767      0.87325419      0.26361038      0.81858033       13.016344       1017.0417       1468.6327      -24.627837       -26.594809          1.9669725       2803.5015                 21.521607                  396.8963                                588.65843                      9.9653584                   13.016344                  1468.6327       164.87651        139.93431
              1       1379.9759     0.022835592       69.655412       3.0549093      0.97319245        8.111704      0.73060656      0.21719847     0.022596626       1.0019048       1.0001748        1.002032      0.99781257       1.0077434     0.018614195   2.1219261e-09      0.95293451      0.87540891      0.26430439      0.82167963       12.949102       1019.8621       1468.3108      -23.070531       -25.841998          2.7714664       2806.0928                 21.569281                 396.87412                                591.42786                      9.9908358                   12.949102                  1468.3108       162.30589        142.66495
              1       1378.2818     0.022835592       69.655412       3.0549093      0.97319245        8.111704      0.73060656      0.21719847     0.022596626       1.0019048      0.99913067       1.0052921       0.9991078       1.0020925     0.018614195   2.1219261e-09      0.95293451      0.87540891      0.26430439      0.82167963       12.949102       1019.8621       1468.3108      -23.654988       -26.426454          2.7714664       2803.8736                 21.569281                 396.87412                                591.42786                      9.9908358                   12.949102                  1468.3108       162.33966        140.41196
              1       1379.9099     0.022835592       69.655412       3.0549093      0.97319245        8.111704      0.73060656      0.21719847     0.022596626       1.0019048        1.001897      0.99997857      0.99923986        1.002445     0.018614195   2.1219261e-09      0.95293451      0.87540891      0.26430439      0.82167963       12.949102       1019.8621       1468.3108       -23.48733       -26.258796          2.7714664       2806.7945                 21.569281                 396.87412                                591.42786                      9.9908358                   12.949102                  1468.3108       165.21008        140.46237
              1       1377.9672     0.022835592       69.655412       3.0549093      0.97319245        8.111704      0.73060656      0.21719847     0.022596626       1.0004517       1.0015042       1.0020588      0.99723219       1.0056175     0.018614195   2.1219261e-09      0.95293451      0.87540891      0.26430439      0.82167963       12.949102       1016.9833       1468.3108      -23.417857       -26.189323          2.7714664       2802.7701                 21.723046                 396.93163                                 588.5173                      9.8113634                   12.949102                  1468.3108       163.52654        141.00027
              1       1377.3731     0.022835592       69.655412       3.0549093      0.97319245        8.111704      0.73060656      0.21719847     0.022596626       1.0004517      0.99896441       1.0041951      0.99639081      0.99816513     0.018614195   2.1219261e-09      0.95293451      0.87540891      0.26430439      0.82167963       12.949102       1016.9833       1468.3108      -23.617586       -26.389053          2.7714664       2801.9815                 21.723046                 396.93163                                 588.5173                      9.8113634                   12.949102                  1468.3108       162.08069        141.65753
              1       1379.5335     0.022835592       69.655412       3.0549093      0.97319245        8.111704      0.73060656      0.21719847     0.022596626      0.99913399      0.99899114        1.003971      0.99617538       1.0062264     0.018614195   2.1219261e-09      0.95293451      0.87540891      0.26430439      0.82167963       12.949102       1020.5115       1468.3108      -23.202323        -25.97379          2.7714664       2805.4716                 21.868588                  396.9339                                591.95633                      9.7526893                   12.949102                  1468.3108       162.05473        141.64543
              1       1378.1094     0.022798825        70.11544       3.0540071      0.97335622       8.1147554      0.73438301      0.20829765     0.011232396       1.0003449       0.9981761       1.0037293      0.99711798       1.0051758     0.018491067   2.1200126e-09      0.95362487      0.87285815      0.26087234      0.81394875       13.932147       1015.8689       1467.9648      -23.812376       -26.166117          2.3537414       2803.8436                 21.765117                 396.91123                                587.42314                      9.7693862                   13.932147                  1467.9648         165.802        140.27571
              1       1377.8838     0.022773444       70.029454       3.0552783      0.97300464       8.1973283      0.73264339      0.20484549     0.008477335      0.99994683      0.99811552       1.0035092      0.99501755      0.99766879     0.010757706   2.1227092e-09      0.95356267      0.87654766      0.26262278      0.82012698       13.446066        1015.487       1468.3348      -23.864915       -25.955259          2.0903437       2803.4975                 21.827139                 397.15512                                586.75354                      9.7512495                   13.446066                  1468.3348        164.3893        141.84027
              1       1380.4963     0.022773444       70.029454       3.0552783      0.97300464       8.1973283      0.73264339      0.20484549     0.008477335      0.99837098      0.99978554       1.0069231      0.99767108       1.0031468     0.010757706   2.1227092e-09      0.95356267      0.87654766      0.26262278      0.82012698       13.446066       1021.6353       1468.3348      -24.286488       -26.376832          2.0903437       2809.5655                 22.007566                   397.161                                592.74935                      9.7173555                   13.446066                  1468.3348       166.06969         140.0797
              1       1378.7549     0.022773444       70.029454       3.0552783      0.97300464       8.1973283      0.73264339      0.20484549     0.008477335      0.99922164      0.99934905       1.0078287      0.99788979      0.99910766     0.010757706   2.1227092e-09      0.95356267      0.87654766      0.26262278      0.82012698       13.446066       1017.2832       1468.3348      -24.539554       -26.629898          2.0903437       2806.5889                 21.909181                 397.18053                                588.47557                      9.7179153                   13.446066                  1468.3348       166.66249         140.8624
              1       1378.7806     0.022773444       70.029454       3.0552783      0.97300464       8.1973283      0.73264339      0.20484549     0.008477335      0.99922164       1.0002165         1.00215      0.99509086       1.0052701     0.010757706   2.1227092e-09      0.95356267      0.87654766      0.26262278      0.82012698       13.446066       1017.2832       1468.3348      -23.818007        -25.90835          2.0903437       2805.1972                 21.909181                 397.18053                                588.47557                      9.7179153                   13.446066                  1468.3348       164.87982         141.2533
              1       1376.8217     0.022773444       70.029454       3.0552783      0.97300464       8.1973283      0.73264339      0.20484549     0.008477335       1.0006375       1.0001652       1.0023316      0.99915742       1.0034077     0.010757706   2.1227092e-09      0.95356267      0.87654766      0.26262278      0.82012698       13.446066       1015.4574       1468.3348      -24.568047        -26.65839          2.0903437       2802.7795                 21.750199                 397.14984                                586.74645                      9.8109208                   13.446066                  1468.3348       164.76234        140.77888
              1       1377.2684     0.022773444       70.029454       3.0552783      0.97300464       8.1973283      0.73264339      0.20484549     0.008477335       1.0006375       1.0003513       1.0024783      0.99734497       1.0053318     0.010757706   2.1227092e-09      0.95356267      0.87654766      0.26262278      0.82012698       13.446066       1015.4574       1468.3348      -24.246401       -26.336745          2.0903437       2803.0296                 21.750199                 397.14984                                586.74645                      9.8109208                   13.446066                  1468.3348       164.89696        140.89436
              1       1377.2371     0.022773444       70.029454       3.0552783      0.97300464       8.1973283      0.73264339      0.20484549     0.008477335       1.0006375      0.99875105       1.0043341       0.9996247       1.0054901     0.010757706   2.1227092e-09      0.95356267      0.87654766      0.26262278      0.82012698       13.446066       1015.4574       1468.3348      -24.321728       -26.412072          2.0903437       2803.1177                 21.750199                 397.14984                                586.74645                      9.8109208                   13.446066                  1468.3348       163.93782        141.94165
              1       1377.2963     0.022774457        70.03033       3.0553637       0.9733237       8.2133334      0.73272528      0.20549566    0.0078288479       1.0002695      0.99800334       1.0028344      0.99536939      0.99918609     0.011774649   2.1228906e-09      0.95356177      0.87662029      0.26252934      0.82004902       13.435695       1015.5182       1468.3898      -23.954053       -26.054518          2.1004652       2802.5008                 21.731544                 397.20454                                586.78081                      9.8013341                   13.435695                  1468.3898        164.4433        140.71371
              1       1377.1115     0.022774457        70.03033       3.0553637       0.9733237       8.2133334      0.73272528      0.20549566    0.0078288479       1.0002695      0.99914689        1.005907        0.995353      0.99888064     0.011774649   2.1228906e-09      0.95356177      0.87662029      0.26252934      0.82004902       13.435695       1015.5182       1468.3898      -24.125742       -26.226208          2.1004652       2802.4745                 21.731544                 397.20454                                586.78081                      9.8013341                   13.435695                  1468.3898       164.25089        140.87984
              1       1376.6295     0.022774457        70.03033       3.0553637       0.9733237       8.2133334      0.73272528      0.20549566    0.0078288479       1.0002695      0.99914689        1.005907       0.9975582      0.99914435     0.011774649   2.1228906e-09      0.95356177      0.87662029      0.26252934      0.82004902       13.435695       1015.5182       1468.3898      -24.518371       -26.618836          2.1004652       2802.2958                 21.731544                 397.20454                                586.78081                      9.8013341                   13.435695                  1468.3898       164.25089        140.70117
              1       1377.2762     0.022774457        70.03033       3.0553637       0.9733237       8.2133334      0.73272528      0.20549566    0.0078288479       1.0002032      0.99847915       1.0074006       0.9975555      0.99907639     0.011774649   2.1228906e-09      0.95356177      0.87662029      0.26252934      0.82004902       13.435695       1015.5166       1468.3898      -24.431341       -26.531807          2.1004652       2803.4151                 21.738839                 397.20453                                586.77791                      9.7952933                   13.435695                  1468.3898       165.33533        140.73769
              1       1377.5845     0.022774457        70.03033       3.0553637       0.9733237       8.2133334      0.73272528      0.20549566    0.0078288479       1.0007869      0.99845798       1.0074755      0.99564406       1.0010167     0.011774649   2.1228906e-09      0.95356177      0.87662029      0.26252934      0.82004902       13.435695       1016.0106       1468.3898      -24.057404       -26.157869          2.1004652       2803.2839                 21.675197                 397.17283                                587.30549                      9.8570733                   13.435695                  1468.3898       165.41293        140.03485
              1        1378.811     0.022774457        70.03033       3.0553637       0.9733237       8.2133334      0.73272528      0.20549566    0.0078288479      0.99934094      0.99851043         1.00729       1.0005438       0.9989536     0.011774649   2.1228906e-09      0.95356177      0.87662029      0.26252934      0.82004902       13.435695       1016.8695       1468.3898      -24.543706       -26.644171          2.1004652       2806.7095                 21.834862                 397.21876                                588.07633                       9.739574                   13.435695                  1468.3898       165.22391        142.79048
              1        1381.176     0.022847336         69.4724       3.0557426      0.97169154       8.0607365      0.72702115      0.20832671     0.015687446       1.0006341      0.99840513       1.0079519       1.0003016       1.0009167     0.017864308    2.123695e-09      0.95266188      0.87614401      0.26796466      0.82804441       12.708916       1020.7721       1469.6134      -23.722362       -26.636199          2.9138375       2809.7968                 21.986988                 396.81474                                592.10825                      9.8620906                   12.708916                  1469.6134       165.86235        140.84007
              1       1383.8789     0.022847336         69.4724       3.0557426      0.97169154       8.0607365      0.72702115      0.20832671     0.015687446       1.0006341       0.9975548       1.0096933      0.99827545       1.0067394     0.017864308    2.123695e-09      0.95266188      0.87614401      0.26796466      0.82804441       12.708916       1020.7721       1469.6134      -23.038278       -25.952115          2.9138375       2813.8344                 21.986988                 396.81474                                592.10825                      9.8620906                   12.708916                  1469.6134       169.36382        141.37628
              1       1379.3635     0.022847336         69.4724       3.0557426      0.97169154       8.0607365      0.72702115      0.20832671     0.015687446       1.0006341      0.99918632       1.0014854      0.99850339       1.0011896     0.017864308    2.123695e-09      0.95266188      0.87614401      0.26796466      0.82804441       12.708916       1020.7721       1469.6134      -23.768159       -26.681996          2.9138375       2806.2633                 21.986988                 396.81474                                592.10825                      9.8620906                   12.708916                  1469.6134       163.25897        139.91005
              1       1380.2271     0.022847336         69.4724       3.0557426      0.97169154       8.0607365      0.72702115      0.20832671     0.015687446       1.0013435      0.99831196       1.0019877      0.99929859       1.0021428     0.017864308    2.123695e-09      0.95266188      0.87614401      0.26796466      0.82804441       12.708916       1021.0241       1469.6134      -23.547707       -26.461545          2.9138375       2807.5495                 21.905779                 396.80919                                592.47051                      9.8386537                   12.708916                  1469.6134       164.17825        140.02489
              1       1382.1795     0.022847336         69.4724       3.0557426      0.97169154       8.0607365      0.72702115      0.20832671     0.015687446       1.0008597      0.99710031       1.0025212       1.0008795         1.00382     0.017864308    2.123695e-09      0.95266188      0.87614401      0.26796466      0.82804441       12.708916       1020.6508       1469.6134      -23.222557       -26.136395          2.9138375        2810.804                 21.960963                  396.7962                                592.04216                      9.8515097                   12.708916                  1469.6134       166.71259        141.11835
              1       1381.5498     0.022847336         69.4724       3.0557426      0.97169154       8.0607365      0.72702115      0.20832671     0.015687446       1.0011434      0.99756887       1.0024065       1.0008373       1.0039347     0.017864308    2.123695e-09      0.95266188      0.87614401      0.26796466      0.82804441       12.708916       1020.7793       1469.6134       -23.30925       -26.223087          2.9138375       2809.7181                 21.928499                 396.80919                                592.19923                      9.8423482                   12.708916                  1469.6134       165.50717        141.10936
              1       1380.3036     0.022847336         69.4724       3.0557426      0.97169154       8.0607365      0.72702115      0.20832671     0.015687446       1.0011434       1.0003674       1.0062504       1.0001219       1.0043406     0.017864308    2.123695e-09      0.95266188      0.87614401      0.26796466      0.82804441       12.708916       1020.7793       1469.6134      -23.615348       -26.529186          2.9138375       2807.8378                 21.928499                 396.80919                                592.19923                      9.8423482                   12.708916                  1469.6134       164.02061        140.71567
              1       1379.8287     0.022847336         69.4724       3.0557426      0.97169154       8.0607365      0.72702115      0.20832671     0.015687446         1.00043       1.0003933       1.0061589      0.99838562       1.0007719     0.017864308    2.123695e-09      0.95266188      0.87614401      0.26796466      0.82804441       12.708916       1021.0137       1469.6134      -23.812385       -26.726223          2.9138375       2807.2822                  22.01066                 396.81474                                592.31413                      9.8741794                   12.708916                  1469.6134       163.94623        140.00005
              1       1380.5286     0.022753606       69.678347       3.0539567      0.97351093       8.0264099      0.72950146      0.20811828    0.0067651637       1.0016068       1.0007247       1.0006893       1.0016578      0.99780901     0.024184504   2.1199056e-09      0.95313436      0.87457483      0.26558055      0.82287616       12.805031       1018.6355       1469.6986      -24.571761       -26.470574          1.8988136       2810.2007                 21.588594                 396.60798                                590.56022                      9.8787418                   12.805031                  1469.6986       165.40692        143.65462
              1       1379.8668     0.022753606       69.678347       3.0539567      0.97351093       8.0264099      0.72950146      0.20811828    0.0067651637       1.0018238       1.0002225       1.0008735      0.99741499       0.9977245     0.024184504   2.1199056e-09      0.95313436      0.87457483      0.26558055      0.82287616       12.805031       1018.8894       1469.6986      -24.437497       -26.336311          1.8988136       2808.6086                 21.566073                 396.61715                                590.80647                      9.8997299                   12.805031                  1469.6986       165.46313        141.75243
              1       1380.3021     0.022753606       69.678347       3.0539567      0.97351093       8.0264099      0.72950146      0.20811828    0.0067651637       1.0022787       0.9986959       1.0067455      0.99627166       1.0050532     0.024184504   2.1199056e-09      0.95313436      0.87457483      0.26558055      0.82287616       12.805031        1019.919       1469.6986      -23.824868       -25.723681          1.8988136        2808.254                 21.519179                 396.61953                                591.82793                      9.9523842                   12.805031                  1469.6986       166.07582        139.75554
              1       1379.0654     0.022696035       69.675994       3.0542557      0.97274002       8.0317224      0.72933694       0.2066145    0.0051313634       1.0021767      0.99923602        1.001799      0.99848695       1.0061215     0.021683706   2.1205396e-09      0.95324978      0.87556724      0.26577104      0.82410529       12.814355       1017.5772        1469.889      -24.582077       -25.997138          1.4150609       2807.2949                 21.654596                 396.61765                                589.38253                      9.9223922                   12.814355                   1469.889       167.44707        139.56732
              1       1377.5575     0.022696035       69.675994       3.0542557      0.97274002       8.0317224      0.72933694       0.2066145    0.0051313634       1.0015704       0.9993527       1.0028558      0.99910107       1.0019627     0.021683706   2.1205396e-09      0.95324978      0.87556724      0.26577104      0.82410529       12.814355       1016.9985        1469.889      -25.127774       -26.542835          1.4150609       2805.3705                 21.719766                 396.63934                                588.76252                      9.8769087                   12.814355                   1469.889       166.48851        139.18008
              1       1377.6519     0.022696035       69.675994       3.0542557      0.97274002       8.0317224      0.72933694       0.2066145    0.0051313634       1.0018743       1.0008919       1.0047913      0.99998226        1.001979     0.021683706   2.1205396e-09      0.95324978      0.87556724      0.26577104      0.82410529       12.814355       1017.1228        1469.889      -25.042529        -26.45759          1.4150609       2805.3888                  21.68691                 396.61765                                588.92113                      9.8971016                   12.814355                   1469.889       165.99373        139.56888
              1       1379.0452     0.022696035       69.675994       3.0542557      0.97274002       8.0317224      0.72933694       0.2066145    0.0051313634       1.0028347       1.0008574       1.0046225      0.99927086       1.0022795     0.021683706   2.1205396e-09      0.95324978      0.87556724      0.26577104      0.82410529       12.814355       1019.6257        1469.889      -24.658786       -26.073847          1.4150609       2807.4079                 21.585345                 396.61611                                591.42899                      9.9952748                   12.814355                   1469.889        165.9135        139.16534
              1       1379.4855     0.022696035       69.675994       3.0542557      0.97274002       8.0317224      0.72933694       0.2066145    0.0051313634       1.0025401       1.0023704       1.0023585      0.99922288        1.002318     0.021683706   2.1205396e-09      0.95324978      0.87556724      0.26577104      0.82410529       12.814355         1018.53        1469.889      -24.510676       -25.925737          1.4150609       2807.9924                 21.616196                 396.61765                                590.33648                      9.9596252                   12.814355                   1469.889       167.61903        139.14005
              1       1381.3617     0.022696035       69.675994       3.0542557      0.97274002       8.0317224      0.72933694       0.2066145    0.0051313634       1.0005498       1.0026409       1.0054936      0.99917334      0.99797091     0.021683706   2.1205396e-09      0.95324978      0.87556724      0.26577104      0.82410529       12.814355       1018.8237        1469.889      -24.937274       -26.352334          1.4150609       2812.5979                 21.832386                 396.66483                                 590.4789                      9.8476112                   12.814355                   1469.889       169.30528        141.76549
              1       1377.7894     0.022696035       69.675994       3.0542557      0.97274002       8.0317224      0.72933694       0.2066145    0.0051313634        1.001034       1.0007354       1.0019404      0.99997413       1.0020838     0.021683706   2.1205396e-09      0.95324978      0.87556724      0.26577104      0.82410529       12.814355       1017.5187        1469.889      -25.248148       -26.663209          1.4150609       2806.0752                 21.778595                 396.65461                                589.23141                      9.8540929                   12.814355                   1469.889       166.31644        139.53667
              1       1380.4224     0.022696035       69.675994       3.0542557      0.97274002       8.0317224      0.72933694       0.2066145    0.0051313634        1.001034      0.99700044        1.005531       1.0001866       1.0017863     0.021683706   2.1205396e-09      0.95324978      0.87556724      0.26577104      0.82410529       12.814355       1017.5187        1469.889      -24.788387       -26.203448          1.4150609       2810.4215                 21.778595                 396.65461                                589.23141                      9.8540929                   12.814355                   1469.889       170.45377        139.74568
              1       1378.9792     0.022696035       69.675994       3.0542557      0.97274002       8.0317224      0.72933694       0.2066145    0.0051313634       1.0007113      0.99916644        1.002528       1.0011889       1.0042974     0.021683706   2.1205396e-09      0.95324978      0.87556724      0.26577104      0.82410529       12.814355        1018.303        1469.889      -25.115971       -26.531032          1.4150609       2808.1903                 21.814375                 396.66483                                589.97549                      9.8482813                   12.814355                   1469.889       166.93214        140.25183
              1       1378.9513     0.022696035       69.675994       3.0542557      0.97274002       8.0317224      0.72933694       0.2066145    0.0051313634       1.0021667      0.99911365       1.0027146       1.0002159       1.0059584     0.021683706   2.1205396e-09      0.95324978      0.87556724      0.26577104      0.82410529       12.814355       1017.5573        1469.889      -24.648576       -26.063636          1.4150609       2807.1997                 21.655653                 396.61765                                589.36256                      9.9214785                   12.814355                   1469.889       166.87569        140.06329
              1       1377.7451     0.022696035       69.675994       3.0542557      0.97274002       8.0317224      0.72933694       0.2066145    0.0051313634       1.0014894       1.0001884       1.0038945       1.0000482         1.00587     0.021683706   2.1205396e-09      0.95324978      0.87556724      0.26577104      0.82410529       12.814355       1017.0099        1469.889      -24.899354       -26.314414          1.4150609        2805.289                  21.72858                 396.63697                                588.77196                      9.8724151                   12.814355                   1469.889       165.64186        139.93385
              1       1378.1134     0.022696035       69.675994       3.0542557      0.97274002       8.0317224      0.72933694       0.2066145    0.0051313634       1.0017444       1.0011327       1.0012654      0.99714872       1.0043876     0.021683706   2.1205396e-09      0.95324978      0.87556724      0.26577104      0.82410529       12.814355        1017.038        1469.889      -24.706349        -26.12141          1.4150609       2805.6395                 21.700902                 396.63337                                588.81588                      9.8878314                   12.814355                   1469.889       166.88313        139.01501
              1       1379.1823     0.022692186       69.568116         3.05448      0.97240195       8.0552004      0.72862618      0.20935526    0.0068926569       1.0014819      0.99917288        1.007907      0.99847263       1.0052847     0.023649888   2.1210154e-09      0.95311263      0.87562003      0.26639161       0.8251166          12.756       1017.5723       1470.1424      -24.897558       -26.284137          1.3865792       2808.1597                  21.75099                  396.7259                                589.21241                      9.8829948                      12.756                  1470.1424        168.4783        139.21065
              1       1379.1816     0.022692186       69.568116         3.05448      0.97240195       8.0552004      0.72862618      0.20935526    0.0068926569       1.0014217      0.99917506       1.0078993      0.99624474       1.0013428     0.023649888   2.1210154e-09      0.95311263      0.87562003      0.26639161       0.8251166          12.756       1017.5453       1470.1424      -24.866978       -26.253557          1.3865792       2808.0972                 21.757589                  396.7141                                589.19363                      9.8799331                      12.756                  1470.1424       168.46902        139.18452
              1       1379.7332     0.022692186       69.568116         3.05448      0.97240195       8.0552004      0.72862618      0.20935526    0.0068926569       1.0016119      0.99832662       1.0029957       1.0013546       1.0012361     0.023649888   2.1210154e-09      0.95311263      0.87562003      0.26639161       0.8251166          12.756       1017.6232       1470.1424      -25.009924       -26.396504          1.3865792       2809.4863                 21.736762                 396.70207                                589.29401                      9.8903177                      12.756                  1470.1424       168.10693        140.85782
              1       1382.9841     0.022692186       69.568116         3.05448      0.97240195       8.0552004      0.72862618      0.20935526    0.0068926569       1.0016298       1.0017194       1.0031211      0.99958067        1.011646     0.023649888   2.1210154e-09      0.95311263      0.87562003      0.26639161       0.8251166          12.756       1017.6379       1470.1424      -23.769107       -25.155686          1.3865792       2813.5064                 21.734804                 396.70207                                589.30967                      9.8914039                      12.756                  1470.1424       167.38188        145.58809
              1       1378.8864     0.022692186       69.568116         3.05448      0.97240195       8.0552004      0.72862618      0.20935526    0.0068926569       1.0008222       1.0017487       1.0030175       1.0002604       1.0020873     0.023649888   2.1210154e-09      0.95311263      0.87562003      0.26639161       0.8251166          12.756       1018.0955       1470.1424      -25.166438       -26.553017          1.3865792       2808.1056                 21.823938                 396.74686                                589.66403                      9.8606663                      12.756                  1470.1424       167.42752        139.68417
              1       1378.3918     0.022692186       69.568116         3.05448      0.97240195       8.0552004      0.72862618      0.20935526    0.0068926569       1.0010942       1.0017388       1.0030524      0.99769737       1.0021594     0.023649888   2.1210154e-09      0.95311263      0.87562003      0.26639161       0.8251166          12.756       1017.7023       1470.1424      -24.993924       -26.380503          1.3865792       2806.7714                 21.793721                 396.73946                                589.30226                      9.8668674                      12.756                  1470.1424       167.41176        138.75885
              1       1377.7657     0.022692186       69.568116         3.05448      0.97240195       8.0552004      0.72862618      0.20935526    0.0068926569       1.0010284       1.0005137       1.0027307      0.99777842       1.0022442     0.023649888   2.1210154e-09      0.95311263      0.87562003      0.26639161       0.8251166          12.756       1017.7801       1470.1424      -25.163985       -26.550564          1.3865792       2805.8594                 21.801019                 396.74686                                 589.3672                      9.8649787                      12.756                  1470.1424       166.43269         138.7482
              1       1378.9536     0.022692186       69.568116         3.05448      0.97240195       8.0552004      0.72862618      0.20935526    0.0068926569       1.0010284      0.99782963        1.005264      0.99803752       1.0022861     0.023649888   2.1210154e-09      0.95311263      0.87562003      0.26639161       0.8251166          12.756       1017.7801       1470.1424      -24.942043       -26.328622          1.3865792       2807.7913                 21.801019                 396.74686                                 589.3672                      9.8649787                      12.756                  1470.1424       168.35158        138.76118
              1        1379.372     0.022761391       69.582138        3.054683      0.97157412       8.0433135      0.72835256      0.20830488    0.0094756734       1.0008805      0.99722078       1.0046087       1.0008957       1.0018862      0.02154783    2.121446e-09      0.95298859      0.87539896      0.26668143       0.8253569       12.742107       1017.0432       1469.7596      -24.302721       -26.275189          1.9724684       2807.3494                 21.964299                 396.74931                                588.52002                      9.8096187                   12.742107                  1469.7596       167.05731        140.74715
              1       1377.0832     0.022752548        69.57191       3.0547928      0.97151745       8.0255952      0.72834501      0.20795604     0.011101739        1.001151      0.99943462       1.0042337      0.99985225       1.0018269     0.021367565   2.1216788e-09      0.95299304      0.87507324      0.26669691      0.82507375       12.744626       1016.7688       1469.7042      -24.775078        -26.66403          1.8889516       2803.7166                  21.96865                 396.69615                                588.30723                      9.7967967                   12.744626                  1469.7042       164.71432        139.78462
              1       1377.6454     0.022754674       69.515625       3.0544483      0.97150997       8.0039586      0.72797597      0.20972845     0.012762153       1.0017744       1.0011283       1.0030092        0.999319       1.0000621      0.02283446   2.1209481e-09      0.95291249      0.87489157       0.2670108      0.82538774       12.725444       1016.8665       1469.7703      -24.576913        -26.48572          1.9088064       2804.4447                 21.886136                 396.64515                                588.49818                      9.8370297                   12.725444                  1469.7703       164.84824        140.23419
              1       1377.6129     0.022754674       69.515625       3.0544483      0.97150997       8.0039586      0.72797597      0.20972845     0.012762153       1.0019016       1.0012332       1.0029791      0.99892458       1.0041442      0.02283446   2.1209481e-09      0.95291249      0.87489157       0.2670108      0.82538774       12.725444       1017.0676       1469.7703      -24.346144       -26.254951          1.9088064       2803.9181                 21.871824                 396.64638                                588.70531                      9.8441352                   12.725444                  1469.7703       164.95415        139.40059
              1       1377.8305     0.022754674       69.515625       3.0544483      0.97150997       8.0039586      0.72797597      0.20972845     0.012762153       1.0016866       1.0011844       1.0036677       1.0008432       1.0036818      0.02283446   2.1209481e-09      0.95291249      0.87489157       0.2670108      0.82538774       12.725444       1016.7602       1469.7703      -24.459695       -26.368501          1.9088064       2804.5805                 21.896048                 396.64515                                588.38638                      9.8326587                   12.725444                  1469.7703       164.92744          140.397
              1       1377.3977     0.022754674       69.515625       3.0544483      0.97150997       8.0039586      0.72797597      0.20972845     0.012762153       1.0013092       1.0009432       1.0016944      0.99946964       1.0043414      0.02283446   2.1209481e-09      0.95291249      0.87489157       0.2670108      0.82538774       12.725444       1016.5875       1469.7703       -24.53924       -26.448046          1.9088064       2803.8739                 21.938939                 396.63284                                588.19684                      9.8188637                   12.725444                  1469.7703       165.14133        139.64929
              1       1379.6457     0.022777677       69.714369       3.0534835      0.97043072       8.0533638       0.7291265      0.20712661    0.0052405289       1.0002032       1.0012463       1.0033028       1.0001106       1.0052966     0.020883895   2.1189027e-09      0.95313325      0.87525997      0.26596311      0.82411371        12.79116       1015.2336       1469.4925      -24.331741       -26.464591          2.1328495       2807.9549                 22.165224                 396.77816                                586.51712                      9.7730472                    12.79116                  1469.4925       167.68369        142.75404
              1       1378.4515     0.022777677       69.714369       3.0534835      0.97043072       8.0533638       0.7291265      0.20712661    0.0052405289      0.99981654       1.0001736        1.003343       1.0002182       1.0051038     0.020883895   2.1189027e-09      0.95313325      0.87525997      0.26596311      0.82411371        12.79116       1015.3003       1469.4925      -24.435051         -26.5679          2.1328495       2805.7732                 22.212255                 396.78523                                586.54036                      9.7624499                    12.79116                  1469.4925       165.45201        142.73723
              1       1381.4055     0.022834455       70.093874       3.0520888      0.97152393       7.8729765      0.73372391      0.20285543     0.012856519       1.0004508       1.0004283       1.0045761      0.99926836      0.99924707     0.025683005   2.1159497e-09      0.95352381      0.86733494      0.26163761      0.80998374       13.862116       1021.2441       1468.0023       -24.01688       -26.774792          2.7579119       2810.8449                 22.179886                 396.33201                                593.24337                      9.4887857                   13.862116                  1468.0023       166.63339        141.10301
              1       1382.1001     0.022834455       70.093874       3.0520888      0.97152393       7.8729765      0.73372391      0.20285543     0.012856519       1.0005483       0.9996175       1.0041153      0.99423364       1.0034538     0.025683005   2.1159497e-09      0.95352381      0.86733494      0.26163761      0.80998374       13.862116       1020.6439       1468.0023      -23.092268        -25.85018          2.7579119       2810.3848                 22.168059                 396.32627                                592.64696                      9.5025944                   13.862116                  1468.0023       166.89647        140.98007
              1       1389.7131     0.022834455       70.093874       3.0520888      0.97152393       7.8729765      0.73372391      0.20285543     0.012856519       1.0000079       1.0041257      0.99866025      0.99361207       1.0005851     0.025683005   2.1159497e-09      0.95352381      0.86733494      0.26163761      0.80998374       13.862116       1024.3417       1468.0023      -22.101066       -24.858978          2.7579119       2823.6284                 22.233962                 396.31957                                596.35524                      9.4329516                   13.862116                  1468.0023        175.1521        142.27014
              1        1383.034     0.022834455       70.093874       3.0520888      0.97152393       7.8729765      0.73372391      0.20285543     0.012856519       1.0000079       1.0015012       1.0054009      0.99694187       1.0040059     0.025683005   2.1159497e-09      0.95352381      0.86733494      0.26163761      0.80998374       13.862116       1024.3417       1468.0023      -23.553007       -26.310919          2.7579119        2813.174                 22.233962                 396.31957                                596.35524                      9.4329516                   13.862116                  1468.0023       167.70425        139.26367
              1       1383.3347     0.022834455       70.093874       3.0520888      0.97152393       7.8729765      0.73372391      0.20285543     0.012856519       1.0000079        1.001975       1.0018746       1.0000894       1.0021649     0.025683005   2.1159497e-09      0.95352381      0.86733494      0.26163761      0.80998374       13.862116       1024.3417       1468.0023      -23.800737       -26.558649          2.7579119       2814.2709                 22.233962                 396.31957                                596.35524                      9.4329516                   13.862116                  1468.0023       168.19098        139.87379
              1       1384.0546     0.022846189       70.043176       3.0492973      0.97225958       7.9643002      0.73421823      0.21343723     0.010147942      0.99769676      0.99731703       1.0014523      0.99748638        1.002393     0.033056098   2.1100512e-09      0.95343259      0.86727309      0.26092287      0.80881894       13.661098       1024.2303       1468.2351       -22.88496       -25.784702          2.8997417       2813.8792                 22.093262                 396.54573                                595.96512                      9.6262227                   13.661098                  1468.2351       167.90999        139.84268
              1       1383.5876     0.022846189       70.043176       3.0492973      0.97225958       7.9643002      0.73421823      0.21343723     0.010147942      0.99769676      0.99994635        1.001191      0.99742492       1.0019875     0.033056098   2.1100512e-09      0.95343259      0.86727309      0.26092287      0.80881894       13.661098       1024.2303       1468.2351      -23.293755       -26.193496          2.8997417       2813.7627                 22.093262                 396.54573                                595.96512                      9.6262227                   13.661098                  1468.2351       167.87624        139.75995
              1       1380.9179     0.022846189       70.043176       3.0492973      0.97225958       7.9643002      0.73421823      0.21343723     0.010147942       1.0000013       1.0002517       1.0062068      0.99645247       1.0054395     0.033056098   2.1100512e-09      0.95343259      0.86727309      0.26092287      0.80881894       13.661098       1016.2575       1468.2351      -23.324586       -26.224328          2.8997417       2808.4849                 21.827486                 396.52019                                587.72919                      10.180583                   13.661098                  1468.2351       169.31691        141.01437
              1       1379.7579     0.022840105       70.085979       3.0494385      0.97249321       7.9896038      0.73457914      0.21297496    0.0086911299      0.99949761       1.0006314       1.0030508      0.99751911       1.0019226     0.032137531   2.1103491e-09      0.95350183       0.8676776      0.26058501      0.80867212       13.755567       1016.4653       1468.2565      -23.764248       -26.589923           2.825675       2807.0444                 21.841694                 396.60578                                 587.9417                      10.076086                   13.755567                  1468.2565       168.74161        139.82547
              1       1381.5421     0.022840105       70.085979       3.0494385      0.97249321       7.9896038      0.73457914      0.21297496    0.0086911299      0.99949761      0.99913593       1.0007365      0.99206037        1.001991     0.032137531   2.1103491e-09      0.95350183       0.8676776      0.26058501      0.80867212       13.755567       1016.4653       1468.2565      -22.331605        -25.15728           2.825675       2807.7474                 21.841694                 396.60578                                 587.9417                      10.076086                   13.755567                  1468.2565       167.86514          141.405
              1       1379.6839     0.022840105       70.085979       3.0494385      0.97249321       7.9896038      0.73457914      0.21297496    0.0086911299      0.99949761      0.99676217       1.0031978      0.99824296       1.0014169     0.032137531   2.1103491e-09      0.95350183       0.8676776      0.26058501      0.80867212       13.755567       1016.4653       1468.2565      -23.296036       -26.121711           2.825675       2805.9598                 21.841694                 396.60578                                 587.9417                      10.076086                   13.755567                  1468.2565       167.29694        140.18558
              1       1379.9923     0.022840105       70.085979       3.0494385      0.97249321       7.9896038      0.73457914      0.21297496    0.0086911299      0.99949761      0.99736494       1.0070483      0.99966744       1.0015924     0.032137531   2.1103491e-09      0.95350183       0.8676776      0.26058501      0.80867212       13.755567       1016.4653       1468.2565      -23.561529       -26.387204           2.825675       2807.1076                 21.841694                 396.60578                                 587.9417                      10.076086                   13.755567                  1468.2565       167.28294        141.34738
              1       1379.0349     0.022840105       70.085979       3.0494385      0.97249321       7.9896038      0.73457914      0.21297496    0.0086911299      0.99974993       0.9999588       1.0027891      0.99782878        1.001056     0.032137531   2.1103491e-09      0.95350183       0.8676776      0.26058501      0.80867212       13.755567        1016.344       1468.2565      -23.861639       -26.687314           2.825675       2805.7931                 21.813481                 396.59491                                587.78585                      10.149781                   13.755567                  1468.2565       167.48184        139.95522
              1       1380.3745     0.022861525       70.194869       3.0500232      0.97151563       8.0318443      0.73538312      0.20934173    0.0075195636      0.99972302      0.99795033       1.0043242       0.9991186       1.0027398      0.03052389   2.1115835e-09      0.95360251      0.86646138      0.25989308      0.80646578       14.046889       1017.0735       1468.1743      -23.398476       -26.490065          3.0915892       2807.5459                 21.997645                 396.70786                                588.29174                      10.076273                   14.046889                  1468.1743       167.11092        141.14029
              1       1381.9671     0.022861525       70.194869       3.0500232      0.97151563       8.0318443      0.73538312      0.20934173    0.0075195636      0.99972302      0.99881487       1.0054852      0.99210566        1.001599      0.03052389   2.1115835e-09      0.95360251      0.86646138      0.25989308      0.80646578       14.046889       1017.0735       1468.1743      -22.074291       -25.165881          3.0915892       2808.0828                 21.997645                 396.70786                                588.29174                      10.076273                   14.046889                  1468.1743        168.1593        140.62885
              1       1382.7419     0.022861525       70.194869       3.0500232      0.97151563       8.0318443      0.73538312      0.20934173    0.0075195636      0.99972302      0.99894375       1.0012573      0.99448449      0.99467055      0.03052389   2.1115835e-09      0.95360251      0.86646138      0.25989308      0.80646578       14.046889       1017.0735       1468.1743      -22.636991        -25.72858          3.0915892       2810.7577                 21.997645                 396.70786                                588.29174                      10.076273                   14.046889                  1468.1743       168.69461        142.76843
              1       1380.9398     0.022861525       70.194869       3.0500232      0.97151563       8.0318443      0.73538312      0.20934173    0.0075195636       1.0002839      0.99752397       1.0015431      0.99790603       1.0017644      0.03052389   2.1115835e-09      0.95360251      0.86646138      0.25989308      0.80646578       14.046889       1017.7056       1468.1743      -23.243051        -26.33464          3.0915892       2808.3657                 21.932617                 396.71468                                588.79997                      10.258365                   14.046889                  1468.1743       168.46097        139.97795
              1       1380.9349     0.022848039       69.958152       3.0487197      0.97088845       8.0397811      0.73416483      0.21862627     0.012486558      0.99965548      0.99702503       1.0060271       0.9957301      0.99903403      0.03931679   2.1088327e-09      0.95331555      0.86537683      0.26085963      0.80695269       13.560363       1018.1938       1468.2885      -22.935179       -25.857684          2.9225056       2807.7402                 21.964965                 396.74881                                588.93334                      10.546665                   13.560363                  1468.2885       168.13916        139.55835
              1       1383.0547     0.022848039       69.958152       3.0487197      0.97088845       8.0397811      0.73416483      0.21862627     0.012486558      0.99965548      0.99708005       1.0093796      0.99485884       1.0011229      0.03931679   2.1088327e-09      0.95331555      0.86537683      0.26085963      0.80695269       13.560363       1018.1938       1468.2885      -22.746735       -25.669241          2.9225056       2811.6029                 21.964965                 396.74881                                588.93334                      10.546665                   13.560363                  1468.2885       172.16862        139.39163
              1       1380.1735     0.022818931        69.51137        3.049162      0.96741237       7.8162713      0.72929988      0.21912645     0.021199002       1.0009697      0.99738224       1.0066133      0.99555451       1.0020128     0.038719217   2.1097657e-09      0.95277373      0.86661257      0.26552487      0.81529909       12.789257       1016.2894       1469.0152      -23.258584       -25.835483          2.5768991       2806.8642                 22.541634                 396.21869                                587.60411                      9.9249393                   12.789257                  1469.0152       169.10252        139.66783
              1       1380.0568     0.022818931        69.51137        3.049162      0.96741237       7.8162713      0.72929988      0.21912645     0.021199002       1.0009697       0.9987112       1.0027043      0.99846703       1.0011129     0.038719217   2.1097657e-09      0.95277373      0.86661257      0.26552487      0.81529909       12.789257       1016.2894       1469.0152       -24.00547       -26.582369          2.5768991       2808.1246                 22.541634                 396.21869                                587.60411                      9.9249393                   12.789257                  1469.0152       169.18524        140.84546
              1       1379.4796     0.022705527       69.565885        3.050865      0.96976212       8.0089788      0.73035236      0.21835105     0.018716416      0.99995258      0.99705818       1.0058958      0.99573857       1.0032264      0.04010862   2.1133617e-09      0.95308206      0.86758591      0.26452814       0.8146814       12.959512       1014.9254       1469.1961      -24.302661       -25.790039          1.4873782       2807.5644                 22.205718                 396.62584                                586.15274                      9.9411482                   12.959512                  1469.1961       171.00343        139.47993
              1       1382.7062     0.022705527       69.565885        3.050865      0.96976212       8.0089788      0.73035236      0.21835105     0.018716416       1.0016615      0.99695265       1.0060944      0.99656617       1.0058834      0.04010862   2.1133617e-09      0.95308206      0.86758591      0.26452814       0.8146814       12.959512       1018.9112       1469.1961      -23.975841       -25.463219          1.4873782       2813.3642                  22.00194                 396.63004                                589.86412                      10.415058                   12.959512                  1469.1961        171.1076        141.18977
              1       1379.9675     0.022705527       69.565885        3.050865      0.96976212       8.0089788      0.73035236      0.21835105     0.018716416       1.0000174      0.99705667       1.0058853      0.99805961       1.0046476      0.04010862   2.1133617e-09      0.95308206      0.86758591      0.26452814       0.8146814       12.959512       1014.8965       1469.1961      -24.553465       -26.040844          1.4873782        2809.042                 22.197805                 396.62584                                586.11669                      9.9561344                   12.959512                  1469.1961       171.00157        140.98833
              1       1380.1606     0.022705527       69.565885        3.050865      0.96976212       8.0089788      0.73035236      0.21835105     0.018716416       1.0000174      0.99935945       1.0037444      0.99363408       1.0027985      0.04010862   2.1133617e-09      0.95308206      0.86758591      0.26452814       0.8146814       12.959512       1014.8965       1469.1961      -24.230516       -25.717895          1.4873782       2808.7823                 22.197805                 396.62584                                586.11669                      9.9561344                   12.959512                  1469.1961        171.9563        139.77394
              1       1380.4573     0.022705527       69.565885        3.050865      0.96976212       8.0089788      0.73035236      0.21835105     0.018716416       1.0000174      0.99721278       1.0033157       1.0001235       1.0026751      0.04010862   2.1133617e-09      0.95308206      0.86758591      0.26452814       0.8146814       12.959512       1014.8965       1469.1961      -24.832809       -26.320188          1.4873782       2810.5801                 22.197805                 396.62584                                586.11669                      9.9561344                   12.959512                  1469.1961       171.38019        142.14787
              1       1381.9975     0.022705527       69.565885        3.050865      0.96976212       8.0089788      0.73035236      0.21835105     0.018716416      0.99888352      0.99968999       1.0062194      0.99926331       1.0024767      0.04010862   2.1133617e-09      0.95308206      0.86758591      0.26452814       0.8146814       12.959512       1017.5233       1469.1961      -25.155951        -26.64333          1.4873782       2814.3068                 22.337976                 396.68175                                588.77517                      9.7284564                   12.959512                  1469.1961       173.46509        141.16277
              1        1385.438     0.022776541       69.813716       3.0551331      0.97213421       7.8749083      0.72927447      0.19325577     0.010965461       1.0008954       1.0016909       1.0056266      0.99934304       1.0113736     0.031202951   2.1224011e-09      0.95326887       0.8682506      0.26615534      0.81780932       13.009486       1027.0359       1469.0394      -23.241054       -25.362439           2.121385       2817.3581                 22.152438                 396.33543                                598.99705                      9.5510288                   13.009486                  1469.0394       165.47847        142.79486
              1       1380.9533     0.022655288       68.549067       3.0568095      0.97258978       8.0723843      0.72352504      0.23227599     0.075613696       1.0022087      0.99971306       1.0052168      0.99842249       1.0100531    0.0028303739   2.1259621e-09      0.95178674      0.87775087      0.27072748      0.83382866       12.571064       1017.4559       1471.2918      -24.268855       -25.407237          1.1383816       2810.4443                 21.623684                 396.73513                                588.98593                      10.111179                   12.571064                  1471.2918       166.95264        142.17285
              1        1382.368     0.022655288       68.549067       3.0568095      0.97258978       8.0723843      0.72352504      0.23227599     0.075613696       1.0024309       1.0018743       1.0073007      0.99613462       1.0092856    0.0028303739   2.1259621e-09      0.95178674      0.87775087      0.27072748      0.83382866       12.571064       1017.4248       1471.2918      -23.827369       -24.965751          1.1383816       2812.3907                 21.600712                 396.72904                                 588.9875                      10.107523                   12.571064                  1471.2918       168.65318        142.44986
              1        1380.677     0.022655288       68.549067       3.0568095      0.97258978       8.0723843      0.72352504      0.23227599     0.075613696       1.0024309       1.0002575       1.0075784        1.001726       1.0077742    0.0028303739   2.1259621e-09      0.95178674      0.87775087      0.27072748      0.83382866       12.571064       1017.4248       1471.2918      -24.559439       -25.697821          1.1383816       2810.4728                 21.600712                 396.72904                                 588.9875                      10.107523                   12.571064                  1471.2918       168.00998         141.1752
              1       1378.5946     0.022655288       68.549067       3.0568095      0.97258978       8.0723843      0.72352504      0.23227599     0.075613696       1.0019549       1.0013771       1.0018178      0.99909316       1.0037232    0.0028303739   2.1259621e-09      0.95178674      0.87775087      0.27072748      0.83382866       12.571064       1017.7073       1471.2918       -25.11888       -26.257261          1.1383816       2807.4269                 21.650155                 396.75384                                589.18456                      10.118796                   12.571064                  1471.2918       166.90477         138.9519
              1       1379.1398     0.022655288       68.549067       3.0568095      0.97258978       8.0723843      0.72352504      0.23227599     0.075613696       1.0019549      0.99972949       1.0051483       1.0003342       1.0005608    0.0028303739   2.1259621e-09      0.95178674      0.87775087      0.27072748      0.83382866       12.571064       1017.7073       1471.2918      -25.365954       -26.504335          1.1383816       2809.0115                 21.650155                 396.75384                                589.18456                      10.118796                   12.571064                  1471.2918       166.92461        140.51665
              1       1379.8129     0.022655288       68.549067       3.0568095      0.97258978       8.0723843      0.72352504      0.23227599     0.075613696       1.0019549      0.99972949       1.0051483       1.0028553       1.0039724    0.0028303739   2.1259621e-09      0.95178674      0.87775087      0.27072748      0.83382866       12.571064       1017.7073       1471.2918      -25.020213       -26.158595          1.1383816       2809.6662                 21.650155                 396.75384                                589.18456                      10.118796                   12.571064                  1471.2918       166.92461        141.17142
              1       1379.8734     0.022655288       68.549067       3.0568095      0.97258978       8.0723843      0.72352504      0.23227599     0.075613696        1.002082       1.0019117       1.0022837       1.0028491       1.0038638    0.0028303739   2.1259621e-09      0.95178674      0.87775087      0.27072748      0.83382866       12.571064       1017.5449       1471.2918      -24.789152       -25.927533          1.1383816       2809.3252                  21.63687                 396.73513                                589.05837                      10.114523                   12.571064                  1471.2918       166.74216        141.17526
              1       1382.0904     0.022655288       68.549067       3.0568095      0.97258978       8.0723843      0.72352504      0.23227599     0.075613696       1.0021707       1.0038662       1.0041924        1.002731       1.0046109    0.0028303739   2.1259621e-09      0.95178674      0.87775087      0.27072748      0.83382866       12.571064       1017.4769       1471.2918      -24.088027       -25.226409          1.1383816       2812.3568                 21.627625                 396.73513                                589.00203                      10.112084                   12.571064                  1471.2918       169.99396        141.02309
              1       1381.5993     0.022655288       68.549067       3.0568095      0.97258978       8.0723843      0.72352504      0.23227599     0.075613696        1.001929      0.99813027       1.0090264      0.99934219       1.0060328    0.0028303739   2.1259621e-09      0.95178674      0.87775087      0.27072748      0.83382866       12.571064       1017.7746       1471.2918      -24.834555       -25.972936          1.1383816       2812.8677                  21.65287                 396.78511                                589.21685                      10.119779                   12.571064                  1471.2918       171.93207        139.29817
              1       1381.6696     0.022655288       68.549067       3.0568095      0.97258978       8.0723843      0.72352504      0.23227599     0.075613696        1.001929       1.0007356       1.0101303      0.99713154       1.0010699    0.0028303739   2.1259621e-09      0.95178674      0.87775087      0.27072748      0.83382866       12.571064       1017.7746       1471.2918      -25.138853       -26.277234          1.1383816       2813.6169                  21.65287                 396.78511                                589.21685                      10.119779                   12.571064                  1471.2918       171.96709        140.01234
              1       1378.7567     0.022655288       68.549067       3.0568095      0.97258978       8.0723843      0.72352504      0.23227599     0.075613696       1.0023894       1.0011278       1.0045697      0.99721178       1.0010951    0.0028303739   2.1259621e-09      0.95178674      0.87775087      0.27072748      0.83382866       12.571064       1017.4168       1471.2918      -24.949934       -26.088316          1.1383816       2807.4133                 21.604982                 396.72904                                 588.9748                      10.107992                   12.571064                  1471.2918       166.16339         139.9702
              1       1378.5917     0.022655288       68.549067       3.0568095      0.97258978       8.0723843      0.72352504      0.23227599     0.075613696       1.0021884       1.0004636        1.006702       0.9989494       1.0034699    0.0028303739   2.1259621e-09      0.95178674      0.87775087      0.27072748      0.83382866       12.571064       1017.4665       1471.2918      -25.145137       -26.283519          1.1383816       2807.4737                 21.625784                 396.73513                                588.99391                      10.111651                   12.571064                  1471.2918       167.18149        138.96283
              1       1378.9875     0.022655288       68.549067       3.0568095      0.97258978       8.0723843      0.72352504      0.23227599     0.075613696       1.0021884       1.0007997       1.0074572      0.99892573       1.0034443    0.0028303739   2.1259621e-09      0.95178674      0.87775087      0.27072748      0.83382866       12.571064       1017.4665       1471.2918      -25.121982       -26.260364          1.1383816       2808.2189                 21.625784                 396.73513                                588.99391                      10.111651                   12.571064                  1471.2918       167.92535        138.96419
              1       1378.3938     0.022655288       68.549067       3.0568095      0.97258978       8.0723843      0.72352504      0.23227599     0.075613696       1.0019848       1.0010384       1.0055198      0.99995627       1.0037089    0.0028303739   2.1259621e-09      0.95178674      0.87775087      0.27072748      0.83382866       12.571064       1017.6688       1471.2918      -25.176262       -26.314643          1.1383816       2807.1401                 21.647023                 396.75403                                589.15003                      10.117707                   12.571064                  1471.2918       166.46342        139.14502
              1       1378.6762     0.022655288       68.549067       3.0568095      0.97258978       8.0723843      0.72352504      0.23227599     0.075613696       1.0015605       1.0014252       1.0035469       1.0000814       1.0041549    0.0028303739   2.1259621e-09      0.95178674      0.87775087      0.27072748      0.83382866       12.571064       1018.5528       1471.2918      -25.210366       -26.348748          1.1383816       2807.7731                 21.691761                 396.80446                                589.91863                      10.137939                   12.571064                  1471.2918       166.19099        139.16646
              1       1380.8031     0.022655288       68.549067       3.0568095      0.97258978       8.0723843      0.72352504      0.23227599     0.075613696       1.0015605       1.0010085       1.0091452       1.0003749       1.0044195    0.0028303739   2.1259621e-09      0.95178674      0.87775087      0.27072748      0.83382866       12.571064       1018.5528       1471.2918      -25.241914       -26.380296          1.1383816         2812.09                 21.691761                 396.80446                                589.91863                      10.137939                   12.571064                  1471.2918       170.38811        139.28619
              1       1379.5206     0.022688238       68.433339       3.0562238      0.97219486       8.0072585      0.72242723      0.23377175     0.079795597       1.0015217       1.0018829       1.0012572      0.99901814       1.0036254    0.0021452416   2.1247173e-09      0.95155318      0.87748995      0.27174229      0.83514164       12.586991       1019.2188       1471.9145      -24.931532       -26.289409          1.3578767       2808.9043                 21.756135                 396.62397                                590.65652                      10.182181                   12.586991                  1471.9145       166.22122        138.96278
              1       1382.5719     0.022701846       68.232115       3.0550949      0.97278965       8.1226591      0.72344083      0.24995928     0.093959896       1.0010877       1.0022664      0.99979727      0.99920608       1.0019666     0.014342024     2.12232e-09      0.95123778      0.87404024      0.27038392      0.82977669       12.549605       1019.8919       1472.7077      -24.928663       -26.387648          1.4589856       2815.0011                 21.553421                 396.89529                                591.42534                      10.017831                   12.549605                  1472.7077        171.0426        138.80928
              1       1384.9578     0.022701846       68.232115       3.0550949      0.97278965       8.1226591      0.72344083      0.24995928     0.093959896       1.0010877      0.99651659       1.0028031      0.99563952       1.0018512     0.014342024     2.12232e-09      0.95123778      0.87404024      0.27038392      0.82977669       12.549605       1019.8919       1472.7077      -24.088138       -25.547124          1.4589856       2818.0918                 21.553421                 396.89529                                591.42534                      10.017831                   12.549605                  1472.7077       174.04408        138.89853
              1       1380.9711     0.022685429       68.190331       3.0539378      0.97277868       8.0423035      0.72297495       0.2499963     0.095351578        1.000588      0.99959836       1.0068593      0.99565386       1.0018915     0.023153945   2.1198657e-09      0.95121331      0.87145261      0.27083247      0.82800606       12.560758       1019.1721       1473.0011      -24.943179       -26.280939          1.3377598       2811.8285                 21.616381                 396.68184                                590.86121                      10.012654                   12.560758                  1473.0011       167.92825        139.16631
              1       1380.0771     0.022685429       68.190331       3.0539378      0.97277868       8.0423035      0.72297495       0.2499963     0.095351578       1.0019158      0.99921763       1.0058212       1.0000155       1.0022178     0.023153945   2.1198657e-09      0.95121331      0.87145261      0.27083247      0.82800606       12.560758       1018.1318       1473.0011      -25.107941         -26.4457          1.3377598       2810.3701                 21.482965                 396.65279                                589.82108                       10.17496                   12.560758                  1473.0011       167.40788        139.26863
              1        1382.401     0.022685429       68.190331       3.0539378      0.97277868       8.0423035      0.72297495       0.2499963     0.095351578       1.0013035      0.99802774       1.0050024       0.9939597       1.0001507     0.023153945   2.1198657e-09      0.95121331      0.87145261      0.27083247      0.82800606       12.560758       1017.8594       1473.0011      -24.224998       -25.562758          1.3377598       2813.2521                 21.543749                 396.65617                                589.57182                      10.087668                   12.560758                  1473.0011       168.77666        141.05421
              1       1383.8097     0.022685429       68.190331       3.0539378      0.97277868       8.0423035      0.72297495       0.2499963     0.095351578       1.0013035      0.99794206       1.0057366       1.0041553       1.0007458     0.023153945   2.1198657e-09      0.95121331      0.87145261      0.27083247      0.82800606       12.560758       1017.8594       1473.0011      -24.677416       -26.015175          1.3377598       2816.9743                 21.543749                 396.65617                                589.57182                      10.087668                   12.560758                  1473.0011       168.97192        144.58113
              1       1380.7581     0.022652499       68.372324       3.0546431      0.97245177         8.09744       0.7241202      0.24390467     0.089140133       1.0013818      0.99960607       1.0037861       1.0019041       1.0059319      0.01855653   2.1213613e-09      0.95154312      0.87219285      0.26988428      0.82725745       12.580589       1017.1281       1471.9187      -25.114241       -26.235695          1.1214545       2811.7447                 21.600474                 396.82516                                588.65886                      10.043579                   12.580589                  1471.9187       168.64372        141.47365
              1       1380.4898     0.022652499       68.372324       3.0546431      0.97245177         8.09744       0.7241202      0.24390467     0.089140133       1.0013818       1.0006308        1.006994      0.99545914       1.0029654      0.01855653   2.1213613e-09      0.95154312      0.87219285      0.26988428      0.82725745       12.580589       1017.1281       1471.9187      -24.928981       -26.050436          1.1214545       2810.8375                 21.600474                 396.82516                                588.65886                      10.043579                   12.580589                  1471.9187       170.25729         138.9529
              1       1382.0042     0.022652499       68.372324       3.0546431      0.97245177         8.09744       0.7241202      0.24390467     0.089140133        1.001536      0.99751806       1.0018519      0.99732469       1.0043757      0.01855653   2.1213613e-09      0.95154312      0.87219285      0.26988428      0.82725745       12.580589       1017.0739       1471.9187      -24.808817       -25.930271          1.1214545        2813.626                  21.58465                  396.7955                                588.63063                      10.063088                   12.580589                  1471.9187       173.49295        138.55994
              1       1381.3926     0.022709336       68.471841       3.0542261      0.97128943       8.0521266      0.72419978      0.23935565     0.089586291       1.0012186      0.99884476       1.0113571      0.99691006       1.0012361     0.011687297   2.1204768e-09      0.95156264      0.87248521      0.26991794      0.82758635       12.597733       1015.2122         1471.16      -24.858442       -26.375676          1.5172339        2812.502                 21.809244                 396.74477                                586.71419                      9.9439797                   12.597733                    1471.16       174.47652        139.05556
              1       1385.6858      0.02284671         68.6234       3.0548662      0.96955436       7.8867179      0.72444668      0.23047731     0.087889988       1.0024551      0.99841616       1.0078357       1.0035494       1.0085224    0.0062526752   2.1218346e-09      0.95148465      0.87037127      0.26990282      0.82555808       12.583206        1018.614       1470.2618      -22.292578       -25.198724          2.9061458       2815.9567                 22.156036                 396.39293                                590.44534                      9.6197102                   12.583206                  1470.2618       170.36525        144.13239
              1       1381.0778      0.02284671         68.6234       3.0548662      0.96955436       7.8867179      0.72444668      0.23047731     0.087889988       1.0024551       1.0012275       1.0053818       1.0009489       1.0041479    0.0062526752   2.1218346e-09      0.95148465      0.87037127      0.26990282      0.82555808       12.583206        1018.614       1470.2618      -23.162714        -26.06886          2.9061458       2808.4811                 22.156036                 396.39293                                590.44534                      9.6197102                   12.583206                  1470.2618       167.25862        139.76347
              1       1381.5432      0.02284671         68.6234       3.0548662      0.96955436       7.8867179      0.72444668      0.23047731     0.087889988       1.0024551       1.0012275       1.0053818      0.99648472       1.0056854    0.0062526752   2.1218346e-09      0.95148465      0.87037127      0.26990282      0.82555808       12.583206        1018.614       1470.2618      -22.735546       -25.641692          2.9061458       2808.5576                 22.156036                 396.39293                                590.44534                      9.6197102                   12.583206                  1470.2618       167.25862        139.83994
              1       1381.0788      0.02284671         68.6234       3.0548662      0.96955436       7.8867179      0.72444668      0.23047731     0.087889988       1.0019811      0.99987301        1.005169      0.99904725       1.0001359    0.0062526752   2.1218346e-09      0.95148465      0.87037127      0.26990282      0.82555808       12.583206       1019.2457       1470.2618      -23.576174        -26.48232          2.9061458       2809.3099                 22.212931                 396.39293                                591.03781                      9.6019932                   12.583206                  1470.2618       167.08174        140.13747
              1       1381.3837      0.02284671         68.6234       3.0548662      0.96955436       7.8867179      0.72444668      0.23047731     0.087889988       1.0019811       1.0000103        1.003282       1.0017205       1.0044215    0.0062526752   2.1218346e-09      0.95148465      0.87037127      0.26990282      0.82555808       12.583206       1019.2457       1470.2618      -23.341387       -26.247532          2.9061458       2809.4501                 22.212931                 396.39293                                591.03781                      9.6019932                   12.583206                  1470.2618       166.99385         140.3656
              1       1380.5932      0.02284671         68.6234       3.0548662      0.96955436       7.8867179      0.72444668      0.23047731     0.087889988       1.0019811       1.0000103        1.003282       0.9981426       1.0026877    0.0062526752   2.1218346e-09      0.95148465      0.87037127      0.26990282      0.82555808       12.583206       1019.2457       1470.2618      -23.445848       -26.351994          2.9061458       2808.0781                 22.212931                 396.39293                                591.03781                      9.6019932                   12.583206                  1470.2618       166.99385        138.99358
              1       1383.6053     0.022886968       68.723374       3.0545077      0.96649457       7.8562666      0.72347744      0.22306839     0.075063314       1.0004244       0.9989218        1.003108      0.99819058       1.0051778    0.0071546973    2.121074e-09      0.95154046      0.87041381      0.27101473      0.82729727       12.548977       1023.2625       1470.1464       -22.98013       -26.406059           3.425929        2813.171                 22.973188                 396.43204                                594.24544                       9.611789                   12.548977                  1470.1464       167.12703        140.08609
              1       1388.6847     0.022889671       68.772995       3.0545608      0.96662835       7.8621335      0.72379113      0.22176006     0.073484292      0.99908341      0.99908181       1.0013372       0.9982981       1.0051874    0.0073988434   2.1211866e-09      0.95160465      0.87023719      0.27074606      0.82671931       12.553248       1032.6261       1469.9043      -22.916808       -26.379432          3.4626243       2823.2029                 23.146436                 396.43655                                603.28289                       9.760244                   12.553248                  1469.9043       167.99261        140.12666
              1       1385.4348     0.022889671       68.772995       3.0545608      0.96662835       7.8621335      0.72379113      0.22176006     0.073484292       1.0008431      0.99739077       1.0082313       1.0005012      0.99848583    0.0073988434   2.1211866e-09      0.95160465      0.87023719      0.27074606      0.82671931       12.553248       1021.3461       1469.9043      -22.894243       -26.356867          3.4626243        2816.658                 22.899442                 396.43684                                592.45165                      9.5581327                   12.553248                  1469.9043       170.49449        142.35994
              1       1382.7878     0.022889671       68.772995       3.0545608      0.96662835       7.8621335      0.72379113      0.22176006     0.073484292       1.0012674      0.99928442       1.0006243      0.99879107       1.0049918    0.0073988434   2.1211866e-09      0.95160465      0.87023719      0.27074606      0.82671931       12.553248       1020.2199       1469.9043      -22.928324       -26.390949          3.4626243       2811.4323                 22.841493                 396.44498                                591.39727                      9.5361516                   12.553248                  1469.9043       168.56737        140.18748
              1       1384.9695     0.022889671       68.772995       3.0545608      0.96662835       7.8621335      0.72379113      0.22176006     0.073484292       1.0000315      0.99936262       1.0004671      0.99846653      0.99997226    0.0073988434   2.1211866e-09      0.95160465      0.87023719      0.27074606      0.82671931       12.553248       1025.2379       1469.9043      -23.276277       -26.738902          3.4626243       2816.4916                 23.011995                 396.44741                                596.14946                      9.6290558                   12.553248                  1469.9043       168.69067        140.10551
              1       1382.8437     0.022889671       68.772995       3.0545608      0.96662835       7.8621335      0.72379113      0.22176006     0.073484292       1.0014667        0.998937       1.0032333      0.99515396      0.99811534    0.0073988434   2.1211866e-09      0.95160465      0.87023719      0.27074606      0.82671931       12.553248       1019.8886       1469.9043      -22.506333       -25.968957          3.4626243          2810.7                  22.81442                 396.43538                                591.10941                      9.5293899                   12.553248                  1469.9043        166.9276        141.42628
              1       1384.2569     0.022889671       68.772995       3.0545608      0.96662835       7.8621335      0.72379113      0.22176006     0.073484292       1.0014667        0.998937       1.0032333      0.99458656       1.0076347    0.0073988434   2.1211866e-09      0.95160465      0.87023719      0.27074606      0.82671931       12.553248       1019.8886       1469.9043       -21.84413       -25.306754          3.4626243        2812.202                  22.81442                 396.43538                                591.10941                      9.5293899                   12.553248                  1469.9043        166.9276        142.92827
              1       1385.0036     0.022740019       68.372078       3.0534117      0.96533825       7.9055576      0.72210617      0.23834063     0.084359599       1.0013827      0.99903675       1.0003749      0.99089636       1.0034777    0.0084336091   2.1187507e-09      0.95135555      0.87319475      0.27194339      0.83136119        12.59847        1015.399       1472.0467      -22.670564        -24.44551           1.774946       2815.3484                 22.846067                 396.50097                                586.30388                      9.7481082                    12.59847                  1472.0467       172.54004        142.76414
              1       1380.3334     0.022740019       68.372078       3.0534117      0.96533825       7.9055576      0.72210617      0.23834063     0.084359599       1.0013827       0.9988326       1.0038486      0.99705081       1.0031251    0.0084336091   2.1187507e-09      0.95135555      0.87319475      0.27194339      0.83136119        12.59847        1015.399       1472.0467      -24.508164        -26.28311           1.774946       2809.6831                 22.846067                 396.50097                                586.30388                      9.7481082                    12.59847                  1472.0467       170.09579        139.54311
              1       1380.4939     0.022740019       68.372078       3.0534117      0.96533825       7.9055576      0.72210617      0.23834063     0.084359599       1.0013827      0.99754078       1.0036782      0.99592335        1.001271    0.0084336091   2.1187507e-09      0.95135555      0.87319475      0.27194339      0.83136119        12.59847        1015.399       1472.0467      -24.128537       -25.903483           1.774946       2809.2449                 22.846067                 396.50097                                586.30388                      9.7481082                    12.59847                  1472.0467        170.1254        139.07527
              1       1380.8405     0.022740019       68.372078       3.0534117      0.96533825       7.9055576      0.72210617      0.23834063     0.084359599       1.0006309      0.99693085       1.0056984      0.99494916       1.0007704    0.0084336091   2.1187507e-09      0.95135555      0.87319475      0.27194339      0.83136119        12.59847       1015.1664       1472.0467       -23.85145       -25.626396           1.774946       2809.3839                 22.949071                 396.49426                                 585.9661                      9.7569665                    12.59847                  1472.0467       170.39685        139.17543
              1       1380.5523     0.022740019       68.372078       3.0534117      0.96533825       7.9055576      0.72210617      0.23834063     0.084359599       1.0014632       0.9984287       1.0054185      0.99546837       1.0024996    0.0084336091   2.1187507e-09      0.95135555      0.87319475      0.27194339      0.83136119        12.59847       1015.5364       1472.0467      -24.168059       -25.943005           1.774946       2809.4407                 22.835137                 396.50097                                 586.4512                      9.7490645                    12.59847                  1472.0467       170.06273         139.1964
              1       1383.7663     0.022613544       68.986297       3.0545413       0.9732457       8.3591908      0.73076231      0.24576784     0.070897787      0.99832125      0.99690294       1.0074436      0.99426493       1.0016121     0.020542451   2.1211453e-09      0.95248366      0.87243872      0.26348451      0.81762064       13.438487       1021.8707        1468.604      -24.308889       -25.221213         0.91232443       2816.1504                 21.676264                 397.65118                                 592.5273                      10.016009                   13.438487                   1468.604        173.3315        138.90558
              1        1383.342     0.022613544       68.986297       3.0545413       0.9732457       8.3591908      0.73076231      0.24576784     0.070897787      0.99832125      0.99690294       1.0074436      0.99723316        1.000734     0.020542451   2.1211453e-09      0.95248366      0.87243872      0.26348451      0.81762064       13.438487       1021.8707        1468.604      -24.954261       -25.866585         0.91232443       2816.5924                 21.676264                 397.65118                                 592.5273                      10.016009                   13.438487                   1468.604        173.3315        139.34766
              1       1382.4315     0.022613544       68.986297       3.0545413       0.9732457       8.3591908      0.73076231      0.24576784     0.070897787      0.99915535      0.99685017       1.0075497      0.99768906      0.99819871     0.020542451   2.1211453e-09      0.95248366      0.87243872      0.26348451      0.81762064       13.438487       1019.0617        1468.604      -25.136143       -26.048468         0.91232443       2815.1353                 21.588566                 397.63428                                589.64478                      10.194052                   13.438487                   1468.604       173.42082        140.61031
              1       1382.2933     0.022613544       68.986297       3.0545413       0.9732457       8.3591908      0.73076231      0.24576784     0.070897787       1.0000095      0.99655187       1.0086005      0.99792438       1.0011937     0.020542451   2.1211453e-09      0.95248366      0.87243872      0.26348451      0.81762064       13.438487       1018.6467        1468.604      -25.126683       -26.039007         0.91232443       2814.8399                 21.501142                  397.6194                                589.10895                      10.417258                   13.438487                   1468.604       174.42482        139.72585
              1       1383.2306     0.022638068       68.594903       3.0525528      0.97163752       8.0715673      0.72824216      0.25561148     0.083450291       1.0019922       0.9973235       1.0096634      0.99895778        1.002053     0.030066952   2.1169317e-09      0.95188775      0.86927891      0.26566807      0.81802806       12.876279       1017.8879       1470.3501      -24.999537       -26.037577          1.0380408       2816.4604                  21.60647                  396.7634                                 588.9118                      10.606275                   12.876279                  1470.3501       176.18791        139.15808
              1       1381.6025     0.022638068       68.594903       3.0525528      0.97163752       8.0715673      0.72824216      0.25561148     0.083450291       1.0009872      0.99766878       1.0048319      0.99484203       1.0033421     0.030066952   2.1169317e-09      0.95188775      0.86927891      0.26566807      0.81802806       12.876279        1017.023       1470.3501      -24.636456       -25.674497          1.0380408        2812.478                 21.711774                 396.74781                                588.26066                      10.302796                   12.876279                  1470.3501       173.43112        138.79738
              1       1383.5149     0.022638068       68.594903       3.0525528      0.97163752       8.0715673      0.72824216      0.25561148     0.083450291       1.0009872      0.99947196      0.99856809      0.99740776       1.0019923     0.030066952   2.1169317e-09      0.95188775      0.86927891      0.26566807      0.81802806       12.876279        1017.023       1470.3501      -25.484183       -26.522224          1.0380408       2817.9983                 21.711774                 396.74781                                588.26066                      10.302796                   12.876279                  1470.3501       179.26314        138.48567
              1       1385.1619     0.022638068       68.594903       3.0525528      0.97163752       8.0715673      0.72824216      0.25561148     0.083450291       1.0023412      0.99938628      0.99874029      0.99814431       1.0050553     0.030066952   2.1169317e-09      0.95188775      0.86927891      0.26566807      0.81802806       12.876279       1018.9644       1470.3501      -24.995235       -26.033276          1.0380408       2820.3142                   21.5707                 396.74914                                589.91964                       10.72488                   12.876279                  1470.3501       178.95657        139.16685
              1       1383.7749     0.022638068       68.594903       3.0525528      0.97163752       8.0715673      0.72824216      0.25561148     0.083450291       1.0023412       1.0011933       1.0003554      0.99650922       1.0022992     0.030066952   2.1169317e-09      0.95188775      0.86927891      0.26566807      0.81802806       12.876279       1018.9644       1470.3501      -24.911993       -25.950033          1.0380408       2817.3739                   21.5707                 396.74914                                589.91964                       10.72488                   12.876279                  1470.3501       176.83069        138.35239
              1       1384.2329     0.022638068       68.594903       3.0525528      0.97163752       8.0715673      0.72824216      0.25561148     0.083450291       1.0001464       1.0001433       1.0056258      0.99423614       1.0077317     0.030066952   2.1169317e-09      0.95188775      0.86927891      0.26566807      0.81802806       12.876279       1018.9648       1470.3501      -24.389507       -25.427547          1.0380408       2817.2448                 21.802236                 396.77011                                590.29984                      10.092603                   12.876279                  1470.3501       173.42842        141.62518
              1       1385.3366     0.022638068       68.594903       3.0525528      0.97163752       8.0715673      0.72824216      0.25561148     0.083450291       1.0031369      0.99826977       1.0053134      0.99968868       1.0062133     0.030066952   2.1169317e-09      0.95188775      0.86927891      0.26566807      0.81802806       12.876279        1022.949       1470.3501      -24.460701       -25.498741          1.0380408       2819.5946                 21.490553                 396.72398                                 593.7139                      11.020555                   12.876279                  1470.3501       172.77274        140.64648
              1       1384.4178     0.022638068       68.594903       3.0525528      0.97163752       8.0715673      0.72824216      0.25561148     0.083450291       1.0031369      0.99931449       1.0063408      0.99946425        1.002413     0.030066952   2.1169317e-09      0.95188775      0.86927891      0.26566807      0.81802806       12.876279        1022.949       1470.3501      -24.906326       -25.944367          1.0380408       2818.6483                 21.490553                 396.72398                                 593.7139                      11.020555                   12.876279                  1470.3501       172.99934        139.47351
              1       1382.5055     0.022638068       68.594903       3.0525528      0.97163752       8.0715673      0.72824216      0.25561148     0.083450291        1.000268      0.99996803       1.0042261       1.0013564       1.0038729     0.030066952   2.1169317e-09      0.95188775      0.86927891      0.26566807      0.81802806       12.876279       1018.5376       1470.3501      -25.588514       -26.626555          1.0380408       2816.1881                 21.789008                 396.76946                                589.85862                      10.120524                   12.876279                  1470.3501       173.01266        141.41142
              1       1379.5917      0.02270713       69.176725       3.0496934       0.9710492       7.9273476      0.73120994      0.24184822      0.06629517       1.0003688      0.99966415       1.0038117      0.99440767       1.0023388    0.0097350249   2.1108871e-09      0.95254934      0.87283587      0.26314317      0.81746282       13.514352       1015.1837       1467.6142      -24.475449       -25.975337          1.4998878       2808.1344                 21.898369                 396.42761                                586.71824                      10.139441                   13.514352                  1467.6142       171.68279        140.13942
              1       1379.7437      0.02270713       69.176725       3.0496934       0.9710492       7.9273476      0.73120994      0.24184822      0.06629517       1.0012594       0.9996078        1.003925      0.99738167       1.0043489    0.0097350249   2.1108871e-09      0.95254934      0.87283587      0.26314317      0.81746282       13.514352       1015.9012       1467.6142      -24.835604       -26.335492          1.4998878       2809.1587                 21.799367                 396.40393                                587.32617                      10.371682                   13.514352                  1467.6142        171.6073        140.52173
              1       1379.7188     0.022667426       68.861371       3.0473841      0.97282278       7.7506256      0.73000195      0.25258729     0.075835454       1.0021894       1.0007539       1.0038703      0.99961018       1.0012101     0.018927037    2.106018e-09      0.95219747      0.87097869      0.26405172      0.81713046       13.151879       1016.8893       1468.8945      -25.172168       -26.387214          1.2150459        2809.782                 21.450001                 396.01332                                588.65372                      10.772269                   13.151879                  1468.8945       170.78093        140.06534
              1       1380.4032     0.022667426       68.861371       3.0473841      0.97282278       7.7506256      0.73000195      0.25258729     0.075835454       1.0021894      0.99853792       1.0034234       1.0003599       1.0029623     0.018927037    2.106018e-09      0.95219747      0.87097869      0.26405172      0.81713046       13.151879       1016.8893       1468.8945      -25.016378       -26.231424          1.2150459       2810.8392                 21.450001                 396.01332                                588.65372                      10.772269                   13.151879                  1468.8945       171.78813        140.11536
              1       1380.6755     0.022667426       68.861371       3.0473841      0.97282278       7.7506256      0.73000195      0.25258729     0.075835454       1.0027341      0.99914483       1.0042575       0.9964495        1.001025     0.018927037    2.106018e-09      0.95219747      0.87097869      0.26405172      0.81713046       13.151879       1018.3598       1468.8945      -24.643607       -25.858653          1.2150459       2810.6383                 21.397378                 396.01923                                589.97586                       10.96737                   13.151879                  1468.8945       170.68822        139.54385
              1       1380.6624     0.022667426       68.861371       3.0473841      0.97282278       7.7506256      0.73000195      0.25258729     0.075835454       1.0027909      0.99920831       1.0041747      0.99686286       1.0011551     0.018927037    2.106018e-09      0.95219747      0.87097869      0.26405172      0.81713046       13.151879         1018.57       1468.8945      -24.690172       -25.905218          1.2150459       2810.7051                 21.391947                 396.01923                                590.17012                      10.988678                   13.151879                  1468.8945       170.66762        139.42111
              1        1380.846     0.022667426       68.861371       3.0473841      0.97282278       7.7506256      0.73000195      0.25258729     0.075835454       1.0027909       1.0000929       1.0048924       0.9954934       1.0024837     0.018927037    2.106018e-09      0.95219747      0.87097869      0.26405172      0.81713046       13.151879         1018.57       1468.8945      -24.419161       -25.634207          1.2150459       2810.5304                 21.391947                 396.01923                                590.17012                      10.988678                   13.151879                  1468.8945       170.40337        139.51068
              1       1379.7999     0.022696181       68.758922       3.0471342      0.97320708       7.7891431      0.72965221      0.25784326     0.080443761       1.0010613      0.99905769       1.0025749      0.99982797      0.99870315     0.020520427   2.1054918e-09      0.95199409      0.87097917      0.26426401      0.81745933       13.026227       1016.5455       1469.2231      -25.247644       -26.663801          1.4161575       2810.0951                 21.449217                 396.08632                                  588.359                      10.650954                   13.026227                  1469.2231       169.61763        141.68263
              1       1380.9537     0.022696181       68.758922       3.0471342      0.97320708       7.7891431      0.72965221      0.25784326     0.080443761       1.0000727      0.99828479        1.008204      0.99899241       1.0060801     0.020520427   2.1054918e-09      0.95199409      0.87097917      0.26426401      0.81745933       13.026227       1018.1087       1469.2231      -24.864954       -26.281112          1.4161575       2811.6374                 21.546531                 396.08949                                590.11029                      10.362392                   13.026227                  1469.2231       170.87729        140.40201
              1       1383.7236     0.022696181       68.758922       3.0471342      0.97320708       7.7891431      0.72965221      0.25784326     0.080443761       1.0006381       1.0001885       1.0104327      0.99917651       1.0083008     0.020520427   2.1054918e-09      0.95199409      0.87097917      0.26426401      0.81745933       13.026227       1016.8067       1469.2231      -24.700514       -26.116672          1.4161575       2816.8483                 21.490535                 396.08632                                588.70917                      10.520689                   13.026227                  1469.2231       175.58069        142.21156
              1       1382.8629     0.022767278       69.248548       3.0491667      0.97387696       7.7106203      0.73244639      0.24037237     0.075483227       1.0028486       1.0020975       1.0101623      0.99867529       1.0056892     0.019288113   2.1097756e-09      0.95252229      0.86740936      0.26200396      0.81062017       14.256683       1016.6707       1466.8379      -23.547119       -25.576579          2.0294602       2812.8201                 21.439211                 395.98071                                588.58968                      10.661143                   14.256683                  1466.8379       175.07338        139.98134
              1       1384.2303     0.022767278       69.248548       3.0491667      0.97387696       7.7106203      0.73244639      0.24037237     0.075483227       1.0040075       1.0020242       1.0103097      0.99905764       1.0019689     0.019288113   2.1097756e-09      0.95252229      0.86740936      0.26200396      0.81062017       14.256683       1017.9316       1466.8379        -23.2193        -25.24876          2.0294602       2814.8992                  21.32854                  395.9893                                589.49666                       11.11713                   14.256683                  1466.8379       175.24471        140.62823
              1       1381.0429     0.022767278       69.248548       3.0491667      0.97387696       7.7106203      0.73244639      0.24037237     0.075483227        1.003259      0.99909568       1.0053706      0.99806289       1.0026702     0.019288113   2.1097756e-09      0.95252229      0.86740936      0.26200396      0.81062017       14.256683       1016.5927       1466.8379      -23.734768       -25.764228          2.0294602       2809.5553                 21.399508                 395.97573                                588.40336                      10.814074                   14.256683                  1466.8379       171.46347        140.40451
              1       1380.3923     0.022767278       69.248548       3.0491667      0.97387696       7.7106203      0.73244639      0.24037237     0.075483227        1.002517        1.001639       1.0044253       0.9983532        1.000564     0.019288113   2.1097756e-09      0.95252229      0.86740936      0.26200396      0.81062017       14.256683       1017.1321       1466.8379      -24.064087       -26.093547          2.0294602       2808.9128                 21.471719                  395.9673                                589.14864                      10.544454                   14.256683                  1466.8379       169.10881        141.57732
              1       1379.8849     0.022767278       69.248548       3.0491667      0.97387696       7.7106203      0.73244639      0.24037237     0.075483227       1.0026629       1.0016298       1.0044438      0.99764354       1.0031438     0.019288113   2.1097756e-09      0.95252229      0.86740936      0.26200396      0.81062017       14.256683       1016.8882       1466.8379      -23.844336       -25.873796          2.0294602       2807.4585                 21.457368                 395.97819                                588.85759                      10.595048                   14.256683                  1466.8379       169.10638        140.36935
              1       1380.0622     0.022767278       69.248548       3.0491667      0.97387696       7.7106203      0.73244639      0.24037237     0.075483227       1.0026629       1.0021616       1.0055364      0.99973665       1.0051142     0.019288113   2.1097756e-09      0.95252229      0.86740936      0.26200396      0.81062017       14.256683       1016.8882       1466.8379      -23.714396       -25.743857          2.0294602       2807.5531                 21.457368                 395.97819                                588.85759                      10.595048                   14.256683                  1466.8379       169.62318        139.94711
              1       1380.5585     0.022767278       69.248548       3.0491667      0.97387696       7.7106203      0.73244639      0.24037237     0.075483227       1.0026629       1.0021616       1.0055364       1.0006236        1.006849     0.019288113   2.1097756e-09      0.95252229      0.86740936      0.26200396      0.81062017       14.256683       1016.8882       1466.8379      -23.510137       -25.539597          2.0294602       2808.1373                 21.457368                 395.97819                                588.85759                      10.595048                   14.256683                  1466.8379       169.62318        140.53136
              1        1380.195     0.022767278       69.248548       3.0491667      0.97387696       7.7106203      0.73244639      0.24037237     0.075483227       1.0027013       1.0017571       1.0053411      0.99806439       1.0064454     0.019288113   2.1097756e-09      0.95252229      0.86740936      0.26200396      0.81062017       14.256683       1016.8332       1466.8379      -23.549199       -25.578659          2.0294602       2807.4883                 21.453605                 395.97819                                588.79281                      10.608553                   14.256683                  1466.8379       169.27107        140.28949
              1       1381.7815     0.022767278       69.248548       3.0491667      0.97387696       7.7106203      0.73244639      0.24037237     0.075483227       1.0027013       1.0038613         1.00343      0.99806127       1.0030863     0.019288113   2.1097756e-09      0.95252229      0.86740936      0.26200396      0.81062017       14.256683       1016.8332       1466.8379      -23.194998       -25.224459          2.0294602        2809.953                 21.453605                 395.97819                                588.79281                      10.608553                   14.256683                  1466.8379       171.76234        140.26291
              1       1382.1535     0.022767278       69.248548       3.0491667      0.97387696       7.7106203      0.73244639      0.24037237     0.075483227       1.0035952       1.0019904       1.0089716      0.99823783       1.0036751     0.019288113   2.1097756e-09      0.95252229      0.86740936      0.26200396      0.81062017       14.256683       1016.9607       1466.8379      -23.331482       -25.360942          2.0294602       2810.9699                  21.36742                 395.98095                                588.66599                      10.946356                   14.256683                  1466.8379       172.83714        140.07744
              1       1380.9586     0.022801743       69.517128       3.0510995      0.97304376       7.7154404      0.73257899      0.22350567     0.063492566       1.0041604        1.002299        1.008929      0.99908755       1.0036834     0.013669597   2.1138574e-09      0.95281713       0.8673073      0.26226404      0.81092698       14.423448       1015.2365       1466.3679      -22.607189       -24.992523          2.3853339       2807.1316                 21.553016                 395.99588                                 587.2956                      10.392017                   14.423448                  1466.3679       171.16507        139.93875
              1       1379.4551     0.022801743       69.517128       3.0510995      0.97304376       7.7154404      0.73257899      0.22350567     0.063492566       1.0028533       1.0021915       1.0063664      0.99919397       1.0036823     0.013669597   2.1138574e-09      0.95281713       0.8673073      0.26226404      0.81092698       14.423448       1016.6532       1466.3679      -23.372022       -25.757356          2.3853339       2805.6543                 21.688855                  396.0005                                588.95566                      10.008177                   14.423448                  1466.3679       168.28258        139.92728
              1       1380.3569     0.022801743       69.517128       3.0510995      0.97304376       7.7154404      0.73257899      0.22350567     0.063492566       1.0025438      0.99995929       1.0068572      0.99925557       1.0038073     0.013669597   2.1138574e-09      0.95281713       0.8673073      0.26226404      0.81092698       14.423448       1017.8565       1466.3679      -23.765925       -26.151259          2.3853339       2808.2457                 21.721868                 396.02215                                590.18113                      9.9313483                   14.423448                  1466.3679       169.71227         139.8856
              1       1382.5021     0.022801743       69.517128       3.0510995      0.97304376       7.7154404      0.73257899      0.22350567     0.063492566       1.0043687        1.002393        1.004628      0.99469158       1.0076693     0.013669597   2.1138574e-09      0.95281713       0.8673073      0.26226404      0.81092698       14.423448       1015.5429       1466.3679      -21.334231       -23.719565          2.3853339       2807.6727                 21.531856                 395.99588                                587.55317                      10.462021                   14.423448                  1466.3679       167.71292         143.6255
              1       1382.4166     0.022801743       69.517128       3.0510995      0.97304376       7.7154404      0.73257899      0.22350567     0.063492566       1.0043687       1.0013748       1.0027875      0.99720169       1.0105456     0.013669597   2.1138574e-09      0.95281713       0.8673073      0.26226404      0.81092698       14.423448       1015.5429       1466.3679      -21.556403       -23.941737          2.3853339       2807.9459                 21.531856                 395.99588                                587.55317                      10.462021                   14.423448                  1466.3679       168.50688         143.1048
              1       1382.2285     0.022801743       69.517128       3.0510995      0.97304376       7.7154404      0.73257899      0.22350567     0.063492566       1.0043687        1.002645       1.0029256      0.99453729       1.0032351     0.013669597   2.1138574e-09      0.95281713       0.8673073      0.26226404      0.81092698       14.423448       1015.5429       1466.3679       -21.67989       -24.065224          2.3853339       2807.8167                 21.531856                 395.99588                                587.55317                      10.462021                   14.423448                  1466.3679       168.08508        143.39742
              1        1382.193     0.022753975       69.565005       3.0527675      0.97325773       8.0161274      0.73279664      0.22709955     0.051654336       1.0017671      0.99845473       1.0102491      0.99856719       1.0089812     0.009836367   2.1173861e-09      0.95298076      0.87292405      0.26196539      0.81571376       14.041498       1015.3326       1466.7616      -23.721169        -25.62343           1.902261       2811.8283                 21.574948                 396.59041                                586.98449                      10.182766                   14.041498                  1466.7616       172.44472        143.24777
              1       1381.4817     0.022753975       69.565005       3.0527675      0.97325773       8.0161274      0.73279664      0.22709955     0.051654336       1.0017671      0.99793645       1.0030933      0.99359287        1.006116     0.009836367   2.1173861e-09      0.95298076      0.87292405      0.26196539      0.81571376       14.041498       1015.3326       1466.7616      -23.059258       -24.961519           1.902261       2809.0819                 21.574948                 396.59041                                586.98449                      10.182766                   14.041498                  1466.7616       169.87372         143.0724
              1       1379.3037     0.022753975       69.565005       3.0527675      0.97325773       8.0161274      0.73279664      0.22709955     0.051654336       1.0017671      0.99866112       1.0027631      0.99647018       1.0065022     0.009836367   2.1173861e-09      0.95298076      0.87292405      0.26196539      0.81571376       14.041498       1015.3326       1466.7616       -23.85925       -25.761511           1.902261        2806.326                 21.574948                 396.59041                                586.98449                      10.182766                   14.041498                  1466.7616       168.89424        141.29596
              1       1380.9425     0.022886098       69.398784        3.047765      0.96961646       7.4331738      0.73058826      0.22988065     0.056801229       1.0019271       1.0013182      0.99987099        1.000915       1.0008163   0.00099379065   2.1068204e-09      0.95248092      0.87249916      0.26401487      0.81849981       13.244387       1016.9645       1466.9089      -22.985018       -26.399183          3.4141646       2807.8551                 22.301878                 395.76911                                 589.2366                      9.6568967                   13.244387                  1466.9089       168.23837         142.4989
              1       1379.9179     0.022886098       69.398784        3.047765      0.96961646       7.4331738      0.73058826      0.22988065     0.056801229       1.0025969       1.0012904      0.99995541       1.0004835       1.0061228   0.00099379065   2.1068204e-09      0.95248092      0.87249916      0.26401487      0.81849981       13.244387       1014.9703       1466.9089      -22.413252       -25.827417          3.4141646       2804.6623                 22.220575                 395.72586                                587.28535                      9.7385078                   13.244387                  1466.9089       168.13635        141.40237
              1       1379.6429     0.022886098       69.398784        3.047765      0.96961646       7.4331738      0.73058826      0.22988065     0.056801229       1.0025969       1.0012904      0.99995541      0.99772935       1.0031529   0.00099379065   2.1068204e-09      0.95248092      0.87249916      0.26401487      0.81849981       13.244387       1014.9703       1466.9089      -22.551788       -25.965953          3.4141646       2804.3894                 22.220575                 395.72586                                587.28535                      9.7385078                   13.244387                  1466.9089       168.13635        141.12949
              1        1379.876     0.022886098       69.398784        3.047765      0.96961646       7.4331738      0.73058826      0.22988065     0.056801229       1.0030154       1.0031049       1.0007973      0.99764809       1.0030458   0.00099379065   2.1068204e-09      0.95248092      0.87249916      0.26401487      0.81849981       13.244387       1014.5141       1466.9089      -21.917766       -25.331931          3.4141646       2803.5875                 22.170499                 395.71693                                586.82429                      9.8024133                   13.244387                  1466.9089       167.74367        141.17641
              1       1379.3707     0.022886098       69.398784        3.047765      0.96961646       7.4331738      0.73058826      0.22988065     0.056801229       1.0024328       1.0024985       1.0015394       1.0010619       1.0046758   0.00099379065   2.1068204e-09      0.95248092      0.87249916      0.26401487      0.81849981       13.244387       1015.3074       1466.9089      -22.350649       -25.764814          3.4141646       2803.4427                 22.240365                 395.72586                                587.62501                      9.7161574                   13.244387                  1466.9089       166.59198        141.39001
              1       1380.5907     0.022886098       69.398784        3.047765      0.96961646       7.4331738      0.73058826      0.22988065     0.056801229       1.0034935      0.99847866       1.0066893       1.0014235       1.0028239   0.00099379065   2.1068204e-09      0.95248092      0.87249916      0.26401487      0.81849981       13.244387       1014.7065       1466.9089      -22.175051       -25.589216          3.4141646       2805.5316                 22.113999                  395.6972                                587.00778                      9.8875161                   13.244387                  1466.9089        168.8374        141.83435
              1       1381.7597     0.022842204       69.405118       3.0481531      0.96963714       7.4334164      0.73089394      0.22918683     0.058422593       1.0039809       1.0004041       1.0067849       1.0013299      0.99753635    0.0011252693   2.1076382e-09      0.95258071      0.87211728      0.26373713      0.81771112       13.429313       1014.0415       1466.8555      -22.590643       -25.441745          2.8511017       2808.7007                 22.090502                 395.69922                                586.31345                      9.9383031                   13.429313                  1466.8555       168.10173        146.27266
              1       1379.1376     0.022842204       69.405118       3.0481531      0.96963714       7.4334164      0.73089394      0.22918683     0.058422593       1.0039809       1.0004099       1.0066436       1.0004883       1.0051137    0.0011252693   2.1076382e-09      0.95258071      0.87211728      0.26373713      0.81771112       13.429313       1014.0415       1466.8555      -22.438366       -25.289467          2.8511017        2803.152                 22.090502                 395.69922                                586.31345                      9.9383031                   13.429313                  1466.8555       168.01286        140.81284
              1       1379.2489     0.022799751       69.234077       3.0483144      0.97078038       7.5133439      0.73036706      0.23562631     0.061664322       1.0028683        1.001288       1.0045996       1.0035053       1.0078119    0.0054452081   2.1079781e-09      0.95243469      0.87264942      0.26409677      0.81876774       13.204762       1014.0976       1467.5414      -22.823743       -25.187481          2.3637382       2804.1453                 21.947963                 395.77724                                586.47563                      9.8967166                   13.204762                  1467.5414       166.35742        142.94414
              1        1378.847     0.022799751       69.234077       3.0483144      0.97078038       7.5133439      0.73036706      0.23562631     0.061664322       1.0023504       1.0013208       1.0045338      0.99959594       1.0090067    0.0054452081   2.1079781e-09      0.95243469      0.87264942      0.26409677      0.81876774       13.204762       1015.3677       1467.5414      -23.145814       -25.509552          2.3637382       2803.9855                 22.006778                 395.77724                                587.76911                      9.8145503                   13.204762                  1467.5414       166.35039        141.52133
              1       1378.0662     0.022799751       69.234077       3.0483144      0.97078038       7.5133439      0.73036706      0.23562631     0.061664322       1.0023504       1.0013208       1.0045338      0.99717629       1.0015974    0.0054452081   2.1079781e-09      0.95243469      0.87264942      0.26409677      0.81876774       13.204762       1015.3677       1467.5414      -23.695393       -26.059131          2.3637382       2803.5232                 22.006778                 395.77724                                587.76911                      9.8145503                   13.204762                  1467.5414       166.35039        141.05901
              1       1377.8803     0.022799751       69.234077       3.0483144      0.97078038       7.5133439      0.73036706      0.23562631     0.061664322       1.0023504       1.0013451       1.0045657       1.0013305       1.0055675    0.0054452081   2.1079781e-09      0.95243469      0.87264942      0.26409677      0.81876774       13.204762       1015.3677       1467.5414      -23.576534       -25.940272          2.3637382       2802.9137                 22.006778                 395.77724                                587.76911                      9.8145503                   13.204762                  1467.5414       166.35078        140.44911
              1       1378.8583     0.022799751       69.234077       3.0483144      0.97078038       7.5133439      0.73036706      0.23562631     0.061664322        1.002821       1.0018476       1.0060219      0.99864605       1.0088244    0.0054452081   2.1079781e-09      0.95243469      0.87264942      0.26409677      0.81876774       13.204762        1014.176       1467.5414      -22.847749       -25.211487          2.3637382       2803.4122                  21.95331                 395.77724                                586.55682                      9.8885716                   13.204762                  1467.5414       167.03676        141.45331
              1       1381.9728     0.022776724       69.111012       3.0486147      0.97033492       7.5418028      0.72917941      0.23730118     0.063143416       1.0034299      0.99825442       1.0096572        1.001606       1.0083379     0.002669932   2.1086113e-09      0.95231336      0.87437107      0.26519092      0.82208074        12.95847       1013.8634        1468.068      -22.864591       -24.987825          2.1232336       2809.6747                 21.913681                 395.78759                                586.14364                      10.018445                    12.95847                   1468.068       172.48782          142.297
              1       1378.2647     0.022776724       69.111012       3.0486147      0.97033492       7.5418028      0.72917941      0.23730118     0.063143416       1.0034299       1.0014831       1.0027059      0.99827433      0.99964032     0.002669932   2.1086113e-09      0.95231336      0.87437107      0.26519092      0.82208074        12.95847       1013.8634        1468.068      -23.558259       -25.681492          2.1232336       2803.6459                 21.913681                 395.78759                                586.14364                      10.018445                    12.95847                   1468.068       166.85851        141.89752
              1       1383.8319     0.022776724       69.111012       3.0486147      0.97033492       7.5418028      0.72917941      0.23730118     0.063143416       1.0052515      0.99978017        1.003032      0.99856355       1.0001962     0.002669932   2.1086113e-09      0.95231336      0.87437107      0.26519092      0.82208074        12.95847       1022.2346        1468.068      -22.436124       -24.559357          2.1232336       2812.5361                 21.715215                 395.79135                                594.28877                      10.439237                    12.95847                   1468.068       167.83438        141.44067
              1       1382.9217     0.022776724       69.111012       3.0486147      0.97033492       7.5418028      0.72917941      0.23730118     0.063143416       1.0052515      0.99999146       1.0036277      0.99969978       1.0039366     0.002669932   2.1086113e-09      0.95231336      0.87437107      0.26519092      0.82208074        12.95847       1022.2346        1468.068      -22.341509       -24.464742          2.1232336       2810.5265                 21.715215                 395.79135                                594.28877                      10.439237                    12.95847                   1468.068       167.22362        140.04176
              1       1384.1252     0.022776724       69.111012       3.0486147      0.97033492       7.5418028      0.72917941      0.23730118     0.063143416       1.0049495      0.99996232       1.0050061       1.0013498      0.99743415     0.002669932   2.1086113e-09      0.95231336      0.87437107      0.26519092      0.82208074        12.95847       1020.0842        1468.068      -22.629319       -24.752553          2.1232336        2813.509                 21.747465                 395.79135                                 592.1887                      10.356697                    12.95847                   1468.068        166.9846         145.4137
              1       1381.5531     0.022776724       69.111012       3.0486147      0.97033492       7.5418028      0.72917941      0.23730118     0.063143416       1.0046258      0.99956629       1.0058772       1.0024132       1.0049033     0.002669932   2.1086113e-09      0.95231336      0.87437107      0.26519092      0.82208074        12.95847       1018.1133        1468.068       -22.60251       -24.725744          2.1232336       2808.3113                 21.782291                 395.78932                                590.26781                       10.27386                    12.95847                   1468.068       167.54179         141.6297
              1       1380.4576     0.022776724       69.111012       3.0486147      0.97033492       7.5418028      0.72917941      0.23730118     0.063143416       1.0044497      0.99994841       1.0024048      0.99764576       1.0020436     0.002669932   2.1086113e-09      0.95231336      0.87437107      0.26519092      0.82208074        12.95847       1017.1882        1468.068      -22.935573       -25.058807          2.1232336       2806.7863                 21.801344                 395.78932                                589.36633                      10.231238                    12.95847                   1468.068       168.06908         140.5025
              1       1384.2828     0.022776724       69.111012       3.0486147      0.97033492       7.5418028      0.72917941      0.23730118     0.063143416       1.0050738      0.99990892       1.0024842       1.0031823       1.0061074     0.002669932   2.1086113e-09      0.95231336      0.87437107      0.26519092      0.82208074        12.95847       1020.9327        1468.068      -22.032689       -24.155922          2.1232336        2812.631                 21.734159                 395.79135                                593.01715                      10.390058                    12.95847                   1468.068        168.0589        142.61287
              1       1379.2719     0.022776724       69.111012       3.0486147      0.97033492       7.5418028      0.72917941      0.23730118     0.063143416       1.0039425       0.9999805       1.0023403      0.99974835       1.0064456     0.002669932   2.1086113e-09      0.95231336      0.87437107      0.26519092      0.82208074        12.95847       1015.1051        1468.068      -23.058564       -25.181798          2.1232336       2804.6609                 21.856764                 395.79333                                587.33686                      10.118143                    12.95847                   1468.068       168.07927        140.45003
              1       1378.7993     0.022776724       69.111012       3.0486147      0.97033492       7.5418028      0.72917941      0.23730118     0.063143416       1.0037878       1.0007947       1.0012803      0.99750424       1.0039595     0.002669932   2.1086113e-09      0.95231336      0.87437107      0.26519092      0.82208074        12.95847       1014.6348        1468.068      -23.210984       -25.334218          2.1232336       2804.0205                 21.873847                 395.78879                                586.88567                      10.086502                    12.95847                   1468.068       168.21883        140.14037
              1        1379.575     0.022776724       69.111012       3.0486147      0.97033492       7.5418028      0.72917941      0.23730118     0.063143416       1.0020341       1.0013573       1.0070847      0.99512646       1.0008731     0.002669932   2.1086113e-09      0.95231336      0.87437107      0.26519092      0.82208074        12.95847       1014.9736        1468.068      -23.667013       -25.790246          2.1232336       2806.4841                 22.072678                 395.78033                                587.29863                      9.8219947                    12.95847                   1468.068       167.91777        142.56615
              1       1379.6222     0.022776724       69.111012       3.0486147      0.97033492       7.5418028      0.72917941      0.23730118     0.063143416       1.0020341      0.99976267       1.0073566       1.0021137      0.99960815     0.002669932   2.1086113e-09      0.95231336      0.87437107      0.26519092      0.82208074        12.95847       1014.9736        1468.068      -24.250252       -26.373486          2.1232336       2807.7449                 22.072678                 395.78033                                587.29863                      9.8219947                    12.95847                   1468.068       168.13416        143.61061
              1       1380.2531     0.022845295       69.669007       3.0502345      0.97131022       7.7675155      0.73182477      0.22147157     0.034974095       1.0028015       1.0012783       1.0020579       1.0003457      0.99939746     0.022134082   2.1120298e-09      0.95293289       0.8700836      0.26303689      0.81472057       13.396406       1016.5392       1467.3295      -23.206012       -26.094807          2.8887944       2806.9182                  21.82291                 396.10697                                588.36373                      10.245582                   13.396406                  1467.3295       166.85626        142.79689
              1       1379.6137     0.022845295       69.669007       3.0502345      0.97131022       7.7675155      0.73182477      0.22147157     0.034974095       1.0028015       1.0012783       1.0020579       1.0002408       1.0020478     0.022134082   2.1120298e-09      0.95293289       0.8700836      0.26303689      0.81472057       13.396406       1016.5392       1467.3295      -23.171301       -26.060095          2.8887944         2805.57                  21.82291                 396.10697                                588.36373                      10.245582                   13.396406                  1467.3295       166.85626        141.44868
              1       1381.8071     0.022861894       69.774869       3.0510084      0.97237704       7.8720396      0.73273895      0.22202143      0.03142274       1.0022451      0.99887858       1.0022398       1.0033438       1.0046221     0.017798067   2.1136648e-09      0.95304151      0.87238497      0.26214313      0.81548652       13.534676         1017.48       1467.1281      -22.771066       -25.867356            3.09629       2809.1564                 21.680125                 396.29246                                589.26537                      10.242054                   13.534676                  1467.1281       165.47861          145.535
              1       1378.2733     0.022861894       69.774869       3.0510084      0.97237704       7.8720396      0.73273895      0.22202143      0.03142274       1.0015233      0.99892424       1.0021481      0.99925851       1.0003049     0.017798067   2.1136648e-09      0.95304151      0.87238497      0.26214313      0.81548652       13.534676       1015.4799       1467.1281      -23.459135       -26.555425            3.09629       2803.4649                  21.75801                 396.29447                                587.36681                      10.060647                   13.534676                  1467.1281       165.49924        141.82297
              1       1378.6403     0.022861894       69.774869       3.0510084      0.97237704       7.8720396      0.73273895      0.22202143      0.03142274        1.001244       1.0001211       1.0060814      0.99927324      0.99829461     0.017798067   2.1136648e-09      0.95304151      0.87238497      0.26214313      0.81548652       13.534676       1015.1605       1467.1281      -23.558352       -26.654642            3.09629       2804.3973                 21.788576                 396.27922                                587.09436                      9.9983105                   13.534676                  1467.1281       165.43417        143.13995
              1       1379.0579     0.022861894       69.774869       3.0510084      0.97237704       7.8720396      0.73273895      0.22202143      0.03142274        1.001244        1.001111       1.0058072      0.99595583      0.99929923     0.017798067   2.1136648e-09      0.95304151      0.87238497      0.26214313      0.81548652       13.534676       1015.1605       1467.1281      -23.120926       -26.217216            3.09629       2804.3577                 21.788576                 396.27922                                587.09436                      9.9983105                   13.534676                  1467.1281       166.47653        142.05794
              1       1380.1855     0.022925083       69.519665        3.049117      0.97310758       7.6799958      0.73083596      0.22881177     0.040064774       1.0020381       1.0017303       1.0000042      0.99994842       1.0005487     0.021723697   2.1096707e-09      0.95256536      0.87168387      0.26381809      0.81743018         13.0397       1017.9308        1467.371      -22.354338        -26.31832          3.9639816       2805.0796                 21.607728                 395.97819                                 590.2065                      10.138416                     13.0397                   1467.371       164.29384        142.44424
              1       1381.9214     0.022925083       69.519665        3.049117      0.97310758       7.6799958      0.73083596      0.22881177     0.040064774      0.99967335       1.0000444       1.0062744      0.99866119       1.0044394     0.021723697   2.1096707e-09      0.95256536      0.87168387      0.26381809      0.81743018         13.0397       1023.5298        1467.371      -22.616352       -26.580333          3.9639816       2809.0755                 21.860479                 395.98088                                595.93381                      9.7545798                     13.0397                   1467.371       163.59288        141.54224
              1       1381.3132     0.022902717       70.082625       3.0510651      0.97391306       7.8160267      0.73395646      0.21051999     0.023305152       1.0024624      0.99915516        1.004775       1.0034792       1.0030581     0.010048311   2.1137845e-09      0.95336991       0.8731398      0.26123199      0.81477245       14.034989       1017.2906       1466.7426      -22.263599       -25.906471          3.6428727       2807.1535                 21.533365                 396.16669                                 589.4872                      10.103306                   14.034989                  1466.7426       164.27422        144.81111
              1       1380.6535     0.022902717       70.082625       3.0510651      0.97391306       7.8160267      0.73395646      0.21051999     0.023305152       1.0024624      0.99869412       1.0048745       1.0013465       1.0009261     0.010048311   2.1137845e-09      0.95336991       0.8731398      0.26123199      0.81477245       14.034989       1017.2906       1466.7426      -22.544112       -26.186984          3.6428727       2806.3953                 21.533365                 396.16669                                 589.4872                      10.103306                   14.034989                  1466.7426       164.99661        143.33049
              1       1383.3594     0.022902717       70.082625       3.0510651      0.97391306       7.8160267      0.73395646      0.21051999     0.023305152       1.0028277       0.9978497       1.0033083      0.99546023       1.0049419     0.010048311   2.1137845e-09      0.95336991       0.8731398      0.26123199      0.81477245       14.034989       1018.5025       1466.7426      -21.538278       -25.181151          3.6428727       2809.7954                 21.496065                 396.16795                                 590.6443                       10.19423                   14.034989                  1466.7426       167.44414        143.07106
              1       1383.3576     0.022902717       70.082625       3.0510651      0.97391306       7.8160267      0.73395646      0.21051999     0.023305152       1.0028277      0.99729903       1.0031294       1.0004137       1.0040321     0.010048311   2.1137845e-09      0.95336991       0.8731398      0.26123199      0.81477245       14.034989       1018.5025       1466.7426      -21.974006       -25.616879          3.6428727       2810.6633                 21.496065                 396.16795                                 590.6443                       10.19423                   14.034989                  1466.7426       169.33328         142.0498
              1       1383.5513     0.022902717       70.082625       3.0510651      0.97391306       7.8160267      0.73395646      0.21051999     0.023305152       1.0033445      0.99935395       1.0088744      0.99791046       1.0007811     0.010048311   2.1137845e-09      0.95336991       0.8731398      0.26123199      0.81477245       14.034989       1020.9913       1466.7426      -22.144916       -25.787789          3.6428727       2811.3924                 21.444002                 396.18173                                593.02994                      10.335623                   14.034989                  1466.7426       167.36194        142.26154
              1       1385.1354     0.022902717       70.082625       3.0510651      0.97391306       7.8160267      0.73395646      0.21051999     0.023305152       1.0033445       1.0004872       1.0079862       1.0037557       1.0005038     0.010048311   2.1137845e-09      0.95336991       0.8731398      0.26123199      0.81477245       14.034989       1020.9913       1466.7426      -21.916745       -25.559618          3.6428727       2814.1042                 21.444002                 396.18173                                593.02994                      10.335623                   14.034989                  1466.7426       166.14287        146.19243
              1       1382.3019     0.022902717       70.082625       3.0510651      0.97391306       7.8160267      0.73395646      0.21051999     0.023305152       1.0033445       1.0004658       1.0048152      0.99754176       1.0068703     0.010048311   2.1137845e-09      0.95336991       0.8731398      0.26123199      0.81477245       14.034989       1020.9913       1466.7426      -21.673703       -25.316576          3.6428727       2807.9511                 21.444002                 396.18173                                593.02994                      10.335623                   14.034989                  1466.7426       163.38821        142.79401
              1       1382.3493     0.022902717       70.082625       3.0510651      0.97391306       7.8160267      0.73395646      0.21051999     0.023305152       1.0033445       1.0006452       1.0041806      0.99698934      0.99887231     0.010048311   2.1137845e-09      0.95336991       0.8731398      0.26123199      0.81477245       14.034989       1020.9913       1466.7426      -22.022203       -25.665076          3.6428727        2808.743                 21.444002                 396.18173                                593.02994                      10.335623                   14.034989                  1466.7426        163.2337        143.74034
              1       1383.8801     0.022902717       70.082625       3.0510651      0.97391306       7.8160267      0.73395646      0.21051999     0.023305152       1.0033445       1.0016367       1.0046453       1.0036632         1.00127     0.010048311   2.1137845e-09      0.95336991       0.8731398      0.26123199      0.81477245       14.034989       1020.9913       1466.7426      -21.785286       -25.428159          3.6428727       2811.3307                 21.444002                 396.18173                                593.02994                      10.335623                   14.034989                  1466.7426       163.92979        145.63202
              1       1381.5426     0.022902717       70.082625       3.0510651      0.97391306       7.8160267      0.73395646      0.21051999     0.023305152       1.0029797      0.99988504       1.0020574      0.99812382       1.0070272     0.010048311   2.1137845e-09      0.95336991       0.8731398      0.26123199      0.81477245       14.034989       1019.1378       1466.7426      -21.911543       -25.554416          3.6428727       2806.9082                 21.480663                 396.16795                                 591.2549                      10.234258                   14.034989                  1466.7426       164.23447        142.75833
              1       1381.7373     0.022900085       70.090205       3.0510548       0.9737528       7.8026448      0.73395769      0.20993604     0.022829306       1.0030973      0.99906248       1.0022791       1.0002911       1.0062595     0.010018945   2.1137628e-09      0.95338535      0.87303103      0.26124402      0.81468971       14.042935       1018.7582       1466.7673      -22.024713       -25.630805          3.6060918       2807.5241                  21.50413                 396.13944                                590.89487                      10.219789                   14.042935                  1466.7673       165.47177        142.48383
              1       1379.7782     0.022900085       70.090205       3.0510548       0.9737528       7.8026448      0.73395769      0.20993604     0.022829306       1.0014962      0.99916379       1.0020755       1.0003576       1.0062231     0.010018945   2.1137628e-09      0.95338535      0.87303103      0.26124402      0.81468971       14.042935        1016.057       1466.7673      -22.626319       -26.232411          3.6060918        2804.809                 21.670367                 396.16329                                 588.3578                        9.86551                   14.042935                  1466.7673       165.44733        142.49449
              1         1379.75     0.022900085       70.090205       3.0510548       0.9737528       7.8026448      0.73395769      0.20993604     0.022829306       1.0015889      0.99994014       1.0025439       1.0030019       1.0039268     0.010018945   2.1137628e-09      0.95338535      0.87303103      0.26124402      0.81468971       14.042935       1015.9667       1466.7673      -22.642245       -26.248337          3.6060918       2804.7845                 21.660522                   396.151                                588.27307                      9.8820931                   14.042935                  1466.7673       163.97543        144.03212
              1       1379.2961     0.022900085       70.090205       3.0510548       0.9737528       7.8026448      0.73395769      0.20993604     0.022829306       1.0015889       1.0011449       1.0001026      0.99841651       1.0007607     0.010018945   2.1137628e-09      0.95338535      0.87303103      0.26124402      0.81468971       14.042935       1015.9667       1466.7673      -22.871327       -26.477419          3.6060918       2804.3349                 21.660522                   396.151                                588.27307                      9.8820931                   14.042935                  1466.7673       165.30685        142.25117
              1       1378.7476     0.022900085       70.090205       3.0510548       0.9737528       7.8026448      0.73395769      0.20993604     0.022829306       1.0015889       1.0018247       1.0019565      0.99836221       1.0007065     0.010018945   2.1137628e-09      0.95338535      0.87303103      0.26124402      0.81468971       14.042935       1015.9667       1466.7673       -22.75558       -26.361672          3.6060918       2803.0064                 21.660522                   396.151                                588.27307                      9.8820931                   14.042935                  1466.7673       163.94928        142.28021
              1       1378.5783     0.022900085       70.090205       3.0510548       0.9737528       7.8026448      0.73395769      0.20993604     0.022829306       1.0015853        1.001825       1.0019561      0.99773689       1.0033583     0.010018945   2.1137628e-09      0.95338535      0.87303103      0.26124402      0.81468971       14.042935       1015.9692       1466.7673      -22.593997       -26.200089          3.6060918       2802.3446                 21.660913                   396.151                                588.27589                      9.8814246                   14.042935                  1466.7673       163.94963        141.61549
              1       1383.1131     0.022878527       70.214763        3.051759      0.97416435       7.8984428      0.73479061       0.2078499     0.016365075       1.0021933       1.0025465      0.99679728      0.99889761       1.0033872    0.0071846265   2.1152519e-09      0.95359431      0.87457254      0.26048576      0.81494295       14.244549       1017.2494       1466.9844      -22.623297       -25.936098          3.3128011       2811.4729                 21.509474                 396.31538                                589.33777                      10.086743                   14.244549                  1466.9844       171.44708        141.54745
              1        1380.064     0.022878527       70.214763        3.051759      0.97416435       7.8984428      0.73479061       0.2078499     0.016365075       1.0020928      0.99884543       1.0014128      0.99933446       1.0037377    0.0071846265   2.1152519e-09      0.95359431      0.87457254      0.26048576      0.81494295       14.244549       1016.9747       1466.9844        -22.9395       -26.252301          3.3128011        2806.007                 21.519771                 396.31538                                589.07564                      10.063894                   14.244549                  1466.9844       166.13002        141.67334
              1       1379.9768     0.022878527       70.214763        3.051759      0.97416435       7.8984428      0.73479061       0.2078499     0.016365075       1.0020928      0.99946071       1.0030478       1.0008169       1.0064271    0.0071846265   2.1152519e-09      0.95359431      0.87457254      0.26048576      0.81494295       14.244549       1016.9747       1466.9844      -22.733214       -26.046015          3.3128011         2805.42                 21.519771                 396.31538                                589.07564                      10.063894                   14.244549                  1466.9844        163.9958        143.22049
              1       1380.0491     0.022878527       70.214763        3.051759      0.97416435       7.8984428      0.73479061       0.2078499     0.016365075       1.0022988      0.99940228        1.005251       1.0016408       1.0019564    0.0071846265   2.1152519e-09      0.95359431      0.87457254      0.26048576      0.81494295       14.244549       1017.5796       1466.9844      -22.961512       -26.274313          3.3128011       2806.0212                 21.498699                 396.32087                                589.64872                      10.111336                   14.244549                  1466.9844       163.94972        143.26291
              1       1379.2673     0.022878527       70.214763        3.051759      0.97416435       7.8984428      0.73479061       0.2078499     0.016365075       1.0022988      0.99970822       1.0045211       1.0003351       1.0030646    0.0071846265   2.1152519e-09      0.95359431      0.87457254      0.26048576      0.81494295       14.244549       1017.5796       1466.9844      -22.987975       -26.300776          3.3128011       2804.5105                 21.498699                 396.32087                                589.64872                      10.111336                   14.244549                  1466.9844       163.60208        142.09984
              1       1380.0561     0.022878527       70.214763        3.051759      0.97416435       7.8984428      0.73479061       0.2078499     0.016365075      0.99997333      0.99998409       1.0031886      0.99584918       1.0020683    0.0071846265   2.1152519e-09      0.95359431      0.87457254      0.26048576      0.81494295       14.244549        1019.144       1466.9844      -23.039227       -26.352028          3.3128011       2806.1907                 21.743499                 396.32682                                591.35845                      9.7151796                   14.244549                  1466.9844       163.56099        142.25674
              1       1379.6333     0.022878527       70.214763        3.051759      0.97416435       7.8984428      0.73479061       0.2078499     0.016365075      0.99997333        1.000216        1.003568       1.0001451        1.001098    0.0071846265   2.1152519e-09      0.95359431      0.87457254      0.26048576      0.81494295       14.244549        1019.144       1466.9844      -23.492504       -26.805305          3.3128011       2806.2516                 21.743499                 396.32682                                591.35845                      9.7151796                   14.244549                  1466.9844       163.41585        142.46284
              1       1382.4202     0.022878527       70.214763        3.051759      0.97416435       7.8984428      0.73479061       0.2078499     0.016365075       1.0002282      0.99827526       1.0091763      0.99778718       1.0067442    0.0071846265   2.1152519e-09      0.95359431      0.87457254      0.26048576      0.81494295       14.244549       1018.0885       1466.9844      -22.785914       -26.098715          3.3128011       2810.4123                 21.715772                 396.33863                                590.29051                      9.7435858                   14.244549                  1466.9844       168.42799        142.66684
              1       1382.3753     0.022875595       69.342611       3.0510143      0.96924371        7.984386       0.7297713      0.23587333      0.04635686      0.99853918      0.99562397       1.0092108      0.99862556        0.998409    0.0053234563   2.1136774e-09      0.95242574      0.87762694      0.26466046      0.82431624       12.849229       1015.9428       1467.5901      -22.240478       -25.514494          3.2740164       2809.2316                 22.385991                 396.64614                                587.10734                      9.8032851                   12.849229                  1467.5901       168.98846         143.8611
              1       1380.3029     0.022875595       69.342611       3.0510143      0.96924371        7.984386       0.7297713      0.23587333      0.04635686      0.99853918      0.99869008      0.99965157      0.99672873        1.001172    0.0053234563   2.1136774e-09      0.95242574      0.87762694      0.26466046      0.82431624       12.849229       1015.9428       1467.5901      -23.001417       -26.275434          3.2740164       2806.6086                 22.385991                 396.64614                                587.10734                      9.8032851                   12.849229                  1467.5901       167.94806        142.27852
              1        1380.794     0.022875595       69.342611       3.0510143      0.96924371        7.984386       0.7297713      0.23587333      0.04635686      0.99853918      0.99869008      0.99965157      0.99424253      0.99781421    0.0053234563   2.1136774e-09      0.95242574      0.87762694      0.26466046      0.82431624       12.849229       1015.9428       1467.5901      -22.412489       -25.686506          3.2740164        2806.413                 22.385991                 396.64614                                587.10734                      9.8032851                   12.849229                  1467.5901       167.94806        142.08293
              1        1379.892     0.022848815       69.170513       3.0510311       0.9683623       7.8077825      0.72836684      0.23698685     0.053535351       1.0000785      0.99776221       1.0027392      0.99512695      0.99904651    0.0072766212   2.1137129e-09      0.95224469      0.87678215      0.26598067       0.8255742       12.749729       1015.6099       1468.0405      -23.011547       -25.943628           2.932081       2805.8072                 22.502875                 396.22847                                587.07014                      9.8083692                   12.749729                  1468.0405       167.03981        142.36732
              1       1381.1539     0.022848815       69.170513       3.0510311       0.9683623       7.8077825      0.72836684      0.23698685     0.053535351      0.99898609      0.99782428       1.0044743      0.99578898      0.99874879    0.0072766212   2.1137129e-09      0.95224469      0.87678215      0.26598067       0.8255742       12.749729       1018.7994       1468.0405      -23.087964       -26.020045           2.932081       2808.4837                 22.644545                 396.23183                                590.12559                      9.7974755                   12.749729                  1468.0405       166.50146        142.39261
              1       1381.7851     0.022848815       69.170513       3.0510311       0.9683623       7.8077825      0.72836684      0.23698685     0.053535351      0.99898609      0.99782428       1.0044743      0.99432463      0.99848719    0.0072766212   2.1137129e-09      0.95224469      0.87678215      0.26598067       0.8255742       12.749729       1018.7994       1468.0405      -22.722068       -25.654149           2.932081       2809.0142                 22.644545                 396.23183                                590.12559                      9.7974755                   12.749729                  1468.0405       166.50146        142.92316
              1        1382.381     0.022848815       69.170513       3.0510311       0.9683623       7.8077825      0.72836684      0.23698685     0.053535351        1.001718      0.99767757       1.0057403      0.99446386       1.0049795    0.0072766212   2.1137129e-09      0.95224469      0.87678215      0.26598067       0.8255742       12.749729       1018.4448       1468.0405       -22.35733       -25.289411           2.932081       2809.4767                 22.297373                 396.24923                                589.94591                      9.9523227                   12.749729                  1468.0405       166.84586        143.39578
              1       1381.9211     0.022848815       69.170513       3.0510311       0.9683623       7.8077825      0.72836684      0.23698685     0.053535351       1.0010385      0.99911618        1.000557      0.99390033       1.0050002    0.0072766212   2.1137129e-09      0.95224469      0.87678215      0.26598067       0.8255742       12.749729       1016.1582       1468.0405      -22.598836       -25.530917           2.932081       2809.0399                 22.381538                 396.22831                                587.67414                      9.8741941                   12.749729                  1468.0405       168.33937        143.75218
              1       1381.8758     0.022848815       69.170513       3.0510311       0.9683623       7.8077825      0.72836684      0.23698685     0.053535351       1.0005917      0.99742049       1.0080861      0.99806537      0.99592613    0.0072766212   2.1137129e-09      0.95224469      0.87678215      0.26598067       0.8255742       12.749729       1015.4976       1468.0405      -23.240303       -26.172384           2.932081       2810.2322                 22.437653                  396.2109                                587.01205                       9.837039                   12.749729                  1468.0405       168.78757        145.15683
              1       1383.5809     0.022848815       69.170513       3.0510311       0.9683623       7.8077825      0.72836684      0.23698685     0.053535351       1.0005917      0.99803479       1.0081205      0.99190587      0.99686314    0.0072766212   2.1137129e-09      0.95224469      0.87678215      0.26598067       0.8255742       12.749729       1015.4976       1468.0405      -21.927282       -24.859363           2.932081       2811.0164                 22.437653                  396.2109                                587.01205                       9.837039                   12.749729                  1468.0405       168.85388        145.87468
              1        1381.792     0.022863905       68.957917       3.0507229      0.96758654       7.7698752       0.7270453      0.24182739     0.061236175       1.0005869      0.99870648       1.0095505      0.99426865       1.0010687    0.0075286108   2.1130614e-09      0.95191804      0.87635915      0.26713156      0.82695922       12.623247       1015.5056       1468.7756      -22.751861       -25.873877           3.122016       2809.0877                 22.551814                 396.18978                                586.96256                      9.8014113                   12.623247                  1468.7756        170.5742         141.6091
              1       1379.2003     0.022863905       68.957917       3.0507229      0.96758654       7.7698752       0.7270453      0.24182739     0.061236175       1.0003849      0.99962844       1.0035264      0.99437106       1.0010522    0.0075286108   2.1130614e-09      0.95191804      0.87635915      0.26713156      0.82695922       12.623247       1015.4634       1468.7756      -22.882034        -26.00405           3.122016       2804.1647                 22.577929                 396.18978                                586.90326                      9.7924512                   12.623247                  1468.7756       165.74394         141.5585
              1       1379.1669     0.022737361       68.605022       3.0507293      0.96863419       7.7706644       0.7249447      0.25042326     0.067292579       1.0007542       1.0000369       1.0037525       1.0002814       1.0063102    0.0057249694    2.113075e-09      0.95169098      0.87959514      0.26892376      0.83279246       12.614815       1014.4237       1470.6837      -24.644238       -26.395642          1.7514034       2807.6223                 22.278231                 396.16016                                 585.9133                      10.072013                   12.614815                  1470.6837       166.47643         143.4236
              1       1377.7752     0.022738066       68.612111       3.0507191      0.96871446       7.7703624      0.72499493       0.2502226     0.066947392       1.0007722       1.0000598       1.0037501      0.99557717       1.0019774    0.0061972416   2.1130535e-09      0.95169946      0.87946999      0.26888115      0.83260799       12.613592       1014.4171       1470.6577      -24.492209       -26.249839          1.7576298       2804.5349                 22.264444                 396.16461                                585.91959                      10.068413                   12.613592                  1470.6577       166.38741        140.45917
              1       1380.2479     0.022738066       68.612111       3.0507191      0.96871446       7.7703624      0.72499493       0.2502226     0.066947392       1.0007301       1.0001994       1.0076013      0.99547253       1.0057965    0.0061972416   2.1130535e-09      0.95169946      0.87946999      0.26888115      0.83260799       12.613592       1014.4305       1470.6577      -24.191159       -25.948789          1.7576298       2808.8782                 22.269538                 396.16461                                585.92794                      10.068399                   12.613592                  1470.6577        169.3078        141.86861
              1       1382.5547     0.022764048       68.769422       3.0490621      0.96873456       7.5834325      0.72666591      0.25026624     0.064923061       1.0027155      0.99983651       1.0069657      0.99709567       1.0109819     0.001883553   2.1095549e-09      0.95186525      0.87903929      0.26728011       0.8297189       12.595904       1015.2048       1469.7025        -22.8803       -24.878354          1.9980541         2810.87                 22.132789                  395.8619                                587.16969                      10.040414                   12.595904                  1469.7025       167.24422        146.12254
              1       1380.3051     0.022764048       68.769422       3.0490621      0.96873456       7.5834325      0.72666591      0.25026624     0.064923061       1.0026859       1.0012746       1.0043982      0.99556787      0.99760286     0.001883553   2.1095549e-09      0.95186525      0.87903929      0.26728011       0.8297189       12.595904       1015.1265       1469.7025       -23.61288       -25.610934          1.9980541        2807.836                 22.136263                  395.8619                                587.09058                      10.037721                   12.595904                  1469.7025       166.84274        143.56831
              1       1377.8916     0.022764048       68.769422       3.0490621      0.96873456       7.5834325      0.72666591      0.25026624     0.064923061       1.0022548       1.0013019       1.0043433      0.99923362       1.0015195     0.001883553   2.1095549e-09      0.95186525      0.87903929      0.26728011       0.8297189       12.595904       1014.3368       1469.7025      -24.284518       -26.282572          1.9980541       2804.3521                 22.187221                 395.88041                                586.26507                      10.004078                   12.595904                  1469.7025       166.86171        140.85522
              1       1378.7098     0.022764048       68.769422       3.0490621      0.96873456       7.5834325      0.72666591      0.25026624     0.064923061       1.0006982      0.99991847       1.0047285       1.0010853       1.0022988     0.001883553   2.1095549e-09      0.95186525      0.87903929      0.26728011       0.8297189       12.595904       1016.6382       1469.7025      -24.703253       -26.701307          1.9980541       2806.8261                 22.375872                 395.87327                                588.41861                      9.9704543                   12.595904                  1469.7025       166.04625        141.84326
              1       1379.5816     0.022765521       68.711897       3.0490732      0.96829665       7.5679928      0.72603257      0.25034254      0.06614797       1.0004568      0.99989663       1.0046638      0.99881902         1.00669    0.0013261679   2.1095785e-09       0.9517815      0.87914536      0.26788174      0.83075242       12.590201       1017.7195       1470.0049      -24.332267       -26.344606          2.0123388       2807.8278                   22.4856                 395.84326                                589.38096                      10.009698                   12.590201                  1470.0049       165.86331        141.64986
              1       1377.2698     0.022765521       68.711897       3.0490732      0.96829665       7.5679928      0.72603257      0.25034254      0.06614797       1.0020246      0.99979743       1.0048632      0.99938234       1.0033409    0.0013261679   2.1095785e-09       0.9517815      0.87914536      0.26788174      0.83075242       12.590201       1014.0898       1470.0049      -24.362276       -26.374615          2.0123388       2803.2641                 22.291745                  395.8407                                585.96321                       9.994164                   12.590201                  1470.0049       165.90097        140.67828
              1       1378.5322     0.022765521       68.711897       3.0490732      0.96829665       7.5679928      0.72603257      0.25034254      0.06614797        1.001166      0.99873314       1.0029215      0.99989364       1.0046897    0.0013261679   2.1095785e-09       0.9517815      0.87914536      0.26788174      0.83075242       12.590201       1015.0309       1470.0049      -24.401265       -26.413604          2.0123388       2805.8669                  22.39695                  395.8305                                586.81818                      9.9852614                   12.590201                  1470.0049       167.10822        141.13271
              1       1378.6233      0.02276184       68.741438        3.049102      0.96834577       7.5777421      0.72621641      0.24966358     0.065224383       1.0011081      0.99869515        1.002928       1.0004006       1.0017617   0.00053399024   2.1096392e-09      0.95183072       0.8792974      0.26771845      0.83064282       12.592269       1015.0307       1469.8624      -24.616941       -26.593717          1.9767767       2806.4805                 22.392703                 395.84747                                586.80126                       9.989313                   12.592269                  1469.8624       167.38483        141.61018
              1        1377.825      0.02276184       68.741438        3.049102      0.96834577       7.5777421      0.72621641      0.24966358     0.065224383       1.0011081       1.0006259       1.0027548      0.99711976       1.0026281   0.00053399024   2.1096392e-09      0.95183072       0.8792974      0.26771845      0.83064282       12.592269       1015.0307       1469.8624      -24.452023         -26.4288          1.9767767       2804.5541                 22.392703                 395.84747                                586.80126                       9.989313                   12.592269                  1469.8624       166.57327        140.49541
              1       1378.8809      0.02276184       68.741438        3.049102      0.96834577       7.5777421      0.72621641      0.24966358     0.065224383       1.0011081       1.0003992       1.0039096      0.99453587        1.003393   0.00053399024   2.1096392e-09      0.95183072       0.8792974      0.26771845      0.83064282       12.592269       1015.0307       1469.8624      -23.886622       -25.863399          1.9767767        2805.535                 22.392703                 395.84747                                586.80126                       9.989313                   12.592269                  1469.8624       166.25771         141.7919
              1          1378.3      0.02276184       68.741438        3.049102      0.96834577       7.5777421      0.72621641      0.24966358     0.065224383       1.0023689       1.0003194         1.00407      0.99617199         1.00457   0.00053399024   2.1096392e-09      0.95183072       0.8792974      0.26771845      0.83064282       12.592269       1014.5518       1469.8624       -23.82751       -25.804287          1.9767767       2804.2551                 22.238955                  395.8619                                586.43117                      10.019737                   12.592269                  1469.8624       166.22595        141.02267
              1       1377.6892      0.02276184       68.741438        3.049102      0.96834577       7.5777421      0.72621641      0.24966358     0.065224383       1.0018955      0.99887874       1.0050286      0.99974603       1.0028263   0.00053399024   2.1096392e-09      0.95183072       0.8792974      0.26771845      0.83064282       12.592269       1014.1104       1469.8624      -24.408668       -26.385445          1.9767767       2804.1958                 22.296169                 395.86514                                585.95141                      9.9977201                   12.592269                  1469.8624       166.60878        141.02185
              1       1380.5502      0.02276184       68.741438        3.049102      0.96834577       7.5777421      0.72621641      0.24966358     0.065224383       1.0016693       1.0004373       1.0001278       1.0031278       1.0029708   0.00053399024   2.1096392e-09      0.95183072       0.8792974      0.26771845      0.83064282       12.592269       1014.1605       1469.8624      -24.283422       -26.260199          1.9767767       2809.6672                 22.323726                 395.86069                                585.98439                      9.9916907                   12.592269                  1469.8624       168.73558        144.31647
              1       1380.2129      0.02276184       68.741438        3.049102      0.96834577       7.5777421      0.72621641      0.24966358     0.065224383       1.0015594      0.99782743       1.0045537      0.99870735      0.99692293   0.00053399024   2.1096392e-09      0.95183072       0.8792974      0.26771845      0.83064282       12.592269       1014.2495       1469.8624      -24.255329       -26.232106          1.9767767       2808.9365                 22.337165                 395.86069                                586.06179                      9.9898107                   12.592269                  1469.8624       168.12131        144.11108
              1       1379.5753     0.022784014       68.947013       3.0489396       0.9679646       7.6425459      0.72760933      0.24423773     0.058712542       1.0010154      0.99746487        1.003902      0.99465863       1.0054332    0.0038023983   2.1092966e-09      0.95207089       0.8773173      0.26652753      0.82692687       12.639898       1013.9487       1469.0318      -23.195946       -25.393491          2.1975447       2805.5426                 22.446336                    395.93                                 585.7219                      9.8504296                   12.639898                  1469.0318       168.01869        141.90349
              1       1379.9304     0.022784014       68.947013       3.0489396       0.9679646       7.6425459      0.72760933      0.24423773     0.058712542       1.0010154      0.99746487        1.003902      0.99334924       0.9995728    0.0038023983   2.1092966e-09      0.95207089       0.8773173      0.26652753      0.82692687       12.639898       1013.9487       1469.0318       -23.08404       -25.281585          2.1975447        2806.029                 22.446336                    395.93                                 585.7219                      9.8504296                   12.639898                  1469.0318       168.01869        142.38989
              1       1379.5902     0.022784014       68.947013       3.0489396       0.9679646       7.6425459      0.72760933      0.24423773     0.058712542       1.0010154      0.99973715       1.0062754      0.99479574      0.99673141    0.0038023983   2.1092966e-09      0.95207089       0.8773173      0.26652753      0.82692687       12.639898       1013.9487       1469.0318      -23.763211       -25.960756          2.1975447       2806.7069                 22.446336                    395.93                                 585.7219                      9.8504296                   12.639898                  1469.0318        167.6216        143.46487
              1       1379.6569     0.022784014       68.947013       3.0489396       0.9679646       7.6425459      0.72760933      0.24423773     0.058712542       1.0014673       1.0012628       1.0069034      0.99640029      0.99956597    0.0038023983   2.1092966e-09      0.95207089       0.8773173      0.26652753      0.82692687       12.639898       1013.8963       1469.0318      -24.038352       -26.235897          2.1975447       2807.3904                 22.389812                 395.95159                                585.67618                       9.878697                   12.639898                  1469.0318       170.93307        140.88933
              1       1380.8107     0.022784014       68.947013       3.0489396       0.9679646       7.6425459      0.72760933      0.24423773     0.058712542       1.0014673       1.0012628       1.0069034      0.99473981       0.9979628    0.0038023983   2.1092966e-09      0.95207089       0.8773173      0.26652753      0.82692687       12.639898       1013.8963       1469.0318      -23.636002       -25.833547          2.1975447       2808.8934                 22.389812                 395.95159                                585.67618                       9.878697                   12.639898                  1469.0318       170.93307        142.39227
              1       1380.6781     0.022784014       68.947013       3.0489396       0.9679646       7.6425459      0.72760933      0.24423773     0.058712542       1.0014673      0.99935512       1.0075154      0.99270016       1.0044784    0.0038023983   2.1092966e-09      0.95207089       0.8773173      0.26652753      0.82692687       12.639898       1013.8963       1469.0318      -22.915648       -25.113192          2.1975447       2807.1876                 22.389812                 395.95159                                585.67618                       9.878697                   12.639898                  1469.0318       168.47029        143.14928
              1        1379.119     0.022738113       68.731255       3.0488294      0.96760581       7.6057503      0.72606232      0.24772002     0.063620885       1.0017802      0.99918773       1.0058473       1.0019621       1.0031063    0.0066317425   2.1090642e-09      0.95186667      0.87731063      0.26792331      0.82908301       12.595569        1013.739       1470.1071      -24.584904       -26.342945          1.7580416       2807.4078                 22.405899                 395.89719                                585.50444                      9.9314435                   12.595569                  1470.1071       168.09065        142.87544
              1        1379.011     0.022738113       68.731255       3.0488294      0.96760581       7.6057503      0.72606232      0.24772002     0.063620885       1.0017932       1.0009557       1.0007659      0.99928895       1.0007755    0.0066317425   2.1090642e-09      0.95186667      0.87731063      0.26792331      0.82908301       12.595569       1013.7461       1470.1071      -24.735622       -26.493663          1.7580416       2807.4933                 22.404278                 395.89835                                 585.5113                      9.9322135                   12.595569                  1470.1071       170.22981        140.81464
              1       1377.6794     0.022738113       68.731255       3.0488294      0.96760581       7.6057503      0.72606232      0.24772002     0.063620885       1.0017932      0.99896234       1.0055892      0.99882868        1.002206    0.0066317425   2.1090642e-09      0.95186667      0.87731063      0.26792331      0.82908301       12.595569       1013.7461       1470.1071      -24.664711       -26.422753          1.7580416       2804.6882                 22.404278                 395.89835                                 585.5113                      9.9322135                   12.595569                  1470.1071       168.00238        140.23698
              1       1380.7457     0.022738113       68.731255       3.0488294      0.96760581       7.6057503      0.72606232      0.24772002     0.063620885       1.0017932       1.0008737       1.0080379      0.99445785       1.0007558    0.0066317425   2.1090642e-09      0.95186667      0.87731063      0.26792331      0.82908301       12.595569       1013.7461       1470.1071      -23.994994       -25.753035          1.7580416       2809.4814                 22.404278                 395.89835                                 585.5113                      9.9322135                   12.595569                  1470.1071       172.04182        140.99078
              1       1378.3201     0.022738113       68.731255       3.0488294      0.96760581       7.6057503      0.72606232      0.24772002     0.063620885       1.0018547      0.99906535       1.0038856      0.99626032      0.99905463    0.0066317425   2.1090642e-09      0.95186667      0.87731063      0.26792331      0.82908301       12.595569       1013.7822       1470.1071      -24.382815       -26.140856          1.7580416       2805.4059                 22.396628                 395.89835                                585.55128                       9.935981                   12.595569                  1470.1071       167.88704        141.03397
              1       1379.9716     0.022738113       68.731255       3.0488294      0.96760581       7.6057503      0.72606232      0.24772002     0.063620885       1.0017624      0.99785753       1.0016267      0.99634021      0.99914179    0.0066317425   2.1090642e-09      0.95186667      0.87731063      0.26792331      0.82908301       12.595569       1013.7317       1470.1071      -24.219169       -25.977211          1.7580416       2808.3814                 22.408107                 395.89719                                585.49601                        9.93041                   12.595569                  1470.1071       170.98157        140.96547
              1       1380.6062     0.022738113       68.731255       3.0488294      0.96760581       7.6057503      0.72606232      0.24772002     0.063620885       1.0017624      0.99817814       1.0030812      0.99295304       1.0001431    0.0066317425   2.1090642e-09      0.95186667      0.87731063      0.26792331      0.82908301       12.595569       1013.7317       1470.1071      -23.397116       -25.155158          1.7580416       2808.0066                 22.408107                 395.89719                                585.49601                        9.93041                   12.595569                  1470.1071       169.05026         142.5219
              1        1379.463     0.022738468       68.846293       3.0482681      0.96614862       7.5635134      0.72687353      0.24418169      0.06096766       1.0025451      0.99933501       1.0051552      0.99975016       1.0027845    0.0068408037   2.1078806e-09      0.95202665       0.8756107        0.267234      0.82641137       12.618319       1014.6481       1469.5928      -24.441031       -26.202212          1.7611812        2807.808                 22.608559                 395.84578                                586.32166                      9.8721185                   12.618319                  1469.5928        170.0948        140.85397
              1       1379.9937     0.022738468       68.846293       3.0482681      0.96614862       7.5635134      0.72687353      0.24418169      0.06096766        1.000924       1.0005464       1.0056241      0.99612826       0.9997634    0.0068408037   2.1078806e-09      0.95202665       0.8756107        0.267234      0.82641137       12.618319       1015.0895       1469.5928      -24.601491       -26.362672          1.7611812       2809.1904                 22.823451                 395.89167                                586.61693                      9.7574585                   12.618319                  1469.5928       171.51727        140.37247
              1        1382.172     0.022738468       68.846293       3.0482681      0.96614862       7.5635134      0.72687353      0.24418169      0.06096766       1.0030997       1.0003002       1.0064508       1.0010917       1.0034665    0.0068408037   2.1078806e-09      0.95202665       0.8756107        0.267234      0.82641137       12.618319       1016.5475       1469.5928      -24.141776       -25.902957          1.7611812       2812.6275                 22.537081                   395.849                                588.21606                      9.9453998                   12.618319                  1469.5928       171.70288        142.16588
              1       1381.4508     0.022738468       68.846293       3.0482681      0.96614862       7.5635134      0.72687353      0.24418169      0.06096766       1.0017759      0.99905304       1.0009342      0.99781678      0.99624362    0.0068408037   2.1078806e-09      0.95202665       0.8756107        0.267234      0.82641137       12.618319       1013.7626       1469.5928      -24.504876       -26.266057          1.7611812       2811.9114                 22.709416                 395.88009                                585.37395                      9.7991475                   12.618319                  1469.5928       172.38429        143.55341
              1       1379.6749     0.022759563       68.876304       3.0479491      0.96600999       7.4073835      0.72680666      0.24069394     0.063496159       1.0029263      0.99981583       1.0081428      0.99682821       1.0026955    0.0019212894   2.1072083e-09      0.95202398      0.87511847      0.26737839       0.8261699         12.6294       1013.7624       1469.3208      -23.859687       -25.814691          1.9550044       2807.0691                 22.734722                 395.73432                                585.54617                      9.7471459                     12.6294                  1469.3208       171.34273        140.01382
              1       1380.7485     0.022759563       68.876304       3.0479491      0.96600999       7.4073835      0.72680666      0.24069394     0.063496159        1.002197      0.99940111        1.007458      0.99561546      0.99996053    0.0019212894   2.1072083e-09      0.95202398      0.87511847      0.26737839       0.8261699         12.6294       1015.0922       1469.3208      -23.982003       -25.937008          1.9550044       2809.4611                 22.832395                 395.77268                                586.77016                       9.716957                     12.6294                  1469.3208       170.74496        141.67375
              1       1379.5058     0.022701086        68.93424       3.0486896      0.96855278       7.4344826      0.72728545      0.23997064     0.056519801       1.0028606       1.0012669       1.0086573      0.99929899       1.0051442    0.0048526727   2.1087693e-09      0.95222765      0.87677908       0.2669382        0.827056       12.655101       1014.5013       1469.3975      -24.360356       -25.813534          1.4531774       2807.7322                 22.323635                  395.7399                                586.55402                      9.8837769                   12.655101                  1469.3975       171.53558        139.64267
              1       1382.4846     0.022701086        68.93424       3.0486896      0.96855278       7.4344826      0.72728545      0.23997064     0.056519801       1.0048951      0.99869501       1.0052549       1.0017185       1.0013828    0.0048526727   2.1087693e-09      0.95222765      0.87677908       0.2669382        0.827056       12.655101       1015.3335       1469.3975      -23.263805       -24.716983          1.4531774       2811.4968                 22.081139                 395.70561                                587.48449                      10.062253                   12.655101                  1469.3975       172.40088        141.70979
              1       1382.0503     0.022701086        68.93424       3.0486896      0.96855278       7.4344826      0.72728545      0.23997064     0.056519801       1.0043252       1.0030074       1.0068799       1.0030016       1.0074837    0.0048526727   2.1087693e-09      0.95222765      0.87677908       0.2669382        0.827056       12.655101         1013.73       1469.3975      -22.614369       -24.067546          1.4531774       2809.3294                 22.147738                 395.74583                                585.84769                      9.9887729                   12.655101                  1469.3975       171.52565        142.02112
              1       1379.1186     0.022701086        68.93424       3.0486896      0.96855278       7.4344826      0.72728545      0.23997064     0.056519801       1.0043252       1.0012602       1.0048005      0.99735931       1.0020334    0.0048526727   2.1087693e-09      0.95222765      0.87677908       0.2669382        0.827056       12.655101         1013.73       1469.3975      -23.569813        -25.02299          1.4531774       2805.3768                 22.147738                 395.74583                                585.84769                      9.9887729                   12.655101                  1469.3975       168.88707        140.70708
              1       1381.7511     0.022660125       69.225082       3.0488339      0.96719946       7.3197126      0.72754687      0.22092555      0.04394117       1.0044189       1.0020739       1.0048818       1.0009901       1.0087598    0.0034455941   2.1090737e-09       0.9527137      0.87463443      0.26714226      0.82534826       12.794996       1014.1024       1468.8047      -23.100217       -24.268562          1.1683453       2809.7027                 22.567479                  395.6705                                586.08419                      9.7802106                   12.794996                  1468.8047       173.20299        140.79767
              1       1381.5839     0.022660125       69.225082       3.0488339      0.96719946       7.3197126      0.72754687      0.22092555      0.04394117       1.0052227        1.002023        1.004984      0.99774143       1.0052251    0.0034455941   2.1090737e-09       0.9527137      0.87463443      0.26714226      0.82534826       12.794996       1013.5359       1468.8047      -22.857236       -24.025581          1.1683453       2808.8822                 22.464755                 395.67369                                585.56711                      9.8303172                   12.794996                  1468.8047       173.20422        140.54245
              1       1382.1627     0.022660125       69.225082       3.0488339      0.96719946       7.3197126      0.72754687      0.22092555      0.04394117       1.0052227        1.002023        1.004984       1.0007482       1.0090389    0.0034455941   2.1090737e-09       0.9527137      0.87463443      0.26714226      0.82534826       12.794996       1013.5359       1468.8047       -22.45522       -23.623565          1.1683453       2809.2358                 22.464755                 395.67369                                585.56711                      9.8303172                   12.794996                  1468.8047       173.20422        140.89606
              1       1384.6335     0.022660125       69.225082       3.0488339      0.96719946       7.3197126      0.72754687      0.22092555      0.04394117       1.0052227        0.999371       1.0031853       1.0000843        1.009089    0.0034455941   2.1090737e-09       0.9527137      0.87463443      0.26714226      0.82534826       12.794996       1013.5359       1468.8047      -22.665729       -23.834075          1.1683453       2814.5984                 22.464755                 395.67369                                585.56711                      9.8303172                   12.794996                  1468.8047       178.59787        140.86499
              1       1382.3101     0.022660125       69.225082       3.0488339      0.96719946       7.3197126      0.72754687      0.22092555      0.04394117       1.0048777       1.0018441       1.0090919        1.000375       1.0066742    0.0034455941   2.1090737e-09       0.9527137      0.87463443      0.26714226      0.82534826       12.794996       1013.5193       1468.8047      -23.134388       -24.302733          1.1683453       2810.8889                 22.508617                 395.67869                                585.52765                      9.8043516                   12.794996                  1468.8047       175.76154        140.00836
              1       1381.3255     0.022720608       68.934101       3.0463653      0.96706759       7.1243712      0.72514041      0.23007598      0.05283309       1.0041441       1.0014522       1.0043196       1.0020974       1.0063387    0.0045358374   2.1038737e-09      0.95218637      0.87564764      0.26923217      0.82953026       12.621107        1015.083        1469.598      -23.231247       -24.839589          1.6083417       2809.1135                 22.569801                 395.69173                                 586.8805                      9.9409809                   12.621107                   1469.598       170.46439        141.34698
              1       1384.5008     0.022720608       68.934101       3.0463653      0.96706759       7.1243712      0.72514041      0.23007598      0.05283309       1.0041441       1.0005193       1.0103272      0.99675977       1.0068416    0.0045358374   2.1038737e-09      0.95218637      0.87564764      0.26923217      0.82953026       12.621107        1015.083        1469.598      -23.119438        -24.72778          1.6083417       2815.2404                 22.569801                 395.69173                                 586.8805                      9.9409809                   12.621107                   1469.598       175.38377        142.55455
              1       1382.1918     0.022720608       68.934101       3.0463653      0.96706759       7.1243712      0.72514041      0.23007598      0.05283309       1.0041441       1.0034342       1.0029894       1.0014047       1.0016527    0.0045358374   2.1038737e-09      0.95218637      0.87564764      0.26923217      0.82953026       12.621107        1015.083        1469.598       -23.10765       -24.715992          1.6083417       2810.5989                 22.569801                 395.69173                                 586.8805                      9.9409809                   12.621107                   1469.598       170.65529        142.64157
              1       1381.3719     0.022720608       68.934101       3.0463653      0.96706759       7.1243712      0.72514041      0.23007598      0.05283309       1.0041441       1.0028749       1.0031535       1.0012839        1.006344    0.0045358374   2.1038737e-09      0.95218637      0.87564764      0.26923217      0.82953026       12.621107        1015.083        1469.598      -22.956844       -24.565186          1.6083417       2808.6575                 22.569801                 395.69173                                 586.8805                      9.9409809                   12.621107                   1469.598       170.32355        141.03181
              1        1383.005     0.022720608       68.934101       3.0463653      0.96706759       7.1243712      0.72514041      0.23007598      0.05283309       1.0042998        1.001663       1.0077911      0.99872653       1.0097501    0.0045358374   2.1038737e-09      0.95218637      0.87564764      0.26923217      0.82953026       12.621107       1014.7881        1469.598      -22.639289       -24.247631          1.6083417       2811.2886                 22.549913                 395.68271                                586.61335                      9.9421323                   12.621107                   1469.598       171.58897        142.69241
              1       1384.1978     0.022720608       68.934101       3.0463653      0.96706759       7.1243712      0.72514041      0.23007598      0.05283309       1.0043893      0.99938885       1.0096366       1.0016056       1.0078365    0.0045358374   2.1038737e-09      0.95218637      0.87564764      0.26923217      0.82953026       12.621107       1014.6428        1469.598      -23.004623       -24.612964          1.6083417       2814.4048                 22.538505                 395.66486                                586.49605                      9.9434159                   12.621107                   1469.598       176.06117        141.48174
              1       1383.2219     0.022720608       68.934101       3.0463653      0.96706759       7.1243712      0.72514041      0.23007598      0.05283309       1.0043893       1.0022854      0.99990248       1.0017317       1.0023916    0.0045358374   2.1038737e-09      0.95218637      0.87564764      0.26923217      0.82953026       12.621107       1014.6428        1469.598      -23.251607       -24.859948          1.6083417        2812.947                 22.538505                 395.66486                                586.49605                      9.9434159                   12.621107                   1469.598       173.82823        142.25688
              1       1382.8361     0.022720608       68.934101       3.0463653      0.96706759       7.1243712      0.72514041      0.23007598      0.05283309       1.0052882       1.0008866       1.0029163       1.0016727       1.0024722    0.0045358374   2.1038737e-09      0.95218637      0.87564764      0.26923217      0.82953026       12.621107       1014.8851        1469.598      -22.803489        -24.41183          1.6083417       2811.2793                  22.42524                 395.69352                                586.78497                      9.9813769                   12.621107                   1469.598       171.99597        142.17911
              1       1381.4554     0.022720608       68.934101       3.0463653      0.96706759       7.1243712      0.72514041      0.23007598      0.05283309       1.0041729       1.0013629       1.0025976      0.99899648       1.0050229    0.0045358374   2.1038737e-09      0.95218637      0.87564764      0.26923217      0.82953026       12.621107       1015.0241        1469.598       -23.45165       -25.059991          1.6083417       2809.8142                 22.566123                 395.69173                                586.82512                      9.9410902                   12.621107                   1469.598       171.52266        141.04839
              1       1382.9987     0.022720608       68.934101       3.0463653      0.96706759       7.1243712      0.72514041      0.23007598      0.05283309       1.0041729      0.99989405        1.006727       1.0016954       1.0009529    0.0045358374   2.1038737e-09      0.95218637      0.87564764      0.26923217      0.82953026       12.621107       1015.0241        1469.598      -23.738005       -25.346347          1.6083417       2813.4735                 22.566123                 395.69173                                586.82512                      9.9410902                   12.621107                   1469.598       172.87204        143.35831
              1         1381.13     0.022720608       68.934101       3.0463653      0.96706759       7.1243712      0.72514041      0.23007598      0.05283309       1.0041729        1.002007       1.0056625      0.99828818       1.0036986    0.0045358374   2.1038737e-09      0.95218637      0.87564764      0.26923217      0.82953026       12.621107       1015.0241        1469.598       -23.39263       -25.000972          1.6083417       2809.0452                 22.566123                 395.69173                                586.82512                      9.9410902                   12.621107                   1469.598       170.18922        141.61282
