{"timestamp": 1783341851.1085253, "eval_count": 1160, "current_chi2_penalized": 2826.539036674707, "viability": 100.0, "total_penalty": 0.0}