{"timestamp": 1783320952.8905437, "eval_count": 680, "current_chi2_penalized": 2512.094749424323, "viability": 100.0, "total_penalty": 0.0}