{"timestamp": 1783314383.7622545, "eval_count": 2920, "current_chi2_penalized": 2507.424602327602, "viability": 100.0, "total_penalty": 0.0}