{
 "lcdm_sigma8": 0.8265991073217145,
 "results": {
  "xi=1.0e-05_g3=1.0e-01": {
   "fsigma8_dev": [
    7.905316287894615e-05,
    2.753236725384483e-05,
    1.6797131920001817e-05,
    1.5389065011802695e-05
   ],
   "fsigma8_max": 7.905316287894615e-05,
   "pk_dev_by_k": {
    "0.010": 6.319570475413541e-05,
    "0.014": 3.6166215571318695e-05,
    "0.020": 6.270121596872733e-05,
    "0.029": 6.208299604290087e-05,
    "0.041": 5.3954812382530135e-05,
    "0.059": 2.015764147528394e-05,
    "0.084": 6.007067668672022e-05,
    "0.121": 1.089558964431471e-05,
    "0.172": 3.0345187609011817e-05,
    "0.246": 2.748525231217299e-05,
    "0.350": 2.0373075694542874e-05,
    "0.500": 5.675419968972856e-05
   },
   "pk_max": 6.319570475413541e-05,
   "pk_scale_dependence": 5.230011510982071e-05,
   "tt_max": 0.0006991896965111944,
   "tt_argmax_l": 485,
   "ee_max": 0.005559737113394516,
   "sigma8_dev": 1.703646958797455e-05,
   "snr": {
    "fsigma8": 0.007905316287894615,
    "pk": 0.006319570475413541,
    "cl_tt": 0.23306323217039815
   }
  },
  "xi=1.0e-04_g3=1.0e-01": {
   "fsigma8_dev": [
    7.943555951247177e-05,
    2.7543871881122628e-05,
    1.6858506197789814e-05,
    1.5146885063732068e-05
   ],
   "fsigma8_max": 7.943555951247177e-05,
   "pk_dev_by_k": {
    "0.010": 6.319978535645714e-05,
    "0.014": 3.61870151046365e-05,
    "0.020": 6.270042409535178e-05,
    "0.029": 6.229252629409624e-05,
    "0.041": 5.313667567909643e-05,
    "0.059": 1.8959878312648888e-05,
    "0.084": 5.955590777523336e-05,
    "0.121": 1.2711054869016768e-05,
    "0.172": 3.0472249550120957e-05,
    "0.246": 2.8325750944468478e-05,
    "0.350": 2.024147876381197e-05,
    "0.500": 5.824059813354585e-05
   },
   "pk_max": 6.319978535645714e-05,
   "pk_scale_dependence": 5.0488730487440375e-05,
   "tt_max": 7.424818887291097e-05,
   "tt_argmax_l": 2,
   "ee_max": 0.00024306003203458619,
   "sigma8_dev": 1.7020778728447624e-05,
   "snr": {
    "fsigma8": 0.007943555951247176,
    "pk": 0.006319978535645714,
    "cl_tt": 0.024749396290970324
   }
  },
  "xi=1.0e-03_g3=1.0e-01": {
   "fsigma8_dev": [
    7.93014893319269e-05,
    2.7638485682961234e-05,
    1.6868920340729945e-05,
    1.539987325389985e-05
   ],
   "fsigma8_max": 7.93014893319269e-05,
   "pk_dev_by_k": {
    "0.010": 6.318449676449407e-05,
    "0.014": 3.615074659563284e-05,
    "0.020": 6.267773847594878e-05,
    "0.029": 6.29426237904341e-05,
    "0.041": 5.33568846000637e-05,
    "0.059": 1.7907377250659297e-05,
    "0.084": 5.9831109033448594e-05,
    "0.121": 1.2712451062322806e-05,
    "0.172": 3.17790856856108e-05,
    "0.246": 2.9199992959769803e-05,
    "0.350": 2.1647223863741046e-05,
    "0.500": 5.771777981242004e-05
   },
   "pk_max": 6.318449676449407e-05,
   "pk_scale_dependence": 5.047204570217126e-05,
   "tt_max": 0.0016059698568326346,
   "tt_argmax_l": 2,
   "ee_max": 0.00024302638217122923,
   "sigma8_dev": 1.7156709964330655e-05,
   "snr": {
    "fsigma8": 0.00793014893319269,
    "pk": 0.006318449676449406,
    "cl_tt": 0.5353232856108782
   }
  },
  "xi=1.0e-02_g3=1.0e-01": {
   "fsigma8_dev": [
    7.871386106594687e-05,
    2.7756996107718763e-05,
    1.6993108699520035e-05,
    1.5444646199152937e-05
   ],
   "fsigma8_max": 7.871386106594687e-05,
   "pk_dev_by_k": {
    "0.010": 6.311925297135201e-05,
    "0.014": 3.606474806495996e-05,
    "0.020": 6.296259146105819e-05,
    "0.029": 6.185792536846728e-05,
    "0.041": 5.344899587986174e-05,
    "0.059": 1.771739092194198e-05,
    "0.084": 5.970650826396516e-05,
    "0.121": 1.3139833316423351e-05,
    "0.172": 3.113789952639079e-05,
    "0.246": 2.8390027341728627e-05,
    "0.350": 2.0507085729582045e-05,
    "0.500": 5.813101709889337e-05
   },
   "pk_max": 6.311925297135201e-05,
   "pk_scale_dependence": 4.997941965492866e-05,
   "tt_max": 0.0034351583211312017,
   "tt_argmax_l": 2,
   "ee_max": 0.0002432994451194464,
   "sigma8_dev": 1.713363746194214e-05,
   "snr": {
    "fsigma8": 0.007871386106594687,
    "pk": 0.006311925297135201,
    "cl_tt": 1.1450527737104006
   }
  },
  "xi=1.0e-01_g3=1.0e-01": {
   "fsigma8_dev": [
    7.459634733675697e-05,
    2.9533819498507052e-05,
    1.837585759304472e-05,
    1.619871323478637e-05
   ],
   "fsigma8_max": 7.459634733675697e-05,
   "pk_dev_by_k": {
    "0.010": 6.412355066885212e-05,
    "0.014": 3.690159695016892e-05,
    "0.020": 6.384002424689502e-05,
    "0.029": 6.332393346585861e-05,
    "0.041": 5.410968310846181e-05,
    "0.059": 2.0067932367086985e-05,
    "0.084": 6.133378213481873e-05,
    "0.121": 1.3357313655771102e-05,
    "0.172": 3.184801304284494e-05,
    "0.246": 2.8384479775103406e-05,
    "0.350": 2.121282051004154e-05,
    "0.500": 5.8803995905919404e-05
   },
   "pk_max": 6.412355066885212e-05,
   "pk_scale_dependence": 5.076623701308102e-05,
   "tt_max": 0.08282187241143345,
   "tt_argmax_l": 2,
   "ee_max": 0.0002445432999986202,
   "sigma8_dev": 1.742105555795873e-05,
   "snr": {
    "fsigma8": 0.007459634733675697,
    "pk": 0.006412355066885212,
    "cl_tt": 27.60729080381115
   }
  },
  "xi=1.0e+00_g3=1.0e-01": {
   "fsigma8_dev": [
    9.212504863990953e-05,
    1.6888171974217437e-05,
    1.6685630587980416e-05,
    2.9626045227155674e-06
   ],
   "fsigma8_max": 9.212504863990953e-05,
   "pk_dev_by_k": {
    "0.010": 3.06015279362444e-05,
    "0.014": 3.4877546522340624e-06,
    "0.020": 3.0224366854427157e-05,
    "0.029": 2.9668461916395434e-05,
    "0.041": 2.1279458170747592e-05,
    "0.059": 1.4927138251614637e-05,
    "0.084": 2.753233752055213e-05,
    "0.121": 2.0212402350259662e-05,
    "0.172": 1.2333721389244414e-06,
    "0.246": 6.564343736801109e-06,
    "0.350": 1.0969957597273684e-05,
    "0.500": 2.6556730009735263e-05
   },
   "pk_max": 3.06015279362444e-05,
   "pk_scale_dependence": 2.9368155797319955e-05,
   "tt_max": 0.08546402213511894,
   "tt_argmax_l": 2,
   "ee_max": 7.824602924679481e-05,
   "sigma8_dev": 8.238719640599281e-07,
   "snr": {
    "fsigma8": 0.009212504863990953,
    "pk": 0.0030601527936244396,
    "cl_tt": 28.48800737837298
   }
  },
  "xi=1.0e-05_g3=1.0e+00": {
   "fsigma8_dev": [
    7.938694287602858e-05,
    2.6858643859066356e-05,
    1.623195670193598e-05,
    1.5112123916720084e-05
   ],
   "fsigma8_max": 7.938694287602858e-05,
   "pk_dev_by_k": {
    "0.010": 6.255135455259286e-05,
    "0.014": 3.5536580844877574e-05,
    "0.020": 6.220770103743238e-05,
    "0.029": 6.130070399873015e-05,
    "0.041": 5.227462456051948e-05,
    "0.059": 1.9530056515215855e-05,
    "0.084": 5.8160421272123236e-05,
    "0.121": 1.2115638684775348e-05,
    "0.172": 2.821444364590461e-05,
    "0.246": 2.8771646685321947e-05,
    "0.350": 1.8781435998701754e-05,
    "0.500": 5.6752050998023975e-05
   },
   "pk_max": 6.255135455259286e-05,
   "pk_scale_dependence": 5.0435715867817506e-05,
   "tt_max": 4.0357763597802305e-05,
   "tt_argmax_l": 384,
   "ee_max": 0.00024244830239408612,
   "sigma8_dev": 1.6794523184425276e-05,
   "snr": {
    "fsigma8": 0.007938694287602858,
    "pk": 0.006255135455259285,
    "cl_tt": 0.0134525878659341
   }
  },
  "xi=1.0e-04_g3=1.0e+00": {
   "fsigma8_dev": [
    7.942789696280531e-05,
    2.6854293044606804e-05,
    1.6301211957840597e-05,
    1.4891869708773158e-05
   ],
   "fsigma8_max": 7.942789696280531e-05,
   "pk_dev_by_k": {
    "0.010": 6.279247512385628e-05,
    "0.014": 3.551903258512955e-05,
    "0.020": 6.216595916409052e-05,
    "0.029": 6.097501814542484e-05,
    "0.041": 5.3143729247476325e-05,
    "0.059": 1.7508340917621755e-05,
    "0.084": 5.879585282170574e-05,
    "0.121": 1.3739788453867383e-05,
    "0.172": 3.02144030283609e-05,
    "0.246": 2.969991497579876e-05,
    "0.350": 2.0978271575091e-05,
    "0.500": 6.089943250462716e-05
   },
   "pk_max": 6.279247512385628e-05,
   "pk_scale_dependence": 4.90526866699889e-05,
   "tt_max": 0.00011650721705415289,
   "tt_argmax_l": 2,
   "ee_max": 0.00024224789964647468,
   "sigma8_dev": 1.6779192308051465e-05,