{"timestamp": 1783180026.3736317, "eval_count": 20, "current_chi2_penalized": 10.057599999999997, "viability": 100.0, "total_penalty": 0.0}