{
  "output_prefix": "chains/toy_test",
  "timestamp": "2026-07-04 09:47:06",
  "n_modes": 1,
  "combined_logZ": -4.999999999999999,
  "best_chi2": 9.999999999999998,
  "best_cmb": 9.999999999999998,
  "best_bao": 0.0,
  "best_sn": 9.999999999999998,
  "n_evaluations": 35,
  "constraint_violations": {
    "count": 0,
    "rate": 0.0,
    "examples": []
  },
  "surrogate_evals": 0,
  "surrogate_fraction": 0.0,
  "modes": [
    {
      "name": "Mode 1 (H0=67.40)",
      "point": {
        "H0": 67.4,
        "xi_prtoe": 1e-07,
        "omega_b": 0.0224,
        "omega_cdm": 0.12
      },
      "logZ": -4.999999999999999,
      "evidence_method": "Laplace (Hessian)",
      "penalized_chi2": 9.999999999999998,
      "viability_score": 100.0,
      "stability": 100.0,
      "isolation": -1.0,
      "mcmc_samples": 0,
      "mcmc_acc_rate": 0.0,
      "ess": {},
      "errors": {
        "H0": 0.5000000000000134,
        "xi_prtoe": 141.4213562373095,
        "omega_b": 0.00049999999999888,
        "omega_cdm": 0.003000000000608096
      },
      "cov_diag": [
        0.2500000000000135,
        20000.000000000004,
        2.4999999999888005e-07,
        9.000000003648578e-06
      ],
      "surrogate_hit_rate": 0.0,
      "rhat": {},
      "unphysical_fraction": 0.0
    }
  ],
  "limitations": [
    "Gelfand-Dey evidence is approximate; cross-validate with nested sampling (--polychord) for publication.",
    "Surrogate was disabled during final MCMC/evidence to avoid bias.",
    "0 evaluations (0.0%) triggered physical constraint penalties."
  ]
}