#        weight    minuslogpost         omega_b              H0            logA             n_s          z_reio    dcdf_rho_inf     dcdf_conv_g dcdf_floor_thaw        A_planck           A_act           P_act            Tcal            Ecal          m_ncdm             A_s     Omega0_dcdf          sigma8         Omega_m              S8       chi2__BAO       chi2__CMB        chi2__SN   minuslogprior minuslogprior__0 minuslogprior__bbn            chi2 chi2__planck_2018_lowl.TT chi2__planck_2018_lowl.EE chi2__planck_2018_highl_plik.TTTEEE_lite chi2__planck_2018_lensing.clik chi2__bao.desi_2024_bao_all chi2__sn.pantheonplusshoes   chi2__act_dr6 chi2__spt3g_lite
              1       1550.2251     0.023821537       70.206228       3.0211979      0.98087556       8.6235713      0.74698138      0.29925052     0.066240717      0.98078996      0.98208658       1.0019716      0.98366046      0.98391011      0.13091378   2.0515854e-09      0.95166981       0.8253067      0.24696105      0.74880541       17.752718       1113.1687       1462.7384       57.741024        29.600049          28.140975       2984.9681                 20.722111                 399.11631                                664.76926                      28.560975                   17.752718                  1462.7384       225.80196        165.50635
              2       1538.4922       0.0237966       70.123662       3.0209082      0.98602442       8.4153306      0.74647907      0.29816226     0.071620424      0.98112092      0.98607847      0.99782872      0.98512313      0.97807343      0.12468854   2.0509911e-09      0.95160664      0.82753891      0.24745766      0.75158524        17.73132       1104.4198        1462.674        49.69821         22.49817           27.20004       2977.5879                 20.435584                 398.02229                                660.92734                      25.034639                    17.73132                   1462.674       227.04178        165.72099
              1       1534.3469       0.0237966       70.123662       3.0209082      0.98602442       8.4153306      0.74647907      0.29816226     0.071620424      0.98112092      0.98662528      0.99708585      0.98607798      0.98349496      0.12468854   2.0509911e-09      0.95160664      0.82753891      0.24745766      0.75158524        17.73132       1104.4198        1462.674       46.215869        19.015829           27.20004        2976.262                 20.435584                 398.02229                                660.92734                      25.034639                    17.73132                   1462.674       228.63823        162.79865
              1       1533.3236       0.0237966       70.123662       3.0209082      0.98602442       8.4153306      0.74647907      0.29816226     0.071620424      0.98332672      0.98662689      0.99625305      0.99050309       0.9868934      0.12468854   2.0509911e-09      0.95160664      0.82753891      0.24745766      0.75158524        17.73132        1113.131        1462.674       36.417583        9.2175429           27.20004        2993.812                 20.331776                  397.9637                                666.52048                      28.315078                    17.73132                   1462.674       229.43942        170.83624
              1       1535.4413       0.0237966       70.123662       3.0209082      0.98602442       8.4153306      0.74647907      0.29816226     0.071620424       0.9816226      0.98698225      0.99581628      0.98358748        0.981428      0.12468854   2.0509911e-09      0.95160664      0.82753891      0.24745766      0.75158524        17.73132       1104.9126        1462.674       46.756819        19.556779           27.20004       2977.3689                  20.41047                 398.01662                                660.72887                      25.756675                    17.73132                   1462.674       230.68994        161.36099
              1       1534.8507       0.0237966       70.123662       3.0209082      0.98602442       8.4153306      0.74647907      0.29816226     0.071620424       0.9816226      0.98777108      0.99665101      0.98358228      0.98166828      0.12468854   2.0509911e-09      0.95160664      0.82753891      0.24745766      0.75158524        17.73132       1104.9126        1462.674       45.570748        18.370708           27.20004       2978.5599                  20.41047                 398.01662                                660.72887                      25.756675                    17.73132                   1462.674       232.01685        161.22514
              1       1533.8819       0.0237966       70.123662       3.0209082      0.98602442       8.4153306      0.74647907      0.29816226     0.071620424      0.98251576      0.98772826      0.99655044      0.98206415      0.99010962      0.12468854   2.0509911e-09      0.95160664      0.82753891      0.24745766      0.75158524        17.73132       1107.9778        1462.674       42.106383        14.906342           27.20004        2983.551                 20.367974                 398.00877                                662.52376                       27.07729                    17.73132                   1462.674       231.95998        163.20792
              1       1533.7509       0.0237966       70.123662       3.0209082      0.98602442       8.4153306      0.74647907      0.29816226     0.071620424      0.98335908       0.9855354       1.0037556       0.9839442      0.98853507      0.12468854   2.0509911e-09      0.95160664      0.82753891      0.24745766      0.75158524        17.73132       1113.3858        1462.674       41.794403        14.594362           27.20004        2983.913                 20.330377                  397.9637                                 666.7265                       28.36524                    17.73132                   1462.674       227.80621        162.31563
              1       1532.5037       0.0237966       70.123662       3.0209082      0.98602442       8.4153306      0.74647907      0.29816226     0.071620424      0.98335908      0.98601807       1.0016537      0.98396812      0.98837749      0.12468854   2.0509911e-09      0.95160664      0.82753891      0.24745766      0.75158524        17.73132       1113.3858        1462.674       41.046982        13.846941           27.20004       2982.9134                 20.330377                  397.9637                                 666.7265                       28.36524                    17.73132                   1462.674       226.91219        162.21005
              1       1531.9119       0.0237966       70.123662       3.0209082      0.98602442       8.4153306      0.74647907      0.29816226     0.071620424      0.98271629      0.98601761       1.0018964      0.98440419      0.98604904      0.12468854   2.0509911e-09      0.95160664      0.82753891      0.24745766      0.75158524        17.73132       1109.0345        1462.674       43.013492        15.813451           27.20004       2977.7968                 20.358814                 397.99263                                663.30309                       27.37995                    17.73132                   1462.674       227.07716         161.2798
              1        1531.994       0.0237966       70.123662       3.0209082      0.98602442       8.4153306      0.74647907      0.29816226     0.071620424      0.98271629      0.98601761       1.0018964      0.98410619       0.9866714      0.12468854   2.0509911e-09      0.95160664      0.82753891      0.24745766      0.75158524        17.73132       1109.0345        1462.674       43.085615        15.885574           27.20004       2977.8168                 20.358814                 397.99263                                663.30309                       27.37995                    17.73132                   1462.674       227.07716         161.2998
              1       1531.7747       0.0237966       70.123662       3.0209082      0.98602442       8.4153306      0.74647907      0.29816226     0.071620424      0.98271629      0.98601761       1.0018964      0.98561038      0.98488134      0.12468854   2.0509911e-09      0.95160664      0.82753891      0.24745766      0.75158524        17.73132       1109.0345        1462.674       42.437591         15.23755           27.20004       2978.6743                 20.358814                 397.99263                                663.30309                       27.37995                    17.73132                   1462.674       227.07716        162.15735
              1       1531.6394       0.0237966       70.123662       3.0209082      0.98602442       8.4153306      0.74647907      0.29816226     0.071620424      0.98309905      0.98601789       1.0017519      0.98540396      0.98719246      0.12468854   2.0509911e-09      0.95160664      0.82753891      0.24745766      0.75158524        17.73132        1111.447        1462.674       40.928222        13.728182           27.20004       2981.4223                  20.34171                 397.96937                                665.17203                      27.963883                    17.73132                   1462.674       226.97655        162.59341
              1       1531.9833       0.0237966       70.123662       3.0209082      0.98602442       8.4153306      0.74647907      0.29816226     0.071620424      0.98320007      0.98530446       0.9993944      0.98537301      0.98687923      0.12468854   2.0509911e-09      0.95160664      0.82753891      0.24745766      0.75158524        17.73132       1112.1746        1462.674       41.891765        14.691724           27.20004        2980.183                 20.337282                 397.96937                                665.74858                      28.119354                    17.73132                   1462.674       225.18723        162.41589
              1       1532.8746       0.0237966       70.123662       3.0209082      0.98602442       8.4153306      0.74647907      0.29816226     0.071620424      0.98320007      0.98530446       0.9993944      0.98973557      0.98950187      0.12468854   2.0509911e-09      0.95160664      0.82753891      0.24745766      0.75158524        17.73132       1112.1746        1462.674       38.612565        11.412524           27.20004       2988.5241                 20.337282                 397.96937                                665.74858                      28.119354                    17.73132                   1462.674       225.18723        170.75697
              1       1532.8218       0.0237966       70.123662       3.0209082      0.98602442       8.4153306      0.74647907      0.29816226     0.071620424      0.98320007      0.98530446       0.9993944      0.98493517      0.99068932      0.12468854   2.0509911e-09      0.95160664      0.82753891      0.24745766      0.75158524        17.73132       1112.1746        1462.674       41.405664        14.205623           27.20004       2982.8323                 20.337282                 397.96937                                665.74858                      28.119354                    17.73132                   1462.674       225.18723        165.06514
              1       1533.6531     0.023799842       70.132074       3.0207876      0.98587007       8.4169959      0.74669557      0.29829752     0.071421322      0.98318539      0.98529123      0.99940677      0.98371856      0.98868304        0.124653   2.0507438e-09      0.95161166      0.82708941      0.24724952      0.75086102       17.799487       1113.2918       1462.7012       42.925642        15.604033           27.32161       2981.4549                 20.343331                  397.9676                                666.71324                      28.267597                   17.799487                  1462.7012       225.59474        162.06773
              1       1533.1977     0.023799842       70.132074       3.0207876      0.98587007       8.4169959      0.74669557      0.29829752     0.071421322      0.98318539      0.98529123      0.99940677      0.98579298      0.98984265        0.124653   2.0507438e-09      0.95161166      0.82708941      0.24724952      0.75086102       17.799487       1113.2918       1462.7012        41.12148         13.79987           27.32161       2984.1524                 20.343331                  397.9676                                666.71324                      28.267597                   17.799487                  1462.7012       225.59474        164.76515
              1       1534.2777     0.023799842       70.132074       3.0207876      0.98587007       8.4169959      0.74669557      0.29829752     0.071421322      0.98318539       0.9842587       1.0024966      0.98692902      0.98626725        0.124653   2.0507438e-09      0.95161166      0.82708941      0.24724952      0.75086102       17.799487       1113.2918       1462.7012       42.907679        15.586069           27.32161       2982.7401                 20.343331                  397.9676                                666.71324                      28.267597                   17.799487                  1462.7012       225.10938        163.83829
              1       1534.1927     0.023799842       70.132074       3.0207876      0.98587007       8.4169959      0.74669557      0.29829752     0.071421322      0.98243576      0.98468627       1.0038309       0.9870078      0.98653758        0.124653   2.0507438e-09      0.95161166      0.82708941      0.24724952      0.75086102       17.799487         1108.84       1462.7012       44.111235        16.789626           27.32161        2980.163                 20.377573                 398.02992                                663.30996                      27.122562                   17.799487                  1462.7012       226.78136        164.04094
              1       1532.7059     0.023799842       70.132074       3.0207876      0.98587007       8.4169959      0.74669557      0.29829752     0.071421322      0.98243576        0.986481      0.99680937      0.98821773      0.98834542        0.124653   2.0507438e-09      0.95161166      0.82708941      0.24724952      0.75086102       17.799487         1108.84       1462.7012       40.063414        12.741805           27.32161       2985.2849                 20.377573                 398.02992                                663.30996                      27.122562                   17.799487                  1462.7012       229.06273        166.88145
              1       1533.8095     0.023799842       70.132074       3.0207876      0.98587007       8.4169959      0.74669557      0.29829752     0.071421322      0.98348471      0.98496032      0.99940278      0.98814482      0.98893269        0.124653   2.0507438e-09      0.95161166      0.82708941      0.24724952      0.75086102       17.799487       1115.6406       1462.7012       39.532791        12.211181           27.32161       2988.5534                 20.330203                 397.96966                                668.60722                      28.733545                   17.799487                  1462.7012       225.22446        167.18756
              1       1533.5113     0.023799842       70.132074       3.0207876      0.98587007       8.4169959      0.74669557      0.29829752     0.071421322      0.98348471      0.98529224      0.99927231      0.98542264      0.98491388        0.124653   2.0507438e-09      0.95161166      0.82708941      0.24724952      0.75086102       17.799487       1115.6406       1462.7012       41.763142        14.441532           27.32161       2983.4964                 20.330203                 397.96966                                668.60722                      28.733545                   17.799487                  1462.7012       225.63159        161.72346
              1       1533.0193     0.023785886       70.130641       3.0209932      0.98606482       8.4225907      0.74586115      0.29607537      0.07018165      0.98348889        0.985343      0.99932075      0.98509189      0.98275753      0.12075151   2.0511654e-09      0.95163806       0.8298224      0.24808369      0.75461187       17.484446       1114.5714       1462.6357       42.049063        15.249061          26.800002       2981.9405                 20.316599                 397.98018                                668.15264                      28.121973                   17.484446                  1462.6357       224.46587         162.7831
              2       1533.9609     0.023785886       70.130641       3.0209932      0.98606482       8.4225907      0.74586115      0.29607537      0.07018165      0.98052254      0.98682812      0.99943671      0.98532281       0.9835075      0.12075151   2.0511654e-09      0.95163806       0.8298224      0.24808369      0.75461187       17.484446       1101.3902       1462.6357       47.884563        21.084561          26.800002       2972.1526                 20.456821                 398.01976                                659.10447                       23.80916                   17.484446                  1462.6357       227.78851        162.85371
              1       1532.5698     0.023785886       70.130641       3.0209932      0.98606482       8.4225907      0.74586115      0.29607537      0.07018165      0.98362827      0.98683037      0.99826414      0.98509969      0.98320854      0.12075151   2.0511654e-09      0.95163806       0.8298224      0.24808369      0.75461187       17.484446       1115.9446       1462.6357       39.232047        12.432045          26.800002       2986.6754                 20.310727                 397.98018                                669.31694                      28.336733                   17.484446                  1462.6357       227.93309        162.67757
              2       1532.9617     0.023785886       70.130641       3.0209932      0.98606482       8.4225907      0.74586115      0.29607537      0.07018165      0.98362827      0.98604929       1.0012451      0.98965031      0.98529066      0.12075151   2.0511654e-09      0.95163806       0.8298224      0.24808369      0.75461187       17.484446       1115.9446       1462.6357       36.938635        10.138634          26.800002       2992.0462                 20.310727                 397.98018                                669.31694                      28.336733                   17.484446                  1462.6357       226.21333        169.76814
              1       1533.1142     0.023782889       70.111414       3.0207901      0.98670932       8.4201936      0.74571589      0.29660876     0.068732098      0.98359683      0.98606861       1.0011651      0.98965582       0.9852083      0.11823665   2.0507488e-09      0.95161763      0.83106015       0.2482091      0.75592843        17.17534       1117.8403       1462.7874        36.89989        10.211315          26.688576       2992.4286                 20.281066                 397.97258                                 671.6834                      27.903247                    17.17534                  1462.7874       225.54921        169.07637
              1       1532.7684     0.023782889       70.111414       3.0207901      0.98670932       8.4201936      0.74571589      0.29660876     0.068732098      0.98283975      0.98606806        1.001451      0.98803393      0.99273679      0.11823665   2.0507488e-09      0.95161763      0.83106015       0.2482091      0.75592843        17.17534       1111.2036       1462.7874       38.260207        11.571632          26.688576       2989.0164                 20.311437                 397.97244                                666.15661                       26.76309                    17.17534                  1462.7874       225.71994        172.13008
              1       1532.6662     0.023782889       70.111414       3.0207901      0.98670932       8.4201936      0.74571589      0.29660876     0.068732098      0.98221794      0.98606761       1.0016857      0.98809337      0.99282709      0.11823665   2.0507488e-09      0.95161763      0.83106015       0.2482091      0.75592843        17.17534       1107.2261       1462.7874       39.951578        13.263002          26.688576       2985.4291                 20.337574                  397.9616                                663.07636                      25.850572                    17.17534                  1462.7874       225.88068        172.35959
              1       1535.2946     0.023782889       70.111414       3.0207901      0.98670932       8.4201936      0.74571589      0.29660876     0.068732098      0.98361154      0.98679521        0.997203      0.98942823      0.99417493      0.11823665   2.0507488e-09      0.95161763      0.83106015       0.2482091      0.75592843        17.17534       1117.9888       1462.7874       34.135125        7.4465495          26.688576       3002.3189                 20.280495                 397.97258                                671.81001                      27.925715                    17.17534                  1462.7874       227.49728        176.87007
              1       1533.7042     0.023782889       70.111414       3.0207901      0.98670932       8.4201936      0.74571589      0.29660876     0.068732098      0.98158859      0.98679375      0.99796677      0.99093945      0.99235024      0.11823665   2.0507488e-09      0.95161763      0.83106015       0.2482091      0.75592843        17.17534       1104.6179       1462.7874       39.265899        12.577323          26.688576       2988.8766                 20.365214                 397.99661                                661.30697                       24.94911                    17.17534                  1462.7874        227.0813        177.21457
              1       1531.0796     0.023782889       70.111414       3.0207901      0.98670932       8.4201936      0.74571589      0.29660876     0.068732098      0.98275041      0.98679459      0.99752812      0.98637902      0.99021393      0.11823665   2.0507488e-09      0.95161763      0.83106015       0.2482091      0.75592843        17.17534       1110.5511       1462.7874       38.867912        12.179337          26.688576       2984.4234                 20.315127                 397.97244                                665.63291                      26.630657                    17.17534                  1462.7874       227.29552        166.61397
              1       1530.6579     0.023782889       70.111414       3.0207901      0.98670932       8.4201936      0.74571589      0.29660876     0.068732098      0.98275041      0.98712965      0.99978897       0.9877071      0.98513631      0.11823665   2.0507488e-09      0.95161763      0.83106015       0.2482091      0.75592843        17.17534       1110.5511       1462.7874        38.71303        12.024454          26.688576       2983.8898                 20.315127                 397.97244                                665.63291                      26.630657                    17.17534                  1462.7874       227.91949        165.45639
              1       1530.8241     0.023782889       70.111414       3.0207901      0.98670932       8.4201936      0.74571589      0.29660876     0.068732098      0.98275041      0.98758564       1.0000914       0.9877011      0.98526586      0.11823665   2.0507488e-09      0.95161763      0.83106015       0.2482091      0.75592843        17.17534       1110.5511       1462.7874       38.039886        11.351311          26.688576       2985.5684                 20.315127                 397.97244                                665.63291                      26.630657                    17.17534                  1462.7874       229.59232        165.46214
              1       1532.5655     0.023782889       70.111414       3.0207901      0.98670932       8.4201936      0.74571589      0.29660876     0.068732098      0.98275041      0.98784862      0.99659759      0.98688856      0.98157963      0.11823665   2.0507488e-09      0.95161763      0.83106015       0.2482091      0.75592843        17.17534       1110.5511       1462.7874       39.349221        12.660646          26.688576       2986.4325                 20.315127                 397.97244                                665.63291                      26.630657                    17.17534                  1462.7874       230.89844        165.02019
              1       1531.1156     0.023782889       70.111414       3.0207901      0.98670932       8.4201936      0.74571589      0.29660876     0.068732098      0.98269287      0.98784858      0.99661931      0.98740943      0.98485376      0.11823665   2.0507488e-09      0.95161763      0.83106015       0.2482091      0.75592843        17.17534       1110.1456       1462.7874       38.136634        11.448058          26.688576        2985.958                 20.317515                 397.97244                                   665.31                      26.545595                    17.17534                  1462.7874       230.88341        164.96622
              1       1530.9474     0.023782889       70.111414       3.0207901      0.98670932       8.4201936      0.74571589      0.29660876     0.068732098      0.98269287      0.98649518       1.0011647       0.9849853       0.9857257      0.11823665   2.0507488e-09      0.95161763      0.83106015       0.2482091      0.75592843        17.17534       1110.1456       1462.7874       41.482701        14.794125          26.688576       2978.9295                 20.317515                 397.97244                                   665.31                      26.545595                    17.17534                  1462.7874       226.65053        162.17062
              2       1530.9603     0.023782889       70.111414       3.0207901      0.98670932       8.4201936      0.74571589      0.29660876     0.068732098      0.98269287      0.98649518       1.0011647       0.9877494      0.98936552      0.11823665   2.0507488e-09      0.95161763      0.83106015       0.2482091      0.75592843        17.17534       1110.1456       1462.7874       38.755861        12.067285          26.688576       2984.4088                 20.317515                 397.97244                                   665.31                      26.545595                    17.17534                  1462.7874       226.65053        167.64996
              1       1532.3618     0.023782889       70.111414       3.0207901      0.98670932       8.4201936      0.74571589      0.29660876     0.068732098      0.98269287      0.98649518       1.0011647      0.99086361      0.98947035      0.11823665   2.0507488e-09      0.95161763      0.83106015       0.2482091      0.75592843        17.17534       1110.1456       1462.7874       37.083007        10.394431          26.688576       2990.5576                 20.317515                 397.97244                                   665.31                      26.545595                    17.17534                  1462.7874       226.65053        173.79878
              1        1531.105     0.023782889       70.111414       3.0207901      0.98670932       8.4201936      0.74571589      0.29660876     0.068732098      0.98269287      0.98649518       1.0011647      0.98905649      0.98657915      0.11823665   2.0507488e-09      0.95161763      0.83106015       0.2482091      0.75592843        17.17534       1110.1456       1462.7874       38.638052        11.949476          26.688576       2984.9338                 20.317515                 397.97244                                   665.31                      26.545595                    17.17534                  1462.7874       226.65053        168.17499
              1        1533.427     0.023782889       70.111414       3.0207901      0.98670932       8.4201936      0.74571589      0.29660876     0.068732098      0.98269287      0.98649518       1.0011647      0.98121588      0.98540375      0.11823665   2.0507488e-09      0.95161763      0.83106015       0.2482091      0.75592843        17.17534       1110.1456       1462.7874       44.730384        18.041808          26.688576       2977.3933                 20.317515                 397.97244                                   665.31                      26.545595                    17.17534                  1462.7874       226.65053        160.63446
              1       1532.2449     0.023782889       70.111414       3.0207901      0.98670932       8.4201936      0.74571589      0.29660876     0.068732098      0.98269287      0.98649518       1.0011647      0.98245429      0.98634016      0.11823665   2.0507488e-09      0.95161763      0.83106015       0.2482091      0.75592843        17.17534       1110.1456       1462.7874       43.364226         16.67565          26.688576       2977.7614                 20.317515                 397.97244                                   665.31                      26.545595                    17.17534                  1462.7874       226.65053         161.0025
              1       1534.0901     0.023782889       70.111414       3.0207901      0.98670932       8.4201936      0.74571589      0.29660876     0.068732098      0.98269287      0.98649518       1.0011647      0.98060996      0.98806607      0.11823665   2.0507488e-09      0.95161763      0.83106015       0.2482091      0.75592843        17.17534       1110.1456       1462.7874       44.635867        17.947291          26.688576       2978.9084                 20.317515                 397.97244                                   665.31                      26.545595                    17.17534                  1462.7874       226.65053        162.14954
              1       1533.8527     0.023782889       70.111414       3.0207901      0.98670932       8.4201936      0.74571589      0.29660876     0.068732098      0.98252915      0.98688231       1.0006156      0.98060609      0.98815481      0.11823665   2.0507488e-09      0.95161763      0.83106015       0.2482091      0.75592843        17.17534       1109.0443       1462.7874       44.502556        17.813981          26.688576       2978.7002                 20.324358                  397.9624                                664.45299                      26.304577                    17.17534                  1462.7874       227.47321        162.21992
              1        1534.657     0.023782889       70.111414       3.0207901      0.98670932       8.4201936      0.74571589      0.29660876     0.068732098      0.98252915      0.98695967      0.99575936      0.98052353        0.987922      0.11823665   2.0507488e-09      0.95161763      0.83106015       0.2482091      0.75592843        17.17534       1109.0443       1462.7874       44.522417        17.833842          26.688576       2980.2691                 20.324358                  397.9624                                664.45299                      26.304577                    17.17534                  1462.7874       229.19211         162.0699
              1       1535.5658     0.023782889       70.111414       3.0207901      0.98670932       8.4201936      0.74571589      0.29660876     0.068732098      0.98252915      0.98657655      0.99457738      0.98101253       0.9836315      0.11823665   2.0507488e-09      0.95161763      0.83106015       0.2482091      0.75592843        17.17534       1109.0443       1462.7874       45.773814        19.085238          26.688576        2979.584                 20.324358                  397.9624                                664.45299                      26.304577                    17.17534                  1462.7874        230.0844        160.49249
              1       1535.4149     0.023782889       70.111414       3.0207901      0.98670932       8.4201936      0.74571589      0.29660876     0.068732098      0.98252915       0.9880813       1.0005797      0.98792658      0.97838272      0.11823665   2.0507488e-09      0.95161763      0.83106015       0.2482091      0.75592843        17.17534       1109.0443       1462.7874       40.215167        13.526592          26.688576       2990.3995                 20.324358                  397.9624                                664.45299                      26.304577                    17.17534                  1462.7874       231.84154        169.55086
              1       1534.8365     0.023782495       70.108951       3.0208314      0.98669461       8.4168741      0.74565392      0.29647177     0.069068176      0.98255444      0.98809668       1.0005924      0.98813869      0.97877117      0.11821749   2.0508335e-09      0.95161503      0.83110175      0.24827077      0.75606018       17.181692       1108.6971       1462.7631       39.826171        13.152244          26.673927       2990.0206                 20.325925                 397.95395                                664.14645                      26.270728                   17.181692                  1462.7631       231.81625         169.5625
              1       1531.7683     0.023782495       70.108951       3.0208314      0.98669461       8.4168741      0.74565392      0.29647177     0.069068176      0.98255444      0.98809668       1.0005924      0.98714723      0.98259005      0.11821749   2.0508335e-09      0.95161503      0.83110175      0.24827077      0.75606018       17.181692       1108.6971       1462.7631       39.037963        12.364036          26.673927       2985.4607                 20.325925                 397.95395                                664.14645                      26.270728                   17.181692                  1462.7631       231.81625        165.00255
              1       1533.4033     0.023782495       70.108951       3.0208314      0.98669461       8.4168741      0.74565392      0.29647177     0.069068176      0.98265184      0.98743554      0.99365094      0.98843288      0.98338226      0.11821749   2.0508335e-09      0.95161503      0.83110175      0.24827077      0.75606018       17.181692       1109.3356       1462.7631       38.631879        11.957952          26.673927       2989.5428                 20.321835                 397.95604                                664.64394                      26.413778                   17.181692                  1462.7631       233.38443        166.87798
              1       1532.1998     0.023782495       70.108951       3.0208314      0.98669461       8.4168741      0.74565392      0.29647177     0.069068176      0.98265184      0.98579661      0.99607378      0.98809337      0.98403084      0.11821749   2.0508335e-09      0.95161503      0.83110175      0.24827077      0.75606018       17.181692       1109.3356       1462.7631       41.066853        14.392926          26.673927       2982.2659                 20.321835                 397.95604                                664.64394                      26.413778                   17.181692                  1462.7631       226.82428        166.16125
              1       1531.5074     0.023782495       70.108951       3.0208314      0.98669461       8.4168741      0.74565392      0.29647177     0.069068176      0.98265184      0.98579661      0.99607378      0.98741851      0.98712384      0.11821749   2.0508335e-09      0.95161503      0.83110175      0.24827077      0.75606018       17.181692       1109.3356       1462.7631       40.632701        13.958775          26.673927       2981.7494                 20.321835                 397.95604                                664.64394                      26.413778                   17.181692                  1462.7631       226.82428        165.64478
              1       1531.5091     0.023782495       70.108951       3.0208314      0.98669461       8.4168741      0.74565392      0.29647177     0.069068176      0.98265184      0.98487093      0.99842604      0.98747997      0.98701485      0.11821749   2.0508335e-09      0.95161503      0.83110175      0.24827077      0.75606018       17.181692       1109.3356       1462.7631       42.129558        15.455631          26.673927       2978.7591                 20.321835                 397.95604                                664.64394                      26.413778                   17.181692                  1462.7631       223.79294        165.68579
              1       1534.1279     0.023782495       70.108951       3.0208314      0.98669461       8.4168741      0.74565392      0.29647177     0.069068176      0.98265184      0.98487093      0.99842604      0.98237556      0.98271774      0.11821749   2.0508335e-09      0.95161503      0.83110175      0.24827077      0.75606018       17.181692       1109.3356       1462.7631       47.176176        20.502249          26.673927       2973.9035                 20.321835                 397.95604                                664.64394                      26.413778                   17.181692                  1462.7631       223.79294        160.83014
              1       1533.2375     0.023782495       70.108951       3.0208314      0.98669461       8.4168741      0.74565392      0.29647177     0.069068176      0.98265184      0.98487093      0.99842604       0.9841975      0.99156585      0.11821749   2.0508335e-09      0.95161503      0.83110175      0.24827077      0.75606018       17.181692       1109.3356       1462.7631       43.513124        16.839197          26.673927       2979.4488                 20.321835                 397.95604                                664.64394                      26.413778                   17.181692                  1462.7631       223.79294        166.37552
              1       1535.2181     0.023782495       70.108951       3.0208314      0.98669461       8.4168741      0.74565392      0.29647177     0.069068176      0.98265184      0.98651242       1.0033667      0.98048394      0.98896043      0.11821749   2.0508335e-09      0.95161503      0.83110175      0.24827077      0.75606018       17.181692       1109.3356       1462.7631       44.636351        17.962424          26.673927       2981.1635                 20.321835                 397.95604                                664.64394                      26.413778                   17.181692                  1462.7631       228.82596        163.05716
              1       1535.2875     0.023782495       70.108951       3.0208314      0.98669461       8.4168741      0.74565392      0.29647177     0.069068176      0.98286025      0.98651257       1.0032881      0.98046078      0.98867822      0.11821749   2.0508335e-09      0.95161503      0.83110175      0.24827077      0.75606018       17.181692       1110.8123       1462.7631       44.143253        17.469326          26.673927       2982.2884                 20.313173                  397.9604                                 665.8171                      26.721645                   17.181692                  1462.7631       228.72066        162.81064
              1       1531.9932     0.023782495       70.108951       3.0208314      0.98669461       8.4168741      0.74565392      0.29647177     0.069068176      0.98286025      0.98548783       1.0027959      0.98813174      0.98465121      0.11821749   2.0508335e-09      0.95161503      0.83110175      0.24827077      0.75606018       17.181692       1110.8123       1462.7631        40.77801        14.104083          26.673927       2982.4304                 20.313173                  397.9604                                 665.8171                      26.721645                   17.181692                  1462.7631       225.48232        166.19092
              1       1532.3947     0.023782495       70.108951       3.0208314      0.98669461       8.4168741      0.74565392      0.29647177     0.069068176      0.98286025      0.98631213      0.99777269      0.98697447       0.9812969      0.11821749   2.0508335e-09      0.95161503      0.83110175      0.24827077      0.75606018       17.181692       1110.8123       1462.7631       41.281665        14.607738          26.673927       2982.2262                 20.313173                  397.9604                                 665.8171                      26.721645                   17.181692                  1462.7631       226.06841        165.40063
              1       1532.0982     0.023782495       70.108951       3.0208314      0.98669461       8.4168741      0.74565392      0.29647177     0.069068176      0.98286025      0.98631213      0.99777269      0.99105067      0.98745162      0.11821749   2.0508335e-09      0.95161503      0.83110175      0.24827077      0.75606018       17.181692       1110.8123       1462.7631       37.240481        10.566554          26.673927       2989.7155                 20.313173                  397.9604                                 665.8171                      26.721645                   17.181692                  1462.7631       226.06841           172.89
              1       1532.1489     0.023782495       70.108951       3.0208314      0.98669461       8.4168741      0.74565392      0.29647177     0.069068176      0.98286025      0.98751993      0.99574957      0.98992559      0.98962075      0.11821749   2.0508335e-09      0.95161503      0.83110175      0.24827077      0.75606018       17.181692       1110.8123       1462.7631       35.544966        8.8710389          26.673927       2993.2078                 20.313173                  397.9604                                 665.8171                      26.721645                   17.181692                  1462.7631       230.58905        171.86165
              1       1533.1233     0.023782495       70.108951       3.0208314      0.98669461       8.4168741      0.74565392      0.29647177     0.069068176      0.98286025      0.98741177      0.99311188      0.98717214      0.98855146      0.11821749   2.0508335e-09      0.95161503      0.83110175      0.24827077      0.75606018       17.181692       1110.8123       1462.7631       37.480379        10.806452          26.673927       2991.2858                 20.313173                  397.9604                                 665.8171                      26.721645                   17.181692                  1462.7631       234.36336        166.16533
              1       1532.7484     0.023782495       70.108951       3.0208314      0.98669461       8.4168741      0.74565392      0.29647177     0.069068176      0.98180035      0.98741101      0.99351205      0.98712895      0.98587288      0.11821749   2.0508335e-09      0.95161503      0.83110175      0.24827077      0.75606018       17.181692       1104.8954       1462.7631       41.153556        14.479629          26.673927       2983.1897                 20.358532                  397.9624                                661.39322                      25.181233                   17.181692                  1462.7631        233.5844        164.76514
              1       1533.7571     0.023782495       70.108951       3.0208314      0.98669461       8.4168741      0.74565392      0.29647177     0.069068176      0.98269462      0.99056658      0.99689387      0.98600642      0.98918572      0.11821749   2.0508335e-09      0.95161503      0.83110175      0.24827077      0.75606018       17.181692       1109.6285       1462.7631       34.718972        8.0450455          26.673927       2998.0763                 20.320047                 397.95896                                664.87269                       26.47678                   17.181692                  1462.7631       243.27361         165.2294
              1       1533.5385     0.023782495       70.108951       3.0208314      0.98669461       8.4168741      0.74565392      0.29647177     0.069068176      0.98269462      0.99017786      0.99486351      0.98598208      0.98898326      0.11821749   2.0508335e-09      0.95161503      0.83110175      0.24827077      0.75606018       17.181692       1109.6285       1462.7631       35.193538        8.5196115          26.673927         2996.69                 20.320047                 397.95896                                664.87269                       26.47678                   17.181692                  1462.7631       242.08894        165.02774
              1        1532.293     0.023782495       70.108951       3.0208314      0.98669461       8.4168741      0.74565392      0.29647177     0.069068176      0.98269462       0.9888203         1.00062      0.98844185       0.9838693      0.11821749   2.0508335e-09      0.95161503      0.83110175      0.24827077      0.75606018       17.181692       1109.6285       1462.7631       36.530581        9.8566544          26.673927       2991.5249                 20.320047                 397.95896                                664.87269                       26.47678                   17.181692                  1462.7631       235.15533        166.79631
              1        1531.276     0.023782495       70.108951       3.0208314      0.98669461       8.4168741      0.74565392      0.29647177     0.069068176      0.98269462      0.98670444      0.99814473      0.98776175      0.98275998      0.11821749   2.0508335e-09      0.95161503      0.83110175      0.24827077      0.75606018       17.181692       1109.6285       1462.7631       40.159177         13.48525          26.673927       2982.2336                 20.320047                 397.95896                                664.87269                       26.47678                   17.181692                  1462.7631       226.75508        165.90527
              1       1530.1989     0.023798396       70.103981        3.020432       0.9862772       8.3347364      0.74608411      0.29670602     0.073180505      0.98279596      0.98676968      0.99822491      0.98718126       0.9824085       0.1213992   2.0500146e-09      0.95157581      0.82816778      0.24786132      0.75276961        17.63461       1107.0254       1462.6088       40.853251        13.585907          27.267345       2978.6914                 20.368046                 397.65677                                662.63257                      26.368004                    17.63461                  1462.6088       227.16718         164.2554
              1       1528.7254     0.023798396       70.103981        3.020432       0.9862772       8.3347364      0.74608411      0.29670602     0.073180505      0.98279596      0.98735156       1.0001165      0.98921061      0.98705363       0.1213992   2.0500146e-09      0.95157581      0.82816778      0.24786132      0.75276961        17.63461       1107.0254       1462.6088       37.486509        10.219164          27.267345       2982.4778                 20.368046                 397.65677                                662.63257                      26.368004                    17.63461                  1462.6088       228.29492        166.91405
              1       1528.4964     0.023798396       70.103981        3.020432       0.9862772       8.3347364      0.74608411      0.29670602     0.073180505      0.98279596      0.98841026      0.99867139      0.98740271      0.98720396       0.1213992   2.0500146e-09      0.95157581      0.82816778      0.24786132      0.75276961        17.63461       1107.0254       1462.6088       37.072912        9.8055676          27.267345       2982.8471                 20.368046                 397.65677                                662.63257                      26.368004                    17.63461                  1462.6088       231.44933        164.12895
              1       1528.3752     0.023798396       70.103981        3.020432       0.9862772       8.3347364      0.74608411      0.29670602     0.073180505      0.98304168      0.98841044      0.99857862      0.98737922      0.98716827       0.1213992   2.0500146e-09      0.95157581      0.82816778      0.24786132      0.75276961        17.63461       1108.1186       1462.6088       36.424459        9.1571141          27.267345       2983.9014                 20.357073                 397.63849                                 663.3911                      26.731956                    17.63461                  1462.6088       231.45465        164.08472
              1       1529.1626     0.023798396       70.103981        3.020432       0.9862772       8.3347364      0.74608411      0.29670602     0.073180505      0.98304168      0.98750321      0.99802448      0.98533794      0.99082336       0.1213992   2.0500146e-09      0.95157581      0.82816778      0.24786132      0.75276961        17.63461       1108.1186       1462.6088       38.258694         10.99135          27.267345       2981.8079                 20.357073                 397.63849                                 663.3911                      26.731956                    17.63461                  1462.6088       228.85365        164.59219
              1       1528.8756     0.023798396       70.103981        3.020432       0.9862772       8.3347364      0.74608411      0.29670602     0.073180505      0.98304168      0.98750321      0.99802448      0.98586855      0.99046103       0.1213992   2.0500146e-09      0.95157581      0.82816778      0.24786132      0.75276961        17.63461       1108.1186       1462.6088        37.94392        10.676575          27.267345       2981.8633                 20.357073                 397.63849                                 663.3911                      26.731956                    17.63461                  1462.6088       228.85365        164.64766
              1       1529.0393     0.023798396       70.103981        3.020432       0.9862772       8.3347364      0.74608411      0.29670602     0.073180505      0.98304168      0.98769772      0.99952861      0.98884307      0.98447473       0.1213992   2.0500146e-09      0.95157581      0.82816778      0.24786132      0.75276961        17.63461       1108.1186       1462.6088       37.229787         9.962442          27.267345       2983.6191                 20.357073                 397.63849                                 663.3911                      26.731956                    17.63461                  1462.6088       229.17012        166.08694
              1       1530.6649     0.023798396       70.103981        3.020432       0.9862772       8.3347364      0.74608411      0.29670602     0.073180505      0.98245497      0.98952769      0.99983429      0.98519239      0.99007811       0.1213992   2.0500146e-09      0.95157581      0.82816778      0.24786132      0.75276961        17.63461       1105.8519       1462.6088       37.535855         10.26851          27.267345        2986.258                 20.383593                 397.67663                                661.92308                      25.868572                    17.63461                  1462.6088       236.42119        163.74156
              1        1530.642     0.023798396       70.103981        3.020432       0.9862772       8.3347364      0.74608411      0.29670602     0.073180505      0.98245497      0.98957937      0.99948322       0.9851853      0.99007279       0.1213992   2.0500146e-09      0.95157581      0.82816778      0.24786132      0.75276961        17.63461       1105.8519       1462.6088       37.482078        10.214733          27.267345       2986.3198                 20.383593                 397.67663                                661.92308                      25.868572                    17.63461                  1462.6088       236.49289        163.73158
              1       1529.9892     0.023798396       70.103981        3.020432       0.9862772       8.3347364      0.74608411      0.29670602     0.073180505      0.98245497      0.98957937      0.99948322      0.98659366      0.98836256       0.1213992   2.0500146e-09      0.95157581      0.82816778      0.24786132      0.75276961        17.63461       1105.8519       1462.6088       36.845234         9.577889          27.267345       2986.2879                 20.383593                 397.67663                                661.92308                      25.868572                    17.63461                  1462.6088       236.49289        163.69974
              1        1533.168     0.023798396       70.103981        3.020432       0.9862772       8.3347364      0.74608411      0.29670602     0.073180505      0.98129781      0.98957853       0.9999201      0.98886233      0.98737666       0.1213992   2.0500146e-09      0.95157581      0.82816778      0.24786132      0.75276961        17.63461       1104.8676       1462.6088       39.046985         11.77964          27.267345       2988.2419                 20.439325                 397.70118                                662.50441                      24.222677                    17.63461                  1462.6088        236.7175        166.41344
              1       1532.2605     0.023798396       70.103981        3.020432       0.9862772       8.3347364      0.74608411      0.29670602     0.073180505       0.9819637      0.98833252      0.99566173      0.98665623      0.98225031       0.1213992   2.0500146e-09      0.95157581      0.82816778      0.24786132      0.75276961        17.63461       1104.8576       1462.6088        41.43143        14.164085          27.267345       2981.6581                 20.406676                 397.68592                                661.60442                      25.160545                    17.63461                  1462.6088       232.88896        163.66821
              1         1532.31     0.023798396       70.103981        3.020432       0.9862772       8.3347364      0.74608411      0.29670602     0.073180505       0.9819637      0.98814711      0.99648678      0.98573746      0.99359754       0.1213992   2.0500146e-09      0.95157581      0.82816778      0.24786132      0.75276961        17.63461       1104.8576       1462.6088       39.710091        12.442747          27.267345       2985.1998                 20.406676                 397.68592                                661.60442                      25.160545                    17.63461                  1462.6088       231.55753        168.54132
              1       1529.1824     0.023798396       70.103981        3.020432       0.9862772       8.3347364      0.74608411      0.29670602     0.073180505       0.9830452      0.98841345       0.9981112      0.98422448      0.98757077       0.1213992   2.0500146e-09      0.95157581      0.82816778      0.24786132      0.75276961        17.63461        1108.136       1462.6088       38.536667        11.269323          27.267345       2981.2914                 20.356918                 397.63849                                663.40344                      26.737182                    17.63461                  1462.6088       231.53349        161.37848
              1       1529.1811     0.023798396       70.103981        3.020432       0.9862772       8.3347364      0.74608411      0.29670602     0.073180505       0.9830452      0.98862457      0.99901436      0.98804445      0.98441618       0.1213992   2.0500146e-09      0.95157581      0.82816778      0.24786132      0.75276961        17.63461        1108.136       1462.6088       36.476074          9.20873          27.267345         2985.41                 20.356918                 397.63849                                663.40344                      26.737182                    17.63461                  1462.6088       232.24908        164.78152
              1       1531.0655     0.023798396       70.103981        3.020432       0.9862772       8.3347364      0.74608411      0.29670602     0.073180505       0.9818623      0.98862371      0.99946097      0.98858434      0.98419734       0.1213992   2.0500146e-09      0.95157581      0.82816778      0.24786132      0.75276961        17.63461       1104.7559       1462.6088       39.550062        12.282718          27.267345       2983.0308                 20.411545                 397.68592                                661.64235                       25.01611                    17.63461                  1462.6088        232.3336        165.69786
              1       1529.8511     0.023798396       70.103981        3.020432       0.9862772       8.3347364      0.74608411      0.29670602     0.073180505      0.98335037      0.98862479      0.99889914      0.98572126      0.98307498       0.1213992   2.0500146e-09      0.95157581      0.82816778      0.24786132      0.75276961        17.63461       1109.8127       1462.6088       37.579437        10.312093          27.267345       2984.5433                 20.343579                 397.63849                                664.63667                      27.193946                    17.63461                  1462.6088       232.23827        162.24896
              1       1531.7254     0.023798396       70.103981        3.020432       0.9862772       8.3347364      0.74608411      0.29670602     0.073180505      0.98335037      0.98893981      0.99543481      0.98273568      0.99013989       0.1213992   2.0500146e-09      0.95157581      0.82816778      0.24786132      0.75276961        17.63461       1109.8127       1462.6088       37.732262        10.464918          27.267345       2987.9863                 20.343579                 397.63849                                664.63667                      27.193946                    17.63461                  1462.6088       235.06223          162.868
              1        1531.617     0.023798396       70.103981        3.020432       0.9862772       8.3347364      0.74608411      0.29670602     0.073180505      0.98319593      0.98579952      0.99597819      0.98395954      0.98937845       0.1213992   2.0500146e-09      0.95157581      0.82816778      0.24786132      0.75276961        17.63461       1108.9237       1462.6088       41.689184         14.42184          27.267345       2979.8557                 20.350293                 397.63849                                663.97281                      26.962143                    17.63461                  1462.6088       228.24034         162.4482
              1       1531.2293     0.023798396       70.103981        3.020432       0.9862772       8.3347364      0.74608411      0.29670602     0.073180505      0.98319593      0.98579952      0.99597819      0.98607436      0.98426269       0.1213992   2.0500146e-09      0.95157581      0.82816778      0.24786132      0.75276961        17.63461       1108.9237       1462.6088       41.393114        14.125769          27.267345       2979.6724                 20.350293                 397.63849                                663.97281                      26.962143                    17.63461                  1462.6088       228.24034        162.26492
              1       1530.5692     0.023798396       70.103981        3.020432       0.9862772       8.3347364      0.74608411      0.29670602     0.073180505      0.98319593      0.98810976       1.0040649      0.98691751      0.98618037       0.1213992   2.0500146e-09      0.95157581      0.82816778      0.24786132      0.75276961        17.63461       1108.9237       1462.6088       36.943473        9.6761287          27.267345       2987.2515                 20.350293                 397.63849                                663.97281                      26.962143                    17.63461                  1462.6088       234.85643        163.22791
              1       1530.0371     0.023798396       70.103981        3.020432       0.9862772       8.3347364      0.74608411      0.29670602     0.073180505      0.98319593      0.98516822        1.000847      0.98693514      0.98527889       0.1213992   2.0500146e-09      0.95157581      0.82816778      0.24786132      0.75276961        17.63461       1108.9237       1462.6088        41.54231        14.274966          27.267345       2976.9896                 20.350293                 397.63849                                663.97281                      26.962143                    17.63461                  1462.6088       224.65891         163.1636
              1       1529.0373     0.023798396       70.103981        3.020432       0.9862772       8.3347364      0.74608411      0.29670602     0.073180505      0.98319593      0.98642934      0.99801875      0.98685766      0.98544692       0.1213992   2.0500146e-09      0.95157581      0.82816778      0.24786132      0.75276961        17.63461       1108.9237       1462.6088         39.5562        12.288855          27.267345       2978.9622                 20.350293                 397.63849                                663.97281                      26.962143                    17.63461                  1462.6088       226.72253        163.07253
              1        1529.929     0.023798396       70.103981        3.020432       0.9862772       8.3347364      0.74608411      0.29670602     0.073180505      0.98319593      0.98879908       1.0022685      0.98577159      0.98827073       0.1213992   2.0500146e-09      0.95157581      0.82816778      0.24786132      0.75276961        17.63461       1108.9237       1462.6088       36.330136        9.0627913          27.267345       2987.1977                 20.350293                 397.63849                                663.97281                      26.962143                    17.63461                  1462.6088       235.20546        162.82512
              1       1530.8119     0.023798396       70.103981        3.020432       0.9862772       8.3347364      0.74608411      0.29670602     0.073180505      0.98319593      0.98806979       1.0041204      0.98789734       0.9853965       0.1213992   2.0500146e-09      0.95157581      0.82816778      0.24786132      0.75276961        17.63461       1108.9237       1462.6088       36.595109        9.3277643          27.267345       2988.4335                 20.350293                 397.63849                                663.97281                      26.962143                    17.63461                  1462.6088       234.78534        164.48106
              1       1528.4703     0.023798396       70.103981        3.020432       0.9862772       8.3347364      0.74608411      0.29670602     0.073180505      0.98319593       0.9883869       0.9993168       0.9882131      0.98847912       0.1213992   2.0500146e-09      0.95157581      0.82816778      0.24786132      0.75276961        17.63461       1108.9237       1462.6088       35.231398        7.9640534          27.267345       2986.4778                 20.350293                 397.63849                                663.97281                      26.962143                    17.63461                  1462.6088        231.4131        165.89754
              1       1525.5771         0.02376       69.985391       3.0200084      0.99186443       8.0642455      0.74390369      0.29270258     0.068308347      0.98376352      0.99013791      0.99846127      0.99178979      0.98655145     0.078727166   2.0491465e-09      0.95148996      0.84462035      0.24998852      0.77101166        15.74787       1125.1869       1463.1409       28.900332        3.0561853          25.844147       2993.3535                 20.265691                 396.65426                                688.81903                      19.447963                    15.74787                  1463.1409       225.22202        164.05579
              1       1525.0812         0.02376       69.985391       3.0200084      0.99186443       8.0642455      0.74390369      0.29270258     0.068308347      0.98376352      0.99013791      0.99846127      0.98786465      0.99143676     0.078727166   2.0491465e-09      0.95148996      0.84462035      0.24998852      0.77101166        15.74787       1125.1869       1463.1409       29.863659        4.0195123          25.844147        2990.435                 20.265691                 396.65426                                688.81903                      19.447963                    15.74787                  1463.1409       225.22202        161.13736
              1       1524.4645         0.02376       69.985391       3.0200084      0.99186443       8.0642455      0.74390369      0.29270258     0.068308347      0.98376352      0.99016553      0.99849094      0.99123006      0.99130621     0.078727166   2.0491465e-09      0.95148996      0.84462035      0.24998852      0.77101166        15.74787       1125.1869       1463.1409       28.109838        2.2656913          25.844147       2992.7092                 20.265691                 396.65426                                688.81903                      19.447963                    15.74787                  1463.1409       225.24223        163.39134
              1        1524.555         0.02376       69.985391       3.0200084      0.99186443       8.0642455      0.74390369      0.29270258     0.068308347      0.98376352      0.99016553      0.99849094      0.99181348      0.99081141     0.078727166   2.0491465e-09      0.95148996      0.84462035      0.24998852      0.77101166        15.74787       1125.1869       1463.1409       27.948189        2.1040421          25.844147       2993.2135                 20.265691                 396.65426                                688.81903                      19.447963                    15.74787                  1463.1409       225.24223        163.89565
              1       1525.0124         0.02376       69.985391       3.0200084      0.99186443       8.0642455      0.74390369      0.29270258     0.068308347      0.98376352      0.98997008      0.99698869      0.99179324      0.99068462     0.078727166   2.0491465e-09      0.95148996      0.84462035      0.24998852      0.77101166        15.74787       1125.1869       1463.1409       28.194308        2.3501611          25.844147       2993.6361                 20.265691                 396.65426                                688.81903                      19.447963                    15.74787                  1463.1409       225.73462        163.82581
              1       1522.6609         0.02376       69.985391       3.0200084      0.99186443       8.0642455      0.74390369      0.29270258     0.068308347      0.98571995       0.9899715      0.99625003      0.99160622       0.9904005     0.078727166   2.0491465e-09      0.95148996      0.84462035      0.24998852      0.77101166        15.74787       1129.4991       1463.1409       23.544282       -2.2998647          25.844147       2998.2333                 20.234125                 396.63737                                690.85246                      21.775169                    15.74787                  1463.1409       226.34372        163.50169
              1       1522.4985         0.02376       69.985391       3.0200084      0.99186443       8.0642455      0.74390369      0.29270258     0.068308347      0.98571995      0.99305875      0.99789937      0.99164976      0.99126783     0.078727166   2.0491465e-09      0.95148996      0.84462035      0.24998852      0.77101166        15.74787       1129.4991       1463.1409       20.465238       -5.3789093          25.844147       3004.0665                 20.234125                 396.63737                                690.85246                      21.775169                    15.74787                  1463.1409       231.80714        163.87148
              1        1523.066         0.02376       69.985391       3.0200084      0.99186443       8.0642455      0.74390369      0.29270258     0.068308347      0.98571995      0.99355661      0.99763116      0.99163327      0.99137821     0.078727166   2.0491465e-09      0.95148996      0.84462035      0.24998852      0.77101166        15.74787       1129.4991       1463.1409       20.083752       -5.7603949          25.844147       3005.9646                 20.234125                 396.63737                                690.85246                      21.775169                    15.74787                  1463.1409       233.67546        163.90128
              1       1524.2417         0.02376       69.985391       3.0200084      0.99186443       8.0642455      0.74390369      0.29270258     0.068308347      0.98571995      0.99312516      0.99623349       0.9910466      0.99626607     0.078727166   2.0491465e-09      0.95148996      0.84462035      0.24998852      0.77101166        15.74787       1129.4991       1463.1409       20.083663        -5.760484          25.844147       3008.3161                 20.234125                 396.63737                                690.85246                      21.775169                    15.74787                  1463.1409       232.20656        167.72173
              1        1527.719         0.02376       69.985391       3.0200084      0.99186443       8.0642455      0.74390369      0.29270258     0.068308347      0.98649131      0.99169008      0.99169042      0.99485019      0.99084813     0.078727166   2.0491465e-09      0.95148996      0.84462035      0.24998852      0.77101166        15.74787       1134.8244       1463.1409       18.909529       -6.9346182          25.844147       3017.6189                 20.225153                 396.60669                                695.24015                      22.752356                    15.74787                  1463.1409       234.90602        168.99982
              1       1529.2356         0.02376       69.985391       3.0200084      0.99186443       8.0642455      0.74390369      0.29270258     0.068308347      0.98406992      0.99168832      0.99260462       0.9950882      0.98585577     0.078727166   2.0491465e-09      0.95148996      0.84462035      0.24998852      0.77101166        15.74787       1124.9839       1463.1409       25.654632      -0.18951531          25.844147        3007.162                 20.259859                 396.65658                                688.26948                      19.797989                    15.74787                  1463.1409       232.98758        170.30179
              1       1528.5363         0.02376       69.985391       3.0200084      0.99186443       8.0642455      0.74390369      0.29270258     0.068308347      0.98448177      0.98834361       1.0038065      0.99527445       0.9878991     0.078727166   2.0491465e-09      0.95148996      0.84462035      0.24998852      0.77101166        15.74787       1125.2136       1463.1409       27.777035        1.9328884          25.844147       3001.5185                 20.252558                 396.64347                                688.04059                      20.276965                    15.74787                  1463.1409       227.61111        169.80508
              1       1525.3113         0.02376       69.985391       3.0200084      0.99186443       8.0642455      0.74390369      0.29270258     0.068308347      0.98448177       0.9924263       1.0000861      0.99511393      0.98872526     0.078727166   2.0491465e-09      0.95148996      0.84462035      0.24998852      0.77101166        15.74787       1125.2136       1463.1409       23.270907       -2.5732397          25.844147       3004.0808                 20.252558                 396.64347                                688.04059                      20.276965                    15.74787                  1463.1409       230.66385        169.31467
              1       1525.1559         0.02376       69.985391       3.0200084      0.99186443       8.0642455      0.74390369      0.29270258     0.068308347      0.98510594      0.99242675      0.99985039      0.99588249      0.98870217     0.078727166   2.0491465e-09      0.95148996      0.84462035      0.24998852      0.77101166        15.74787       1126.7173       1463.1409       21.585248       -4.2588992          25.844147       3007.1413                 20.242657                  396.6497                                688.80357                      21.021325                    15.74787                  1463.1409       230.48413        171.05116
              1       1524.4879         0.02376       69.985391       3.0200084      0.99186443       8.0642455      0.74390369      0.29270258     0.068308347      0.98510594      0.99126487      0.99796733      0.99620449      0.98978347     0.078727166   2.0491465e-09      0.95148996      0.84462035      0.24998852      0.77101166        15.74787       1126.7173       1463.1409       22.354665        -3.489482          25.844147       3004.2664                 20.242657                  396.6497                                688.80357                      21.021325                    15.74787                  1463.1409       226.84764        171.81279
              1       1524.6322         0.02376       69.985391       3.0200084      0.99186443       8.0642455      0.74390369      0.29270258     0.068308347      0.98510594      0.99188173      0.99696281      0.99617289      0.98988533     0.078727166   2.0491465e-09      0.95148996      0.84462035      0.24998852      0.77101166        15.74787       1126.7173       1463.1409       21.763479       -4.0806682          25.844147       3005.7375                 20.242657                  396.6497                                688.80357                      21.021325                    15.74787                  1463.1409       228.38428        171.74721
              1       1524.8927         0.02376       69.985391       3.0200084      0.99186443       8.0642455      0.74390369      0.29270258     0.068308347      0.98510594      0.99320227      0.99794454      0.99551304       0.9922129     0.078727166   2.0491465e-09      0.95148996      0.84462035      0.24998852      0.77101166        15.74787       1126.7173       1463.1409       20.411072        -5.433075          25.844147       3008.9633                 20.242657                  396.6497                                688.80357                      21.021325                    15.74787                  1463.1409       232.34805        171.00923
              1       1525.4899         0.02376       69.985391       3.0200084      0.99186443       8.0642455      0.74390369      0.29270258     0.068308347      0.98567604      0.99320268       0.9977293      0.98914286       0.9835161     0.078727166   2.0491465e-09      0.95148996      0.84462035      0.24998852      0.77101166        15.74787       1129.2559       1463.1409       23.499258       -2.3448892          25.844147       3003.9812                 20.234695                 396.63737                                690.66332                      21.720547                    15.74787                  1463.1409       232.30991        163.52666
              1       1525.9738         0.02376       69.985391       3.0200084      0.99186443       8.0642455      0.74390369      0.29270258     0.068308347      0.98567604      0.99320268       0.9977293      0.98927164      0.98292116     0.078727166   2.0491465e-09      0.95148996      0.84462035      0.24998852      0.77101166        15.74787       1129.2559       1463.1409       23.619215       -2.2249321          25.844147       3004.7093                 20.234695                 396.63737                                690.66332                      21.720547                    15.74787                  1463.1409       232.30991        164.25468
              1       1522.4027         0.02376       69.985391       3.0200084      0.99186443       8.0642455      0.74390369      0.29270258     0.068308347      0.98567604      0.99108668      0.99551608      0.99015053      0.99277099     0.078727166   2.0491465e-09      0.95148996      0.84462035      0.24998852      0.77101166        15.74787       1129.2559       1463.1409       22.752496        -3.091651          25.844147       2999.3004                 20.234695                 396.63737                                690.66332                      21.720547                    15.74787                  1463.1409       227.93886        163.21686
              1       1523.0671         0.02376       69.985391       3.0200084      0.99186443       8.0642455      0.74390369      0.29270258     0.068308347      0.98589804      0.99108684      0.99543227      0.99108867      0.99427898     0.078727166   2.0491465e-09      0.95148996      0.84462035      0.24998852      0.77101166        15.74787       1130.5536       1463.1409       21.626238       -4.2179092          25.844147       3002.8817                 20.231875                 396.63737                                691.68656                      21.997799                    15.74787                  1463.1409       228.02458        165.41481
              1       1523.2693         0.02376       69.985391       3.0200084      0.99186443       8.0642455      0.74390369      0.29270258     0.068308347      0.98581766      0.99281589      0.99858553      0.99110645      0.99488449     0.078727166   2.0491465e-09      0.95148996      0.84462035      0.24998852      0.77101166        15.74787       1130.0641       1463.1409       20.191902       -5.6522453          25.844147       3006.1548                 20.232878                 396.63737                                 691.2968                      21.897104                    15.74787                  1463.1409       231.12764        166.07433
              1       1523.2603         0.02376       69.985391       3.0200084      0.99186443       8.0642455      0.74390369      0.29270258     0.068308347      0.98581766      0.99275873      0.99989385      0.99190171      0.99371532     0.078727166   2.0491465e-09      0.95148996      0.84462035      0.24998852      0.77101166        15.74787       1130.0641       1463.1409       20.028654       -5.8154925          25.844147       3006.4633                 20.232878                 396.63737                                 691.2968                      21.897104                    15.74787                  1463.1409       231.68925        165.82118
              1       1512.8846     0.023705488       70.028856       3.0230279      0.99272601       8.2230088       0.7441403       0.2918798     0.073894304      0.98590475      0.99267089      0.99991673       0.9908529      0.98705534     0.097928411   2.0553431e-09      0.95166131      0.84063946      0.24978906      0.76707151       16.951744       1114.0732       1462.5926       19.599536       -4.2812652          23.880801       2986.5702                 20.207216                 397.04131                                673.00191                      23.822765                   16.951744                  1462.5926       228.37457        164.57812
              1       1515.0666     0.023705488       70.028856       3.0230279      0.99272601       8.2230088       0.7441403       0.2918798     0.073894304      0.98590475      0.99276535       1.0021515      0.98777248      0.99540707     0.097928411   2.0553431e-09      0.95166131      0.84063946      0.24978906      0.76707151       16.951744       1114.0732       1462.5926       19.770474       -4.1103269          23.880801       2990.5923                 20.207216                 397.04131                                673.00191                      23.822765                   16.951744                  1462.5926       230.89603        166.07878
              1        1515.357     0.023705488       70.028856       3.0230279      0.99272601       8.2230088       0.7441403       0.2918798     0.073894304      0.98590475      0.99276535       1.0021515      0.98635801      0.98738207     0.097928411   2.0553431e-09      0.95166131      0.84063946      0.24978906      0.76707151       16.951744       1114.0732       1462.5926        21.98462       -1.8961811          23.880801       2986.7447                 20.207216                 397.04131                                673.00191                      23.822765                   16.951744                  1462.5926       230.89603        162.23112
              1       1513.6831     0.023705488       70.028856       3.0230279      0.99272601       8.2230088       0.7441403       0.2918798     0.073894304      0.98590475       0.9920356      0.99901632      0.98632356       0.9870371     0.097928411   2.0553431e-09      0.95166131      0.84063946      0.24978906      0.76707151       16.951744       1114.0732       1462.5926       22.707638       -1.1731631          23.880801        2981.951                 20.207216                 397.04131                                673.00191                      23.822765                   16.951744                  1462.5926       225.99554        162.33794
              1       1512.7479     0.023705488       70.028856       3.0230279      0.99272601       8.2230088       0.7441403       0.2918798     0.073894304      0.98633286      0.99203591      0.99885468       0.9934457      0.98951283     0.097928411   2.0553431e-09      0.95166131      0.84063946      0.24978906      0.76707151       16.951744       1116.9461       1462.5926       17.633761       -6.2470401          23.880801       2990.2282                 20.203266                  397.0347                                675.30601                      24.402125                   16.951744                  1462.5926       225.97406        167.76372
              1       1514.1713     0.023705488       70.028856       3.0230279      0.99272601       8.2230088       0.7441403       0.2918798     0.073894304       0.9848193      0.99203482      0.99942613      0.99400301      0.98627773     0.097928411   2.0553431e-09      0.95166131      0.84063946      0.24978906      0.76707151       16.951744       1109.6142       1462.5926       21.695221       -2.1855798          23.880801       2984.9521                 20.219942                 397.04149                                669.95285                      22.399953                   16.951744                  1462.5926       226.08978        169.70372
              1       1517.0671     0.023705488       70.028856       3.0230279      0.99272601       8.2230088       0.7441403       0.2918798     0.073894304      0.98365535      0.99203397      0.99986558      0.99511994      0.98815008     0.097928411   2.0553431e-09      0.95166131      0.84063946      0.24978906      0.76707151       16.951744       1109.4112       1462.5926       23.877218    -0.0035835108          23.880801       2986.3797                  20.23787                 397.05425                                671.17067                      20.948388                   16.951744                  1462.5926       226.25407         171.1701
              1       1512.9896     0.023705488       70.028856       3.0230279      0.99272601       8.2230088       0.7441403       0.2918798     0.073894304      0.98621101      0.99286055      0.99786888      0.99333133      0.99030006     0.097928411   2.0553431e-09      0.95166131      0.84063946      0.24978906      0.76707151       16.951744       1116.0711       1462.5926       17.096626       -6.7841752          23.880801       2991.7859                 20.204332                 397.04358                                674.58704                      24.236184                   16.951744                  1462.5926       228.52118        167.64926
              1       1512.4795     0.023705488       70.028856       3.0230279      0.99272601       8.2230088       0.7441403       0.2918798     0.073894304      0.98621101      0.99258123      0.99922297      0.98955694      0.99327498     0.097928411   2.0553431e-09      0.95166131      0.84063946      0.24978906      0.76707151       16.951744       1116.0711       1462.5926        18.46212       -5.4186806          23.880801       2988.0347                 20.204332                 397.04358                                674.58704                      24.236184                   16.951744                  1462.5926       227.74286        164.67639
              1       1512.5538     0.023705488       70.028856       3.0230279      0.99272601       8.2230088       0.7441403       0.2918798     0.073894304      0.98621101       0.9911317       1.0020421      0.98963883      0.99305944     0.097928411   2.0553431e-09      0.95166131      0.84063946      0.24978906      0.76707151       16.951744       1116.0711       1462.5926       19.759326       -4.1214748          23.880801       2985.5889                 20.204332                 397.04358                                674.58704                      24.236184                   16.951744                  1462.5926       225.40759        164.56587
              1       1512.3141     0.023705488       70.028856       3.0230279      0.99272601       8.2230088       0.7441403       0.2918798     0.073894304      0.98621101       0.9911317       1.0020421      0.99143886      0.99049428     0.097928411   2.0553431e-09      0.95166131      0.84063946      0.24978906      0.76707151       16.951744       1116.0711       1462.5926        19.31367       -4.5671314          23.880801       2986.0009                 20.204332                 397.04358                                674.58704                      24.236184                   16.951744                  1462.5926       225.40759        164.97787
              1       1513.1307     0.023705488       70.028856       3.0230279      0.99272601       8.2230088       0.7441403       0.2918798     0.073894304      0.98586514      0.99038395       1.0040378      0.98985842      0.99129744     0.097928411   2.0553431e-09      0.95166131      0.84063946      0.24978906      0.76707151       16.951744       1113.8387       1462.5926       21.448937       -2.4318638          23.880801       2983.3635                  20.20761                 397.04131                                672.82011                      23.769677                   16.951744                  1462.5926       226.28154        163.69891
              1       1514.4336     0.023705488       70.028856       3.0230279      0.99272601       8.2230088       0.7441403       0.2918798     0.073894304      0.98586514      0.99038395       1.0040378      0.99272686      0.98709057     0.097928411   2.0553431e-09      0.95166131      0.84063946      0.24978906      0.76707151       16.951744       1113.8387       1462.5926       21.070139       -2.8106624          23.880801       2986.7269                  20.20761                 397.04131                                672.82011                      23.769677                   16.951744                  1462.5926       226.28154        167.06233
              1       1514.0798     0.023705488       70.028856       3.0230279      0.99272601       8.2230088       0.7441403       0.2918798     0.073894304      0.98586514      0.99381361      0.99901119      0.99331912      0.98939545     0.097928411   2.0553431e-09      0.95166131      0.84063946      0.24978906      0.76707151       16.951744       1113.8387       1462.5926       17.341512       -6.5392895          23.880801       2993.4766                  20.20761                 397.04131                                672.82011                      23.769677                   16.951744                  1462.5926       232.54723        167.54633
              1       1515.0445     0.023705488       70.028856       3.0230279      0.99272601       8.2230088       0.7441403       0.2918798     0.073894304      0.98586514      0.99198342      0.99731961      0.99658733      0.98882857     0.097928411   2.0553431e-09      0.95166131      0.84063946      0.24978906      0.76707151       16.951744       1113.8387       1462.5926       18.084263       -5.7965376          23.880801       2993.9205                  20.20761                 397.04131                                672.82011                      23.769677                   16.951744                  1462.5926       226.07741        174.46002
              1       1511.6639     0.023705488       70.028856       3.0230279      0.99272601       8.2230088       0.7441403       0.2918798     0.073894304      0.98586514      0.99198342      0.99731961      0.99144487      0.98927017     0.097928411   2.0553431e-09      0.95166131      0.84063946      0.24978906      0.76707151       16.951744       1113.8387       1462.5926       19.519149        -4.361652          23.880801       2984.2894                  20.20761                 397.04131                                672.82011                      23.769677                   16.951744                  1462.5926       226.07741        164.82901
              1       1513.0905     0.023705488       70.028856       3.0230279      0.99272601       8.2230088       0.7441403       0.2918798     0.073894304      0.98587405      0.99198342      0.99731625      0.99245132      0.99599777     0.097928411   2.0553431e-09      0.95166131      0.84063946      0.24978906      0.76707151       16.951744        1113.891       1462.5926       18.159417       -5.7213842          23.880801       2989.8622                 20.207521                 397.04131                                672.86052                      23.781605                   16.951744                  1462.5926       226.07886        170.34805
              1       1514.0119     0.023705488       70.028856       3.0230279      0.99272601       8.2230088       0.7441403       0.2918798     0.073894304      0.98604734      0.99198355      0.99725082      0.98820814      0.98493192     0.097928411   2.0553431e-09      0.95166131      0.84063946      0.24978906      0.76707151       16.951744       1114.9621       1462.5926       21.801763       -2.0790377          23.880801       2984.4203                 20.205837                 397.04131                                673.70036                      24.014588                   16.951744                  1462.5926       226.10789        163.80602
              1       1512.0501     0.023705488       70.028856       3.0230279      0.99272601       8.2230088       0.7441403       0.2918798     0.073894304      0.98604734      0.99198355      0.99725082      0.99229229      0.98926088     0.097928411   2.0553431e-09      0.95166131      0.84063946      0.24978906      0.76707151       16.951744       1114.9621       1462.5926       18.769713       -5.1110885          23.880801       2986.5609                 20.205837                 397.04131                                673.70036                      24.014588                   16.951744                  1462.5926       226.10789        165.94656
              1       1512.7807     0.023705488       70.028856       3.0230279      0.99272601       8.2230088       0.7441403       0.2918798     0.073894304      0.98604734      0.99095924      0.99553567      0.99262121      0.99178716     0.097928411   2.0553431e-09      0.95166131      0.84063946      0.24978906      0.76707151       16.951744       1114.9621       1462.5926       19.164369       -4.7164324          23.880801       2987.2326                 20.205837                 397.04131                                673.70036                      24.014588                   16.951744                  1462.5926       225.71802        167.00819
              1       1512.6154     0.023705488       70.028856       3.0230279      0.99272601       8.2230088       0.7441403       0.2918798     0.073894304      0.98463128      0.99150081      0.99934341      0.99357035      0.99088257     0.097928411   2.0553431e-09      0.95166131      0.84063946      0.24978906      0.76707151       16.951744       1109.2679       1462.5926       21.781545       -2.0992562          23.880801       2981.6678                 20.222549                 397.05123                                669.83386                      22.160265                   16.951744                  1462.5926       224.66626        168.18932
              1       1511.0327     0.023707141       70.031548       3.0229622      0.99267624       8.2224708      0.74425062      0.29201363     0.073799261      0.98624248      0.99150004      0.99874262      0.99067629      0.99048559     0.097826568    2.055208e-09      0.95166166      0.84044153      0.24968153      0.76672582       16.973282       1115.9799       1462.6094       19.287264       -4.6520759           23.93934       2983.4909                 20.203472                 397.03242                                674.40868                       24.33532                   16.973282                  1462.6094       224.05907        163.86931
              1       1512.4625     0.023707141       70.031548       3.0229622      0.99267624       8.2224708      0.74425062      0.29201363     0.073799261      0.98640928      0.99150016      0.99867964      0.99349721      0.99381569     0.097826568    2.055208e-09      0.95166166      0.84044153      0.24968153      0.76672582       16.973282       1117.2113       1462.6094       17.320374       -6.6189658           23.93934       2990.2843                 20.202006                 397.03242                                675.41333                      24.563501                   16.973282                  1462.6094       224.06123        169.42918
              1       1512.3509     0.023707141       70.031548       3.0229622      0.99267624       8.2224708      0.74425062      0.29201363     0.073799261      0.98640928      0.99150016      0.99867964      0.98703948      0.99056215     0.097826568    2.055208e-09      0.95166166      0.84044153      0.24968153      0.76672582       16.973282       1117.2113       1462.6094        20.91848       -3.0208601           23.93934       2982.8647                 20.202006                 397.03242                                675.41333                      24.563501                   16.973282                  1462.6094       224.06123        162.00961
              1       1512.2679     0.023707141       70.031548       3.0229622      0.99267624       8.2224708      0.74425062      0.29201363     0.073799261      0.98599959      0.98994996       1.0015596      0.98776964      0.98910827     0.097826568    2.055208e-09      0.95166166      0.84044153      0.24968153      0.76672582       16.973282        1114.367       1462.6094       23.243796      -0.69554433           23.93934       2978.0482                  20.20576                 397.04131                                673.11412                       24.00583                   16.973282                  1462.6094       222.25195        161.84656
              1       1512.5789     0.023707141       70.031548       3.0229622      0.99267624       8.2224708      0.74425062      0.29201363     0.073799261       0.9848457      0.98994912       1.0019953      0.98787994      0.98927584     0.097826568    2.055208e-09      0.95166166      0.84044153      0.24968153      0.76672582       16.973282       1109.4485       1462.6094       25.835151        1.8958113           23.93934       2973.4876                 20.219308                 397.03922                                 669.7042                      22.485807                   16.973282                  1462.6094       222.57114        161.88525
              1       1512.1636     0.023707141       70.031548       3.0229622      0.99267624       8.2224708      0.74425062      0.29201363     0.073799261       0.9848457      0.98994912       1.0019953      0.99024666      0.98854233     0.097826568    2.055208e-09      0.95166166      0.84044153      0.24968153      0.76672582       16.973282       1109.4485       1462.6094       24.705151       0.76581064           23.93934        2974.917                 20.219308                 397.03922                                 669.7042                      22.485807                   16.973282                  1462.6094       222.57114        163.31465
              1       1512.3214     0.023707141       70.031548       3.0229622      0.99267624       8.2224708      0.74425062      0.29201363     0.073799261       0.9848457      0.98999587      0.99960159      0.98737452      0.99217409     0.097826568    2.055208e-09      0.95166166      0.84044153      0.24968153      0.76672582       16.973282       1109.4485       1462.6094       25.584646        1.6453059           23.93934       2973.4735                 20.219308                 397.03922                                 669.7042                      22.485807                   16.973282                  1462.6094       221.64772        162.79456
              1       1511.5818     0.023707141       70.031548       3.0229622      0.99267624       8.2224708      0.74425062      0.29201363     0.073799261       0.9848457      0.99134994        1.001236      0.99045204      0.98931686     0.097826568    2.055208e-09      0.95166166      0.84044153      0.24968153      0.76672582       16.973282       1109.4485       1462.6094       22.989234      -0.95010589           23.93934       2977.1851                 20.219308                 397.03922                                 669.7042                      22.485807                   16.973282                  1462.6094       224.67378        163.48015
              1       1513.6436     0.023707141       70.031548       3.0229622      0.99267624       8.2224708      0.74425062      0.29201363     0.073799261       0.9848457      0.99010564      0.99867055      0.98881665        0.984798     0.097826568    2.055208e-09      0.95166166      0.84044153      0.24968153      0.76672582       16.973282       1109.4485       1462.6094       26.218607        2.2792666           23.93934       2974.8499                 20.219308                 397.03922                                 669.7042                      22.485807                   16.973282                  1462.6094       221.88258        163.93617
              1       1512.9608     0.023707141       70.031548       3.0229622      0.99267624       8.2224708      0.74425062      0.29201363     0.073799261      0.98539969      0.99010604      0.99846139      0.99208143      0.98542223     0.097826568    2.055208e-09      0.95166166      0.84044153      0.24968153      0.76672582       16.973282       1111.2405       1462.6094       23.176879      -0.76246147           23.93934       2979.5678                 20.212236                 397.04712                                670.77491                      23.206235                   16.973282                  1462.6094       221.95247        166.79221
              1       1511.4104     0.023707141       70.031548       3.0229622      0.99267624       8.2224708      0.74425062      0.29201363     0.073799261      0.98539969       0.9907445      0.99760462      0.99066512      0.99429094     0.097826568    2.055208e-09      0.95166166      0.84044153      0.24968153      0.76672582       16.973282       1111.2405       1462.6094       21.401636       -2.5377037           23.93934       2980.0176                 20.212236                 397.04712                                670.77491                      23.206235                   16.973282                  1462.6094       223.03114         166.1633
              1       1513.0156     0.023707141       70.031548       3.0229622      0.99267624       8.2224708      0.74425062      0.29201363     0.073799261      0.98539969      0.99176125      0.99405899      0.99239836      0.99309586     0.097826568    2.055208e-09      0.95166166      0.84044153      0.24968153      0.76672582       16.973282       1111.2405       1462.6094       19.828007       -4.1113329           23.93934       2986.3752                 20.212236                 397.04712                                670.77491                      23.206235                   16.973282                  1462.6094       228.36009        167.19194
              1       1513.1616     0.023707141       70.031548       3.0229622      0.99267624       8.2224708      0.74425062      0.29201363     0.073799261      0.98539969       0.9923747      0.99454745      0.99217476      0.99468639     0.097826568    2.055208e-09      0.95166166      0.84044153      0.24968153      0.76672582       16.973282       1111.2405       1462.6094       19.189071       -4.7502693           23.93934        2987.945                 20.212236                 397.04712                                670.77491                      23.206235                   16.973282                  1462.6094       228.87279        168.24905
              1       1513.5906     0.023707141       70.031548       3.0229622      0.99267624       8.2224708      0.74425062      0.29201363     0.073799261       0.9859729      0.99237511      0.99433104      0.99381375      0.99261496     0.097826568    2.055208e-09      0.95166166      0.84044153      0.24968153      0.76672582       16.973282       1114.2012       1462.6094       17.555261       -6.3840789           23.93934       2992.0707                 20.206022                 397.04131                                672.98407                      23.969826                   16.973282                  1462.6094       229.16782        169.11905
              1       1514.1377     0.023707141       70.031548       3.0229622      0.99267624       8.2224708      0.74425062      0.29201363     0.073799261       0.9859729      0.99109956      0.99377269      0.99383531       0.9922675     0.097826568    2.055208e-09      0.95166166      0.84044153      0.24968153      0.76672582       16.973282       1114.2012       1462.6094       18.769406       -5.1699342           23.93934       2990.7366                 20.206022                 397.04131                                672.98407                      23.969826                   16.973282                  1462.6094       227.99232        168.96039
              1       1513.9108     0.023707141       70.031548       3.0229622      0.99267624       8.2224708      0.74425062      0.29201363     0.073799261      0.98563636      0.99109931      0.99389975      0.99389019      0.99248212     0.097826568    2.055208e-09      0.95166166      0.84044153      0.24968153      0.76672582       16.973282       1112.3275       1462.6094        19.48633       -4.4530101           23.93934       2988.8488                  20.20953                 397.04712                                671.55161                      23.519277                   16.973282                  1462.6094       227.76154        169.17712
              1       1513.8994     0.023707141       70.031548       3.0229622      0.99267624       8.2224708      0.74425062      0.29201363     0.073799261      0.98448252      0.99109923       0.9943273      0.99254033      0.99219144     0.097826568    2.055208e-09      0.95166166      0.84044153      0.24968153      0.76672582       16.973282       1108.8771       1462.6094       22.741083       -1.1982575           23.93934       2982.3167                 20.224484                 397.05705                                669.57265                      22.022951                   16.973282                  1462.6094       227.02811        166.82883
              1        1511.486     0.023707141       70.031548       3.0229622      0.99267624       8.2224708      0.74425062      0.29201363     0.073799261      0.98483784      0.99081752      0.99861752       0.9925867      0.99229914     0.097826568    2.055208e-09      0.95166166      0.84044153      0.24968153      0.76672582       16.973282       1109.4309       1462.6094       22.119131       -1.8202087           23.93934       2978.7337                 20.219415                 397.03922                                669.69656                      22.475707                   16.973282                  1462.6094       222.76453        166.95558
              1       1511.9338     0.023707141       70.031548       3.0229622      0.99267624       8.2224708      0.74425062      0.29201363     0.073799261      0.98657499       0.9910708      0.99873454      0.99242739      0.99214992     0.097826568    2.055208e-09      0.95166166      0.84044153      0.24968153      0.76672582       16.973282       1118.5161       1462.6094       17.972616       -5.9667239           23.93934       2987.9224                 20.200636                 397.01932                                676.50439                      24.791712                   16.973282                  1462.6094       223.17935        166.64432
              1       1512.2344     0.023707141       70.031548       3.0229622      0.99267624       8.2224708      0.74425062      0.29201363     0.073799261      0.98657499      0.99115563       1.0007415      0.99256634      0.99212257     0.097826568    2.055208e-09      0.95166166      0.84044153      0.24968153      0.76672582       16.973282       1118.5161       1462.6094       17.841211       -6.0981293           23.93934       2988.7863                 20.200636                 397.01932                                676.50439                      24.791712                   16.973282                  1462.6094       223.85776        166.82985
              1       1512.0143     0.023707141       70.031548       3.0229622      0.99267624       8.2224708      0.74425062      0.29201363     0.073799261      0.98657499      0.99115563       1.0007415      0.98955013       0.9924628     0.097826568    2.055208e-09      0.95166166      0.84044153      0.24968153      0.76672582       16.973282       1118.5161       1462.6094       19.129397       -4.8099429           23.93934       2985.7697                 20.200636                 397.01932                                676.50439                      24.791712                   16.973282                  1462.6094       223.85776        163.81326
              1       1511.8517     0.023707141       70.031548       3.0229622      0.99267624       8.2224708      0.74425062      0.29201363     0.073799261      0.98657499       0.9906132       1.0000254      0.98955135      0.99229019     0.097826568    2.055208e-09      0.95166166      0.84044153      0.24968153      0.76672582       16.973282       1118.5161       1462.6094       19.703063       -4.2362765           23.93934       2984.2973                 20.200636                 397.01932                                676.50439                      24.791712                   16.973282                  1462.6094       222.49188        163.70667
              1       1511.8426     0.023707141       70.031548       3.0229622      0.99267624       8.2224708      0.74425062      0.29201363     0.073799261      0.98657499      0.99077036       1.0001397      0.98957492      0.99233269     0.097826568    2.055208e-09      0.95166166      0.84044153      0.24968153      0.76672582       16.973282       1118.5161       1462.6094       19.522126       -4.4172137           23.93934        2984.641                 20.200636                 397.01932                                676.50439                      24.791712                   16.973282                  1462.6094       222.79379        163.74854
              1       1512.0985     0.023707141       70.031548       3.0229622      0.99267624       8.2224708      0.74425062      0.29201363     0.073799261      0.98657499      0.99077036       1.0001397      0.98827021      0.99101219     0.097826568    2.055208e-09      0.95166166      0.84044153      0.24968153      0.76672582       16.973282       1118.5161       1462.6094       20.447091       -3.4922492           23.93934       2983.3027                 20.200636                 397.01932                                676.50439                      24.791712                   16.973282                  1462.6094       222.79379        162.41022
              2       1511.8173     0.023707141       70.031548       3.0229622      0.99267624       8.2224708      0.74425062      0.29201363     0.073799261       0.9849509      0.99076919       1.0007528      0.98937647      0.98753043     0.097826568    2.055208e-09      0.95166166      0.84044153      0.24968153      0.76672582       16.973282       1109.7052       1462.6094       24.241328       0.30198806           23.93934        2975.152                 20.217887                 397.03922                                669.82679                      22.621275                   16.973282                  1462.6094       223.05576        162.80844
              1       1511.5753     0.023707141       70.031548       3.0229622      0.99267624       8.2224708      0.74425062      0.29201363     0.073799261      0.98569005      0.99076972       1.0004738      0.99232479      0.98793076     0.097826568    2.055208e-09      0.95166166      0.84044153      0.24968153      0.76672582       16.973282       1112.6011       1462.6094       21.073727       -2.8656125           23.93934       2981.0031                 20.208944                 397.04712                                671.75432                      23.590722                   16.973282                  1462.6094       222.92076        165.89859
              1       1511.7773     0.023707141       70.031548       3.0229622      0.99267624       8.2224708      0.74425062      0.29201363     0.073799261      0.98569005      0.99139398         1.00072      0.99028469      0.99501696     0.097826568    2.055208e-09      0.95166166      0.84044153      0.24968153      0.76672582       16.973282       1112.6011       1462.6094       20.191931       -3.7474091           23.93934       2983.1707                 20.208944                 397.04712                                671.75432                      23.590722                   16.973282                  1462.6094        224.4155        166.57146
              1       1511.4546     0.023707141       70.031548       3.0229622      0.99267624       8.2224708      0.74425062      0.29201363     0.073799261      0.98569005      0.99138045      0.99920855      0.99025991      0.99493511     0.097826568    2.055208e-09      0.95166166      0.84044153      0.24968153      0.76672582       16.973282       1112.6011       1462.6094       20.224614        -3.714726           23.93934         2982.46                 20.208944                 397.04712                                671.75432                      23.590722                   16.973282                  1462.6094        223.8138        166.46248
              1       1511.0072     0.023707141       70.031548       3.0229622      0.99267624       8.2224708      0.74425062      0.29201363     0.073799261      0.98569005      0.99138045      0.99920855      0.99218792      0.98921604     0.097826568    2.055208e-09      0.95166166      0.84044153      0.24968153      0.76672582       16.973282       1112.6011       1462.6094       20.242793       -3.6965474           23.93934       2981.5289                 20.208944                 397.04712                                671.75432                      23.590722                   16.973282                  1462.6094        223.8138        165.53134
              2       1511.7743     0.023707141       70.031548       3.0229622      0.99267624       8.2224708      0.74425062      0.29201363     0.073799261      0.98576461       0.9913959       0.9991944      0.99145277      0.99547796     0.097826568    2.055208e-09      0.95166166      0.84044153      0.24968153      0.76672582       16.973282       1112.9976       1462.6094       19.449305       -4.4900345           23.93934       2984.6499                 20.208148                 397.04712                                672.05212                      23.690222                   16.973282                  1462.6094       223.84663        168.22304
              1       1511.6791     0.023707141       70.031548       3.0229622      0.99267624       8.2224708      0.74425062      0.29201363     0.073799261      0.98576461       0.9913959       0.9991944       0.9924606      0.99475299     0.097826568    2.055208e-09      0.95166166      0.84044153      0.24968153      0.76672582       16.973282       1112.9976       1462.6094        19.11421       -4.8251303           23.93934       2985.1297                 20.208148                 397.04712                                672.05212                      23.690222                   16.973282                  1462.6094       223.84663        168.70284
              1        1510.721     0.023707141       70.031548       3.0229622      0.99267624       8.2224708      0.74425062      0.29201363     0.073799261      0.98576461       0.9913959       0.9991944      0.99165211      0.99055011     0.097826568    2.055208e-09      0.95166166      0.84044153      0.24968153      0.76672582       16.973282       1112.9976       1462.6094        20.01713       -3.9222097           23.93934       2981.4076                 20.208148                 397.04712                                672.05212                      23.690222                   16.973282                  1462.6094       223.84663        164.98076
              1       1518.1843     0.023707141       70.031548       3.0229622      0.99267624       8.2224708      0.74425062      0.29201363     0.073799261      0.98576461      0.98733569       1.0072382      0.99188392      0.98995401     0.097826568    2.055208e-09      0.95166166      0.84044153      0.24968153      0.76672582       16.973282       1112.9976       1462.6094       24.829872       0.89053203           23.93934       2986.7088                 20.208148                 397.04712                                672.05212                      23.690222                   16.973282                  1462.6094       228.96515        165.16341
              1       1513.1516     0.023707141       70.031548       3.0229622      0.99267624       8.2224708      0.74425062      0.29201363     0.073799261      0.98604962      0.98855505        1.002068      0.99185157      0.98983187     0.097826568    2.055208e-09      0.95166166      0.84044153      0.24968153      0.76672582       16.973282       1114.6845       1462.6094       22.590394       -1.3489465           23.93934       2981.1224                 20.205273                 397.04131                                673.36445                      24.073432                   16.973282                  1462.6094        221.7495        165.10583
              1       1514.9952     0.023707141       70.031548       3.0229622      0.99267624       8.2224708      0.74425062      0.29201363     0.073799261      0.98674422      0.98855556       1.0018058      0.99388437      0.99166066     0.097826568    2.055208e-09      0.95166166      0.84044153      0.24968153      0.76672582       16.973282       1119.9652       1462.6094       20.038625       -3.9007154           23.93934       2989.9131                 20.199323                 397.02518                                677.71431                      25.026366                   16.973282                  1462.6094       221.60727        168.75804
              1       1513.9221     0.023707141       70.031548       3.0229622      0.99267624       8.2224708      0.74425062      0.29201363     0.073799261      0.98612739      0.98855511       1.0020387      0.99356273      0.98978524     0.097826568    2.055208e-09      0.95166166      0.84044153      0.24968153      0.76672582       16.973282        1115.195       1462.6094       21.807205       -2.1321354           23.93934       2984.2299                 20.204533                 397.04131                                673.77038                      24.178787                   16.973282                  1462.6094       221.73242         167.7198
              1       1513.5232     0.023707141       70.031548       3.0229622      0.99267624       8.2224708      0.74425062      0.29201363     0.073799261      0.98697997      0.99185433      0.99888667      0.99329009      0.98923262     0.097826568    2.055208e-09      0.95166166      0.84044153      0.24968153      0.76672582       16.973282       1122.1333       1462.6094       16.580797       -7.3585427           23.93934       2993.8848                 20.197643                 397.01927                                679.56046                      25.355895                   16.973282                  1462.6094       224.93192        167.23697
              1       1515.1742     0.023707141       70.031548       3.0229622      0.99267624       8.2224708      0.74425062      0.29201363     0.073799261      0.98697997      0.99030762       1.0007504      0.98700571      0.99542978     0.097826568    2.055208e-09      0.95166166      0.84044153      0.24968153      0.76672582       16.973282       1122.1333       1462.6094       20.285528       -3.6538119           23.93934       2989.7773                 20.197643                 397.01927                                679.56046                      25.355895                   16.973282                  1462.6094       222.28133        165.78006
              1       1513.7692     0.023707141       70.031548       3.0229622      0.99267624       8.2224708      0.74425062      0.29201363     0.073799261      0.98642377      0.99030722       1.0009604      0.98615424      0.99331877     0.097826568    2.055208e-09      0.95166166      0.84044153      0.24968153      0.76672582       16.973282       1117.3227       1462.6094       22.260881       -1.6784595           23.93934       2983.0167                 20.201883                 397.03242                                675.50502                      24.583393                   16.973282                  1462.6094       222.38306        163.72829
              1       1512.9645     0.023707141       70.031548       3.0229622      0.99267624       8.2224708      0.74425062      0.29201363     0.073799261      0.98498334      0.99030617       1.0015042      0.98645104      0.98916284     0.097826568    2.055208e-09      0.95166166      0.84044153      0.24968153      0.76672582       16.973282       1109.7921       1462.6094       26.044004        2.1046639           23.93934       2973.8409                 20.217456                 397.03922                                669.87224                      22.663175                   16.973282                  1462.6094       222.71564        161.75055
              2       1511.5241     0.023707141       70.031548       3.0229622      0.99267624       8.2224708      0.74425062      0.29201363     0.073799261      0.98498334      0.99030617       1.0015042      0.98927595      0.99162707     0.097826568    2.055208e-09      0.95166166      0.84044153      0.24968153      0.76672582       16.973282       1109.7921       1462.6094       23.895562     -0.043778156           23.93934       2975.2571                 20.217456                 397.03922                                669.87224                      22.663175                   16.973282                  1462.6094       222.71564        163.16669
              1       1511.0668     0.023707141       70.031548       3.0229622      0.99267624       8.2224708      0.74425062      0.29201363     0.073799261      0.98498334      0.99131924      0.99983468      0.98922372      0.99179332     0.097826568    2.055208e-09      0.95166166      0.84044153      0.24968153      0.76672582       16.973282       1109.7921       1462.6094        22.86319       -1.0761497           23.93934       2976.4073                 20.217456                 397.03922                                669.87224                      22.663175                   16.973282                  1462.6094       223.81357        163.21901
              1       1511.5198     0.023707141       70.031548       3.0229622      0.99267624       8.2224708      0.74425062      0.29201363     0.073799261      0.98498334         0.99232      0.99713278      0.98915464       0.9919029     0.097826568    2.055208e-09      0.95166166      0.84044153      0.24968153      0.76672582       16.973282       1109.7921       1462.6094       21.973716       -1.9656237           23.93934       2979.0921                 20.217456                 397.03922                                669.87224                      22.663175                   16.973282                  1462.6094       226.48067        163.23674
              1       1511.6535     0.023707141       70.031548       3.0229622      0.99267624       8.2224708      0.74425062      0.29201363     0.073799261      0.98498334         0.99232      0.99713278      0.98851563      0.99107099     0.097826568    2.055208e-09      0.95166166      0.84044153      0.24968153      0.76672582       16.973282       1109.7921       1462.6094         22.4616       -1.4777399           23.93934       2978.3838                 20.217456                 397.03922                                669.87224                      22.663175                   16.973282                  1462.6094       226.48067        162.52841
              3       1512.2254     0.023707141       70.031548       3.0229622      0.99267624       8.2224708      0.74425062      0.29201363     0.073799261      0.98456075      0.99231969      0.99729233      0.98855603      0.99113236     0.097826568    2.055208e-09      0.95166166      0.84044153      0.24968153      0.76672582       16.973282       1108.9651       1462.6094       23.458176      -0.48116383           23.93934       2977.5344                 20.223336                 397.05705                                669.56272                      22.122015                   16.973282                  1462.6094       226.41638        162.57027
              1        1512.078     0.023707141       70.031548       3.0229622      0.99267624       8.2224708      0.74425062      0.29201363     0.073799261      0.98464983      0.99231976      0.99725869      0.98854751      0.99111943     0.097826568    2.055208e-09      0.95166166      0.84044153      0.24968153      0.76672582       16.973282       1109.0914       1462.6094       23.245709      -0.69363145           23.93934       2977.6646                  20.22205                 397.05705                                669.57701                       22.23525                   16.973282                  1462.6094        226.4292        162.56136
              1       1513.0617     0.023707141       70.031548       3.0229622      0.99267624       8.2224708      0.74425062      0.29201363     0.073799261      0.98464983      0.99231976      0.99725869      0.99428266      0.99223739     0.097826568    2.055208e-09      0.95166166      0.84044153      0.24968153      0.76672582       16.973282       1109.0914       1462.6094       20.627449       -3.3118908           23.93934       2984.8685                  20.22205                 397.05705                                669.57701                       22.23525                   16.973282                  1462.6094        226.4292        169.76529
              1       1512.8902     0.023707141       70.031548       3.0229622      0.99267624       8.2224708      0.74425062      0.29201363     0.073799261      0.98464983       0.9926223      0.99711686       0.9937309      0.99166113     0.097826568    2.055208e-09      0.95166166      0.84044153      0.24968153      0.76672582       16.973282       1109.0914       1462.6094       20.626163       -3.3131774           23.93934       2984.5282                  20.22205                 397.05705                                669.57701                       22.23525                   16.973282                  1462.6094        227.3692        168.48495
              1       1512.6284     0.023707141       70.031548       3.0229622      0.99267624       8.2224708      0.74425062      0.29201363     0.073799261      0.98464983       0.9926223      0.99711686       0.9878296      0.99159473     0.097826568    2.055208e-09      0.95166166      0.84044153      0.24968153      0.76672582       16.973282       1109.0914       1462.6094       23.335497      -0.60384256           23.93934       2978.5859                  20.22205                 397.05705                                669.57701                       22.23525                   16.973282                  1462.6094        227.3692        162.54265
              1       1513.0867     0.023707141       70.031548       3.0229622      0.99267624       8.2224708      0.74425062      0.29201363     0.073799261      0.98458322      0.99270582      0.99725303       0.9937887      0.99055131     0.097826568    2.055208e-09      0.95166166      0.84044153      0.24968153      0.76672582       16.973282       1108.9943       1462.6094        20.89091       -3.0484297           23.93934       2984.3916                  20.22301                 397.05705                                669.56375                      22.150531                   16.973282                  1462.6094       227.58258        168.23207
              1       1513.2921     0.023707141       70.031548       3.0229622      0.99267624       8.2224708      0.74425062      0.29201363     0.073799261       0.9842552      0.99270558      0.99737688      0.99212998      0.98883484     0.097826568    2.055208e-09      0.95166166      0.84044153      0.24968153      0.76672582       16.973282        1108.743       1462.6094       22.622847       -1.3164934           23.93934       2981.3386                 20.227928                 397.05705                                669.72095                      21.737039                   16.973282                  1462.6094       227.54564        165.46733
              1       1514.0073     0.023707141       70.031548       3.0229622      0.99267624       8.2224708      0.74425062      0.29201363     0.073799261       0.9842552      0.99104079       1.0025901      0.99177847      0.98743765     0.097826568    2.055208e-09      0.95166166      0.84044153      0.24968153      0.76672582       16.973282        1108.743       1462.6094       24.580025       0.64068466           23.93934       2978.8545                 20.227928                 397.05705                                669.72095                      21.737039                   16.973282                  1462.6094        225.2455         165.2834
              1       1512.1841     0.023707141       70.031548       3.0229622      0.99267624       8.2224708      0.74425062      0.29201363     0.073799261      0.98595894      0.99104203       1.0019468      0.99010191      0.98724602     0.097826568    2.055208e-09      0.95166166      0.84044153      0.24968153      0.76672582       16.973282       1114.1214       1462.6094       21.318323        -2.621017           23.93934       2981.7316                 20.206161                 397.04715                                672.91704                      23.951021                   16.973282                  1462.6094       224.54704        163.48058
              1       1511.6257     0.023707141       70.031548       3.0229622      0.99267624       8.2224708      0.74425062      0.29201363     0.073799261      0.98595894      0.99104203       1.0019468      0.99044355      0.98897272     0.097826568    2.055208e-09      0.95166166      0.84044153      0.24968153      0.76672582       16.973282       1114.1214       1462.6094       20.765015        -3.174325           23.93934       2981.7214                 20.206161                 397.04715                                672.91704                      23.951021                   16.973282                  1462.6094       224.54704        163.47038
              1       1512.3927     0.023707141       70.031548       3.0229622      0.99267624       8.2224708      0.74425062      0.29201363     0.073799261      0.98595894      0.99104203       1.0019468      0.99230822       0.9946093     0.097826568    2.055208e-09      0.95166166      0.84044153      0.24968153      0.76672582       16.973282       1114.1214       1462.6094       19.091884        -4.847456           23.93934       2986.6017                 20.206161                 397.04715                                672.91704                      23.951021                   16.973282                  1462.6094       224.54704        168.35063
              1       1511.4183     0.023707141       70.031548       3.0229622      0.99267624       8.2224708      0.74425062      0.29201363     0.073799261      0.98595894      0.99104203       1.0019468       0.9907586      0.99127698     0.097826568    2.055208e-09      0.95166166      0.84044153      0.24968153      0.76672582       16.973282       1114.1214       1462.6094       20.187601        -3.751739           23.93934       2982.4614                 20.206161                 397.04715                                672.91704                      23.951021                   16.973282                  1462.6094       224.54704         164.2103
              1        1511.516     0.023707141       70.031548       3.0229622      0.99267624       8.2224708      0.74425062      0.29201363     0.073799261      0.98595894      0.99104203       1.0019468      0.99133791      0.99010002     0.097826568    2.055208e-09      0.95166166      0.84044153      0.24968153      0.76672582       16.973282       1114.1214       1462.6094       20.137725       -3.8016155           23.93934       2982.7566                 20.206161                 397.04715                                672.91704                      23.951021                   16.973282                  1462.6094       224.54704        164.50554
              2       1511.3956     0.023707141       70.031548       3.0229622      0.99267624       8.2224708      0.74425062      0.29201363     0.073799261      0.98509737      0.99163279       1.0007373      0.98992841      0.99312901     0.097826568    2.055208e-09      0.95166166      0.84044153      0.24968153      0.76672582       16.973282       1110.1296       1462.6094       21.738403       -2.2009369           23.93934       2979.3144                 20.215969                 397.04213                                670.06056                      22.810934                   16.973282                  1462.6094       225.05472        164.54749
              1       1510.9773     0.023707141       70.031548       3.0229622      0.99267624       8.2224708      0.74425062      0.29201363     0.073799261      0.98509737      0.99193799      0.99905893      0.99042325      0.99229201     0.097826568    2.055208e-09      0.95166166      0.84044153      0.24968153      0.76672582       16.973282       1110.1296       1462.6094       21.334138       -2.6052017           23.93934       2979.2863                 20.215969                 397.04213                                670.06056                      22.810934                   16.973282                  1462.6094       225.17955        164.39455
              1       1511.1746     0.023707141       70.031548       3.0229622      0.99267624       8.2224708      0.74425062      0.29201363     0.073799261      0.98509737      0.99242874      0.99825107      0.99047842      0.99179664     0.097826568    2.055208e-09      0.95166166      0.84044153      0.24968153      0.76672582       16.973282       1110.1296       1462.6094        20.95634       -2.9829996           23.93934       2980.4365                 20.215969                 397.04213                                670.06056                      22.810934                   16.973282                  1462.6094       226.55017        164.17406
              1       1512.1997     0.023707141       70.031548       3.0229622      0.99267624       8.2224708      0.74425062      0.29201363     0.073799261      0.98509737       0.9907555      0.99551785      0.98901778      0.98947041     0.097826568    2.055208e-09      0.95166166      0.84044153      0.24968153      0.76672582       16.973282       1110.1296       1462.6094       23.674515      -0.26482472           23.93934       2977.0504                 20.215969                 397.04213                                670.06056                      22.810934                   16.973282                  1462.6094        224.9494        162.38875
              1       1511.2613     0.023707141       70.031548       3.0229622      0.99267624       8.2224708      0.74425062      0.29201363     0.073799261      0.98545319      0.99019887      0.99801391      0.98904094      0.98941627     0.097826568    2.055208e-09      0.95166166      0.84044153      0.24968153      0.76672582       16.973282       1111.4692       1462.6094       23.423396       -0.5159439           23.93934       2975.6759                 20.211607                 397.04712                                670.93378                      23.276715                   16.973282                  1462.6094       222.22638        162.39766
              1       1511.9086     0.023707141       70.031548       3.0229622      0.99267624       8.2224708      0.74425062      0.29201363     0.073799261      0.98551005      0.99198152       1.0009227      0.98824816      0.99299465     0.097826568    2.055208e-09      0.95166166      0.84044153      0.24968153      0.76672582       16.973282       1111.7232       1462.6094       21.377652       -2.5616883           23.93934       2981.0619                  20.21095                 397.04712                                671.11333                      23.351804                   16.973282                  1462.6094       226.21552        163.54059
              1       1511.9005     0.023707141       70.031548       3.0229622      0.99267624       8.2224708      0.74425062      0.29201363     0.073799261      0.98558089      0.99198157       1.0008959      0.98824138      0.99298436     0.097826568    2.055208e-09      0.95166166      0.84044153      0.24968153      0.76672582       16.973282       1112.0554       1462.6094       21.219066       -2.7202737           23.93934       2981.3629                 20.210146                 397.04712                                671.35246                      23.445625                   16.973282                  1462.6094       226.19426        163.53067
              1       1511.5513     0.023707141       70.031548       3.0229622      0.99267624       8.2224708      0.74425062      0.29201363     0.073799261      0.98494867      0.99068591      0.99887626      0.98781035      0.99096999     0.097826568    2.055208e-09      0.95166166      0.84044153      0.24968153      0.76672582       16.973282       1109.6994       1462.6094       24.519007       0.57966736           23.93934       2974.0645                 20.217916                 397.03922                                669.82381                      22.618408                   16.973282                  1462.6094       222.52409        162.25845
              1       1511.0929     0.023707141       70.031548       3.0229622      0.99267624       8.2224708      0.74425062      0.29201363     0.073799261      0.98494867      0.99068591      0.99887626      0.99184594      0.99181602     0.097826568    2.055208e-09      0.95166166      0.84044153      0.24968153      0.76672582       16.973282       1109.6994       1462.6094       22.345063       -1.5942766           23.93934       2977.4956                 20.217916                 397.03922                                669.82381                      22.618408                   16.973282                  1462.6094       222.52409        165.68954
              1       1511.3776     0.023707141       70.031548       3.0229622      0.99267624       8.2224708      0.74425062      0.29201363     0.073799261      0.98640537      0.99156109      0.99979765      0.99062509      0.99050665     0.097826568    2.055208e-09      0.95166166      0.84044153      0.24968153      0.76672582       16.973282       1117.1813       1462.6094       18.893336       -5.0460043           23.93934       2984.9684                 20.202039                 397.03242                                 675.3887                      24.558135                   16.973282                  1462.6094       224.38046        163.82404
              1       1513.8268     0.023707141       70.031548       3.0229622      0.99267624       8.2224708      0.74425062      0.29201363     0.073799261      0.98640537      0.99334554       1.0000871      0.98777659      0.98900669     0.097826568    2.055208e-09      0.95166166      0.84044153      0.24968153      0.76672582       16.973282       1117.1813       1462.6094       19.213598       -4.7257418           23.93934       2989.2265                 20.202039                 397.03242                                 675.3887                      24.558135                   16.973282                  1462.6094       230.61737        161.84515
              1       1513.1447     0.023707141       70.031548       3.0229622      0.99267624       8.2224708      0.74425062      0.29201363     0.073799261      0.98462487      0.99123952       1.0023469      0.98975391      0.98709825     0.097826568    2.055208e-09      0.95166166      0.84044153      0.24968153      0.76672582       16.973282       1109.0532       1462.6094       24.473125       0.53378453           23.93934       2977.3431                 20.222408                 397.05705                                669.57026                       22.20347                   16.973282                  1462.6094       225.47023        163.23706
              1       1512.5367     0.023707141       70.031548       3.0229622      0.99267624       8.2224708      0.74425062      0.29201363     0.073799261      0.98590304      0.98994111      0.99776121      0.98834345      0.99451176     0.097826568    2.055208e-09      0.95166166      0.84044153      0.24968153      0.76672582       16.973282       1113.7848       1462.6094       22.293425        -1.645915           23.93934       2980.4866                  20.20672                 397.04715                                672.65511                      23.875786                   16.973282                  1462.6094       222.19254        164.92662
              1       1516.6001     0.023707141       70.031548       3.0229622      0.99267624       8.2224708      0.74425062      0.29201363     0.073799261       0.9867584      0.98994173      0.99743827      0.98923991      0.99907987     0.097826568    2.055208e-09      0.95166166      0.84044153      0.24968153      0.76672582       16.973282       1120.0905       1462.6094       19.646664       -4.2926761           23.93934       2993.9069                 20.199217                 397.02518                                677.82002                      25.046091                   16.973282                  1462.6094       222.41843        171.81532
              1         1515.69     0.023707141       70.031548       3.0229622      0.99267624       8.2224708      0.74425062      0.29201363     0.073799261       0.9867584      0.99089744      0.99878224      0.98526957       0.9953338     0.097826568    2.055208e-09      0.95166166      0.84044153      0.24968153      0.76672582       16.973282       1120.0905       1462.6094       21.337356       -2.6019838           23.93934       2988.7053                 20.199217                 397.02518                                677.82002                      25.046091                   16.973282                  1462.6094       222.86952        166.16263
              1       1513.6816     0.023707141       70.031548       3.0229622      0.99267624       8.2224708      0.74425062      0.29201363     0.073799261       0.9867584      0.99089744      0.99878224       0.9948103      0.99243021     0.097826568    2.055208e-09      0.95166166      0.84044153      0.24968153      0.76672582       16.973282       1120.0905       1462.6094        16.95988         -6.97946           23.93934       2993.4434                 20.199217                 397.02518                                677.82002                      25.046091                   16.973282                  1462.6094       222.86952        170.90074
              1       1508.7121     0.023708675       70.367322       3.0250671      0.98603119       8.2954174      0.74776483      0.28143333     0.087561014      0.98682848      0.99066183        1.000215      0.98669028      0.99125917      0.12470514   2.0595387e-09      0.95211878      0.82295405      0.24657163      0.74608192       22.465944       1096.3016       1461.1988       21.013789       -2.9799178          23.993707       2975.3967                 20.335208                  397.4846                                648.62239                      29.859361                   22.465944                  1461.1988       232.83012         162.6002
              1       1514.3472     0.023708675       70.367322       3.0250671      0.98603119       8.2954174      0.74776483      0.28143333     0.087561014      0.98682848      0.98699446      0.99533371      0.98814433      0.99333743      0.12470514   2.0595387e-09      0.95211878      0.82295405      0.24657163      0.74608192       22.465944       1096.3016       1461.1988       24.355786       0.36207899          23.993707       2979.9829                 20.335208                  397.4846                                648.62239                      29.859361                   22.465944                  1461.1988       235.07701        164.93953
              3       1509.7351     0.023708675       70.367322       3.0250671      0.98603119       8.2954174      0.74776483      0.28143333     0.087561014      0.98682848      0.98764642       1.0045173      0.98844281      0.98863822      0.12470514   2.0595387e-09      0.95211878      0.82295405      0.24657163      0.74608192       22.465944       1096.3016       1461.1988       24.065248       0.07154093          23.993707       2971.3397                 20.335208                  397.4846                                648.62239                      29.859361                   22.465944                  1461.1988       228.27304        163.10034
              1       1509.3267     0.023708675       70.367322       3.0250671      0.98603119       8.2954174      0.74776483      0.28143333     0.087561014      0.98682848      0.98980789      0.99688352      0.98826372      0.98878154      0.12470514   2.0595387e-09      0.95211878      0.82295405      0.24657163      0.74608192       22.465944       1096.3016       1461.1988       21.430767       -2.5629401          23.993707       2975.7918                 20.335208                  397.4846                                648.62239                      29.859361                   22.465944                  1461.1988       232.88504        162.94044
              1        1509.191     0.023708675       70.367322       3.0250671      0.98603119       8.2954174      0.74776483      0.28143333     0.087561014      0.98707049      0.98837232      0.99959675      0.98802753       0.9881914      0.12470514   2.0595387e-09      0.95211878      0.82295405      0.24657163      0.74608192       22.465944       1097.7998       1461.1988       22.933086       -1.0606206          23.993707       2972.5158                 20.324264                 397.47662                                649.74998                       30.24892                   22.465944                  1461.1988       228.30136        162.74986
              1       1508.5117     0.023708675       70.367322       3.0250671      0.98603119       8.2954174      0.74776483      0.28143333     0.087561014       0.9863843      0.98837182      0.99985583      0.98797494       0.9918186      0.12470514   2.0595387e-09      0.95211878      0.82295405      0.24657163      0.74608192       22.465944       1094.0603       1461.1988       23.736284      -0.25742282          23.993707       2969.5509                 20.355845                 397.48188                                647.06978                      29.152763                   22.465944                  1461.1988       228.14659        163.67926
              1       1508.6063     0.023708675       70.367322       3.0250671      0.98603119       8.2954174      0.74776483      0.28143333     0.087561014      0.98588978       0.9888435       1.0012215        0.988245      0.98762196      0.12470514   2.0595387e-09      0.95211878      0.82295405      0.24657163      0.74608192       22.465944       1092.3704       1461.1988       24.893075       0.89936786          23.993707       2967.4264                 20.379676                 397.48054                                646.13129                      28.378876                   22.465944                  1461.1988       228.37927        163.01199
              1       1508.7308     0.023708675       70.367322       3.0250671      0.98603119       8.2954174      0.74776483      0.28143333     0.087561014      0.98588978      0.99033238        1.001942      0.99102081      0.99238303      0.12470514   2.0595387e-09      0.95211878      0.82295405      0.24657163      0.74608192       22.465944       1092.3704       1461.1988        20.84258        -3.151127          23.993707       2975.7764                 20.379676                 397.48054                                646.13129                      28.378876                   22.465944                  1461.1988       232.19713        167.54413
              1       1508.8195     0.023708675       70.367322       3.0250671      0.98603119       8.2954174      0.74776483      0.28143333     0.087561014      0.98588978      0.99033238        1.001942      0.98664279      0.99088096      0.12470514   2.0595387e-09      0.95211878      0.82295405      0.24657163      0.74608192       22.465944       1092.3704       1461.1988       23.505716      -0.48799111          23.993707       2970.6276                 20.379676                 397.48054                                646.13129                      28.378876                   22.465944                  1461.1988       232.19713        162.39526
              1       1509.6195     0.023708675       70.367322       3.0250671      0.98603119       8.2954174      0.74776483      0.28143333     0.087561014      0.98588978      0.99033238        1.001942      0.98534475       0.9891253      0.12470514   2.0595387e-09      0.95211878      0.82295405      0.24657163      0.74608192       22.465944       1092.3704       1461.1988       24.739603       0.74589595          23.993707       2969.7598                 20.379676                 397.48054                                646.13129                      28.378876                   22.465944                  1461.1988       232.19713        161.52747
              1       1511.1958     0.023708675       70.367322       3.0250671      0.98603119       8.2954174      0.74776483      0.28143333     0.087561014      0.98588978      0.99099321      0.99620747      0.98523349      0.98899257      0.12470514   2.0595387e-09      0.95211878      0.82295405      0.24657163      0.74608192       22.465944       1092.3704       1461.1988       24.162674       0.16896697          23.993707       2974.0662                 20.379676                 397.48054                                646.13129                      28.378876                   22.465944                  1461.1988       236.53128        161.49979
              1       1509.4305     0.023708675       70.367322       3.0250671      0.98603119       8.2954174      0.74776483      0.28143333     0.087561014      0.98588978      0.99092661       1.0002654      0.98576572      0.98980691      0.12470514   2.0595387e-09      0.95211878      0.82295405      0.24657163      0.74608192       22.465944       1092.3704       1461.1988       23.683429      -0.31027809          23.993707       2971.4942                 20.379676                 397.48054                                646.13129                      28.378876                   22.465944                  1461.1988       233.72603        161.73302
              1       1509.4158     0.023708675       70.367322       3.0250671      0.98603119       8.2954174      0.74776483      0.28143333     0.087561014      0.98588978      0.99090633       1.0002865      0.98576656      0.98980295      0.12470514   2.0595387e-09      0.95211878      0.82295405      0.24657163      0.74608192       22.465944       1092.3704       1461.1988       23.704069      -0.28963827          23.993707       2971.4234                 20.379676                 397.48054                                646.13129                      28.378876                   22.465944                  1461.1988        233.6561        161.73213
              1       1508.1683     0.023708675       70.367322       3.0250671      0.98603119       8.2954174      0.74776483      0.28143333     0.087561014      0.98588978      0.98959697       1.0011515      0.99076965      0.99029212      0.12470514   2.0595387e-09      0.95211878      0.82295405      0.24657163      0.74608192       22.465944       1092.3704       1461.1988       22.118711       -1.8749957          23.993707       2972.0991                 20.379676                 397.48054                                646.13129                      28.378876                   22.465944                  1461.1988        229.8869        166.17702
              1       1509.2296     0.023708675       70.367322       3.0250671      0.98603119       8.2954174      0.74776483      0.28143333     0.087561014      0.98588978      0.98919891      0.99964192      0.98988864      0.98629663      0.12470514   2.0595387e-09      0.95211878      0.82295405      0.24657163      0.74608192       22.465944       1092.3704       1461.1988       23.895156      -0.09855114          23.993707       2970.6689                 20.379676                 397.48054                                646.13129                      28.378876                   22.465944                  1461.1988       229.34401        165.28976
              1       1508.9952     0.023708675       70.367322       3.0250671      0.98603119       8.2954174      0.74776483      0.28143333     0.087561014      0.98588978      0.98919891      0.99964192      0.98948275      0.98668048      0.12470514   2.0595387e-09      0.95211878      0.82295405      0.24657163      0.74608192       22.465944       1092.3704       1461.1988        24.00469      0.010983105          23.993707        2969.981                 20.379676                 397.48054                                646.13129                      28.378876                   22.465944                  1461.1988       229.34401        164.60179
              1       1508.7033     0.023708675       70.367322       3.0250671      0.98603119       8.2954174      0.74776483      0.28143333     0.087561014      0.98588978      0.98919891      0.99964192      0.98932584      0.98736986      0.12470514   2.0595387e-09      0.95211878      0.82295405      0.24657163      0.74608192       22.465944       1092.3704       1461.1988       23.917922     -0.075785063          23.993707       2969.5708                 20.379676                 397.48054                                646.13129                      28.378876                   22.465944                  1461.1988       229.34401        164.19164
              1       1508.9064     0.023708675       70.367322       3.0250671      0.98603119       8.2954174      0.74776483      0.28143333     0.087561014      0.98588978        0.991023       1.0005276      0.98929647      0.98787126      0.12470514   2.0595387e-09      0.95211878      0.82295405      0.24657163      0.74608192       22.465944       1092.3704       1461.1988       21.811775       -2.1819321          23.993707       2974.1893                 20.379676                 397.48054                                646.13129                      28.378876                   22.465944                  1461.1988       234.09924        164.05486
              1       1510.7717     0.023708675       70.367322       3.0250671      0.98603119       8.2954174      0.74776483      0.28143333     0.087561014       0.9873246      0.98772015       1.0007468        0.992717      0.98955317      0.12470514   2.0595387e-09      0.95211878      0.82295405      0.24657163      0.74608192       22.465944       1099.6113       1461.1988       20.752548        -3.241159          23.993707       2980.0383                 20.313007                 397.48974                                651.14711                      30.661403                   22.465944                  1461.1988        227.2964        169.46588
              1        1508.907     0.023708675       70.367322       3.0250671      0.98603119       8.2954174      0.74776483      0.28143333     0.087561014       0.9873246      0.99058262      0.99957472      0.98877354      0.99207382      0.12470514   2.0595387e-09      0.95211878      0.82295405      0.24657163      0.74608192       22.465944       1099.6113       1461.1988         18.6743       -5.3194074          23.993707       2980.4653                 20.313007                 397.48974                                651.14711                      30.661403                   22.465944                  1461.1988       232.66267         164.5266
              1       1509.0831     0.023708675       70.367322       3.0250671      0.98603119       8.2954174      0.74776483      0.28143333     0.087561014       0.9873246      0.99063551      0.99875657      0.98875866      0.99204455      0.12470514   2.0595387e-09      0.95211878      0.82295405      0.24657163      0.74608192       22.465944       1099.6113       1461.1988       18.631802       -5.3619054          23.993707       2980.9026                 20.313007                 397.48974                                651.14711                      30.661403                   22.465944                  1461.1988       233.13295        164.49361
              1       1508.8565     0.023708675       70.367322       3.0250671      0.98603119       8.2954174      0.74776483      0.28143333     0.087561014      0.98719411      0.99063541      0.99880583      0.98877114       0.9920635      0.12470514   2.0595387e-09      0.95211878      0.82295405      0.24657163      0.74608192       22.465944       1098.6468       1461.1988       18.888094       -5.1056131          23.993707       2979.9369                 20.318758                 397.47644                                650.40243                       30.44915                   22.465944                  1461.1988       233.10764        164.51768
              2       1508.3564     0.023708675       70.367322       3.0250671      0.98603119       8.2954174      0.74776483      0.28143333     0.087561014      0.98633281      0.99004954       1.0029506      0.98893108      0.99224076      0.12470514   2.0595387e-09      0.95211878      0.82295405      0.24657163      0.74608192       22.465944       1093.8449       1461.1988       21.226104       -2.7676029          23.993707       2974.2605                 20.358285                 397.48188                                646.93316                      29.071544                   22.465944                  1461.1988       231.96004        164.79082
              2       1509.6661     0.023708675       70.367322       3.0250671      0.98603119       8.2954174      0.74776483      0.28143333     0.087561014      0.98633281      0.99087523       1.0041268      0.98893067      0.99250797      0.12470514   2.0595387e-09      0.95211878      0.82295405      0.24657163      0.74608192       22.465944       1093.8449       1461.1988       20.312762       -3.6809447          23.993707       2978.7066                 20.358285                 397.48188                                646.93316                      29.071544                   22.465944                  1461.1988       236.22134        164.97559
              1        1508.141     0.023708675       70.367322       3.0250671      0.98603119       8.2954174      0.74776483      0.28143333     0.087561014      0.98633281      0.99022185      0.99897476      0.99022676      0.99176577      0.12470514   2.0595387e-09      0.95211878      0.82295405      0.24657163      0.74608192       22.465944       1093.8449       1461.1988       20.439359       -3.5543484          23.993707       2975.4034                 20.358285                 397.48188                                646.93316                      29.071544                   22.465944                  1461.1988        231.8728        166.02089
              2       1508.5672     0.023708675       70.367322       3.0250671      0.98603119       8.2954174      0.74776483      0.28143333     0.087561014      0.98633281      0.98797183       1.0012263      0.99031856       0.9913209      0.12470514   2.0595387e-09      0.95211878      0.82295405      0.24657163      0.74608192       22.465944       1093.8449       1461.1988        23.19205      -0.80165649          23.993707       2970.7503                 20.358285                 397.48188                                646.93316                      29.071544                   22.465944                  1461.1988       227.32562        165.91502
              1        1508.769     0.023708675       70.367322       3.0250671      0.98603119       8.2954174      0.74776483      0.28143333     0.087561014      0.98633281      0.98797183       1.0012263      0.99081567      0.98936729      0.12470514   2.0595387e-09      0.95211878      0.82295405      0.24657163      0.74608192       22.465944       1093.8449       1461.1988       23.316369      -0.67733811          23.993707       2970.9053                 20.358285                 397.48188                                646.93316                      29.071544                   22.465944                  1461.1988       227.32562        166.07004
              1       1509.3888     0.023708675       70.367322       3.0250671      0.98603119       8.2954174      0.74776483      0.28143333     0.087561014      0.98633281      0.98995692      0.99725261      0.98856206      0.98704527      0.12470514   2.0595387e-09      0.95211878      0.82295405      0.24657163      0.74608192       22.465944       1093.8449       1461.1988       22.553078       -1.4406292          23.993707       2973.6714                 20.358285                 397.48188                                646.93316                      29.071544                   22.465944                  1461.1988        232.7097          163.452
              1       1509.7011     0.023708675       70.367322       3.0250671      0.98603119       8.2954174      0.74776483      0.28143333     0.087561014      0.98633281      0.99066919       1.0040331      0.98865751      0.98757513      0.12470514   2.0595387e-09      0.95211878      0.82295405      0.24657163      0.74608192       22.465944       1093.8449       1461.1988        21.60529       -2.3884168          23.993707       2976.1915                 20.358285                 397.48188                                646.93316                      29.071544                   22.465944                  1461.1988       235.26831        163.41356
              1       1514.8411     0.023708675       70.367322       3.0250671      0.98603119       8.2954174      0.74776483      0.28143333     0.087561014      0.98633281      0.99233635       1.0022049      0.99215061      0.98283063      0.12470514   2.0595387e-09      0.95211878      0.82295405      0.24657163      0.74608192       22.465944       1093.8449       1461.1988       19.696907       -4.2967999          23.993707       2990.2883                 20.358285                 397.48188                                646.93316                      29.071544                   22.465944                  1461.1988       240.86209        171.91658
              1       1509.1591     0.023708675       70.367322       3.0250671      0.98603119       8.2954174      0.74776483      0.28143333     0.087561014      0.98633281        0.988624      0.99999142      0.99219485      0.98871245      0.12470514   2.0595387e-09      0.95211878      0.82295405      0.24657163      0.74608192       22.465944       1093.8449       1461.1988       22.023066       -1.9706411          23.993707        2974.272                 20.358285                 397.48188                                646.93316                      29.071544                   22.465944                  1461.1988       228.34598        168.41638
              1       1509.1985     0.023708675       70.367322       3.0250671      0.98603119       8.2954174      0.74776483      0.28143333     0.087561014      0.98633281        0.988624      0.99999142      0.98865762      0.98613037      0.12470514   2.0595387e-09      0.95211878      0.82295405      0.24657163      0.74608192       22.465944       1093.8449       1461.1988       24.317364       0.32365729          23.993707       2969.7622                 20.358285                 397.48188                                646.93316                      29.071544                   22.465944                  1461.1988       228.34598        163.90657
              1       1509.6868     0.023708675       70.367322       3.0250671      0.98603119       8.2954174      0.74776483      0.28143333     0.087561014      0.98633281        0.988624      0.99999142      0.99336054      0.99141339      0.12470514   2.0595387e-09      0.95211878      0.82295405      0.24657163      0.74608192       22.465944       1093.8449       1461.1988       21.097644       -2.8960627          23.993707       2977.1782                 20.358285                 397.48188                                646.93316                      29.071544                   22.465944                  1461.1988       228.34598        171.32257
              1       1507.4943     0.023712853       70.356841       3.0248426      0.98610469       8.3073349      0.74810481      0.28248094     0.086554294      0.98497102      0.98861479       1.0005282      0.99232459      0.99018672      0.12352906   2.0590763e-09      0.95209607      0.82259844      0.24622669       0.7452377       22.292129       1090.6854       1461.3827       24.965235        0.8231427          24.142093       2965.0581                 20.410673                 397.52135                                645.71861                      27.034763                   22.292129                  1461.3827       223.64685         167.0511
              1       1507.5464     0.023712853       70.356841       3.0248426      0.98610469       8.3073349      0.74810481      0.28248094     0.086554294      0.98497102      0.98861479       1.0005282      0.98918729      0.98629865      0.12352906   2.0590763e-09      0.95209607      0.82259844      0.24622669       0.7452377       22.292129       1090.6854       1461.3827       27.268706        3.1266127          24.142093       2960.5554                 20.410673                 397.52135                                645.71861                      27.034763                   22.292129                  1461.3827       223.64685        162.54834
              1       1505.9414     0.023712853       70.356841       3.0248426      0.98610469       8.3073349      0.74810481      0.28248094     0.086554294      0.98556209      0.98860488       1.0000337      0.98951413      0.98729532      0.12352906   2.0590763e-09      0.95209607      0.82259844      0.24622669       0.7452377       22.292129         1090.89       1461.3827       25.466271        1.3241778          24.142093       2960.9503                 20.381012                 397.51524                                645.06039                      27.933304                   22.292129                  1461.3827        223.7886        162.59695
              1       1508.1188     0.023712853       70.356841       3.0248426      0.98610469       8.3073349      0.74810481      0.28248094     0.086554294      0.98556209       0.9879881       1.0026367      0.99421125      0.99136184      0.12352906   2.0590763e-09      0.95209607      0.82259844      0.24622669       0.7452377       22.292129         1090.89       1461.3827       23.551351      -0.59074197          24.142093       2969.1349                 20.381012                 397.51524                                645.06039                      27.933304                   22.292129                  1461.3827       223.05876        171.51144
              1       1507.7917     0.023712853       70.356841       3.0248426      0.98610469       8.3073349      0.74810481      0.28248094     0.086554294      0.98556209      0.99197455       1.0018411       0.9861147      0.99041727      0.12352906   2.0590763e-09      0.95209607      0.82259844      0.24622669       0.7452377       22.292129         1090.89       1461.3827       23.227171      -0.91492181          24.142093       2969.1292                 20.381012                 397.51524                                645.06039                      27.933304                   22.292129                  1461.3827       234.41331        160.15111
              2       1506.5813     0.023712853       70.356841       3.0248426      0.98610469       8.3073349      0.74810481      0.28248094     0.086554294      0.98619523      0.99197501       1.0016021      0.99000068      0.99263558      0.12352906   2.0590763e-09      0.95209607      0.82259844      0.24622669       0.7452377       22.292129       1092.4634       1461.3827       19.138633       -5.0034599          24.142093       2974.8853                 20.350599                 397.51119                                645.68425                       28.91738                   22.292129                  1461.3827          234.23        164.51715
              1       1506.5088     0.023712853       70.356841       3.0248426      0.98610469       8.3073349      0.74810481      0.28248094     0.086554294      0.98619523      0.99197501       1.0016021      0.98932352       0.9925838      0.12352906   2.0590763e-09      0.95209607      0.82259844      0.24622669       0.7452377       22.292129       1092.4634       1461.3827       19.493114       -4.6489786          24.142093       2974.0313                 20.350599                 397.51119                                645.68425                       28.91738                   22.292129                  1461.3827          234.23        163.66312
              1       1505.3928     0.023712853       70.356841       3.0248426      0.98610469       8.3073349      0.74810481      0.28248094     0.086554294      0.98619523      0.98767231       1.0014682       0.9894253       0.9915026      0.12352906   2.0590763e-09      0.95209607      0.82259844      0.24622669       0.7452377       22.292129       1092.4634       1461.3827       24.467328       0.32523522          24.142093        2961.851                 20.350599                 397.51119                                645.68425                       28.91738                   22.292129                  1461.3827       222.62289        163.08986
              1        1505.405     0.023712853       70.356841       3.0248426      0.98610469       8.3073349      0.74810481      0.28248094     0.086554294      0.98619523      0.98767231       1.0014682      0.98834069      0.99116725      0.12352906   2.0590763e-09      0.95209607      0.82259844      0.24622669       0.7452377       22.292129       1092.4634       1461.3827       25.120401       0.97830775          24.142093       2960.5693                 20.350599                 397.51119                                645.68425                       28.91738                   22.292129                  1461.3827       222.62289        161.80818
              1       1506.1716     0.023712853       70.356841       3.0248426      0.98610469       8.3073349      0.74810481      0.28248094     0.086554294      0.98619523      0.98767231       1.0014682      0.98866699      0.99434464      0.12352906   2.0590763e-09      0.95209607      0.82259844      0.24622669       0.7452377       22.292129       1092.4634       1461.3827       24.498838       0.35674535          24.142093       2963.3456                 20.350599                 397.51119                                645.68425                       28.91738                   22.292129                  1461.3827       222.62289        164.58449
              1        1505.519     0.023712853       70.356841       3.0248426      0.98610469       8.3073349      0.74810481      0.28248094     0.086554294      0.98684676      0.98810884       1.0013309      0.98885456      0.99339753      0.12352906   2.0590763e-09      0.95209607      0.82259844      0.24622669       0.7452377       22.292129       1095.5443       1461.3827       22.511639       -1.6304541          24.142093       2966.0148                 20.320833                 397.51723                                647.75311                      29.953178                   22.292129                  1461.3827       222.96141        163.83424
              1       1505.1794     0.023712853       70.356841       3.0248426      0.98610469       8.3073349      0.74810481      0.28248094     0.086554294      0.98684676      0.98810884       1.0013309      0.98948743      0.98910015      0.12352906   2.0590763e-09      0.95209607      0.82259844      0.24622669       0.7452377       22.292129       1095.5443       1461.3827       22.883232       -1.2588611          24.142093       2964.5923                 20.320833                 397.51723                                647.75311                      29.953178                   22.292129                  1461.3827       222.96141        162.41173
              1       1505.7756     0.023712853       70.356841       3.0248426      0.98610469       8.3073349      0.74810481      0.28248094     0.086554294      0.98684676      0.99143795       1.0002899      0.98932295      0.98798199      0.12352906   2.0590763e-09      0.95209607      0.82259844      0.24622669       0.7452377       22.292129       1095.5443       1461.3827       19.429258       -4.7128345          24.142093       2972.6927                 20.320833                 397.51723                                647.75311                      29.953178                   22.292129                  1461.3827       231.24023        162.23331
              1       1506.9997     0.023712853       70.356841       3.0248426      0.98610469       8.3073349      0.74810481      0.28248094     0.086554294      0.98550925      0.99143698       1.0007948       0.9858921      0.99085409      0.12352906   2.0590763e-09      0.95209607      0.82259844      0.24622669       0.7452377       22.292129       1090.8214       1461.3827       23.922032      -0.22006124          24.142093       2966.1553                 20.383615                 397.51524                                645.07037                      27.852186                   22.292129                  1461.3827       231.38049        160.27858
              1       1506.3236     0.023712853       70.356841       3.0248426      0.98610469       8.3073349      0.74810481      0.28248094     0.086554294      0.98550925      0.99055762       1.0014328      0.98592395      0.99066766      0.12352906   2.0590763e-09      0.95209607      0.82259844      0.24622669       0.7452377       22.292129       1090.8214       1461.3827       24.811973       0.66988007          24.142093       2963.0233                 20.383615                 397.51524                                645.07037                      27.852186                   22.292129                  1461.3827        228.3257        160.20142
              1       1508.0168     0.023712853       70.356841       3.0248426      0.98610469       8.3073349      0.74810481      0.28248094     0.086554294      0.98550925      0.98795003       1.0057859      0.98757949      0.98738263      0.12352906   2.0590763e-09      0.95209607      0.82259844      0.24622669       0.7452377       22.292129       1090.8214       1461.3827        27.51968        3.3775873          24.142093       2960.9943                 20.383615                 397.51524                                645.07037                      27.852186                   22.292129                  1461.3827       225.85339         160.6447
              1       1505.4811     0.023712853       70.356841       3.0248426      0.98610469       8.3073349      0.74810481      0.28248094     0.086554294      0.98550925      0.99001584       1.0018981      0.98833442      0.98868974      0.12352906   2.0590763e-09      0.95209607      0.82259844      0.24622669       0.7452377       22.292129       1090.8214       1461.3827       24.244037       0.10194411          24.142093       2962.4741                 20.383615                 397.51524                                645.07037                      27.852186                   22.292129                  1461.3827        226.8222        161.15572
              1       1505.6796     0.023712853       70.356841       3.0248426      0.98610469       8.3073349      0.74810481      0.28248094     0.086554294      0.98666953      0.99001668       1.0014601      0.98553944      0.98894996      0.12352906   2.0590763e-09      0.95209607      0.82259844      0.24622669       0.7452377       22.292129        1094.572       1461.3827       23.416668      -0.72542448          24.142093       2964.5258                  20.32878                  397.5266                                647.04752                      29.669107                   22.292129                  1461.3827       226.64203        159.63701
              1       1504.5047     0.023712853       70.356841       3.0248426      0.98610469       8.3073349      0.74810481      0.28248094     0.086554294      0.98666953      0.99001668       1.0014601      0.98835274      0.99034651      0.12352906   2.0590763e-09      0.95209607      0.82259844      0.24622669       0.7452377       22.292129        1094.572       1461.3827       21.321497       -2.8205956          24.142093       2966.3663                  20.32878                  397.5266                                647.04752                      29.669107                   22.292129                  1461.3827       226.64203        161.47751
              1       1505.5455     0.023712853       70.356841       3.0248426      0.98610469       8.3073349      0.74810481      0.28248094     0.086554294      0.98666953      0.99045431      0.99857649      0.99171711      0.98899544      0.12352906   2.0590763e-09      0.95209607      0.82259844      0.24622669       0.7452377       22.292129        1094.572       1461.3827       19.447733       -4.6943594          24.142093       2972.1956                  20.32878                  397.5266                                647.04752                      29.669107                   22.292129                  1461.3827       228.19159        165.75723
              1       1506.7386     0.023712853       70.356841       3.0248426      0.98610469       8.3073349      0.74810481      0.28248094     0.086554294      0.98560493      0.99016031       1.0002259      0.99267544      0.99411409      0.12352906   2.0590763e-09      0.95209607      0.82259844      0.24622669       0.7452377       22.292129       1090.9469       1461.3827       20.936835        -3.205258          24.142093       2971.6035                 20.378909                 397.50951                                645.05933                      27.999194                   22.292129                  1461.3827       226.86748        170.11429
              1       1506.3553     0.023712853       70.356841       3.0248426      0.98610469       8.3073349      0.74810481      0.28248094     0.086554294      0.98736642      0.99015204       0.9998202      0.99213981      0.99307092      0.12352906   2.0590763e-09      0.95209607      0.82259844      0.24622669       0.7452377       22.292129        1099.021       1461.3827       17.465216       -6.6768768          24.142093       2977.7801                 20.298157                 397.49163                                 650.4351                       30.79607                   22.292129                  1461.3827       226.89359        168.19078
              1       1505.6988     0.023712853       70.356841       3.0248426      0.98610469       8.3073349      0.74810481      0.28248094     0.086554294      0.98681777      0.99015164       1.0000273      0.99219225       0.9931506      0.12352906   2.0590763e-09      0.95209607      0.82259844      0.24622669       0.7452377       22.292129       1095.3763       1461.3827       18.567997       -5.5740958          24.142093       2974.2615                 20.322125                 397.51723                                 647.6304                      29.906591                   22.292129                  1461.3827       226.86037        168.35004
              1       1506.1743     0.023712853       70.356841       3.0248426      0.98610469       8.3073349      0.74810481      0.28248094     0.086554294      0.98583446      0.99056334       1.0007473      0.99228208      0.99341447      0.12352906   2.0590763e-09      0.95209607      0.82259844      0.24622669       0.7452377       22.292129       1091.3919       1461.3827       20.210078       -3.9320147          24.142093       2971.9284                 20.367748                 397.50951                                645.16074                      28.353923                   22.292129                  1461.3827       228.12907        168.73265
              1       1506.5198     0.023712853       70.356841       3.0248426      0.98610469       8.3073349      0.74810481      0.28248094     0.086554294      0.98543651      0.98966001       1.0009234      0.98958693      0.98570964      0.12352906   2.0590763e-09      0.95209607      0.82259844      0.24622669       0.7452377       22.292129        1090.743       1461.3827       24.850768       0.70867552          24.142093        2963.338                 20.387214                 397.51524                                645.09979                      27.740767                   22.292129                  1461.3827       225.57954        163.34068
              1       1505.7137     0.023712853       70.356841       3.0248426      0.98610469       8.3073349      0.74810481      0.28248094     0.086554294      0.98616782      0.98966054       1.0006473      0.98951702      0.98560344      0.12352906   2.0590763e-09      0.95209607      0.82259844      0.24622669       0.7452377       22.292129       1092.3663       1461.3827       23.253929      -0.88816387          24.142093       2964.9196                 20.351885                 397.51119                                645.62887                      28.874312                   22.292129                  1461.3827       225.56688        163.31171
              1       1504.9476     0.023712853       70.356841       3.0248426      0.98610469       8.3073349      0.74810481      0.28248094     0.086554294      0.98616782      0.98966054       1.0006473      0.99134577      0.99245102      0.12352906   2.0590763e-09      0.95209607      0.82259844      0.24622669       0.7452377       22.292129       1092.3663       1461.3827       20.964321       -3.1777717          24.142093       2967.9666                 20.351885                 397.51119                                645.62887                      28.874312                   22.292129                  1461.3827       225.56688        166.35869
              1       1505.0945     0.023712853       70.356841       3.0248426      0.98610469       8.3073349      0.74810481      0.28248094     0.086554294      0.98607243      0.98889784      0.99860894      0.98999164      0.99005761      0.12352906   2.0590763e-09      0.95209607      0.82259844      0.24622669       0.7452377       22.292129       1092.0487       1461.3827       23.107506       -1.0345867          24.142093        2963.974                 20.356381                 397.51138                                645.45616                      28.724777                   22.292129                  1461.3827       225.03094         163.2196
              1       1505.9421     0.023712853       70.356841       3.0248426      0.98610469       8.3073349      0.74810481      0.28248094     0.086554294      0.98607243      0.98896638      0.99883477      0.98725133      0.99410679      0.12352906   2.0590763e-09      0.95209607      0.82259844      0.24622669       0.7452377       22.292129       1092.0487       1461.3827        23.96327      -0.17882254          24.142093       2963.9578                 20.356381                 397.51138                                645.45616                      28.724777                   22.292129                  1461.3827       224.94133        163.29294
              1       1505.7314     0.023712853       70.356841       3.0248426      0.98610469       8.3073349      0.74810481      0.28248094     0.086554294      0.98607243       0.9905388       1.0024178       0.9881815       0.9938015      0.12352906   2.0590763e-09      0.95209607      0.82259844      0.24622669       0.7452377       22.292129       1092.0487       1461.3827       21.641084       -2.5010091          24.142093       2968.1806                 20.356381                 397.51138                                645.45616                      28.724777                   22.292129                  1461.3827       228.84508        163.61205
              1       1504.9741     0.023712853       70.356841       3.0248426      0.98610469       8.3073349      0.74810481      0.28248094     0.086554294      0.98607243      0.98879968       1.0028118      0.99030137      0.99155481      0.12352906   2.0590763e-09      0.95209607      0.82259844      0.24622669       0.7452377       22.292129       1092.0487       1461.3827       22.817306       -1.3247871          24.142093       2964.3136                 20.356381                 397.51138                                645.45616                      28.724777                   22.292129                  1461.3827       224.35629        164.23386
              1       1505.0396     0.023712853       70.356841       3.0248426      0.98610469       8.3073349      0.74810481      0.28248094     0.086554294      0.98607243      0.98936878      0.99836687      0.99021375      0.99146612      0.12352906   2.0590763e-09      0.95209607      0.82259844      0.24622669       0.7452377       22.292129       1092.0487       1461.3827       22.183652       -1.9584408          24.142093       2965.7119                 20.356381                 397.51138                                645.45616                      28.724777                   22.292129                  1461.3827       225.92171        164.06671
              1         1504.98     0.023712853       70.356841       3.0248426      0.98610469       8.3073349      0.74810481      0.28248094     0.086554294      0.98607243      0.98974593      0.99837572      0.99008401      0.99191261      0.12352906   2.0590763e-09      0.95209607      0.82259844      0.24622669       0.7452377       22.292129       1092.0487       1461.3827       21.739243         -2.40285          24.142093       2966.4815                 20.356381                 397.51138                                645.45616                      28.724777                   22.292129                  1461.3827       226.61575        164.14226
              1       1505.0153     0.023712853       70.356841       3.0248426      0.98610469       8.3073349      0.74810481      0.28248094     0.086554294      0.98607243      0.98974593      0.99837572      0.98767323      0.98946432      0.12352906   2.0590763e-09      0.95209607      0.82259844      0.24622669       0.7452377       22.292129       1092.0487       1461.3827        23.50049      -0.64160274          24.142093       2963.0297                 20.356381                 397.51138                                645.45616                      28.724777                   22.292129                  1461.3827       226.61575        160.69041
              1       1504.8301     0.023712853       70.356841       3.0248426      0.98610469       8.3073349      0.74810481      0.28248094     0.086554294      0.98617207      0.98861076       1.0018241      0.98774907       0.9893474      0.12352906   2.0590763e-09      0.95209607      0.82259844      0.24622669       0.7452377       22.292129       1092.3811       1461.3827       24.621397       0.47930412          24.142093       2960.4174                 20.351685                 397.51119                                645.63729                      28.880985                   22.292129                  1461.3827       223.63474        160.72676
              1         1505.34     0.023712853       70.356841       3.0248426      0.98610469       8.3073349      0.74810481      0.28248094     0.086554294      0.98617207      0.98825221       1.0033158      0.98778252      0.98933533      0.12352906   2.0590763e-09      0.95209607      0.82259844      0.24622669       0.7452377       22.292129       1092.3811       1461.3827       25.064397       0.92230453          24.142093       2960.5513                 20.351685                 397.51119                                645.63729                      28.880985                   22.292129                  1461.3827       223.74506        160.75031
              1       1504.8508     0.023712853       70.356841       3.0248426      0.98610469       8.3073349      0.74810481      0.28248094     0.086554294      0.98617207       0.9901925      0.99866954      0.98788563      0.99158515      0.12352906   2.0590763e-09      0.95209607      0.82259844      0.24622669       0.7452377       22.292129       1092.3811       1461.3827       22.272565       -1.8695281          24.142093       2965.1564                 20.351685                 397.51119                                645.63729                      28.880985                   22.292129                  1461.3827       227.44234        161.65817
              1       1504.5369     0.023712853       70.356841       3.0248426      0.98610469       8.3073349      0.74810481      0.28248094     0.086554294      0.98617207      0.98900907       1.0017659      0.98832773      0.99123868      0.12352906   2.0590763e-09      0.95209607      0.82259844      0.24622669       0.7452377       22.292129       1092.3811       1461.3827       23.435469      -0.70662401          24.142093       2962.2028                 20.351685                 397.51119                                645.63729                      28.880985                   22.292129                  1461.3827        224.3145         161.8324
              1        1504.684     0.023712853       70.356841       3.0248426      0.98610469       8.3073349      0.74810481      0.28248094     0.086554294      0.98690972      0.98900961       1.0014874      0.98825722      0.99113156      0.12352906   2.0590763e-09      0.95209607      0.82259844      0.24622669       0.7452377       22.292129       1095.9109       1461.3827       21.905125        -2.236968          24.142093       2965.5578                 20.318038                 397.50891                                648.02941                      30.054514                   22.292129                  1461.3827       224.25432        161.71782
              1       1505.0285     0.023712853       70.356841       3.0248426      0.98610469       8.3073349      0.74810481      0.28248094     0.086554294      0.98717106      0.98891991       1.0016712       0.9882391      0.99108583      0.12352906   2.0590763e-09      0.95209607      0.82259844      0.24622669       0.7452377       22.292129       1097.5954       1461.3827       21.491464       -2.6506292          24.142093       2967.0741                 20.306582                 397.49163                                649.31976                      30.477462                   22.292129                  1461.3827       224.12376        161.68016
              1        1509.138     0.023712853       70.356841       3.0248426      0.98610469       8.3073349      0.74810481      0.28248094     0.086554294      0.98654532      0.98573401      0.99990983      0.98862719      0.99047134      0.12352906   2.0590763e-09      0.95209607      0.82259844      0.24622669       0.7452377       22.292129       1093.9353       1461.3827       27.177863        3.0357698          24.142093       2963.9203                 20.334419                  397.5133                                646.61656                      29.471044                   22.292129                  1461.3827       224.53255        161.77762
              1       1509.2418     0.023712853       70.356841       3.0248426      0.98610469       8.3073349      0.74810481      0.28248094     0.086554294      0.98654532      0.98573401      0.99990983       0.9901465      0.99002663      0.12352906   2.0590763e-09      0.95209607      0.82259844      0.24622669       0.7452377       22.292129       1093.9353       1461.3827       26.460077        2.3179838          24.142093       2965.5635                 20.334419                  397.5133                                646.61656                      29.471044                   22.292129                  1461.3827       224.53255        163.42088
              1         1504.68     0.023712853       70.356841       3.0248426      0.98610469       8.3073349      0.74810481      0.28248094     0.086554294      0.98654532      0.99061656      0.99938559      0.98852718      0.99138521      0.12352906   2.0590763e-09      0.95209607      0.82259844      0.24622669       0.7452377       22.292129       1093.9353       1461.3827       20.662691       -3.4794014          24.142093       2968.0347                 20.334419                  397.5133                                646.61656                      29.471044                   22.292129                  1461.3827         228.336        162.08856
              1       1504.6573     0.023712853       70.356841       3.0248426      0.98610469       8.3073349      0.74810481      0.28248094     0.086554294      0.98654532        0.989075       1.0027266      0.98861996      0.99117379      0.12352906   2.0590763e-09      0.95209607      0.82259844      0.24622669       0.7452377       22.292129       1093.9353       1461.3827       22.384246       -1.7578466          24.142093       2964.5462                 20.334419                  397.5133                                646.61656                      29.471044                   22.292129                  1461.3827       224.86772        162.06834
              1       1504.6172     0.023712853       70.356841       3.0248426      0.98610469       8.3073349      0.74810481      0.28248094     0.086554294      0.98654532        0.989075       1.0027266      0.98904062      0.99080478      0.12352906   2.0590763e-09      0.95209607      0.82259844      0.24622669       0.7452377       22.292129       1093.9353       1461.3827       22.214091       -1.9280014          24.142093       2964.8063                 20.334419                  397.5133                                646.61656                      29.471044                   22.292129                  1461.3827       224.86772        162.32846
              2       1504.9492     0.023712853       70.356841       3.0248426      0.98610469       8.3073349      0.74810481      0.28248094     0.086554294      0.98599285      0.98912687       1.0030692      0.98999883      0.99076464      0.12352906   2.0590763e-09      0.95209607      0.82259844      0.24622669       0.7452377       22.292129       1091.8059       1461.3827         22.8739       -1.2681931          24.142093       2964.1507                 20.360159                 397.50951                                645.33583                      28.600405                   22.292129                  1461.3827       225.21085        163.45914
              1       1505.3648     0.023712853       70.356841       3.0248426      0.98610469       8.3073349      0.74810481      0.28248094     0.086554294      0.98599285      0.98806043       1.0028735      0.98949519      0.99195591      0.12352906   2.0590763e-09      0.95209607      0.82259844      0.24622669       0.7452377       22.292129       1091.8059       1461.3827       24.286888       0.14479528          24.142093       2962.1559                 20.360159                 397.50951                                645.33583                      28.600405                   22.292129                  1461.3827       223.24161        163.43356
              1       1505.1507     0.023712853       70.356841       3.0248426      0.98610469       8.3073349      0.74810481      0.28248094     0.086554294      0.98599285      0.99090223       1.0005122      0.98938726      0.99254283      0.12352906   2.0590763e-09      0.95209607      0.82259844      0.24622669       0.7452377       22.292129       1091.8059       1461.3827       20.936015       -3.2060777          24.142093       2968.4295                 20.360159                 397.50951                                645.33583                      28.600405                   22.292129                  1461.3827       229.24391        163.70486
              1       1506.3636     0.023712853       70.356841       3.0248426      0.98610469       8.3073349      0.74810481      0.28248094     0.086554294      0.98599285      0.99039693       0.9991758      0.98731357      0.98544028      0.12352906   2.0590763e-09      0.95209607      0.82259844      0.24622669       0.7452377       22.292129       1091.8059       1461.3827       24.138631    -0.0034618378          24.142093       2964.4499                 20.360159                 397.50951                                645.33583                      28.600405                   22.292129                  1461.3827       227.75169        161.21754
              1       1505.9771     0.023712853       70.356841       3.0248426      0.98610469       8.3073349      0.74810481      0.28248094     0.086554294      0.98646123      0.99036961       1.0016432      0.98737428      0.98591941      0.12352906   2.0590763e-09      0.95209607      0.82259844      0.24622669       0.7452377       22.292129       1093.5436       1461.3827       22.967725       -1.1743675          24.142093       2966.0188                 20.338266                  397.5133                                646.35457                      29.337445                   22.292129                  1461.3827       227.79581        161.00465
              1       1508.5874     0.023712853       70.356841       3.0248426      0.98610469       8.3073349      0.74810481      0.28248094     0.086554294      0.98646123      0.99036961       1.0016432      0.99468062      0.99560093      0.12352906   2.0590763e-09      0.95209607      0.82259844      0.24622669       0.7452377       22.292129       1093.5436       1461.3827        18.02339        -6.118703          24.142093        2981.128                 20.338266                  397.5133                                646.35457                      29.337445                   22.292129                  1461.3827       227.79581        176.11382
              1       1505.8361     0.023712853       70.356841       3.0248426      0.98610469       8.3073349      0.74810481      0.28248094     0.086554294      0.98744871      0.99037032       1.0012704      0.98795837      0.99241526      0.12352906   2.0590763e-09      0.95209607      0.82259844      0.24622669       0.7452377       22.292129       1099.6607       1461.3827       19.217166       -4.9249271          24.142093        2973.238                  20.29464                 397.49163                                 650.9435                       30.93091                   22.292129                  1461.3827       227.64725        162.25525
              1       1505.5504     0.023712853       70.356841       3.0248426      0.98610469       8.3073349      0.74810481      0.28248094     0.086554294      0.98744871      0.99037032       1.0012704      0.98883482      0.99133419      0.12352906   2.0590763e-09      0.95209607      0.82259844      0.24622669       0.7452377       22.292129       1099.6607       1461.3827       18.878909       -5.2631842          24.142093       2973.3429                  20.29464                 397.49163                                 650.9435                       30.93091                   22.292129                  1461.3827       227.64725        162.36018
              1       1505.6725     0.023712853       70.356841       3.0248426      0.98610469       8.3073349      0.74810481      0.28248094     0.086554294      0.98598058      0.99085438       1.0029274      0.98898176      0.99172577      0.12352906   2.0590763e-09      0.95209607      0.82259844      0.24622669       0.7452377       22.292129       1091.7707       1461.3827       21.351165       -2.7909276          24.142093       2968.6426                 20.360744                 397.50951                                 645.3192                       28.58126                   22.292129                  1461.3827       230.47063        162.72647
              1       1507.6645     0.023722753       70.331131       3.0247915      0.98465798       8.2442884      0.74727037      0.27886078     0.089835612      0.98603161      0.99132733       1.0005387      0.98804903      0.98821085       0.1243734   2.0589711e-09      0.95204103      0.82142715      0.24709706      0.74549068       22.259837       1091.2731       1461.1926       22.320416       -2.1748677          24.495284       2970.6882                 20.473938                 397.32317                                645.46539                      28.010608                   22.259837                  1461.1926       233.87602        162.08667
              1       1507.1716     0.023722753       70.331131       3.0247915      0.98465798       8.2442884      0.74727037      0.27886078     0.089835612      0.98646647      0.99132764       1.0003745      0.98741298      0.99011981       0.1243734   2.0589711e-09      0.95204103      0.82142715      0.24709706      0.74549068       22.259837       1092.5004       1461.1926       21.359113       -3.1361707          24.495284        2971.625                 20.449942                 397.30765                                646.05818                      28.684654                   22.259837                  1461.1926       233.84775         161.8244
              1       1508.2581     0.023725265        70.33888       3.0246511      0.98457354         8.26096      0.74756084      0.27924653     0.088974194      0.98733825      0.98978957      0.99945839      0.99380547      0.99395235      0.12386589    2.058682e-09      0.95204652      0.82109644      0.24681236      0.74476111       22.269585       1097.3735       1461.2779         17.6805       -6.9047742          24.585274       2981.1552                 20.397633                 397.36853                                649.24054                      30.366775                   22.269585                  1461.2779       227.18279        173.05148
              1       1507.2789     0.023725265        70.33888       3.0246511      0.98457354         8.26096      0.74756084      0.27924653     0.088974194      0.98733825      0.98996371        1.000357      0.99334009       0.9914971      0.12386589    2.058682e-09      0.95204652      0.82109644      0.24681236      0.74476111       22.269585       1097.3735       1461.2779       17.970954       -6.6143195          24.585274       2978.6158                 20.397633                 397.36853                                649.24054                      30.366775                   22.269585                  1461.2779       227.44366        170.25122
              2       1507.5113     0.023725265        70.33888       3.0246511      0.98457354         8.26096      0.74756084      0.27924653     0.088974194      0.98733825      0.98880049       1.0025798      0.99340514      0.99132208      0.12386589    2.058682e-09      0.95204652      0.82109644      0.24681236      0.74476111       22.269585       1097.3735       1461.2779       19.350353       -5.2349208          24.585274       2976.3219                 20.397633                 397.36853                                649.24054                      30.366775                   22.269585                  1461.2779       225.08861        170.31236
              1       1505.4169     0.023725265        70.33888       3.0246511      0.98457354         8.26096      0.74756084      0.27924653     0.088974194       0.9870077      0.98880025       1.0027046      0.98938927      0.98958174      0.12386589    2.058682e-09      0.95204652      0.82109644      0.24681236      0.74476111       22.269585       1095.2503       1461.2779       22.057107       -2.5281665          24.585274       2966.7197                 20.414877                 397.36956                                 647.6321                      29.833797                   22.269585                  1461.2779       225.15211        162.76974
              1       1505.4402     0.023725265        70.33888       3.0246511      0.98457354         8.26096      0.74756084      0.27924653     0.088974194       0.9870077      0.98880025       1.0027046      0.98976203      0.98985321      0.12386589    2.058682e-09      0.95204652      0.82109644      0.24681236      0.74476111       22.269585       1095.2503       1461.2779       21.811549       -2.7737245          24.585274       2967.2573                 20.414877                 397.36956                                 647.6321                      29.833797                   22.269585                  1461.2779       225.15211        163.30739
              1       1505.3892     0.023725265        70.33888       3.0246511      0.98457354         8.26096      0.74756084      0.27924653     0.088974194       0.9870077      0.98880025       1.0027046      0.98944094      0.99088729      0.12386589    2.058682e-09      0.95204652      0.82109644      0.24681236      0.74476111       22.269585       1095.2503       1461.2779       21.788758       -2.7965155          24.585274       2967.2008                 20.414877                 397.36956                                 647.6321                      29.833797                   22.269585                  1461.2779       225.15211         163.2509
              1       1506.2395     0.023725265        70.33888       3.0246511      0.98457354         8.26096      0.74756084      0.27924653     0.088974194       0.9870077      0.99059104      0.99717227      0.98930572      0.99104717      0.12386589    2.058682e-09      0.95204652      0.82109644      0.24681236      0.74476111       22.269585       1095.2503       1461.2779       19.782373       -4.8029005          24.585274       2972.9142                 20.414877                 397.36956                                 647.6321                      29.833797                   22.269585                  1461.2779       230.95596        163.16042
              1        1505.988     0.023725265        70.33888       3.0246511      0.98457354         8.26096      0.74756084      0.27924653     0.088974194      0.98633869      0.99059056      0.99742486      0.98936967      0.99114433      0.12386589    2.058682e-09      0.95204652      0.82109644      0.24681236      0.74476111       22.269585        1092.123       1461.2779       21.159222       -3.4260513          24.585274       2969.6575                 20.450837                 397.38803                                645.51072                      28.773456                   22.269585                  1461.2779       230.70312        163.28383
              1       1506.5252     0.023725265        70.33888       3.0246511      0.98457354         8.26096      0.74756084      0.27924653     0.088974194      0.98633869      0.98896087      0.99722997       0.9882032       0.9881967      0.12386589    2.058682e-09      0.95204652      0.82109644      0.24681236      0.74476111       22.269585        1092.123       1461.2779       24.235499      -0.34977476          24.585274       2964.5794                 20.450837                 397.38803                                645.51072                      28.773456                   22.269585                  1461.2779       227.54144         161.3674
              1       1508.3118     0.023725265        70.33888       3.0246511      0.98457354         8.26096      0.74756084      0.27924653     0.088974194       0.9875973      0.98896178      0.99675478      0.99191398      0.99089163      0.12386589    2.058682e-09      0.95204652      0.82109644      0.24681236      0.74476111       22.269585       1099.2948       1461.2779       19.247027       -5.3382466          24.585274       2978.1296                 20.384355                 397.36278                                650.75907                      30.788642                   22.269585                  1461.2779       228.21118        167.07614
              1       1508.5146     0.023725265        70.33888       3.0246511      0.98457354         8.26096      0.74756084      0.27924653     0.088974194       0.9875973      0.98896178      0.99675478      0.98565804      0.98926179      0.12386589    2.058682e-09      0.95204652      0.82109644      0.24681236      0.74476111       22.269585       1099.2948       1461.2779       23.032879       -1.5523946          24.585274       2970.9635                 20.384355                 397.36278                                650.75907                      30.788642                   22.269585                  1461.2779       228.21118        159.90996
              1       1508.0836     0.023725265        70.33888       3.0246511      0.98457354         8.26096      0.74756084      0.27924653     0.088974194       0.9875973       0.9887605      0.99689515      0.98838005      0.99341751      0.12386589    2.058682e-09      0.95204652      0.82109644      0.24681236      0.74476111       22.269585       1099.2948       1461.2779       20.848366       -3.7369077          24.585274       2974.4705                 20.384355                 397.36278                                650.75907                      30.788642                   22.269585                  1461.2779       227.78575        163.84244
              1       1506.2822     0.023725265        70.33888       3.0246511      0.98457354         8.26096      0.74756084      0.27924653     0.088974194       0.9875973      0.98896039       1.0006984      0.99079638      0.99135697      0.12386589    2.058682e-09      0.95204652      0.82109644      0.24681236      0.74476111       22.269585       1099.2948       1461.2779       19.649822       -4.9354519          24.585274       2973.2647                 20.384355                 397.36278                                650.75907                      30.788642                   22.269585                  1461.2779       225.05219        165.37019
              1       1506.4538     0.023725265        70.33888       3.0246511      0.98457354         8.26096      0.74756084      0.27924653     0.088974194       0.9875973      0.98896039       1.0006984      0.99126705      0.98984731      0.12386589    2.058682e-09      0.95204652      0.82109644      0.24681236      0.74476111       22.269585       1099.2948       1461.2779       19.708877       -4.8763968          24.585274       2973.4899                 20.384355                 397.36278                                650.75907                      30.788642                   22.269585                  1461.2779       225.05219        165.59541
              1        1506.141     0.023725265        70.33888       3.0246511      0.98457354         8.26096      0.74756084      0.27924653     0.088974194      0.98734565      0.98896021       1.0007934      0.98955719      0.99377417      0.12386589    2.058682e-09      0.95204652      0.82109644      0.24681236      0.74476111       22.269585       1097.4253       1461.2779       20.418278       -4.1669962          24.585274       2971.4455                 20.397251                 397.36853                                649.28079                      30.378778                   22.269585                  1461.2779       225.04216         165.4305
              1        1506.366     0.023725265        70.33888       3.0246511      0.98457354         8.26096      0.74756084      0.27924653     0.088974194      0.98734565      0.98785074       1.0024569      0.98946604      0.99219861      0.12386589    2.058682e-09      0.95204652      0.82109644      0.24681236      0.74476111       22.269585       1097.4253       1461.2779        22.10408       -2.4811942          24.585274       2968.5239                 20.397251                 397.36853                                649.28079                      30.378778                   22.269585                  1461.2779       223.53233        164.01872
              1        1508.189     0.023725265        70.33888       3.0246511      0.98457354         8.26096      0.74756084      0.27924653     0.088974194      0.98649519      0.98992968      0.99566961      0.99176926      0.98768539      0.12386589    2.058682e-09      0.95204652      0.82109644      0.24681236      0.74476111       22.269585       1092.7145       1461.2779       21.104558       -3.4807156          24.585274       2974.1689                 20.442298                 397.38229                                645.87061                      29.019292                   22.269585                  1461.2779       231.43155        166.47536
              1        1507.357     0.023725265        70.33888       3.0246511      0.98457354         8.26096      0.74756084      0.27924653     0.088974194      0.98649519      0.98992968      0.99566961      0.98873597      0.99300631      0.12386589    2.058682e-09      0.95204652      0.82109644      0.24681236      0.74476111       22.269585       1092.7145       1461.2779       21.599224       -2.9860497          24.585274       2971.5156                 20.442298                 397.38229                                645.87061                      29.019292                   22.269585                  1461.2779       231.43155        163.82205
              2       1506.3337     0.023725265        70.33888       3.0246511      0.98457354         8.26096      0.74756084      0.27924653     0.088974194      0.98649519      0.99056841       1.0001055      0.99230993       0.9918473      0.12386589    2.058682e-09      0.95204652      0.82109644      0.24681236      0.74476111       22.269585       1092.7145       1461.2779       19.393192       -5.1920821          24.585274       2973.8809                 20.442298                 397.38229                                645.87061                      29.019292                   22.269585                  1461.2779       229.32246        168.29651
              1       1507.1095     0.023723328       70.336258       3.0247633      0.98449352       8.2765493      0.74747216      0.27917261     0.088773313      0.98649389       0.9902005       1.0012312       0.9922377      0.99329169      0.12421191   2.0589131e-09      0.95204686      0.82120281      0.24689842      0.74498745       22.208476       1093.0844        1461.284       19.544306       -4.9715686          24.515874       2975.1303                 20.441813                 397.46592                                645.98159                      29.195064                   22.208476                   1461.284       228.80745        169.74605
              1        1505.804     0.023723328       70.336258       3.0247633      0.98449352       8.2765493      0.74747216      0.27917261     0.088773313      0.98649389       0.9902005       1.0012312      0.98992175      0.99134293      0.12421191   2.0589131e-09      0.95204686      0.82120281      0.24689842      0.74498745       22.208476       1093.0844        1461.284       20.852319       -3.6635557          24.515874       2969.9033                 20.441813                 397.46592                                645.98159                      29.195064                   22.208476                   1461.284       228.80745        164.51906
              1       1507.1866     0.023723328       70.336258       3.0247633      0.98449352       8.2765493      0.74747216      0.27917261     0.088773313       0.9875762      0.99020129       1.0008226      0.99066012       0.9913477      0.12421191   2.0589131e-09      0.95204686      0.82120281      0.24689842      0.74498745       22.208476       1100.0555        1461.284       18.249948       -6.2659261          24.515874       2977.8733                 20.384744                 397.42679                                651.30546                      30.938523                   22.208476                   1461.284       228.71204        165.61327
              1       1506.9773     0.023723328       70.336258       3.0247633      0.98449352       8.2765493      0.74747216      0.27917261     0.088773313       0.9875762      0.99020129       1.0008226      0.98821914      0.98882796      0.12421191   2.0589131e-09      0.95204686      0.82120281      0.24689842      0.74498745       22.208476       1100.0555        1461.284       20.001154       -4.5147205          24.515874       2973.9524                 20.384744                 397.42679                                651.30546                      30.938523                   22.208476                   1461.284       228.71204        161.69238
              1       1507.7492     0.023723328       70.336258       3.0247633      0.98449352       8.2765493      0.74747216      0.27917261     0.088773313      0.98546862      0.98886307       1.0048057      0.99035664      0.98914966      0.12421191   2.0589131e-09      0.95204686      0.82120281      0.24689842      0.74498745       22.208476       1090.2065        1461.284       24.899654       0.38378002          24.515874       2965.6991                 20.499272                  397.4926                                644.61158                      27.603044                   22.208476                   1461.284       227.58444        164.41573
              1       1507.7402     0.023723328       70.336258       3.0247633      0.98449352       8.2765493      0.74747216      0.27917261     0.088773313      0.98546862      0.98886307       1.0048057      0.99032718        0.989154      0.12421191   2.0589131e-09      0.95204686      0.82120281      0.24689842      0.74498745       22.208476       1090.2065        1461.284       24.912877       0.39700241          24.515874       2965.6547                 20.499272                  397.4926                                644.61158                      27.603044                   22.208476                   1461.284       227.58444        164.37131
              1       1507.5884     0.023723328       70.336258       3.0247633      0.98449352       8.2765493      0.74747216      0.27917261     0.088773313      0.98546862      0.98886307       1.0048057      0.98755545      0.99046249      0.12421191   2.0589131e-09      0.95204686      0.82120281      0.24689842      0.74498745       22.208476       1090.2065        1461.284       26.180971        1.6650961          24.515874       2962.8148                 20.499272                  397.4926                                644.61158                      27.603044                   22.208476                   1461.284       227.58444        161.53145
              1       1507.9955     0.023723328       70.336258       3.0247633      0.98449352       8.2765493      0.74747216      0.27917261     0.088773313      0.98546862      0.98886307       1.0048057      0.98658594      0.99152954      0.12421191   2.0589131e-09      0.95204686      0.82120281      0.24689842      0.74498745       22.208476       1090.2065        1461.284       26.620962        2.1050879          24.515874       2962.7491                 20.499272                  397.4926                                644.61158                      27.603044                   22.208476                   1461.284       227.58444        161.46567
              1       1508.2394     0.023723328       70.336258       3.0247633      0.98449352       8.2765493      0.74747216      0.27917261     0.088773313      0.98546862      0.98948182      0.99635277      0.98691113       0.9913648      0.12421191   2.0589131e-09      0.95204686      0.82120281      0.24689842      0.74498745       22.208476       1090.2065        1461.284       25.689478        1.1736036          24.515874       2965.0998                 20.499272                  397.4926                                644.61158                      27.603044                   22.208476                   1461.284       229.85643         161.5444
              1       1508.7103     0.023723328       70.336258       3.0247633      0.98449352       8.2765493      0.74747216      0.27917261     0.088773313      0.98546862      0.98720434        1.001601      0.98573812       0.9872166      0.12421191   2.0589131e-09      0.95204686      0.82120281      0.24689842      0.74498745       22.208476       1090.2065        1461.284       30.275535        5.7596604          24.515874       2956.8696                 20.499272                  397.4926                                644.61158                      27.603044                   22.208476                   1461.284       223.08357        160.08707
              1       1510.2609     0.023723328       70.336258       3.0247633      0.98449352       8.2765493      0.74747216      0.27917261     0.088773313      0.98758617      0.98621073       1.0038311      0.98572339      0.99055256      0.12421191   2.0589131e-09      0.95204686      0.82120281      0.24689842      0.74498745       22.208476       1100.1388        1461.284       26.487243        1.9713689          24.515874       2967.5474                 20.384235                 397.42679                                651.37289                      30.954881                   22.208476                   1461.284       223.33147        160.58464
              1       1512.4692     0.023723328       70.336258       3.0247633      0.98449352       8.2765493      0.74747216      0.27917261     0.088773313      0.98588962       0.9862095       1.0044716       0.9884809      0.99867703      0.12421191   2.0589131e-09      0.95204686      0.82120281      0.24689842      0.74498745       22.208476       1090.9422        1461.284       27.497107        2.9812328          24.515874       2969.9442                 20.475276                 397.47769                                644.73946                      28.249727                   22.208476                   1461.284       223.70584        171.80379
              1       1509.4731     0.023723328       70.336258       3.0247633      0.98449352       8.2765493      0.74747216      0.27917261     0.088773313      0.98588962      0.98827044      0.99994783      0.99276033       0.9966569      0.12421191   2.0589131e-09      0.95204686      0.82120281      0.24689842      0.74498745       22.208476       1090.9422        1461.284       22.673341       -1.8425336          24.515874       2973.5996                 20.475276                 397.47769                                644.73946                      28.249727                   22.208476                   1461.284       224.47105        174.69391
              1       1508.4803     0.023723328       70.336258       3.0247633      0.98449352       8.2765493      0.74747216      0.27917261     0.088773313      0.98588962      0.98827044      0.99994783      0.98435167      0.99337952      0.12421191   2.0589131e-09      0.95204686      0.82120281      0.24689842      0.74498745       22.208476       1090.9422        1461.284       27.755484        3.2396098          24.515874       2961.4497                 20.475276                 397.47769                                644.73946                      28.249727                   22.208476                   1461.284       224.47105        162.54405
              1       1509.4372     0.023723328       70.336258       3.0247633      0.98449352       8.2765493      0.74747216      0.27917261     0.088773313      0.98588962      0.98827044      0.99994783      0.98280996      0.99140862      0.12421191   2.0589131e-09      0.95204686      0.82120281      0.24689842      0.74498745       22.208476       1090.9422        1461.284       29.294745        4.7788704          24.515874       2960.2849                 20.475276                 397.47769                                644.73946                      28.249727                   22.208476                   1461.284       224.47105        161.37929
              1       1510.6307     0.023723328       70.336258       3.0247633      0.98449352       8.2765493      0.74747216      0.27917261     0.088773313      0.98588962      0.98827044      0.99994783      0.98432896       0.9970717      0.12421191   2.0589131e-09      0.95204686      0.82120281      0.24689842      0.74498745       22.208476       1090.9422        1461.284       27.439595         2.923721          24.515874       2966.3823                 20.475276                 397.47769                                644.73946                      28.249727                   22.208476                   1461.284       224.47105        167.47665
              1       1510.7856     0.023723328       70.336258       3.0247633      0.98449352       8.2765493      0.74747216      0.27917261     0.088773313      0.98588962      0.98830591      0.99930329      0.98431739       0.9970471      0.12421191   2.0589131e-09      0.95204686      0.82120281      0.24689842      0.74498745       22.208476       1090.9422        1461.284       27.403799        2.8879242          24.515874       2966.7636                 20.475276                 397.47769                                644.73946                      28.249727                   22.208476                   1461.284       224.89101        167.43797
              1       1506.0326     0.023723328       70.336258       3.0247633      0.98449352       8.2765493      0.74747216      0.27917261     0.088773313      0.98636189      0.98830625      0.99912498      0.98934056      0.99046014      0.12421191   2.0589131e-09      0.95204686      0.82120281      0.24689842      0.74498745       22.208476       1092.5058        1461.284       23.851716      -0.66415878          24.515874       2964.3618                 20.449025                 397.46592                                645.60402                      28.986837                   22.208476                   1461.284       225.02074        163.34279
              1       1506.2979     0.023723328       70.336258       3.0247633      0.98449352       8.2765493      0.74747216      0.27917261     0.088773313      0.98688249      0.98830663      0.99892843       0.9892908      0.99038454      0.12421191   2.0589131e-09      0.95204686      0.82120281      0.24689842      0.74498745       22.208476       1095.1206        1461.284       22.776986       -1.7388888          24.515874       2967.0417                 20.420894                 397.44929                                647.43681                       29.81365                   22.208476                   1461.284       225.17654        163.25209
              1       1506.5475     0.023723328       70.336258       3.0247633      0.98449352       8.2765493      0.74747216      0.27917261     0.088773313      0.98688249      0.98830663      0.99892843       0.9871273      0.98960374      0.12421191   2.0589131e-09      0.95204686      0.82120281      0.24689842      0.74498745       22.208476       1095.1206        1461.284        24.19016      -0.32571425          24.515874       2964.7147                 20.420894                 397.44929                                647.43681                       29.81365                   22.208476                   1461.284       225.17654        160.92509
              1       1506.8788     0.023723328       70.336258       3.0247633      0.98449352       8.2765493      0.74747216      0.27917261     0.088773313      0.98590162      0.98948273      0.99723843      0.98715838      0.98993303      0.12421191   2.0589131e-09      0.95204686      0.82120281      0.24689842      0.74498745       22.208476       1090.9811        1461.284       24.790979       0.27510425          24.515874       2964.1756                   20.4746                  397.4862                                  644.752                      28.268298                   22.208476                   1461.284       228.65868        161.04343
              2       1506.5543     0.023723328       70.336258       3.0247633      0.98449352       8.2765493      0.74747216      0.27917261     0.088773313      0.98590162        0.988749      0.99985626       0.9897554      0.99385654      0.12421191   2.0589131e-09      0.95204686      0.82120281      0.24689842      0.74498745       22.208476       1090.9811        1461.284       23.589644      -0.92623018          24.515874       2965.9294                   20.4746                  397.4862                                  644.752                      28.268298                   22.208476                   1461.284       225.21162        166.24419
              1       1506.8937     0.023723328       70.336258       3.0247633      0.98449352       8.2765493      0.74747216      0.27917261     0.088773313      0.98590162      0.98864116       1.0032249      0.98981398      0.99400451      0.12421191   2.0589131e-09      0.95204686      0.82120281      0.24689842      0.74498745       22.208476       1090.9811        1461.284       23.678433      -0.83744179          24.515874       2966.4306                   20.4746                  397.4862                                  644.752                      28.268298                   22.208476                   1461.284       225.48564        166.47141
              1       1507.7892     0.023723328       70.336258       3.0247633      0.98449352       8.2765493      0.74747216      0.27917261     0.088773313      0.98729697      0.98832363      0.99994333      0.99103167       0.9864612      0.12421191   2.0589131e-09      0.95204686      0.82120281      0.24689842      0.74498745       22.208476       1097.8478        1461.284       21.908532       -2.6073426          24.515874       2971.7614                 20.399115                 397.41328                                649.55284                      30.482574                   22.208476                   1461.284       224.54012        165.88106
              1       1507.4037     0.023723328       70.336258       3.0247633      0.98449352       8.2765493      0.74747216      0.27917261     0.088773313      0.98729697      0.98832363      0.99994333      0.99156624      0.98826129      0.12421191   2.0589131e-09      0.95204686      0.82120281      0.24689842      0.74498745       22.208476       1097.8478        1461.284       21.247358       -3.2685163          24.515874       2972.3126                 20.399115                 397.41328                                649.55284                      30.482574                   22.208476                   1461.284       224.54012        166.43227
              1       1506.7628     0.023723328       70.336258       3.0247633      0.98449352       8.2765493      0.74747216      0.27917261     0.088773313      0.98717156       0.9879682       1.0004553      0.99058764      0.98933946      0.12421191   2.0589131e-09      0.95204686      0.82120281      0.24689842      0.74498745       22.208476       1096.9596        1461.284       22.176305       -2.3395691          24.515874        2969.173                 20.405647                 397.42346                                648.85134                      30.279196                   22.208476                   1461.284       223.91808        164.80287
              1       1506.4717     0.023723328       70.336258       3.0247633      0.98449352       8.2765493      0.74747216      0.27917261     0.088773313      0.98717156       0.9879682       1.0004553      0.98961479      0.99038897      0.12421191   2.0589131e-09      0.95204686      0.82120281      0.24689842      0.74498745       22.208476       1096.9596        1461.284        22.45271        -2.063164          24.515874       2968.0379                 20.405647                 397.42346                                648.85134                      30.279196                   22.208476                   1461.284       223.91808        163.66774
              2       1506.6766     0.023723328       70.336258       3.0247633      0.98449352       8.2765493      0.74747216      0.27917261     0.088773313      0.98717156       0.9879682       1.0004553      0.98911035      0.99245934      0.12421191   2.0589131e-09      0.95204686      0.82120281      0.24689842      0.74498745       22.208476       1096.9596        1461.284       22.382941        -2.132933          24.515874       2968.5873                 20.405647                 397.42346                                648.85134                      30.279196                   22.208476                   1461.284       223.91808        164.21712
              1        1507.086     0.023723328       70.336258       3.0247633      0.98449352       8.2765493      0.74747216      0.27917261     0.088773313      0.98717156      0.99065954      0.99802258      0.98825975      0.99267321      0.12421191   2.0589131e-09      0.95204686      0.82120281      0.24689842      0.74498745       22.208476       1096.9596        1461.284       19.634708        -4.881166          24.515874       2974.9026                 20.405647                 397.42346                                648.85134                      30.279196                   22.208476                   1461.284       230.95282        163.49767
              1       1507.4733     0.023723328       70.336258       3.0247633      0.98449352       8.2765493      0.74747216      0.27917261     0.088773313      0.98717156      0.99065954      0.99802258      0.98896547      0.98670193      0.12421191   2.0589131e-09      0.95204686      0.82120281      0.24689842      0.74498745       22.208476       1096.9596        1461.284       20.401172       -4.1147023          24.515874       2974.1442                 20.405647                 397.42346                                648.85134                      30.279196                   22.208476                   1461.284       230.95282         162.7393
              1       1508.2688     0.023723328       70.336258       3.0247633      0.98449352       8.2765493      0.74747216      0.27917261     0.088773313      0.98717156      0.99065954      0.99802258      0.98889352      0.98510908      0.12421191   2.0589131e-09      0.95204686      0.82120281      0.24689842      0.74498745       22.208476       1096.9596        1461.284       20.865451       -3.6504235          24.515874       2974.8068                 20.405647                 397.42346                                648.85134                      30.279196                   22.208476                   1461.284       230.95282        163.40186
              1       1507.9297     0.023723328       70.336258       3.0247633      0.98449352       8.2765493      0.74747216      0.27917261     0.088773313      0.98717156      0.99038593      0.99872651      0.98891184      0.98507732      0.12421191   2.0589131e-09      0.95204686      0.82120281      0.24689842      0.74498745       22.208476       1096.9596        1461.284        21.15245       -3.3634243          24.515874       2973.5545                 20.405647                 397.42346                                648.85134                      30.279196                   22.208476                   1461.284       229.65823        163.44417
              1       1506.5766     0.023723328       70.336258       3.0247633      0.98449352       8.2765493      0.74747216      0.27917261     0.088773313      0.98671946      0.99038561       0.9988972      0.98633275      0.98857809      0.12421191   2.0589131e-09      0.95204686      0.82120281      0.24689842      0.74498745       22.208476       1094.1885        1461.284       22.808128       -1.7077462          24.515874       2967.5369                 20.429613                 397.44192                                646.76389                      29.553123                   22.208476                   1461.284       229.57468        160.28128
              1       1506.3807     0.023723328       70.336258       3.0247633      0.98449352       8.2765493      0.74747216      0.27917261     0.088773313      0.98671946      0.98805728      0.99968319      0.99033972      0.98916798      0.12421191   2.0589131e-09      0.95204686      0.82120281      0.24689842      0.74498745       22.208476       1094.1885        1461.284       23.154116        -1.361758          24.515874       2966.4531                 20.429613                 397.44192                                646.76389                      29.553123                   22.208476                   1461.284       224.37988        164.39224
              1       1508.1309     0.023723328       70.336258       3.0247633      0.98449352       8.2765493      0.74747216      0.27917261     0.088773313      0.98671946      0.99111059      0.99886271      0.99035072      0.99562054      0.12421191   2.0589131e-09      0.95204686      0.82120281      0.24689842      0.74498745       22.208476       1094.1885        1461.284       18.686588       -5.8292861          24.515874       2978.8887                 20.429613                 397.44192                                646.76389                      29.553123                   22.208476                   1461.284       232.10735        169.10034
              1       1507.1115     0.023723328       70.336258       3.0247633      0.98449352       8.2765493      0.74747216      0.27917261     0.088773313      0.98597952      0.99111005      0.99914208      0.98926876      0.99361981      0.12421191   2.0589131e-09      0.95204686      0.82120281      0.24689842      0.74498745       22.208476       1091.1909        1461.284       21.053752       -3.4621224          24.515874       2972.1155                 20.470227                  397.4862                                644.84536                      28.389084                   22.208476                   1461.284       232.02527        165.40691
              1       1507.5216     0.023723328       70.336258       3.0247633      0.98449352       8.2765493      0.74747216      0.27917261     0.088773313      0.98566514      0.99110982      0.99926077      0.98602948       0.9899924      0.12421191   2.0589131e-09      0.95204686      0.82120281      0.24689842      0.74498745       22.208476       1090.4651        1461.284       24.313991      -0.20188367          24.515874       2966.4153                 20.487998                 397.47769                                 644.5957                      27.903692                   22.208476                   1461.284       231.99847        160.45926
              1        1508.629     0.023723328       70.336258       3.0247633      0.98449352       8.2765493      0.74747216      0.27917261     0.088773313      0.98566514      0.98853786        1.005721       0.9865495      0.99291522      0.12421191   2.0589131e-09      0.95204686      0.82120281      0.24689842      0.74498745       22.208476       1090.4651        1461.284       26.395794        1.8799191          24.515874       2964.4663                 20.487998                 397.47769                                 644.5957                      27.903692                   22.208476                   1461.284       228.01033        162.49847
              1       1507.5848     0.023723328       70.336258       3.0247633      0.98449352       8.2765493      0.74747216      0.27917261     0.088773313      0.98566514       0.9879958       1.0037957      0.98865966      0.98651817      0.12421191   2.0589131e-09      0.95204686      0.82120281      0.24689842      0.74498745       22.208476       1090.4651        1461.284       27.049683        2.5338087          24.515874       2961.0702                 20.487998                 397.47769                                 644.5957                      27.903692                   22.208476                   1461.284       224.67075        162.44188
              1       1508.7986     0.023723328       70.336258       3.0247633      0.98449352       8.2765493      0.74747216      0.27917261     0.088773313      0.98624381      0.98984719      0.99987609      0.98430526       0.9951455      0.12421191   2.0589131e-09      0.95204686      0.82120281      0.24689842      0.74498745       22.208476       1092.0537        1461.284       24.893425       0.37755017          24.515874       2967.8104                 20.455526                 397.48027                                645.31653                       28.80138                   22.208476                   1461.284       227.65849        164.60579
              1       1505.6361     0.023723328       70.336258       3.0247633      0.98449352       8.2765493      0.74747216      0.27917261     0.088773313      0.98624381      0.98984719      0.99987609      0.98874185      0.99192345      0.12421191   2.0589131e-09      0.95204686      0.82120281      0.24689842      0.74498745       22.208476       1092.0537        1461.284       22.321845       -2.1940297          24.515874       2966.6285                 20.455526                 397.48027                                645.31653                       28.80138                   22.208476                   1461.284       227.65849        163.42383
              1       1507.2138     0.023723328       70.336258       3.0247633      0.98449352       8.2765493      0.74747216      0.27917261     0.088773313      0.98708228       0.9898478      0.99955952      0.99109078      0.98657609      0.12421191   2.0589131e-09      0.95204686      0.82120281      0.24689842      0.74498745       22.208476         1096.36        1461.284       20.444692       -4.0711825          24.515874       2973.5383                 20.410327                 397.43047                                648.38428                       30.13492                   22.208476                   1461.284       227.74556        165.94025
              1       1506.0095     0.023723328       70.336258       3.0247633      0.98449352       8.2765493      0.74747216      0.27917261     0.088773313      0.98708228      0.98952242      0.99934807      0.98894523       0.9888923      0.12421191   2.0589131e-09      0.95204686      0.82120281      0.24689842      0.74498745       22.208476         1096.36        1461.284       21.342408       -3.1734668          24.515874       2969.3342                 20.410327                 397.43047                                648.38428                       30.13492                   22.208476                   1461.284        227.0016        162.48019
              2       1507.8705     0.023723328       70.336258       3.0247633      0.98449352       8.2765493      0.74747216      0.27917261     0.088773313      0.98708228       0.9903717      0.99750447      0.99186805      0.98806582      0.12421191   2.0589131e-09      0.95204686      0.82120281      0.24689842      0.74498745       22.208476         1096.36        1461.284       19.183077       -5.3327972          24.515874       2977.3749                 20.410327                 397.43047                                648.38428                       30.13492                   22.208476                   1461.284       230.50307        167.01935
              1       1507.2936     0.023723328       70.336258       3.0247633      0.98449352       8.2765493      0.74747216      0.27917261     0.088773313      0.98708228      0.99043629      0.99913384      0.99159825      0.98782464      0.12421191   2.0589131e-09      0.95204686      0.82120281      0.24689842      0.74498745       22.208476         1096.36        1461.284       19.279852       -5.2360225          24.515874       2976.0275                 20.410327                 397.43047                                648.38428                       30.13492                   22.208476                   1461.284       229.63866        166.53642
              1       1507.6833     0.023723328       70.336258       3.0247633      0.98449352       8.2765493      0.74747216      0.27917261     0.088773313      0.98557671      0.98966525      0.99852458      0.99193746      0.98787014      0.12421191   2.0589131e-09      0.95204686      0.82120281      0.24689842      0.74498745       22.208476       1090.3233        1461.284       23.276348       -1.2395261          24.515874       2968.8138                 20.493055                 397.47569                                644.58646                      27.768135                   22.208476                   1461.284       227.82008        167.17798
              2       1508.0009     0.023723328       70.336258       3.0247633      0.98449352       8.2765493      0.74747216      0.27917261     0.088773313      0.98538613      0.98966512      0.99859653      0.99195568      0.98789782      0.12421191   2.0589131e-09      0.95204686      0.82120281      0.24689842      0.74498745       22.208476       1090.1192        1461.284        23.70558      -0.81029482          24.515874       2968.5907                 20.504042                 397.47995                                644.65772                      27.477503                   22.208476                   1461.284       227.76923        167.20976
              1       1508.0105     0.023723328       70.336258       3.0247633      0.98449352       8.2765493      0.74747216      0.27917261     0.088773313      0.98487752      0.98966475      0.99878856      0.98970439      0.98965059      0.12421191   2.0589131e-09      0.95204686      0.82120281      0.24689842      0.74498745       22.208476       1090.1861        1461.284       25.567686        1.0518112          24.515874       2964.8856                 20.533934                 397.48109                                645.45929                      26.711758                   22.208476                   1461.284       227.64224        163.56483
              1       1509.1074     0.023723328       70.336258       3.0247633      0.98449352       8.2765493      0.74747216      0.27917261     0.088773313      0.98487752      0.98773036        1.004526      0.98984648      0.98946551      0.12421191   2.0589131e-09      0.95204686      0.82120281      0.24689842      0.74498745       22.208476       1090.1861        1461.284       27.961441        3.4455661          24.515874       2962.2919                 20.533934                 397.48109                                645.45929                      26.711758                   22.208476                   1461.284       224.89281        163.72063
              1       1510.1408     0.023723328       70.336258       3.0247633      0.98449352       8.2765493      0.74747216      0.27917261     0.088773313      0.98487752      0.99208203      0.99964167      0.99073996      0.99128183      0.12421191   2.0589131e-09      0.95204686      0.82120281      0.24689842      0.74498745       22.208476       1090.1861        1461.284        22.31988        -2.195994          24.515874       2975.6419                 20.533934                 397.48109                                645.45929                      26.711758                   22.208476                   1461.284       236.25827        165.70508
              1       1511.2328     0.023723328       70.336258       3.0247633      0.98449352       8.2765493      0.74747216      0.27917261     0.088773313      0.98487752      0.99177949       1.0004045      0.99336416      0.99046176      0.12421191   2.0589131e-09      0.95204686      0.82120281      0.24689842      0.74498745       22.208476       1090.1861        1461.284       21.698199       -2.8176759          24.515874       2979.0692                 20.533934                 397.48109                                645.45929                      26.711758                   22.208476                   1461.284       234.95773        170.43292
              2       1508.4536     0.023723328       70.336258       3.0247633      0.98449352       8.2765493      0.74747216      0.27917261     0.088773313      0.98487752       0.9907555       1.0014098      0.98852029       0.9889907      0.12421191   2.0589131e-09      0.95204686      0.82120281      0.24689842      0.74498745       22.208476       1090.1861        1461.284        25.15402       0.63814561          24.515874       2966.5992                 20.533934                 397.48109                                645.45929                      26.711758                   22.208476                   1461.284       230.90266        162.01801
              1       1507.7484     0.023723328       70.336258       3.0247633      0.98449352       8.2765493      0.74747216      0.27917261     0.088773313      0.98725038      0.99074693      0.99985511      0.99187421      0.98801395      0.12421191   2.0589131e-09      0.95204686      0.82120281      0.24689842      0.74498745       22.208476       1097.5078        1461.284       18.453549       -6.0623253          24.515874       2978.5897                 20.401536                 397.41328                                649.28605                      30.406922                   22.208476                   1461.284       230.55264        167.03682
              1       1507.4295     0.023723328       70.336258       3.0247633      0.98449352       8.2765493      0.74747216      0.27917261     0.088773313      0.98725038      0.99074693      0.99985511      0.98766428      0.99390487      0.12421191   2.0589131e-09      0.95204686      0.82120281      0.24689842      0.74498745       22.208476       1097.5078        1461.284       19.582331       -4.9335435          24.515874       2975.6944                 20.401536                 397.41328                                649.28605                      30.406922                   22.208476                   1461.284       230.55264        164.14154
              1       1508.1196     0.023723328       70.336258       3.0247633      0.98449352       8.2765493      0.74747216      0.27917261     0.088773313      0.98725038      0.99074693      0.99985511      0.98953128      0.99558244      0.12421191   2.0589131e-09      0.95204686      0.82120281      0.24689842      0.74498745       22.208476       1097.5078        1461.284       18.359552       -6.1563224          24.515874       2979.5201                 20.401536                 397.41328                                649.28605                      30.406922                   22.208476                   1461.284       230.55264        167.96724
              1       1508.8308     0.023723328       70.336258       3.0247633      0.98449352       8.2765493      0.74747216      0.27917261     0.088773313      0.98725038      0.99020518       1.0038066      0.98961003      0.99565233      0.12421191   2.0589131e-09      0.95204686      0.82120281      0.24689842      0.74498745       22.208476       1097.5078        1461.284       18.886311       -5.6295638          24.515874        2979.889                 20.401536                 397.41328                                649.28605                      30.406922                   22.208476                   1461.284       230.73254        168.15627
              1       1508.7798     0.023723328       70.336258       3.0247633      0.98449352       8.2765493      0.74747216      0.27917261     0.088773313      0.98725038      0.99020518       1.0038066      0.98927173       0.9956066      0.12421191   2.0589131e-09      0.95204686      0.82120281      0.24689842      0.74498745       22.208476       1097.5078        1461.284       19.067281       -5.4485934          24.515874       2979.4251                 20.401536                 397.41328                                649.28605                      30.406922                   22.208476                   1461.284       230.73254        167.69229
              1       1508.3688     0.023723328       70.336258       3.0247633      0.98449352       8.2765493      0.74747216      0.27917261     0.088773313      0.98725038      0.99020518       1.0038066      0.98980857      0.98604799      0.12421191   2.0589131e-09      0.95204686      0.82120281      0.24689842      0.74498745       22.208476       1097.5078        1461.284       20.447661       -4.0682132          24.515874       2975.8423                 20.401536                 397.41328                                649.28605                      30.406922                   22.208476                   1461.284       230.73254        164.10948
              1       1507.6756     0.023723328       70.336258       3.0247633      0.98449352       8.2765493      0.74747216      0.27917261     0.088773313      0.98583915      0.99057343      0.99855749      0.98993953      0.98571271      0.12421191   2.0589131e-09      0.95204686      0.82120281      0.24689842      0.74498745       22.208476       1090.8196        1461.284       23.116357       -1.3995171          24.515874       2969.1184                 20.478122                 397.47769                                644.69211                      28.171684                   22.208476                   1461.284       230.34131        164.46506
              1       1506.8292     0.023723328       70.336258       3.0247633      0.98449352       8.2765493      0.74747216      0.27917261     0.088773313      0.98583915      0.99057343      0.99855749      0.98810673      0.98739408      0.12421191   2.0589131e-09      0.95204686      0.82120281      0.24689842      0.74498745       22.208476       1090.8196        1461.284       23.686526      -0.82934864          24.515874       2966.2853                 20.478122                 397.47769                                644.69211                      28.171684                   22.208476                   1461.284       230.34131         161.6319
              1       1508.2364     0.023723328       70.336258       3.0247633      0.98449352       8.2765493      0.74747216      0.27917261     0.088773313      0.98757501      0.98912583      0.99741657      0.98754691      0.98729379      0.12421191   2.0589131e-09      0.95204686      0.82120281      0.24689842      0.74498745       22.208476       1100.0456        1461.284        21.98927       -2.5266047          24.515874       2972.4942                 20.384805                 397.42679                                651.29742                      30.936568                   22.208476                   1461.284       227.81218        161.14398
              1       1506.2255     0.023723328       70.336258       3.0247633      0.98449352       8.2765493      0.74747216      0.27917261     0.088773313       0.9863488      0.98912494      0.99787953      0.98934033      0.98911913      0.12421191   2.0589131e-09      0.95204686      0.82120281      0.24689842      0.74498745       22.208476       1092.4517        1461.284       23.112983       -1.4028919          24.515874       2966.2251                 20.449744                 397.46592                                645.56982                      28.966243                   22.208476                   1461.284       227.29181        162.98911
              1       1509.6665     0.023723328       70.336258       3.0247633      0.98449352       8.2765493      0.74747216      0.27917261     0.088773313       0.9863488      0.98912494      0.99787953      0.98407111      0.99520191      0.12421191   2.0589131e-09      0.95204686      0.82120281      0.24689842      0.74498745       22.208476       1092.4517        1461.284       25.685455        1.1695802          24.515874       2967.9621                 20.449744                 397.46592                                645.56982                      28.966243                   22.208476                   1461.284       227.29181        164.72612
              1       1509.8135     0.023723328       70.336258       3.0247633      0.98449352       8.2765493      0.74747216      0.27917261     0.088773313      0.98628114      0.98807013       1.0040791      0.98420566      0.99526893      0.12421191   2.0589131e-09      0.95204686      0.82120281      0.24689842      0.74498745       22.208476        1092.196        1461.284       27.058088        2.5422136          24.515874       2965.5107                 20.453466                 397.48027                                645.40229                      28.859927                   22.208476                   1461.284       225.03436        164.78798
              1       1509.3369     0.023723328       70.336258       3.0247633      0.98449352       8.2765493      0.74747216      0.27917261     0.088773313      0.98628114      0.98807013       1.0040791      0.99003018      0.98330862      0.12421191   2.0589131e-09      0.95204686      0.82120281      0.24689842      0.74498745       22.208476        1092.196        1461.284       25.760174        1.2442996          24.515874       2967.1534                 20.453466                 397.48027                                645.40229                      28.859927                   22.208476                   1461.284       225.03436        166.43068
              1       1505.7457     0.023723328       70.336258       3.0247633      0.98449352       8.2765493      0.74747216      0.27917261     0.088773313      0.98628114      0.99011755       1.0003237       0.9901016      0.99130512      0.12421191   2.0589131e-09      0.95204686      0.82120281      0.24689842      0.74498745       22.208476        1092.196        1461.284       21.323487       -3.1923874          24.515874       2968.8445                 20.453466                 397.48027                                645.40229                      28.859927                   22.208476                   1461.284       228.40434        164.75175
              2       1505.8097     0.023723328       70.336258       3.0247633      0.98449352       8.2765493      0.74747216      0.27917261     0.088773313      0.98628114      0.98966219      0.99893443      0.99008953      0.99111931      0.12421191   2.0589131e-09      0.95204686      0.82120281      0.24689842      0.74498745       22.208476        1092.196        1461.284       21.871841       -2.6440336          24.515874       2967.8757                 20.453466                 397.48027                                645.40229                      28.859927                   22.208476                   1461.284        227.5488        164.63852
              1       1507.2887     0.023723328       70.336258       3.0247633      0.98449352       8.2765493      0.74747216      0.27917261     0.088773313      0.98628114      0.98882299       1.0054898      0.99021874      0.99125012      0.12421191   2.0589131e-09      0.95204686      0.82120281      0.24689842      0.74498745       22.208476        1092.196        1461.284       22.789992       -1.7258821          24.515874       2968.9973                 20.453466                 397.48027                                645.40229                      28.859927                   22.208476                   1461.284       228.41681        164.89212
              1       1505.5931     0.023723328       70.336258       3.0247633      0.98449352       8.2765493      0.74747216      0.27917261     0.088773313      0.98628114      0.98882047       1.0009044      0.99014261      0.99101143      0.12421191   2.0589131e-09      0.95204686      0.82120281      0.24689842      0.74498745       22.208476        1092.196        1461.284       22.870251       -1.6456236          24.515874       2965.4456                 20.453466                 397.48027                                645.40229                      28.859927                   22.208476                   1461.284       225.09515        164.66209
              1       1508.2826     0.023723328       70.336258       3.0247633      0.98449352       8.2765493      0.74747216      0.27917261     0.088773313      0.98624724      0.98882045       1.0009172      0.98830769      0.99744257      0.12421191   2.0589131e-09      0.95204686      0.82120281      0.24689842      0.74498745       22.208476       1092.0666        1461.284       23.223025       -1.2928498          24.515874       2970.1191                 20.455336                 397.48027                                645.32421                      28.806755                   22.208476                   1461.284        225.0945        169.46561
              1       1506.5668     0.023723328       70.336258       3.0247633      0.98449352       8.2765493      0.74747216      0.27917261     0.088773313      0.98575367      0.98859737       1.0009473      0.98794928      0.99357239      0.12421191   2.0589131e-09      0.95204686      0.82120281      0.24689842      0.74498745       22.208476       1090.6323        1461.284        25.14846       0.63258539          24.515874       2962.8367                 20.482961                 397.47769                                 644.6318                      28.039821                   22.208476                   1461.284       224.68095        164.03102
              1       1507.0877     0.023723328       70.336258       3.0247633      0.98449352       8.2765493      0.74747216      0.27917261     0.088773313      0.98575367      0.98835407      0.99895405      0.98792204      0.99340816      0.12421191   2.0589131e-09      0.95204686      0.82120281      0.24689842      0.74498745       22.208476       1090.6323        1461.284       25.496529        0.9806547          24.515874       2963.1823                 20.482961                 397.47769                                 644.6318                      28.039821                   22.208476                   1461.284       225.20816        163.84941
              1       1508.0298     0.023723328       70.336258       3.0247633      0.98449352       8.2765493      0.74747216      0.27917261     0.088773313      0.98551862       0.9871954       1.0003352      0.99118129      0.99021083      0.12421191   2.0589131e-09      0.95204686      0.82120281      0.24689842      0.74498745       22.208476       1090.2544        1461.284       26.416948        1.9010736          24.515874       2963.2256                 20.496391                 397.48368                                644.59497                      27.679337                   22.208476                   1461.284       223.48735        165.99144
              1       1506.6032     0.023723328       70.336258       3.0247633      0.98449352       8.2765493      0.74747216      0.27917261     0.088773313      0.98551862      0.99020631      0.99974043       0.9872515      0.99074014      0.12421191   2.0589131e-09      0.95204686      0.82120281      0.24689842      0.74498745       22.208476       1090.2544        1461.284       24.643514        0.1276393          24.515874       2963.9194                 20.496391                 397.48368                                644.59497                      27.679337                   22.208476                   1461.284       228.74199        161.43057
              1       1507.7379     0.023723328       70.336258       3.0247633      0.98449352       8.2765493      0.74747216      0.27917261     0.088773313      0.98627524      0.99122861       1.0033256      0.98721879      0.99108633      0.12421191   2.0589131e-09      0.95204686      0.82120281      0.24689842      0.74498745       22.208476       1092.1732        1461.284        21.84301       -2.6728649          24.515874       2971.7899                 20.453791                 397.48027                                645.38843                      28.850674                   22.208476                   1461.284       234.54086        161.58339
              1       1508.0162     0.023723328       70.336258       3.0247633      0.98449352       8.2765493      0.74747216      0.27917261     0.088773313      0.98627292      0.99122861       1.0033265       0.9908365      0.98865447      0.12421191   2.0589131e-09      0.95204686      0.82120281      0.24689842      0.74498745       22.208476       1092.1642        1461.284       20.345212       -4.1706619          24.515874        2975.342                 20.453919                 397.48027                                  645.383                      28.847032                   22.208476                   1461.284        234.5419        165.14345
              1       1505.6147     0.023723328       70.336258       3.0247633      0.98449352       8.2765493      0.74747216      0.27917261     0.088773313      0.98627292      0.98898883       1.0013416      0.98953424      0.99213231      0.12421191   2.0589131e-09      0.95204686      0.82120281      0.24689842      0.74498745       22.208476       1092.1642        1461.284       22.808649       -1.7072255          24.515874        2965.612                 20.453919                 397.48027                                  645.383                      28.847032                   22.208476                   1461.284       225.46188        164.49347
              1       1506.6335     0.023723328       70.336258       3.0247633      0.98449352       8.2765493      0.74747216      0.27917261     0.088773313      0.98616422      0.98776604      0.99914163      0.98974659      0.99022411      0.12421191   2.0589131e-09      0.95204686      0.82120281      0.24689842      0.74498745       22.208476       1091.7666        1461.284       24.836807       0.32093213          24.515874       2963.5933                 20.459932                 397.48027                                645.14958                      28.676822                   22.208476                   1461.284       224.54869        163.78557
              2       1507.4398     0.023723328       70.336258       3.0247633      0.98449352       8.2765493      0.74747216      0.27917261     0.088773313       0.9858452       0.9880861      0.99866764      0.98909705      0.98671473      0.12421191   2.0589131e-09      0.95204686      0.82120281      0.24689842      0.74498745       22.208476       1090.8338        1461.284       26.228261        1.7123866          24.515874        2962.423                 20.477781                 397.47769                                644.69732                       28.18102                   22.208476                   1461.284       225.20003        162.89676
              1       1507.8024     0.023723328       70.336258       3.0247633      0.98449352       8.2765493      0.74747216      0.27917261     0.088773313       0.9858452      0.98768228       1.0046922      0.98920691      0.98692669      0.12421191   2.0589131e-09      0.95204686      0.82120281      0.24689842      0.74498745       22.208476       1090.8338        1461.284       26.659908         2.144034          24.515874        2962.285                 20.477781                 397.47769                                644.69732                       28.18102                   22.208476                   1461.284       224.98685        162.97185
              1       1508.0836     0.023723328       70.336258       3.0247633      0.98449352       8.2765493      0.74747216      0.27917261     0.088773313      0.98734231      0.98768337        1.004127       0.9890638      0.98670928      0.12421191   2.0589131e-09      0.95204686      0.82120281      0.24689842      0.74498745       22.208476        1098.198        1461.284       23.578461      -0.93741302          24.515874       2969.0103                 20.396765                 397.42538                                649.81957                      30.556327                   22.208476                   1461.284       224.46251        162.85725
              1        1507.729     0.023723328       70.336258       3.0247633      0.98449352       8.2765493      0.74747216      0.27917261     0.088773313      0.98743141      0.98768343       1.0040934      0.98824917      0.98832421      0.12421191   2.0589131e-09      0.95204686      0.82120281      0.24689842      0.74498745       22.208476       1098.8844        1461.284       23.475506        -1.040368          24.515874       2968.5071                 20.392165                 397.42679                                650.36386                      30.701569                   22.208476                   1461.284       224.43466        161.69556
              1       1510.1151     0.023723328       70.336258       3.0247633      0.98449352       8.2765493      0.74747216      0.27917261     0.088773313      0.98743141      0.98857561       1.0062858      0.98935737      0.99551389      0.12421191   2.0589131e-09      0.95204686      0.82120281      0.24689842      0.74498745       22.208476       1098.8844        1461.284       20.584023       -3.9318511          24.515874       2979.0622                 20.392165                 397.42679                                650.36386                      30.701569                   22.208476                   1461.284       229.01581        167.66956
              1       1509.8318     0.023723328       70.336258       3.0247633      0.98449352       8.2765493      0.74747216      0.27917261     0.088773313      0.98707762      0.98736531      0.99864177      0.98400489      0.98838802      0.12421191   2.0589131e-09      0.95204686      0.82120281      0.24689842      0.74498745       22.208476       1096.3291        1461.284       27.544551        3.0286763          24.515874       2964.5745                 20.410572                 397.43047                                648.36065                      30.127403                   22.208476                   1461.284       224.90224        159.85071
              1        1507.472     0.023723328       70.336258       3.0247633      0.98449352       8.2765493      0.74747216      0.27917261     0.088773313      0.98717005      0.98802225      0.99911603      0.99090229      0.98804798      0.12421191   2.0589131e-09      0.95204686      0.82120281      0.24689842      0.74498745       22.208476       1096.9491        1461.284       22.239137       -2.2767372          24.515874       2970.4657                 20.405726                 397.42346                                 648.8432                      30.276746                   22.208476                   1461.284       224.75101        165.27307
              1        1509.769     0.023723328       70.336258       3.0247633      0.98449352       8.2765493      0.74747216      0.27917261     0.088773313      0.98717005      0.98727895      0.99941445      0.99368815      0.99246489      0.12421191   2.0589131e-09      0.95204686      0.82120281      0.24689842      0.74498745       22.208476       1096.9491        1461.284       21.380091       -3.1357837          24.515874       2976.7778                 20.405726                 397.42346                                 648.8432                      30.276746                   22.208476                   1461.284       224.14085        172.19533
              1        1509.648     0.023723328       70.336258       3.0247633      0.98449352       8.2765493      0.74747216      0.27917261     0.088773313      0.98574632      0.98727792      0.99995198      0.99382425      0.99267164      0.12421191   2.0589131e-09      0.95204686      0.82120281      0.24689842      0.74498745       22.208476       1090.6173        1461.284       24.395116      -0.12075838          24.515874       2970.5059                 20.483379                 397.47769                                644.62778                      28.028498                   22.208476                   1461.284       223.73651        172.65956
              1       1512.1184     0.023723328       70.336258       3.0247633      0.98449352       8.2765493      0.74747216      0.27917261     0.088773313      0.98512515      0.98727747       1.0001865      0.98848851      0.98209252      0.12421191   2.0589131e-09      0.95204686      0.82120281      0.24689842      0.74498745       22.208476       1090.0398        1461.284       30.709491        6.1936162          24.515874       2962.8178                  20.51927                 397.47995                                644.95776                      27.082777                   22.208476                   1461.284       223.59152        165.69411
              1       1508.6948     0.023723328       70.336258       3.0247633      0.98449352       8.2765493      0.74747216      0.27917261     0.088773313      0.98512515      0.98727747       1.0001865      0.99089035      0.98969331      0.12421191   2.0589131e-09      0.95204686      0.82120281      0.24689842      0.74498745       22.208476       1090.0398        1461.284       27.452366        2.9364917          24.515874       2962.4849                  20.51927                 397.47995                                644.95776                      27.082777                   22.208476                   1461.284       223.59152        165.36121
              1        1508.629     0.023723328       70.336258       3.0247633      0.98449352       8.2765493      0.74747216      0.27917261     0.088773313      0.98757063      0.98727924      0.99926321      0.99065658      0.98933817      0.12421191   2.0589131e-09      0.95204686      0.82120281      0.24689842      0.74498745       22.208476       1100.0091        1461.284       22.285548       -2.2303259          24.515874        2972.687                 20.385028                 397.42679                                651.26793                      30.929387                   22.208476                   1461.284       224.27274        164.91264
              1       1506.4262     0.023723328       70.336258       3.0247633      0.98449352       8.2765493      0.74747216      0.27917261     0.088773313      0.98631471      0.99071128       0.9980387      0.98922226      0.98869964      0.12421191   2.0589131e-09      0.95204686      0.82120281      0.24689842      0.74498745       22.208476        1092.328        1461.284       21.561302       -2.9545729          24.515874       2969.7298                 20.451617                 397.48027                                645.48347                      28.912649                   22.208476                   1461.284       231.11014        162.79918
              1       1505.8304     0.023723328       70.336258       3.0247633      0.98449352       8.2765493      0.74747216      0.27917261     0.088773313      0.98631471      0.99016821        1.001567      0.99002907      0.99061535      0.12421191   2.0589131e-09      0.95204686      0.82120281      0.24689842      0.74498745       22.208476        1092.328        1461.284        21.34812       -3.1677547          24.515874       2968.9645                 20.451617                 397.48027                                645.48347                      28.912649                   22.208476                   1461.284       228.82016        164.32388
              1        1505.775     0.023723328       70.336258       3.0247633      0.98449352       8.2765493      0.74747216      0.27917261     0.088773313      0.98631471      0.98828732         1.00168      0.99007641      0.99015162      0.12421191   2.0589131e-09      0.95204686      0.82120281      0.24689842      0.74498745       22.208476        1092.328        1461.284       23.660403      -0.85547124          24.515874       2964.2291                 20.451617                 397.48027                                645.48347                      28.912649                   22.208476                   1461.284       224.18544        164.22324
              1       1506.7096     0.023723328       70.336258       3.0247633      0.98449352       8.2765493      0.74747216      0.27917261     0.088773313      0.98631471      0.98828732         1.00168      0.99202127      0.99222772      0.12421191   2.0589131e-09      0.95204686      0.82120281      0.24689842      0.74498745       22.208476        1092.328        1461.284       22.450803       -2.0650715          24.515874       2968.5175                 20.451617                 397.48027                                645.48347                      28.912649                   22.208476                   1461.284       224.18544        168.51166
              1        1507.172     0.023723328       70.336258       3.0247633      0.98449352       8.2765493      0.74747216      0.27917261     0.088773313      0.98631471       0.9887813       1.0032337      0.99210307      0.99319442      0.12421191   2.0589131e-09      0.95204686      0.82120281      0.24689842      0.74498745       22.208476        1092.328        1461.284       21.655957       -2.8599172          24.515874       2971.0321                 20.451617                 397.48027                                645.48347                      28.912649                   22.208476                   1461.284       225.80829        169.40334
              2       1507.1069     0.023723328       70.336258       3.0247633      0.98449352       8.2765493      0.74747216      0.27917261     0.088773313      0.98631471      0.99064816       1.0005303      0.99251188      0.99033645      0.12421191   2.0589131e-09      0.95204686      0.82120281      0.24689842      0.74498745       22.208476        1092.328        1461.284        19.81179       -4.7040844          24.515874       2974.5901                 20.451617                 397.48027                                645.48347                      28.912649                   22.208476                   1461.284       230.22169        168.54799
              1       1507.7007     0.023723328       70.336258       3.0247633      0.98449352       8.2765493      0.74747216      0.27917261     0.088773313      0.98631471      0.99064816       1.0005303      0.99331157      0.99007946      0.12421191   2.0589131e-09      0.95204686      0.82120281      0.24689842      0.74498745       22.208476        1092.328        1461.284       19.578234       -4.9376403          24.515874       2976.2449                 20.451617                 397.48027                                645.48347                      28.912649                   22.208476                   1461.284       230.22169        170.20273
              1        1505.942     0.023723968       70.338281       3.0247121       0.9845112       8.2768195      0.74752048      0.27922958     0.088568741       0.9863081      0.99064603       1.0005213       0.9877623      0.98849688      0.12392055   2.0588077e-09      0.95204832      0.82122267      0.24685108      0.74493403       22.201961       1092.3099       1461.2988       22.543393       -1.9954014          24.538795       2966.7972                 20.449452                 397.46592                                 645.4744                      28.920083                   22.201961                  1461.2988       229.88535        161.10129
              1       1508.6249     0.023723968       70.338281       3.0247121       0.9845112       8.2768195      0.74752048      0.27922958     0.088568741       0.9863081      0.98723932       1.0059915      0.98735895      0.98663736      0.12392055   2.0588077e-09      0.95204832      0.82122267      0.24685108      0.74493403       22.201961       1092.3099       1461.2988       27.415153        2.8763588          24.538795       2962.4194                 20.449452                 397.46592                                 645.4744                      28.920083                   22.201961                  1461.2988       225.60876        161.00003
              1       1507.7778     0.023723968       70.338281       3.0247121       0.9845112       8.2768195      0.74752048      0.27922958     0.088568741       0.9863081      0.98723932       1.0059915      0.98808161      0.99051949      0.12392055   2.0588077e-09      0.95204832      0.82122267      0.24685108      0.74493403       22.201961       1092.3099       1461.2988       26.136045        1.5972499          24.538795       2963.2836                 20.449452                 397.46592                                 645.4744                      28.920083                   22.201961                  1461.2988       225.60876        161.86423
              2       1507.9242     0.023723968       70.338281       3.0247121       0.9845112       8.2768195      0.74752048      0.27922958     0.088568741       0.9863081      0.98723932       1.0059915      0.99027788       0.9904187      0.12392055   2.0588077e-09      0.95204832      0.82122267      0.24685108      0.74493403       22.201961       1092.3099       1461.2988       24.975444       0.43664965          24.538795       2965.8974                 20.449452                 397.46592                                 645.4744                      28.920083                   22.201961                  1461.2988       225.60876        164.47806
              1       1506.4025     0.023723968       70.338281       3.0247121       0.9845112       8.2768195      0.74752048      0.27922958     0.088568741      0.98652028      0.98952934      0.99708305      0.99005555      0.99050125      0.12392055   2.0588077e-09      0.95204832      0.82122267      0.24685108      0.74493403       22.201961        1093.237       1461.2988       21.652187        -2.886608          24.538795       2969.5005                  20.43788                 397.46592                                646.07839                      29.254792                   22.201961                  1461.2988       228.57893        164.18387
              1       1507.2887     0.023723968       70.338281       3.0247121       0.9845112       8.2768195      0.74752048      0.27922958     0.088568741      0.98545787      0.98952857      0.99748417       0.9908878      0.98984991      0.12392055   2.0588077e-09      0.95204832      0.82122267      0.24685108      0.74493403       22.201961       1090.1802       1461.2988       23.762454        -0.776341          24.538795       2967.0524                 20.497234                 397.48368                                644.59547                      27.603875                   22.201961                  1461.2988       228.10928        165.26215
              2       1507.1627     0.023723968       70.338281       3.0247121       0.9845112       8.2768195      0.74752048      0.27922958     0.088568741      0.98648528       0.9876008       1.0047338      0.99096311      0.98961574      0.12392055   2.0588077e-09      0.95204832      0.82122267      0.24685108      0.74493403       22.201961       1093.0733       1461.2988       23.917376      -0.62141906          24.538795       2966.4906                 20.439779                 397.46592                                645.96822                      29.199414                   22.201961                  1461.2988       224.58255        165.33395
              1       1507.0984     0.023723968       70.338281       3.0247121       0.9845112       8.2768195      0.74752048      0.27922958     0.088568741      0.98648528      0.98830846       1.0027384      0.99284852      0.98945202      0.12392055   2.0588077e-09      0.95204832      0.82122267      0.24685108      0.74493403       22.201961       1093.0733       1461.2988       22.245706       -2.2930887          24.538795       2969.7054                 20.439779                 397.46592                                645.96822                      29.199414                   22.201961                  1461.2988       224.20422        168.92705
              1       1509.1708     0.023723968       70.338281       3.0247121       0.9845112       8.2768195      0.74752048      0.27922958     0.088568741      0.98685001      0.98830873       1.0026007      0.99446745      0.99401991      0.12392055   2.0588077e-09      0.95204832      0.82122267      0.24685108      0.74493403       22.201961       1094.9699       1461.2988        20.24382       -4.2949743          24.538795       2977.8539                 20.420177                 397.44929                                647.32056                      29.779848                   22.201961                  1461.2988       224.14076        175.24254
              1       1509.9892     0.023723968       70.338281       3.0247121       0.9845112       8.2768195      0.74752048      0.27922958     0.088568741      0.98685001      0.99094284      0.99630146      0.99241099      0.99596913      0.12392055   2.0588077e-09      0.95204832      0.82122267      0.24685108      0.74493403       22.201961       1094.9699       1461.2988       17.692144       -6.8466509          24.538795       2984.5941                 20.420177                 397.44929                                647.32056                      29.779848                   22.201961                  1461.2988       233.19772        172.92572
              1        1508.096     0.023723968       70.338281       3.0247121       0.9845112       8.2768195      0.74752048      0.27922958     0.088568741      0.98685001      0.98939412       0.9999439      0.99250895      0.99577157      0.12392055   2.0588077e-09      0.95204832      0.82122267      0.24685108      0.74493403       22.201961       1094.9699       1461.2988       19.362753       -5.1760415          24.538795       2977.4665                 20.420177                 397.44929                                647.32056                      29.779848                   22.201961                  1461.2988       226.13982        172.85603
              1       1505.8322     0.023723968       70.338281       3.0247121       0.9845112       8.2768195      0.74752048      0.27922958     0.088568741      0.98685001      0.98876653       1.0004443      0.98836987      0.99295973      0.12392055   2.0588077e-09      0.95204832      0.82122267      0.24685108      0.74493403       22.201961       1094.9699       1461.2988       22.386839       -2.1519562          24.538795       2966.8907                 20.420177                 397.44929                                647.32056                      29.779848                   22.201961                  1461.2988       224.70969        163.71037
              2       1505.9087     0.023723968       70.338281       3.0247121       0.9845112       8.2768195      0.74752048      0.27922958     0.088568741       0.9864648      0.98876625       1.0005898      0.98815569      0.99365841      0.12392055   2.0588077e-09      0.95204832      0.82122267      0.24685108      0.74493403       22.201961       1092.9795       1461.2988       23.245786       -1.2930083          24.538795       2965.3259                 20.440893                 397.46592                                645.90566                       29.16703                   22.201961                  1461.2988       224.68227        164.16339
              1       1506.8328     0.023723968       70.338281       3.0247121       0.9845112       8.2768195      0.74752048      0.27922958     0.088568741      0.98691399      0.98868959       1.0040688      0.98987232      0.99343935      0.12392055   2.0588077e-09      0.95204832      0.82122267      0.24685108      0.74493403       22.201961       1095.3529       1461.2988        21.47643       -3.0623647          24.538795       2970.7127                 20.416782                 397.44929                                647.60434                      29.882432                   22.201961                  1461.2988       225.98987        165.86926
              2       1516.5589     0.023723968       70.338281       3.0247121       0.9845112       8.2768195      0.74752048      0.27922958     0.088568741      0.98439446      0.98868776         1.00502      0.98512182      0.98073699      0.12392055   2.0588077e-09      0.95204832      0.82122267      0.24685108      0.74493403       22.201961       1091.0468       1461.2988       33.311203        8.7724081          24.538795       2966.4954                 20.560344                 397.48109                                646.99101                      26.014322                   22.201961                  1461.2988       227.08575        164.86215
              1       1511.8964     0.023723968       70.338281       3.0247121       0.9845112       8.2768195      0.74752048      0.27922958     0.088568741      0.98439446      0.99226838      0.99876985      0.99046103      0.98871313      0.12392055   2.0588077e-09      0.95204832      0.82122267      0.24685108      0.74493403       22.201961       1091.0468       1461.2988       23.984453      -0.55434208          24.538795       2975.8238                 20.560344                 397.48109                                646.99101                      26.014322                   22.201961                  1461.2988       236.87209        164.40422
              2       1513.2908     0.023723968       70.338281       3.0247121       0.9845112       8.2768195      0.74752048      0.27922958     0.088568741      0.98439446      0.99201925       1.0039921      0.99055383      0.98892206      0.12392055   2.0588077e-09      0.95204832      0.82122267      0.24685108      0.74493403       22.201961       1091.0468       1461.2988       24.114016      -0.42477884          24.538795       2978.3535                 20.560344                 397.48109                                646.99101                      26.014322                   22.201961                  1461.2988       239.24196        164.56406
              1       1510.7773     0.023723968       70.338281       3.0247121       0.9845112       8.2768195      0.74752048      0.27922958     0.088568741      0.98469488      0.99125349      0.99598806      0.98726266      0.99263961      0.12392055   2.0588077e-09      0.95204832      0.82122267      0.24685108      0.74493403       22.201961       1090.3988       1461.2988       25.245026       0.70623119          24.538795       2971.0646                 20.542109                 397.48109                                645.91866                      26.456962                   22.201961                  1461.2988       234.62897        162.53609
              1         1511.95     0.023723968       70.338281       3.0247121       0.9845112       8.2768195      0.74752048      0.27922958     0.088568741      0.98469488      0.99002947       1.0000089      0.98803638      0.98208637      0.12392055   2.0588077e-09      0.95204832      0.82122267      0.24685108      0.74493403       22.201961       1090.3988       1461.2988       28.567064         4.028269          24.538795       2966.7659                 20.542109                 397.48109                                645.91866                      26.456962                   22.201961                  1461.2988        227.8233          165.043
              1       1510.3981     0.023723968       70.338281       3.0247121       0.9845112       8.2768195      0.74752048      0.27922958     0.088568741        0.986384       0.9883624      0.99886191      0.98790677      0.98139812      0.12392055   2.0588077e-09      0.95204832      0.82122267      0.24685108      0.74493403       22.201961       1092.6236       1461.2988       26.975289        2.4364943          24.538795       2966.8457                 20.445297                 397.46592                                645.67285                      29.039523                   22.201961                  1461.2988       224.93419        165.78712
              1       1509.1281     0.023723968       70.338281       3.0247121       0.9845112       8.2768195      0.74752048      0.27922958     0.088568741        0.986384      0.98689195      0.99727967       0.9867363      0.98906668      0.12392055   2.0588077e-09      0.95204832      0.82122267      0.24685108      0.74493403       22.201961       1092.6236       1461.2988       27.590238        3.0514433          24.538795       2963.0757                 20.445297                 397.46592                                645.67285                      29.039523                   22.201961                  1461.2988       226.53725        160.41414
              1       1508.9983     0.023723968       70.338281       3.0247121       0.9845112       8.2768195      0.74752048      0.27922958     0.088568741        0.986384      0.98689195      0.99727967       0.9871341      0.98906609      0.12392055   2.0588077e-09      0.95204832      0.82122267      0.24685108      0.74493403       22.201961       1092.6236       1461.2988       27.332564        2.7937697          24.538795       2963.3315                 20.445297                 397.46592                                645.67285                      29.039523                   22.201961                  1461.2988       226.53725        160.66995
              1       1508.5066     0.023723968       70.338281       3.0247121       0.9845112       8.2768195      0.74752048      0.27922958     0.088568741       0.9853682      0.99047426       1.0042018      0.98916128      0.99345517      0.12392055   2.0588077e-09      0.95204832      0.82122267      0.24685108      0.74493403       22.201961       1090.1074       1461.2988       23.206035       -1.3327596          24.538795       2970.6011                 20.502409                  397.4905                                644.64708                       27.46739                   22.201961                  1461.2988       231.99686        164.99609
              1       1510.3132     0.023723968       70.338281       3.0247121       0.9845112       8.2768195      0.74752048      0.27922958     0.088568741      0.98746478      0.99047578       1.0034103      0.98318259      0.98982321      0.12392055   2.0588077e-09      0.95204832      0.82122267      0.24685108      0.74493403       22.201961       1099.2093       1461.2988       23.323197       -1.2155981          24.538795         2973.98                 20.388093                 397.42679                                650.61969                      30.774743                   22.201961                  1461.2988       231.03546        160.23445
              1       1510.5737     0.023723968       70.338281       3.0247121       0.9845112       8.2768195      0.74752048      0.27922958     0.088568741      0.98698911      0.98758014      0.99760623      0.98319862      0.98885877      0.12392055   2.0588077e-09      0.95204832      0.82122267      0.24685108      0.74493403       22.201961       1095.8204       1461.2988       28.006559        3.4677646          24.538795       2965.1342                 20.412813                 397.44929                                647.95518                      30.003145                   22.201961                  1461.2988       225.85545         159.9576
              1       1508.7484     0.023723968       70.338281       3.0247121       0.9845112       8.2768195      0.74752048      0.27922958     0.088568741      0.98698911       0.9882882      0.99951134      0.98834681      0.98332145      0.12392055   2.0588077e-09      0.95204832      0.82122267      0.24685108      0.74493403       22.201961       1095.8204       1461.2988        24.88148        0.3426852          24.538795       2967.7338                 20.412813                 397.44929                                647.95518                      30.003145                   22.201961                  1461.2988       224.37759        164.03506
              1       1509.0264     0.023723968       70.338281       3.0247121       0.9845112       8.2768195      0.74752048      0.27922958     0.088568741      0.98580772       0.9881532      0.99986681      0.98838951      0.98302352      0.12392055   2.0588077e-09      0.95204832      0.82122267      0.24685108      0.74493403       22.201961       1090.7534       1461.2988       27.699386        3.1605914          24.538795       2962.6541                 20.477297                 397.47769                                644.65778                      28.140599                   22.201961                  1461.2988       224.02054        164.37947
              1       1510.3778     0.023723968       70.338281       3.0247121       0.9845112       8.2768195      0.74752048      0.27922958     0.088568741      0.98588329      0.98815326      0.99983828      0.98224838       0.9867559      0.12392055   2.0588077e-09      0.95204832      0.82122267      0.24685108      0.74493403       22.201961        1090.943       1461.2988        30.93322        6.3944256          24.538795       2958.8892                 20.473043                  397.4862                                644.72628                       28.25743                   22.201961                  1461.2988       224.03558        160.40994
              1       1509.8125     0.023723968       70.338281       3.0247121       0.9845112       8.2768195      0.74752048      0.27922958     0.088568741      0.98588329      0.98984123       1.0003286      0.98221573      0.98720278      0.12392055   2.0588077e-09      0.95204832      0.82122267      0.24685108      0.74493403       22.201961        1090.943       1461.2988       28.788319        4.2495238          24.538795       2962.0484                 20.473043                  397.4862                                644.72628                       28.25743                   22.201961                  1461.2988       227.24315        160.36159
              1       1508.3397     0.023723968       70.338281       3.0247121       0.9845112       8.2768195      0.74752048      0.27922958     0.088568741      0.98707982       0.9898421      0.99987681      0.99422852      0.98958158      0.12392055   2.0588077e-09      0.95204832      0.82122267      0.24685108      0.74493403       22.201961       1096.3923       1461.2988       18.658776       -5.8800192          24.538795       2979.3619                 20.408045                 397.43066                                648.40428                      30.149327                   22.201961                  1461.2988       227.30547        172.16336
              1       1507.3898     0.023723968       70.338281       3.0247121       0.9845112       8.2768195      0.74752048      0.27922958     0.088568741      0.98579344      0.98984116       1.0003625      0.98578333      0.98590006      0.12392055   2.0588077e-09      0.95204832      0.82122267      0.24685108      0.74493403       22.201961       1090.7214       1461.2988       26.491942        1.9531469          24.538795       2961.7958                 20.478102                 397.47769                                644.64703                      28.118569                   22.201961                  1461.2988       227.24127         160.3324
              1       1511.6657     0.023723968       70.338281       3.0247121       0.9845112       8.2768195      0.74752048      0.27922958     0.088568741      0.98579344      0.98960398       1.0050366       0.9852037      0.99781229      0.12392055   2.0588077e-09      0.95204832      0.82122267      0.24685108      0.74493403       22.201961       1090.7214       1461.2988       25.344376       0.80558117          24.538795       2972.6426                 20.478102                 397.47769                                644.64703                      28.118569                   22.201961                  1461.2988       229.86356         168.5569
              1       1506.3835     0.023723968       70.338281       3.0247121       0.9845112       8.2768195      0.74752048      0.27922958     0.088568741      0.98579344      0.98814511       1.0004193      0.98875722      0.98744077      0.12392055   2.0588077e-09      0.95204832      0.82122267      0.24685108      0.74493403       22.201961       1090.7214       1461.2988       26.299814        1.7610188          24.538795       2960.1673                 20.478102                 397.47769                                644.64703                      28.118569                   22.201961                  1461.2988       223.77583        162.16937
              1       1506.8465     0.023723968       70.338281       3.0247121       0.9845112       8.2768195      0.74752048      0.27922958     0.088568741      0.98579344      0.98895978       1.0005679      0.99083697      0.99454959      0.12392055   2.0588077e-09      0.95204832      0.82122267      0.24685108      0.74493403       22.201961       1090.7214       1461.2988       22.999876       -1.5389185          24.538795       2967.6932                 20.478102                 397.47769                                644.64703                      28.118569                   22.201961                  1461.2988       225.06158        168.40952
              1       1506.3445     0.023723968       70.338281       3.0247121       0.9845112       8.2768195      0.74752048      0.27922958     0.088568741      0.98579344      0.98895978       1.0005679      0.98878842      0.99410642      0.12392055   2.0588077e-09      0.95204832      0.82122267      0.24685108      0.74493403       22.201961       1090.7214       1461.2988       24.082607      -0.45618808          24.538795       2964.5237                 20.478102                 397.47769                                644.64703                      28.118569                   22.201961                  1461.2988       225.06158        165.23999
              1       1506.6723     0.023723968       70.338281       3.0247121       0.9845112       8.2768195      0.74752048      0.27922958     0.088568741      0.98647275      0.98895572       1.0002319      0.98698174      0.99475036      0.12392055   2.0588077e-09      0.95204832      0.82122267      0.24685108      0.74493403       22.201961       1093.0157       1461.2988       23.598237       -0.9405573          24.538795       2966.1482                 20.440461                 397.46592                                645.92977                      29.179595                   22.201961                  1461.2988       225.11748        164.51421
              1       1506.5083     0.023723968       70.338281       3.0247121       0.9845112       8.2768195      0.74752048      0.27922958     0.088568741      0.98647275      0.98893896      0.99919345        0.985781      0.98794346      0.12392055   2.0588077e-09      0.95204832      0.82122267      0.24685108      0.74493403       22.201961       1093.0157       1461.2988       25.544362        1.0055676          24.538795       2961.9279                 20.440461                 397.46592                                645.92977                      29.179595                   22.201961                  1461.2988       225.53149         159.8799
              1       1514.3194     0.023733622       70.313345       3.0242361      0.98502436       8.2643477      0.74849146       0.2824484     0.090107588      0.98640495      0.99516655      0.99533973      0.99107959      0.98836774      0.13026959    2.057828e-09      0.95199478      0.81742447      0.24586653       0.7400085       22.586795       1095.7234       1461.4838       17.403287       -7.4823416          24.885629       2993.8323                 20.404141                 397.40314                                648.02731                      29.888822                   22.586795                  1461.4838       251.35997         162.6783
              1       1513.8957     0.023733622       70.313345       3.0242361      0.98502436       8.2643477      0.74849146       0.2824484     0.090107588      0.98732466      0.99459121       1.0030299      0.99113915      0.98850764      0.13026959    2.057828e-09      0.95199478      0.81742447      0.24586653       0.7400085       22.586795       1099.2298       1461.4838         15.7409       -9.1447289          24.885629       2996.3097                 20.357673                 397.38528                                650.09132                      31.395545                   22.586795                  1461.4838        250.2482        162.76105
              1       1506.4737     0.023733622       70.313345       3.0242361      0.98502436       8.2643477      0.74849146       0.2824484     0.090107588      0.98739351      0.99060157       1.0038246      0.98805582      0.99317843      0.13026959    2.057828e-09      0.95199478      0.81742447      0.24586653       0.7400085       22.586795       1099.6113       1461.4838       19.665379       -5.2202496          24.885629       2973.6167                 20.354307                 397.38528                                650.36147                      31.510206                   22.586795                  1461.4838       229.18851        160.74629
              1       1507.8671     0.023733622       70.313345       3.0242361      0.98502436       8.2643477      0.74849146       0.2824484     0.090107588      0.98744605       0.9906016       1.0038047      0.98809792      0.99622758      0.13026959    2.057828e-09      0.95199478      0.81742447      0.24586653       0.7400085       22.586795       1099.9076       1461.4838       19.229091       -5.6565374          24.885629        2977.276                 20.351747                 397.37954                                650.57846                      31.597891                   22.586795                  1461.4838       229.16524        164.13251
              1       1507.2672     0.023733622       70.313345       3.0242361      0.98502436       8.2643477      0.74849146       0.2824484     0.090107588      0.98744605      0.99135062       1.0012307      0.99008457      0.99596471      0.13026959    2.057828e-09      0.95199478      0.81742447      0.24586653       0.7400085       22.586795       1099.9076       1461.4838       17.422511       -7.4631181          24.885629       2979.6895                 20.351747                 397.37954                                650.57846                      31.597891                   22.586795                  1461.4838       229.94734        165.76387
              1        1508.598     0.023733622       70.313345       3.0242361      0.98502436       8.2643477      0.74849146       0.2824484     0.090107588      0.98744605      0.99069461       1.0049187      0.99202081      0.98683207      0.13026959    2.057828e-09      0.95199478      0.81742447      0.24586653       0.7400085       22.586795       1099.9076       1461.4838       18.703847        -6.181782          24.885629       2979.7883                 20.351747                 397.37954                                650.57846                      31.597891                   22.586795                  1461.4838       231.04759        164.76248
              1       1510.9599     0.023733622       70.313345       3.0242361      0.98502436       8.2643477      0.74849146       0.2824484     0.090107588      0.98744605      0.99107525       1.0025096      0.98631497      0.99950532      0.13026959    2.057828e-09      0.95199478      0.81742447      0.24586653       0.7400085       22.586795       1099.9076       1461.4838       19.746075       -5.1395533          24.885629       2982.4276                 20.351747                 397.37954                                650.57846                      31.597891                   22.586795                  1461.4838       229.67564        168.77368
              1       1506.9698     0.023733622       70.313345       3.0242361      0.98502436       8.2643477      0.74849146       0.2824484     0.090107588      0.98744605      0.99107525       1.0025096      0.98760956      0.99474097      0.13026959    2.057828e-09      0.95199478      0.81742447      0.24586653       0.7400085       22.586795       1099.9076       1461.4838       19.168187       -5.7174414          24.885629       2975.6033                 20.351747                 397.37954                                650.57846                      31.597891                   22.586795                  1461.4838       229.67564        161.94943
              1       1508.1442     0.023733622       70.313345       3.0242361      0.98502436       8.2643477      0.74849146       0.2824484     0.090107588      0.98744605      0.99107525       1.0025096      0.98571362      0.99529541      0.13026959    2.057828e-09      0.95199478      0.81742447      0.24586653       0.7400085       22.586795       1099.9076       1461.4838       20.370322        -4.515307          24.885629       2975.5477                 20.351747                 397.37954                                650.57846                      31.597891                   22.586795                  1461.4838       229.67564         161.8938
              1       1508.5276     0.023733622       70.313345       3.0242361      0.98502436       8.2643477      0.74849146       0.2824484     0.090107588      0.98654014      0.99107459       1.0028516      0.98562131      0.99567643      0.13026959    2.057828e-09      0.95199478      0.81742447      0.24586653       0.7400085       22.586795       1096.0577       1461.4838       22.289355       -2.5962739          24.885629       2972.4766                 20.397135                 397.40314                                648.15002                      30.107374                   22.586795                  1461.4838       229.97641        162.37186
              1       1506.9416     0.023733622       70.313345       3.0242361      0.98502436       8.2643477      0.74849146       0.2824484     0.090107588      0.98760132      0.99107536        1.002451      0.98761557      0.98686798      0.13026959    2.057828e-09      0.95199478      0.81742447      0.24586653       0.7400085       22.586795       1100.8581       1461.4838       20.224186       -4.6614426          24.885629       2973.4348                 20.344234                 397.38173                                651.27428                      31.857891                   22.586795                  1461.4838       229.62799         158.8781
              1       1506.1905     0.023733622       70.313345       3.0242361      0.98502436       8.2643477      0.74849146       0.2824484     0.090107588      0.98760132      0.99107536        1.002451      0.98877343       0.9886961      0.13026959    2.057828e-09      0.95199478      0.81742447      0.24586653       0.7400085       22.586795       1100.8581       1461.4838       19.123553       -5.7620755          24.885629       2974.1339                 20.344234                 397.38173                                651.27428                      31.857891                   22.586795                  1461.4838       229.62799        159.57716
              1       1506.0092     0.023733622       70.313345       3.0242361      0.98502436       8.2643477      0.74849146       0.2824484     0.090107588      0.98671504      0.99107472       1.0027856      0.98765146      0.99137795      0.13026959    2.057828e-09      0.95199478      0.81742447      0.24586653       0.7400085       22.586795       1096.5864       1461.4838       21.095701       -3.7899278          24.885629        2969.827                 20.388158                 397.40525                                648.40136                      30.391631                   22.586795                  1461.4838       229.91531        159.25465
              1       1505.9414     0.023733622       70.313345       3.0242361      0.98502436       8.2643477      0.74849146       0.2824484     0.090107588      0.98671504      0.99107472       1.0027856      0.98966859      0.98927387      0.13026959    2.057828e-09      0.95199478      0.81742447      0.24586653       0.7400085       22.586795       1096.5864       1461.4838       20.346197       -4.5394317          24.885629       2971.1903                 20.388158                 397.40525                                648.40136                      30.391631                   22.586795                  1461.4838       229.91531        160.61798
              1       1506.0009     0.023733622       70.313345       3.0242361      0.98502436       8.2643477      0.74849146       0.2824484     0.090107588      0.98747097      0.99107527       1.0025002      0.98959633       0.9891641      0.13026959    2.057828e-09      0.95199478      0.81742447      0.24586653       0.7400085       22.586795       1100.0543       1461.4838       18.844123       -6.0415056          24.885629       2974.3135                 20.350537                 397.37954                                650.68465                      31.639535                   22.586795                  1461.4838       229.66792        160.52066
              1       1506.3184     0.023733622       70.313345       3.0242361      0.98502436       8.2643477      0.74849146       0.2824484     0.090107588      0.98747097      0.99107527       1.0025002      0.99056011      0.99307113      0.13026959    2.057828e-09      0.95199478      0.81742447      0.24586653       0.7400085       22.586795       1100.0543       1461.4838       17.713189       -7.1724393          24.885629       2977.2105                 20.350537                 397.37954                                650.68465                      31.639535                   22.586795                  1461.4838       229.66792        163.41766
              1        1503.844     0.023728217       70.275231        3.024923      0.98491931       8.2474262      0.74794816      0.28115041     0.093703734      0.98680644      0.99110909        1.002676      0.99064782      0.99326288       0.1330516    2.059242e-09      0.95195364      0.81664599      0.24641258      0.74012426        22.71025       1093.6569       1461.3384       18.787076       -5.9040995          24.691176       2970.1139                 20.416071                 397.30097                                645.98999                      29.949824                    22.71025                  1461.3384       228.90086        163.50758
              1       1507.0591     0.023728217       70.275231        3.024923      0.98491931       8.2474262      0.74794816      0.28115041     0.093703734      0.98857146      0.99114543       1.0022017      0.99036196      0.98444916       0.1330516    2.059242e-09      0.95195364      0.81664599      0.24641258      0.74012426        22.71025       1102.8179       1461.3384       17.267578       -7.4235975          24.691176       2979.5831                 20.328111                 397.29214                                652.31315                      32.884543                    22.71025                  1461.3384       228.69495        164.02164
              1       1507.5369     0.023728217       70.275231        3.024923      0.98491931       8.2474262      0.74794816      0.28115041     0.093703734      0.98602064      0.99114358       1.0031647       0.9906058      0.98481959       0.1330516    2.059242e-09      0.95195364      0.81664599      0.24641258      0.74012426        22.71025       1093.0763       1461.3384       22.231487       -2.4596886          24.691176       2970.6107                 20.458458                 397.33103                                646.58831                       28.69845                    22.71025                  1461.3384       229.45248        164.03339
              1       1506.0922     0.023728217       70.275231        3.024923      0.98491931       8.2474262      0.74794816      0.28115041     0.093703734       0.9866057        0.991144       1.0029438      0.99323826      0.99542135       0.1330516    2.059242e-09      0.95195364      0.81664599      0.24641258      0.74012426        22.71025        1093.318       1461.3384       17.913309       -6.7778664          24.691176       2976.3577                 20.426715                 397.32272                                645.94164                      29.626895                    22.71025                  1461.3384       229.25146        169.73969
              1       1503.8761     0.023728217       70.275231        3.024923      0.98491931       8.2474262      0.74794816      0.28115041     0.093703734       0.9866057        0.991144       1.0029438        0.989497      0.99047756       0.1330516    2.059242e-09      0.95195364      0.81664599      0.24641258      0.74012426        22.71025        1093.318       1461.3384       20.174781       -4.5163946          24.691176       2967.4026                 20.426715                 397.32272                                645.94164                      29.626895                    22.71025                  1461.3384       229.25146        160.78453
              1       1503.0276     0.023728217       70.275231        3.024923      0.98491931       8.2474262      0.74794816      0.28115041     0.093703734       0.9866057      0.98978016       1.0004315      0.98948822      0.99000661       0.1330516    2.059242e-09      0.95195364      0.81664599      0.24641258      0.74012426        22.71025        1093.318       1461.3384       21.711661       -2.9795152          24.691176       2962.6319                 20.426715                 397.32272                                645.94164                      29.626895                    22.71025                  1461.3384       224.57559        160.68971
              1       1505.1812     0.023728217       70.275231        3.024923      0.98491931       8.2474262      0.74794816      0.28115041     0.093703734       0.9866057      0.98803897        1.001686      0.98943981      0.98651076       0.1330516    2.059242e-09      0.95195364      0.81664599      0.24641258      0.74012426        22.71025        1093.318       1461.3384       24.659186     -0.031989374          24.691176        2961.044                 20.426715                 397.32272                                645.94164                      29.626895                    22.71025                  1461.3384       222.35849        161.31891
              2       1504.8723     0.023728217       70.275231        3.024923      0.98491931       8.2474262      0.74794816      0.28115041     0.093703734       0.9866057      0.98792131         1.00275      0.99030524      0.98780633       0.1330516    2.059242e-09      0.95195364      0.81664599      0.24641258      0.74012426        22.71025        1093.318       1461.3384       24.066795      -0.62438084          24.691176        2961.611                 20.426715                 397.32272                                645.94164                      29.626895                    22.71025                  1461.3384       222.38628        161.85809
              1       1507.6014     0.023728217       70.275231        3.024923      0.98491931       8.2474262      0.74794816      0.28115041     0.093703734       0.9866057      0.98792131         1.00275      0.98685517      0.99808535       0.1330516    2.059242e-09      0.95195364      0.81664599      0.24641258      0.74012426        22.71025        1093.318       1461.3384       24.649188     -0.041987785          24.691176       2965.9044                 20.426715                 397.32272                                645.94164                      29.626895                    22.71025                  1461.3384       222.38628        166.15157
              1       1507.7225     0.023728217       70.275231        3.024923      0.98491931       8.2474262      0.74794816      0.28115041     0.093703734       0.9866057      0.99043281      0.99735469      0.98670481      0.99843229       0.1330516    2.059242e-09      0.95195364      0.81664599      0.24641258      0.74012426        22.71025        1093.318       1461.3384       21.716151       -2.9750252          24.691176       2972.0127                 20.426715                 397.32272                                645.94164                      29.626895                    22.71025                  1461.3384       227.95102         166.6951
              1       1504.1573     0.023728217       70.275231        3.024923      0.98491931       8.2474262      0.74794816      0.28115041     0.093703734      0.98716035      0.99043322      0.99714528      0.98703697       0.9895725       0.1330516    2.059242e-09      0.95195364      0.81664599      0.24641258      0.74012426        22.71025       1094.6492       1461.3384       21.340725        -3.350451          24.691176       2965.6331                 20.397616                 397.31663                                646.41037                      30.524583                    22.71025                  1461.3384       228.20215        158.73314
              1       1503.9946     0.023728217       70.275231        3.024923      0.98491931       8.2474262      0.74794816      0.28115041     0.093703734      0.98716035      0.99043322      0.99714528      0.99144605      0.99223854       0.1330516    2.059242e-09      0.95195364      0.81664599      0.24641258      0.74012426        22.71025       1094.6492       1461.3384       18.529057       -6.1621184          24.691176       2970.9311                 20.397616                 397.31663                                646.41037                      30.524583                    22.71025                  1461.3384       228.20215        164.03116
              1       1504.4663     0.023728217       70.275231        3.024923      0.98491931       8.2474262      0.74794816      0.28115041     0.093703734      0.98716035      0.99043322      0.99714528      0.98741415      0.99409127       0.1330516    2.059242e-09      0.95195364      0.81664599      0.24641258      0.74012426        22.71025       1094.6492       1461.3384       20.403371       -4.2878044          24.691176       2968.1258                 20.397616                 397.31663                                646.41037                      30.524583                    22.71025                  1461.3384       228.20215        161.22588
              1       1507.8778     0.023728217       70.275231        3.024923      0.98491931       8.2474262      0.74794816      0.28115041     0.093703734      0.98598899      0.99240421       1.0042517      0.98836118      0.98882008       0.1330516    2.059242e-09      0.95195364      0.81664599      0.24641258      0.74012426        22.71025       1093.0968       1461.3384       21.323408       -3.3677682          24.691176       2973.1088                 20.460205                 397.33103                                646.65682                      28.648766                    22.71025                  1461.3384       236.39333        159.57008
              1       1508.3381     0.023728217       70.275231        3.024923      0.98491931       8.2474262      0.74794816      0.28115041     0.093703734      0.98598899      0.99240421       1.0042517      0.98684027      0.99295042       0.1330516    2.059242e-09      0.95195364      0.81664599      0.24641258      0.74012426        22.71025       1093.0968       1461.3384       21.546531       -3.1446445          24.691176       2973.5832                 20.460205                 397.33103                                646.65682                      28.648766                    22.71025                  1461.3384       236.39333         160.0444
              1       1506.6608     0.023728217       70.275231        3.024923      0.98491931       8.2474262      0.74794816      0.28115041     0.093703734      0.98598899       0.9900056       1.0027446      0.98494994      0.99356224       0.1330516    2.059242e-09      0.95195364      0.81664599      0.24641258      0.74012426        22.71025       1093.0968       1461.3384       25.135027        0.4438517          24.691176       2963.0515                 20.460205                 397.33103                                646.65682                      28.648766                    22.71025                  1461.3384       225.54901        160.35707
              1       1503.2926     0.023728217       70.275231        3.024923      0.98491931       8.2474262      0.74794816      0.28115041     0.093703734      0.98668994      0.99000611       1.0024799      0.99003702       0.9932707       0.1330516    2.059242e-09      0.95195364      0.81664599      0.24641258      0.74012426        22.71025       1093.4305       1461.3384         20.4829       -4.2082756          24.691176       2965.6193                 20.422233                 397.30097                                645.94515                      29.762138                    22.71025                  1461.3384       225.39948        162.74075
              1       1503.0656     0.023728217       70.275231        3.024923      0.98491931       8.2474262      0.74794816      0.28115041     0.093703734      0.98796097      0.99000703           1.002      0.98991552      0.99308612       0.1330516    2.059242e-09      0.95195364      0.81664599      0.24641258      0.74012426        22.71025       1098.4512       1461.3384       17.988556         -6.70262          24.691176        2970.154                  20.35738                 397.31072                                648.93287                      31.850186                    22.71025                  1461.3384       225.18831        162.46597
              1       1504.1399     0.023728217       70.275231        3.024923      0.98491931       8.2474262      0.74794816      0.28115041     0.093703734      0.98796097      0.98961969       1.0017011      0.98819433      0.98635333       0.1330516    2.059242e-09      0.95195364      0.81664599      0.24641258      0.74012426        22.71025       1098.4512       1461.3384       20.670994       -4.0201818          24.691176       2966.9379                  20.35738                 397.31072                                648.93287                      31.850186                    22.71025                  1461.3384       224.25282        160.18527
              1       1505.2946     0.023728217       70.275231        3.024923      0.98491931       8.2474262      0.74794816      0.28115041     0.093703734      0.98896428      0.98962041       1.0013223      0.98735022      0.99208852       0.1330516    2.059242e-09      0.95195364      0.81664599      0.24641258      0.74012426        22.71025       1106.3069       1461.3384       18.160373       -6.5308032          24.691176       2974.2684                 20.309985                 397.28506                                655.15104                      33.560813                    22.71025                  1461.3384       224.20522        159.70764
              1       1506.1655     0.023728217       70.275231        3.024923      0.98491931       8.2474262      0.74794816      0.28115041     0.093703734      0.98762377      0.99269481       1.0017128      0.98580345       0.9924234       0.1330516    2.059242e-09      0.95195364      0.81664599      0.24641258      0.74012426        22.71025       1096.5837       1461.3384       18.631353       -6.0598223          24.691176       2975.0683                 20.374062                 397.31663                                647.60544                      31.287591                    22.71025                  1461.3384       234.97743        159.45857
              1       1505.8976     0.023728217       70.275231        3.024923      0.98491931       8.2474262      0.74794816      0.28115041     0.093703734      0.98762377       0.9927981        1.001345      0.98633553      0.99248588       0.1330516    2.059242e-09      0.95195364      0.81664599      0.24641258      0.74012426        22.71025       1096.5837       1461.3384       18.171516       -6.5196595          24.691176       2975.4523                 20.374062                 397.31663                                647.60544                      31.287591                    22.71025                  1461.3384       235.23973        159.58018
              1       1505.2017     0.023728217       70.275231        3.024923      0.98491931       8.2474262      0.74794816      0.28115041     0.093703734      0.98723435      0.99226663       1.0020233      0.98639443      0.99243739       0.1330516    2.059242e-09      0.95195364      0.81664599      0.24641258      0.74012426        22.71025       1094.9083       1461.3384       19.362854       -5.3283222          24.691176       2971.6777                 20.393808                 397.31663                                646.55221                      30.645617                    22.71025                  1461.3384        233.1582        159.56262
              1       1505.8916     0.023728217       70.275231        3.024923      0.98491931       8.2474262      0.74794816      0.28115041     0.093703734      0.98723435      0.99219633       1.0035854      0.98642208      0.99250094       0.1330516    2.059242e-09      0.95195364      0.81664599      0.24641258      0.74012426        22.71025       1094.9083       1461.3384       19.395827       -5.2953491          24.691176       2972.9916                 20.393808                 397.31663                                646.55221                      30.645617                    22.71025                  1461.3384       234.42444        159.61031
              1       1506.4669     0.023726904       70.286224       3.0250285      0.98461354       8.2757415       0.7481579      0.28150262     0.093891365      0.98717761       0.9908425        1.004319      0.98677107      0.99205881      0.13656538   2.0594592e-09      0.95197132      0.81540983      0.24620748      0.73869632       22.978431       1096.0504       1461.3141       20.573095       -4.0709517          24.644047       2971.7876                 20.403474                 397.44528                                646.81621                      31.385391                   22.978431                  1461.3141       231.63541        159.80931
              1       1507.7043     0.023726904       70.286224       3.0250285      0.98461354       8.2757415       0.7481579      0.28150262     0.093891365      0.98717761      0.98973989      0.99798198      0.98912085      0.99782976      0.13656538   2.0594592e-09      0.95197132      0.81540983      0.24620748      0.73869632       22.978431       1096.0504       1461.3141       19.805543       -4.8385035          24.644047       2975.7974                 20.403474                 397.44528                                646.81621                      31.385391                   22.978431                  1461.3141       227.60927        167.84529
              1       1507.5592     0.023726904       70.286224       3.0250285      0.98461354       8.2757415       0.7481579      0.28150262     0.093891365      0.98751336      0.98989697      0.99846783      0.98909515      0.99785197      0.13656538   2.0594592e-09      0.95197132      0.81540983      0.24620748      0.73869632       22.978431       1097.6071       1461.3141       18.961032        -5.683015          24.644047       2977.1964                 20.386012                 397.44098                                647.83271                      31.947416                   22.978431                  1461.3141       227.44034        167.85641
              1       1507.6695     0.023726904       70.286224       3.0250285      0.98461354       8.2757415       0.7481579      0.28150262     0.093891365      0.98826735      0.98989751      0.99818316      0.98677577       0.9953002      0.13656538   2.0594592e-09      0.95197132      0.81540983      0.24620748      0.73869632       22.978431        1102.512       1461.3141       19.052822       -5.5912248          24.644047       2977.2334                 20.348119                 397.42547                                651.50635                      33.232035                   22.978431                  1461.3141       227.69678        162.73209
              1        1505.941     0.023726904       70.286224       3.0250285      0.98461354       8.2757415       0.7481579      0.28150262     0.093891365      0.98804303      0.98989735      0.99826785      0.98751938      0.99245439      0.13656538   2.0594592e-09      0.95197132      0.81540983      0.24620748      0.73869632       22.978431       1100.8492       1461.3141       19.333749       -5.3102978          24.644047       2973.2144                 20.359197                 397.43061                                650.21278                      32.846602                   22.978431                  1461.3141       227.61754        160.45515
              1       1507.1195     0.023726904       70.286224       3.0250285      0.98461354       8.2757415       0.7481579      0.28150262     0.093891365      0.98804303      0.98989735      0.99826785      0.98925962      0.98559868      0.13656538   2.0594592e-09      0.95197132      0.81540983      0.24620748      0.73869632       22.978431       1100.8492       1461.3141        19.75492       -4.8891268          24.644047       2974.7292                 20.359197                 397.43061                                650.21278                      32.846602                   22.978431                  1461.3141       227.61754        161.96992
              1       1507.1303     0.023726904       70.286224       3.0250285      0.98461354       8.2757415       0.7481579      0.28150262     0.093891365      0.98795065      0.98989728      0.99830273      0.98505586      0.99260863      0.13656538   2.0594592e-09      0.95197132      0.81540983      0.24620748      0.73869632       22.978431       1100.2125       1461.3141       21.165065       -3.4789813          24.644047       2971.9305                 20.363805                 397.43061                                649.72941                      32.688676                   22.978431                  1461.3141       227.58563        159.83984
              1       1507.5299     0.023726904       70.286224       3.0250285      0.98461354       8.2757415       0.7481579      0.28150262     0.093891365      0.98628684      0.98989608       0.9989309      0.98428774      0.99101166      0.13656538   2.0594592e-09      0.95197132      0.81540983      0.24620748      0.73869632       22.978431        1093.838       1461.3141       25.427012       0.78296558          24.644047       2964.2058                 20.451553                 397.48231                                645.97987                       29.92431                   22.978431                  1461.3141       227.08336         158.9919
              1       1506.4872     0.023726904       70.286224       3.0250285      0.98461354       8.2757415       0.7481579      0.28150262     0.093891365      0.98724182      0.98989677      0.99857035      0.98769661      0.99608574      0.13656538   2.0594592e-09      0.95197132      0.81540983      0.24620748      0.73869632       22.978431       1096.3188       1461.3141       20.415943       -4.2281036          24.644047       2972.1425                 20.400106                 397.44528                                646.98099                      31.492387                   22.978431                  1461.3141       227.35489         164.1763
              1       1505.2074     0.023726904       70.286224       3.0250285      0.98461354       8.2757415       0.7481579      0.28150262     0.093891365      0.98649047      0.98989622      0.99885402      0.99013887      0.99170512      0.13656538   2.0594592e-09      0.95197132      0.81540983      0.24620748      0.73869632       22.978431       1094.0968       1461.3141       21.158876       -3.4851709          24.644047        2968.097                 20.440339                 397.46995                                645.93203                      30.254451                   22.978431                  1461.3141       227.13748        162.57019
              1       1505.0069     0.023726904       70.286224       3.0250285      0.98461354       8.2757415       0.7481579      0.28150262     0.093891365      0.98649047      0.98944152        1.002415      0.99020903      0.99177647      0.13656538   2.0594592e-09      0.95197132      0.81540983      0.24620748      0.73869632       22.978431       1094.0968       1461.3141       21.635489       -3.0085579          24.644047       2966.7428                 20.440339                 397.46995                                645.93203                      30.254451                   22.978431                  1461.3141         225.655        162.69846
              1       1505.6692     0.023726904       70.286224       3.0250285      0.98461354       8.2757415       0.7481579      0.28150262     0.093891365      0.98649047      0.98907699       1.0042171      0.99024779      0.99177902      0.13656538   2.0594592e-09      0.95197132      0.81540983      0.24620748      0.73869632       22.978431       1094.0968       1461.3141       22.051338       -2.5927082          24.644047       2967.2358                 20.440339                 397.46995                                645.93203                      30.254451                   22.978431                  1461.3141       226.09476        162.75169
              1       1505.1912     0.023726904       70.286224       3.0250285      0.98461354       8.2757415       0.7481579      0.28150262     0.093891365      0.98649047      0.99009599       1.0010804       0.9902428      0.98851467      0.13656538   2.0594592e-09      0.95197132      0.81540983      0.24620748      0.73869632       22.978431       1094.0968       1461.3141       21.483274       -3.1607728          24.644047       2967.4159                 20.440339                 397.46995                                645.93203                      30.254451                   22.978431                  1461.3141       226.91319         162.1134
              1       1505.4313     0.023726904       70.286224       3.0250285      0.98461354       8.2757415       0.7481579      0.28150262     0.093891365      0.98649047      0.99082007       1.0006458      0.99021807      0.98867289      0.13656538   2.0594592e-09      0.95197132      0.81540983      0.24620748      0.73869632       22.978431       1094.0968       1461.3141       20.693422       -3.9506248          24.644047       2969.4757                 20.440339                 397.46995                                645.93203                      30.254451                   22.978431                  1461.3141       229.02313        162.06328
              1       1506.4664     0.023726904       70.286224       3.0250285      0.98461354       8.2757415       0.7481579      0.28150262     0.093891365      0.98649047      0.99005629       1.0046282      0.99108912      0.98918741      0.13656538   2.0594592e-09      0.95197132      0.81540983      0.24620748      0.73869632       22.978431       1094.0968       1461.3141       20.993297       -3.6507492          24.644047       2970.9462                 20.440339                 397.46995                                645.93203                      30.254451                   22.978431                  1461.3141       229.21251        163.34439
              1       1506.5313     0.023726904       70.286224       3.0250285      0.98461354       8.2757415       0.7481579      0.28150262     0.093891365      0.98787546      0.99005729       1.0041053      0.98617336      0.99215044      0.13656538   2.0594592e-09      0.95197132      0.81540983      0.24620748      0.73869632       22.978431       1099.7139       1461.3141       20.400946       -4.2431005          24.644047       2972.2607                 20.367577                 397.42855                                649.35726                      32.560479                   22.978431                  1461.3141       228.59775         159.6566
              1       1506.5601     0.023763767        69.99942       3.0214612      0.98757392       7.9437685      0.74568647      0.28731392     0.092265441      0.98805435      0.99067264        1.003731      0.98755909      0.98764791      0.11555159   2.0521256e-09      0.95150171       0.8238056      0.24843473      0.74967023       19.135259       1105.6932       1462.1449       20.693677       -5.2886128           25.98229       2971.7329                 20.294957                 396.33888                                 661.9522                      27.107119                   19.135259                  1462.1449       225.91162        158.84804
              1       1507.9829     0.023763767        69.99942       3.0214612      0.98757392       7.9437685      0.74568647      0.28731392     0.092265441      0.98713333      0.99067197       1.0040787      0.98764714      0.98778166      0.11555159   2.0521256e-09      0.95150171       0.8238056      0.24843473      0.74967023       19.135259       1104.7448       1462.1449       22.437343       -3.5449476           25.98229       2971.0911                 20.328536                 396.38952                                662.27704                      25.749747                   19.135259                  1462.1449       226.28841        158.77774
              1       1507.4443     0.023763767        69.99942       3.0214612      0.98757392       7.9437685      0.74568647      0.28731392     0.092265441      0.98713333      0.99067197       1.0040787      0.99529374      0.99381153      0.11555159   2.0521256e-09      0.95150171       0.8238056      0.24843473      0.74967023       19.135259       1104.7448       1462.1449       18.152134       -7.8301559           25.98229       2978.5842                 20.328536                 396.38952                                662.27704                      25.749747                   19.135259                  1462.1449       226.28841        166.27087
              1       1508.0558     0.023763767        69.99942       3.0214612      0.98757392       7.9437685      0.74568647      0.28731392     0.092265441      0.98691976      0.99067181       1.0041594      0.99531415      0.99384255      0.11555159   2.0521256e-09      0.95150171       0.8238056      0.24843473      0.74967023       19.135259         1104.95       1462.1449       18.587237       -7.3950536           25.98229       2978.9371                 20.336702                 396.40434                                662.76721                      25.441768                   19.135259                  1462.1449        226.3815        166.32544
              1       1505.8614     0.023763767        69.99942       3.0214612      0.98757392       7.9437685      0.74568647      0.28731392     0.092265441      0.98941623      0.99322222       1.0001549      0.99496302      0.99395735      0.11555159   2.0521256e-09      0.95150171       0.8238056      0.24843473      0.74967023       19.135259       1112.5808       1462.1449       11.650507       -14.331783           25.98229       2988.4217                  20.25036                 396.37552                                666.75445                      29.200505                   19.135259                  1462.1449       228.84055        165.72018
              1       1506.4078     0.023763767        69.99942       3.0214612      0.98757392       7.9437685      0.74568647      0.28731392     0.092265441      0.98941623       0.9920573       1.0001677      0.99071312      0.99896135      0.11555159   2.0521256e-09      0.95150171       0.8238056      0.24843473      0.74967023       19.135259       1112.5808       1462.1449       13.777751       -12.204539           25.98229       2985.2602                  20.25036                 396.37552                                666.75445                      29.200505                   19.135259                  1462.1449       226.01532        165.38391
              1       1505.1057     0.023763767        69.99942       3.0214612      0.98757392       7.9437685      0.74568647      0.28731392     0.092265441      0.98941623       0.9920573       1.0001677       0.9945429      0.99152256      0.11555159   2.0521256e-09      0.95150171       0.8238056      0.24843473      0.74967023       19.135259       1112.5808       1462.1449       13.046981        -12.93531           25.98229       2984.1174                  20.25036                 396.37552                                666.75445                      29.200505                   19.135259                  1462.1449       226.01532        164.24107
              1       1505.3174     0.023763767        69.99942       3.0214612      0.98757392       7.9437685      0.74568647      0.28731392     0.092265441      0.98888122      0.99205691       1.0003697      0.99580237      0.99442718      0.11555159   2.0521256e-09      0.95150171       0.8238056      0.24843473      0.74967023       19.135259       1109.1289       1462.1449       13.288536       -12.693754           25.98229       2984.0578                 20.267198                 396.37552                                664.12026                      28.365929                   19.135259                  1462.1449       226.03568         167.6131
              2       1506.0101     0.023763767        69.99942       3.0214612      0.98757392       7.9437685      0.74568647      0.28731392     0.092265441      0.98888122      0.99157007       1.0028961      0.99585611      0.99443679      0.11555159   2.0521256e-09      0.95150171       0.8238056      0.24843473      0.74967023       19.135259       1109.1289       1462.1449       13.719245       -12.263045           25.98229       2984.5817                 20.267198                 396.37552                                664.12026                      28.365929                   19.135259                  1462.1449       226.44351        167.72914
              2       1507.9801     0.023763767        69.99942       3.0214612      0.98757392       7.9437685      0.74568647      0.28731392     0.092265441      0.98888122      0.99488338       1.0003287      0.99573336      0.99513073      0.11555159   2.0521256e-09      0.95150171       0.8238056      0.24843473      0.74967023       19.135259       1109.1289       1462.1449       11.182811       -14.799479           25.98229       2993.5946                 20.267198                 396.37552                                664.12026                      28.365929                   19.135259                  1462.1449       235.25179        167.93378
              1       1504.9831     0.023763767        69.99942       3.0214612      0.98757392       7.9437685      0.74568647      0.28731392     0.092265441      0.98808947      0.99175445        1.003538      0.98816952      0.99021427      0.11555159   2.0521256e-09      0.95150171       0.8238056      0.24843473      0.74967023       19.135259       1105.7895       1462.1449       18.665573       -7.3167174           25.98229       2972.6351                 20.293732                 396.33888                                661.99711                       27.15982                   19.135259                  1462.1449       227.47414        158.09126
              1       1506.9353     0.023763767        69.99942       3.0214612      0.98757392       7.9437685      0.74568647      0.28731392     0.092265441      0.98678208       0.9917535       1.0040316      0.98931879      0.99151091      0.11555159   2.0521256e-09      0.95150171       0.8238056      0.24843473      0.74967023       19.135259       1105.1853       1462.1449       20.428823       -5.5534677           25.98229       2973.0129                 20.342038                 396.43238                                663.16632                      25.244589                   19.135259                  1462.1449       228.08073        158.46671
              1       1508.3469     0.023750657        70.27607       3.0230238      0.98458687       7.9909138      0.74796839      0.28159841     0.093358174      0.98634322      0.98777333       1.0013422      0.98903386      0.99061852      0.12805579   2.0553347e-09      0.95190934      0.81715636      0.24638236       0.7405414       22.424599       1098.6472       1461.3427       25.723796       0.22095238          25.502844       2965.2462                 20.548019                 396.57528                                654.98008                      26.543862                   22.424599                  1461.3427       224.03607        158.79553
              1       1508.3311     0.023750657        70.27607       3.0230238      0.98458687       7.9909138      0.74796839      0.28159841     0.093358174      0.98634322      0.99106758       1.0078383      0.98906216      0.99177826      0.12805579   2.0553347e-09      0.95190934      0.81715636      0.24638236       0.7405414       22.424599       1098.6472       1461.3427       21.642882       -3.8599614          25.502844       2973.3764                 20.548019                 396.57528                                654.98008                      26.543862                   22.424599                  1461.3427       232.02931        158.93256
              1       1506.7902     0.023750657        70.27607       3.0230238      0.98458687       7.9909138      0.74796839      0.28159841     0.093358174      0.98634322       0.9901112       1.0064207      0.99043633      0.99382667      0.12805579   2.0553347e-09      0.95190934      0.81715636      0.24638236       0.7405414       22.424599       1098.6472       1461.3427       21.665223       -3.8376208          25.502844       2970.2499                 20.548019                 396.57528                                654.98008                      26.543862                   22.424599                  1461.3427       227.10918        160.72612
              1       1500.1809     0.023750657        70.27607       3.0230238      0.98458687       7.9909138      0.74796839      0.28159841     0.093358174      0.98894955      0.99011309       1.0054367      0.99018718      0.99344818      0.12805579   2.0553347e-09      0.95190934      0.81715636      0.24638236       0.7405414       22.424599       1097.2494       1461.3427       16.676828       -8.8260158          25.502844       2967.0082                 20.406125                 396.56045                                 649.6693                       30.61351                   22.424599                  1461.3427       225.68187        160.30963
              1       1500.1053     0.023750657        70.27607       3.0230238      0.98458687       7.9909138      0.74796839      0.28159841     0.093358174      0.98894955      0.98954155       1.0049259      0.99053702      0.99260318      0.12805579   2.0553347e-09      0.95190934      0.81715636      0.24638236       0.7405414       22.424599       1097.2494       1461.3427       17.267091       -8.2357529          25.502844       2965.6763                 20.406125                 396.56045                                 649.6693                       30.61351                   22.424599                  1461.3427       224.40184         160.2578
              1       1498.5035     0.023750657        70.27607       3.0230238      0.98458687       7.9909138      0.74796839      0.28159841     0.093358174      0.98894955      0.99157846       1.0013125      0.99042774      0.99292414      0.12805579   2.0553347e-09      0.95190934      0.81715636      0.24638236       0.7405414       22.424599       1097.2494       1461.3427       15.138245       -10.364598          25.502844       2966.7306                 20.406125                 396.56045                                 649.6693                       30.61351                   22.424599                  1461.3427       225.43576        160.27811
              1         1499.11     0.023750657        70.27607       3.0230238      0.98458687       7.9909138      0.74796839      0.28159841     0.093358174      0.98875881      0.99157832       1.0013846      0.99177361      0.99540122      0.12805579   2.0553347e-09      0.95190934      0.81715636      0.24638236       0.7405414       22.424599       1096.5499       1461.3427       14.610833        -10.89201          25.502844       2968.9983                 20.415779                 396.56045                                649.27074                      30.302937                   22.424599                  1461.3427       225.44846        163.23257
              2       1499.9678     0.023750657        70.27607       3.0230238      0.98458687       7.9909138      0.74796839      0.28159841     0.093358174      0.98875881      0.99237572       1.0028238      0.99177825      0.99567502      0.12805579   2.0553347e-09      0.95190934      0.81715636      0.24638236       0.7405414       22.424599       1096.5499       1461.3427       13.874992       -11.627851          25.502844       2972.1857                 20.415779                 396.56045                                649.27074                      30.302937                   22.424599                  1461.3427       228.39433        163.47415
              1       1500.0615     0.023750657        70.27607       3.0230238      0.98458687       7.9909138      0.74796839      0.28159841     0.093358174      0.98962151      0.99237635       1.0024981      0.99216153      0.99092906      0.12805579   2.0553347e-09      0.95190934      0.81715636      0.24638236       0.7405414       22.424599       1100.7053       1461.3427       12.831145       -12.671699          25.502844       2974.4608                 20.373084                  396.5546                                652.05407                      31.723506                   22.424599                  1461.3427       228.14769         161.8405
              1       1500.0011     0.023750657        70.27607       3.0230238      0.98458687       7.9909138      0.74796839      0.28159841     0.093358174      0.98792237      0.99160214      0.99877515      0.99227013      0.99075623      0.12805579   2.0553347e-09      0.95190934      0.81715636      0.24638236       0.7405414       22.424599       1094.9666       1461.3427       16.560766       -8.9420777          25.502844       2966.8807                 20.459506                 396.55863                                648.98385                      28.964624                   22.424599                  1461.3427       226.15277        161.99399
              1       1499.0198     0.023750657        70.27607       3.0230238      0.98458687       7.9909138      0.74796839      0.28159841     0.093358174      0.98854962       0.9916026      0.99853833      0.99072517      0.99135174      0.12805579   2.0553347e-09      0.95190934      0.81715636      0.24638236       0.7405414       22.424599       1095.9249       1461.3427        15.93048       -9.5723632          25.502844       2966.1786                 20.426508                 396.55822                                648.97559                      29.964606                   22.424599                  1461.3427       226.32886         160.1575
              1       1499.3878     0.023750657        70.27607       3.0230238      0.98458687       7.9909138      0.74796839      0.28159841     0.093358174      0.98818803      0.99160233      0.99867485      0.99182612      0.99180642      0.12805579   2.0553347e-09      0.95190934      0.81715636      0.24638236       0.7405414       22.424599       1095.2001       1461.3427       16.054753       -9.4480904          25.502844       2966.6661                 20.445381                 396.55271                                648.81653                        29.3855                   22.424599                  1461.3427       226.22498        161.47368
              1       1499.4243     0.023750657        70.27607       3.0230238      0.98458687       7.9909138      0.74796839      0.28159841     0.093358174      0.98818803       0.9915908      0.99891424      0.98878229      0.99245397      0.12805579   2.0553347e-09      0.95190934      0.81715636      0.24638236       0.7405414       22.424599       1095.2001       1461.3427       17.433003       -8.0698407          25.502844       2963.9827                 20.445381                 396.55271                                648.81653                        29.3855                   22.424599                  1461.3427       226.03812        158.97713
              1       1500.9792     0.023750657        70.27607       3.0230238      0.98458687       7.9909138      0.74796839      0.28159841     0.093358174      0.98803488      0.99159069      0.99897206      0.98686502      0.98932862      0.12805579   2.0553347e-09      0.95190934      0.81715636      0.24638236       0.7405414       22.424599       1095.0381       1461.3427       19.421046       -6.0817973          25.502844       2963.1164                 20.453496                 396.55863                                648.88356                      29.142394                   22.424599                  1461.3427       226.00075        158.31024
              1       1499.9946     0.023750657        70.27607       3.0230238      0.98458687       7.9909138      0.74796839      0.28159841     0.093358174      0.98844573      0.98986185        1.001106       0.9919302      0.98905741      0.12805579   2.0553347e-09      0.95190934      0.81715636      0.24638236       0.7405414       22.424599       1095.6719       1461.3427       17.821067       -7.6817765          25.502844       2964.3471                 20.431888                 396.55822                                 648.8843                      29.797481                   22.424599                  1461.3427       223.06026        161.84766
              1       1499.6744     0.023750657        70.27607       3.0230238      0.98458687       7.9909138      0.74796839      0.28159841     0.093358174      0.98844573      0.99273088       1.0002187       0.9918461      0.98972765      0.12805579   2.0553347e-09      0.95190934      0.81715636      0.24638236       0.7405414       22.424599       1095.6719       1461.3427       14.945832       -10.557012          25.502844       2969.4571                 20.431888                 396.55822                                 648.8843                      29.797481                   22.424599                  1461.3427       228.47255        161.54532
              3        1498.877     0.023750657        70.27607       3.0230238      0.98458687       7.9909138      0.74796839      0.28159841     0.093358174      0.98844573      0.99229832       1.0009338      0.99025125      0.99285682      0.12805579   2.0553347e-09      0.95190934      0.81715636      0.24638236       0.7405414       22.424599       1095.6719       1461.3427       15.498181       -10.004663          25.502844       2966.7577                 20.431888                 396.55822                                 648.8843                      29.797481                   22.424599                  1461.3427       227.22141        160.09708
              1       1499.2248     0.023750657        70.27607       3.0230238      0.98458687       7.9909138      0.74796839      0.28159841     0.093358174      0.98844573      0.99229832       1.0009338      0.99210996      0.99410385      0.12805579   2.0553347e-09      0.95190934      0.81715636      0.24638236       0.7405414       22.424599       1095.6719       1461.3427       14.531228       -10.971615          25.502844       2969.3872                 20.431888                 396.55822                                 648.8843                      29.797481                   22.424599                  1461.3427       227.22141        162.72658
              1       1500.8276     0.023750657        70.27607       3.0230238      0.98458687       7.9909138      0.74796839      0.28159841     0.093358174      0.98998719      0.99229944       1.0003519      0.98854384        0.989164      0.12805579   2.0553347e-09      0.95190934      0.81715636      0.24638236       0.7405414       22.424599       1103.2307       1461.3427       14.363687       -11.139157          25.502844       2972.9279                 20.355736                 396.54569                                653.99135                      32.337911                   22.424599                  1461.3427       227.18417        158.74571
              2       1500.7395     0.023750657        70.27607       3.0230238      0.98458687       7.9909138      0.74796839      0.28159841     0.093358174      0.98998719      0.99229944       1.0003519      0.98869538      0.98927989      0.12805579   2.0553347e-09      0.95190934      0.81715636      0.24638236       0.7405414       22.424599       1103.2307       1461.3427       14.254507       -11.248336          25.502844         2972.97                 20.355736                 396.54569                                653.99135                      32.337911                   22.424599                  1461.3427       227.18417        158.78786
              1       1504.4877     0.023750657        70.27607       3.0230238      0.98458687       7.9909138      0.74796839      0.28159841     0.093358174      0.98704021      0.99098492       1.0065162      0.98909276      0.98964246      0.12805579   2.0553347e-09      0.95190934      0.81715636      0.24638236       0.7405414       22.424599       1095.9436       1461.3427       20.600014       -4.9028298          25.502844       2967.7754                 20.507962                 396.56628                                651.27423                      27.595152                   22.424599                  1461.3427       229.13928         158.9252
              1       1503.0748     0.023750657        70.27607       3.0230238      0.98458687       7.9909138      0.74796839      0.28159841     0.093358174      0.98704021      0.98983388       1.0015544      0.99197861      0.98861308      0.12805579   2.0553347e-09      0.95190934      0.81715636      0.24638236       0.7405414       22.424599       1095.9436       1461.3427       20.683557       -4.8192867          25.502844       2964.7825                 20.507962                 396.56628                                651.27423                      27.595152                   22.424599                  1461.3427       222.98396        162.08759
              1       1503.0001     0.023750657        70.27607       3.0230238      0.98458687       7.9909138      0.74796839      0.28159841     0.093358174      0.98704021      0.98992493       1.0013734       0.9919734      0.98862641      0.12805579   2.0553347e-09      0.95190934      0.81715636      0.24638236       0.7405414       22.424599       1095.9436       1461.3427        20.58037       -4.9224734          25.502844       2964.8395                 20.507962                 396.56628                                651.27423                      27.595152                   22.424599                  1461.3427       223.05388        162.07468
              1        1503.064     0.023750657        70.27607       3.0230238      0.98458687       7.9909138      0.74796839      0.28159841     0.093358174      0.98704021      0.99032574       1.0037101      0.99200254      0.98884779      0.12805579   2.0553347e-09      0.95190934      0.81715636      0.24638236       0.7405414       22.424599       1095.9436       1461.3427       20.081847       -5.4209968          25.502844       2965.9642                 20.507962                 396.56628                                651.27423                      27.595152                   22.424599                  1461.3427       224.22986        162.02341
              1       1500.8722     0.023750657        70.27607       3.0230238      0.98458687       7.9909138      0.74796839      0.28159841     0.093358174      0.98809863      0.99211159       0.9972797        0.991758      0.98882667      0.12805579   2.0553347e-09      0.95190934      0.81715636      0.24638236       0.7405414       22.424599       1095.0981       1461.3427       16.337256       -9.1655877          25.502844       2969.0698                 20.450109                 396.55863                                648.84593                      29.243426                   22.424599                  1461.3427       228.49989         161.7045
              1       1501.4196     0.023750657        70.27607       3.0230238      0.98458687       7.9909138      0.74796839      0.28159841     0.093358174      0.98855164      0.99189488       1.0043454      0.99474254      0.99117795      0.12805579   2.0553347e-09      0.95190934      0.81715636      0.24638236       0.7405414       22.424599       1095.9302       1461.3427       14.239578       -11.263265          25.502844         2974.36                 20.426404                 396.55822                                648.97773                      29.967866                   22.424599                  1461.3427       228.42404        166.23846
              1       1499.5667     0.023750657        70.27607       3.0230238      0.98458687       7.9909138      0.74796839      0.28159841     0.093358174      0.98855164      0.99221737       1.0029968      0.98915597      0.99067971      0.12805579   2.0553347e-09      0.95190934      0.81715636      0.24638236       0.7405414       22.424599       1095.9302       1461.3427        16.27139        -9.231454          25.502844       2966.5906                 20.426404                 396.55822                                648.97773                      29.967866                   22.424599                  1461.3427       228.02638        158.86667
              1       1501.7438     0.023750657        70.27607       3.0230238      0.98458687       7.9909138      0.74796839      0.28159841     0.093358174      0.98855164       0.9884087       1.0046716      0.98927587      0.98981575      0.12805579   2.0553347e-09      0.95190934      0.81715636      0.24638236       0.7405414       22.424599       1095.9302       1461.3427       20.466053       -5.0367907          25.502844       2962.5554                 20.426404                 396.55822                                648.97773                      29.967866                   22.424599                  1461.3427       223.84947        159.00841
              1       1501.1605     0.023750657        70.27607       3.0230238      0.98458687       7.9909138      0.74796839      0.28159841     0.093358174      0.98993475      0.98971498       1.0038112      0.99289603      0.99166027      0.12805579   2.0553347e-09      0.95190934      0.81715636      0.24638236       0.7405414       22.424599       1102.8392       1461.3427       14.574074       -10.928769          25.502844       2973.1729                 20.358195                 396.54569                                653.68593                      32.249356                   22.424599                  1461.3427       223.60124        162.96515
              1       1500.1415     0.023750657        70.27607       3.0230238      0.98458687       7.9909138      0.74796839      0.28159841     0.093358174      0.98954245      0.98971469       1.0039593      0.99172827      0.99232075      0.12805579   2.0553347e-09      0.95190934      0.81715636      0.24638236       0.7405414       22.424599       1100.2175       1461.3427       15.563707       -9.9391371          25.502844       2969.1556                 20.376894                  396.5546                                651.69438                       31.59163                   22.424599                  1461.3427       223.70563        161.46509
              1       1499.9375     0.023750657        70.27607       3.0230238      0.98458687       7.9909138      0.74796839      0.28159841     0.093358174      0.98954245      0.99036742       1.0042453      0.99171724      0.99249856      0.12805579   2.0553347e-09      0.95190934      0.81715636      0.24638236       0.7405414       22.424599       1100.2175       1461.3427        14.82042       -10.682424          25.502844       2970.2342                 20.376894                  396.5546                                651.69438                       31.59163                   22.424599                  1461.3427       224.74672        161.50269
              1       1500.0987     0.023750657        70.27607       3.0230238      0.98458687       7.9909138      0.74796839      0.28159841     0.093358174      0.98821493      0.99036646       1.0047465      0.99184414      0.99269134      0.12805579   2.0553347e-09      0.95190934      0.81715636      0.24638236       0.7405414       22.424599        1095.238       1461.3427         17.1049        -8.397944          25.502844       2965.9876                 20.443963                 396.55271                                648.81302                      29.428341                   22.424599                  1461.3427       225.25858        161.72362
              1       1499.2927     0.023750657        70.27607       3.0230238      0.98458687       7.9909138      0.74796839      0.28159841     0.093358174      0.98888234      0.99096792       1.0040441      0.99143111      0.99148488      0.12805579   2.0553347e-09      0.95190934      0.81715636      0.24638236       0.7405414       22.424599       1096.9886       1461.3427       15.610292       -9.8925517          25.502844       2967.3648                 20.409513                 396.56045                                649.51478                      30.503845                   22.424599                  1461.3427       225.66756        160.94138
              1       1499.5429     0.023750657        70.27607       3.0230238      0.98458687       7.9909138      0.74796839      0.28159841     0.093358174      0.98941163       0.9909683       1.0038443      0.99106891      0.99380607      0.12805579   2.0553347e-09      0.95190934      0.81715636      0.24638236       0.7405414       22.424599       1099.4634       1461.3427       14.525025       -10.977819          25.502844       2970.0358                 20.383242                 396.56053                                651.14546                      31.374151                   22.424599                  1461.3427        225.4794        161.32567
              1       1500.3501     0.023750657        70.27607       3.0230238      0.98458687       7.9909138      0.74796839      0.28159841     0.093358174      0.98941163      0.98949319       1.0007858      0.99061655      0.98916444      0.12805579   2.0553347e-09      0.95190934      0.81715636      0.24638236       0.7405414       22.424599       1099.4634       1461.3427       17.079468       -8.4233753          25.502844       2966.5413                 20.383242                 396.56053                                651.14546                      31.374151                   22.424599                  1461.3427       223.04382        160.26682
              2       1500.5752     0.023750657        70.27607       3.0230238      0.98458687       7.9909138      0.74796839      0.28159841     0.093358174      0.98941163      0.98957318       1.0025809      0.98885381      0.99569013      0.12805579   2.0553347e-09      0.95190934      0.81715636      0.24638236       0.7405414       22.424599       1099.4634       1461.3427       16.948983       -8.5538606          25.502844       2967.2525                 20.383242                 396.56053                                651.14546                      31.374151                   22.424599                  1461.3427       222.93729        161.08453
              1        1497.961     0.023733907       70.212948       3.0240833      0.98521362       8.0137011       0.7475089      0.28216232     0.096458147      0.98959787      0.99232566       1.0038773      0.99256541      0.99651953       0.1324255   2.0575136e-09      0.95185681      0.81658322      0.24681154      0.74066625       22.381789       1096.8583       1461.3363        11.48981       -13.406113          24.895924       2972.9424                 20.354214                 396.59454                                648.65482                      31.254679                   22.381789                  1461.3363       227.91353        164.45253
              1        1496.909     0.023733907       70.212948       3.0240833      0.98521362       8.0137011       0.7475089      0.28216232     0.096458147      0.98959787      0.99105246       1.0040784      0.99186075      0.99373977       0.1324255   2.0575136e-09      0.95185681      0.81658322      0.24681154      0.74066625       22.381789       1096.8583       1461.3363       13.193852       -11.702072          24.895924       2967.4303                 20.354214                 396.59454                                648.65482                      31.254679                   22.381789                  1461.3363       225.16229        161.69162
              1       1496.9396     0.023733907       70.212948       3.0240833      0.98521362       8.0137011       0.7475089      0.28216232     0.096458147      0.98964746       0.9910525       1.0040597      0.99185601      0.99373257       0.1324255   2.0575136e-09      0.95185681      0.81658322      0.24681154      0.74066625       22.381789       1097.1039       1461.3363       13.114256       -11.781668          24.895924       2967.6508                 20.351946                 396.59462                                648.82056                      31.336792                   22.381789                  1461.3363       225.14561        161.68312
              1       1497.4808     0.023733907       70.212948       3.0240833      0.98521362       8.0137011       0.7475089      0.28216232     0.096458147      0.98964746       0.9910525       1.0040597      0.98896603      0.99499418       0.1324255   2.0575136e-09      0.95185681      0.81658322      0.24681154      0.74066625       22.381789       1097.1039       1461.3363       14.354305       -10.541619          24.895924       2966.2529                 20.351946                 396.59462                                648.82056                      31.336792                   22.381789                  1461.3363       225.14561        160.28528
              1       1498.1222     0.023733907       70.212948       3.0240833      0.98521362       8.0137011       0.7475089      0.28216232     0.096458147      0.98964746       0.9910525       1.0040597      0.98939888      0.99708806       0.1324255   2.0575136e-09      0.95185681      0.81658322      0.24681154      0.74066625       22.381789       1097.1039       1461.3363       13.965206       -10.930718          24.895924       2968.3139                 20.351946                 396.59462                                648.82056                      31.336792                   22.381789                  1461.3363       225.14561        162.34627
              1       1498.4811     0.023733741       70.235371       3.0242036      0.98487254       8.0199118      0.74793078      0.28200961      0.09767666      0.98964542      0.99224279      0.99860528      0.98924064      0.99714533      0.13548732   2.0577611e-09      0.95188789      0.81481212       0.2464146      0.73846527       22.961436        1097.164        1461.254       12.938666        -11.95126          24.889926       2971.0849                 20.369751                 396.61945                                 648.2911                      31.883713                   22.961436                   1461.254        227.6158        162.08963
              2       1498.0897     0.023733741       70.235371       3.0242036      0.98487254       8.0199118      0.74793078      0.28200961      0.09767666      0.98964542      0.99224279      0.99860528      0.98949023      0.99645019      0.13548732   2.0577611e-09      0.95188789      0.81481212       0.2464146      0.73846527       22.961436        1097.164        1461.254        12.84912       -12.040806          24.889926       2970.4812                 20.369751                 396.61945                                 648.2911                      31.883713                   22.961436                   1461.254        227.6158        161.48592
              1       1498.7419     0.023733741       70.235371       3.0242036      0.98487254       8.0199118      0.74793078      0.28200961      0.09767666      0.99018766      0.99224318      0.99840056       0.9894384      0.99637145      0.13548732   2.0577611e-09      0.95188789      0.81481212       0.2464146      0.73846527       22.961436        1100.083        1461.254       12.006389       -12.883537          24.889926       2973.4709                  20.34427                 396.61059                                650.32641                      32.801682                   22.961436                   1461.254       227.78633        161.38618
              1       1499.8629     0.023733741       70.235371       3.0242036      0.98487254       8.0199118      0.74793078      0.28200961      0.09767666      0.99018766        0.993528      0.99740934      0.98939087      0.99664077      0.13548732   2.0577611e-09      0.95188789      0.81481212       0.2464146      0.73846527       22.961436        1100.083        1461.254       10.997902       -13.892024          24.889926         2977.73                  20.34427                 396.61059                                650.32641                      32.801682                   22.961436                   1461.254       231.80501        161.62657
              1       1498.2701     0.023733741       70.235371       3.0242036      0.98487254       8.0199118      0.74793078      0.28200961      0.09767666      0.99018766      0.99081038       1.0009034      0.98951462      0.99614367      0.13548732   2.0577611e-09      0.95188789      0.81481212       0.2464146      0.73846527       22.961436        1100.083        1461.254       13.331668       -11.558258          24.889926       2969.8769                  20.34427                 396.61059                                650.32641                      32.801682                   22.961436                   1461.254       224.36717        161.21133
              1       1497.5215     0.023733741       70.235371       3.0242036      0.98487254       8.0199118      0.74793078      0.28200961      0.09767666      0.98927999      0.99258454      0.99950951        0.990036      0.99600359      0.13548732   2.0577611e-09      0.95188789      0.81481212       0.2464146      0.73846527       22.961436       1095.7757        1461.254       12.931893       -11.958033          24.889926       2969.1792                 20.387485                 396.63433                                 647.4798                       31.27413                   22.961436                   1461.254       227.80933        161.37865
              1       1497.3675     0.023733741       70.235371       3.0242036      0.98487254       8.0199118      0.74793078      0.28200961      0.09767666      0.98927999      0.99258454      0.99950951      0.99325739      0.99313296      0.13548732   2.0577611e-09      0.95188789      0.81481212       0.2464146      0.73846527       22.961436       1095.7757        1461.254       11.892133       -12.997793          24.889926       2970.9508                 20.387485                 396.63433                                 647.4798                       31.27413                   22.961436                   1461.254       227.80933        163.15022
              1       1497.5228     0.023733741       70.235371       3.0242036      0.98487254       8.0199118      0.74793078      0.28200961      0.09767666      0.98927999      0.99258454      0.99950951        0.993602      0.99312928      0.13548732   2.0577611e-09      0.95188789      0.81481212       0.2464146      0.73846527       22.961436       1095.7757        1461.254       11.780298       -13.109628          24.889926        2971.485                 20.387485                 396.63433                                 647.4798                       31.27413                   22.961436                   1461.254       227.80933        163.68446
              1       1499.5793     0.023733741       70.235371       3.0242036      0.98487254       8.0199118      0.74793078      0.28200961      0.09767666      0.98922087      0.99258449      0.99953183       0.9961713      0.99523332      0.13548732   2.0577611e-09      0.95188789      0.81481212       0.2464146      0.73846527       22.961436        1095.592        1461.254       10.998712       -13.891214          24.889926       2977.1612                 20.390397                 396.63433                                647.39107                      31.176193                   22.961436                   1461.254       227.79997        169.55377
              2       1497.2019     0.023733741       70.235371       3.0242036      0.98487254       8.0199118      0.74793078      0.28200961      0.09767666      0.98922087      0.99258449      0.99953183      0.99017792      0.99501882      0.13548732   2.0577611e-09      0.95188789      0.81481212       0.2464146      0.73846527       22.961436        1095.592        1461.254       13.047605       -11.842321          24.889926       2968.3086                 20.390397                 396.63433                                647.39107                      31.176193                   22.961436                   1461.254       227.79997         160.7012
              1       1499.0105     0.023733741       70.235371       3.0242036      0.98487254       8.0199118      0.74793078      0.28200961      0.09767666      0.98922087      0.99181901      0.99619474      0.98958505      0.99468403      0.13548732   2.0577611e-09      0.95188789      0.81481212       0.2464146      0.73846527       22.961436        1095.592        1461.254        14.04106       -10.848866          24.889926       2969.9388                 20.390397                 396.63433                                647.39107                      31.176193                   22.961436                   1461.254       230.01311        160.11823
              1       1498.3039     0.023768847       69.908371       3.0243334      0.98245312       7.9028063      0.74499901       0.2820953      0.10224753      0.98998041      0.99291303      0.99758565      0.99011869      0.99674924      0.12077272   2.0580281e-09      0.95136491      0.81823742      0.24920469       0.7457561       19.621282       1103.6065          1462.1       12.692496       -13.476624          26.169121       2971.2229                 20.555765                 396.39101                                659.13846                      27.521282                   19.621282                     1462.1        226.5433        159.35181
              1       1498.3728     0.023768847       69.908371       3.0243334      0.98245312       7.9028063      0.74499901       0.2820953      0.10224753      0.98998041      0.99293283      0.99745063      0.99011596      0.99674717      0.12077272   2.0580281e-09      0.95136491      0.81823742      0.24920469       0.7457561       19.621282       1103.6065          1462.1       12.678394       -13.490727          26.169121       2971.3887                 20.555765                 396.39101                                659.13846                      27.521282                   19.621282                     1462.1       226.71263        159.34834
              1       1498.3996     0.023768847       69.908371       3.0243334      0.98245312       7.9028063      0.74499901       0.2820953      0.10224753      0.98998041      0.99233538      0.99977652      0.99509732      0.99055723      0.12077272   2.0580281e-09      0.95136491      0.81823742      0.24920469       0.7457561       19.621282       1103.6065          1462.1       12.083976       -14.085145          26.169121       2972.6312                 20.555765                 396.39101                                659.13846                      27.521282                   19.621282                     1462.1        224.1068        163.19666
              1       1497.7264     0.023768847       69.908371       3.0243334      0.98245312       7.9028063      0.74499901       0.2820953      0.10224753      0.98998041       0.9923327       0.9998016      0.99469805      0.99304883      0.12077272   2.0580281e-09      0.95136491      0.81823742      0.24920469       0.7457561       19.621282       1103.6065          1462.1       11.800883       -14.368238          26.169121       2971.8509                 20.555765                 396.39101                                659.13846                      27.521282                   19.621282                     1462.1       224.09483        162.42834
              2        1492.687     0.023729302       69.859993        3.025787      0.98326463       7.9474252      0.74267582      0.27867891      0.10149632      0.99126894      0.99240509      0.99939446      0.98863286      0.99053397      0.11761191   2.0610218e-09      0.95137855      0.82405616       0.2514827      0.75448435       18.731692        1101.951       1462.0129       11.265711       -13.464444          24.730155       2962.8425                 20.437653                 396.47999                                656.91079                      28.122533                   18.731692                  1462.0129       220.79262        159.35435
              1       1492.9056     0.023729302       69.859993        3.025787      0.98326463       7.9474252      0.74267582      0.27867891      0.10149632      0.99126894      0.99260912       1.0023244      0.98867661      0.99073702      0.11761191   2.0610218e-09      0.95137855      0.82405616       0.2514827      0.75448435       18.731692        1101.951       1462.0129       11.035245        -13.69491          24.730155       2963.7407                 20.437653                 396.47999                                656.91079                      28.122533                   18.731692                  1462.0129       221.69702        159.34814
              1       1489.8801     0.023729302       69.859993        3.025787      0.98326463       7.9474252      0.74267582      0.27867891      0.10149632      0.99039216      0.99218517       1.0008691      0.98874097      0.99066592      0.11761191   2.0610218e-09      0.95137855      0.82405616       0.2514827      0.75448435       18.731692        1094.202       1462.0129        12.65618       -12.073975          24.730155       2954.4479                 20.483621                 396.47515                                650.43622                      26.806999                   18.731692                  1462.0129       220.13206        159.36923
              1       1489.9686     0.023729302       69.859993        3.025787      0.98326463       7.9474252      0.74267582      0.27867891      0.10149632      0.99039216      0.99168196       1.0000485       0.9887395      0.99049768      0.11761191   2.0610218e-09      0.95137855      0.82405616       0.2514827      0.75448435       18.731692        1094.202       1462.0129       13.137998       -11.592157          24.730155       2953.6611                 20.483621                 396.47515                                650.43622                      26.806999                   18.731692                  1462.0129       219.32999        159.38454
              1       1489.9602     0.023729302       69.859993        3.025787      0.98326463       7.9474252      0.74267582      0.27867891      0.10149632      0.99039216      0.99168196       1.0000485      0.99402852      0.99188008      0.11761191   2.0610218e-09      0.95137855      0.82405616       0.2514827      0.75448435       18.731692        1094.202       1462.0129       10.647129       -14.083026          24.730155       2958.6262                 20.483621                 396.47515                                650.43622                      26.806999                   18.731692                  1462.0129       219.32999        164.34959
              1       1489.3094     0.023729302       69.859993        3.025787      0.98326463       7.9474252      0.74267582      0.27867891      0.10149632      0.98817664      0.99168035        1.000885      0.98974042      0.99410863      0.11761191   2.0610218e-09      0.95137855      0.82405616       0.2514827      0.75448435       18.731692       1086.3543       1462.0129       15.877921       -8.8522344          24.730155        2946.863                 20.611173                 396.46139                                 645.6105                      23.671196                   18.731692                  1462.0129       219.21169        160.55249
              1       1488.6339     0.023699168       69.855832       3.0258857      0.98593634       8.1185364      0.74310324      0.28040894     0.095734565      0.98794485      0.99141969       1.0000741      0.99221614      0.99424345      0.11987371   2.0612254e-09      0.95143451      0.82471808      0.25103922      0.75442431        18.34353       1089.3012       1462.4137       14.370107        -9.287484          23.657591       2948.5276                 20.374273                 396.90051                                646.83787                      25.188545                    18.34353                  1462.4137       216.57883        161.89035
              1       1489.5888     0.023699168       69.855832       3.0258857      0.98593634       8.1185364      0.74310324      0.28040894     0.095734565      0.98794485      0.99094729       1.0009759      0.98796885      0.99499846      0.11987371   2.0612254e-09      0.95143451      0.82471808      0.25103922      0.75442431        18.34353       1089.3012       1462.4137       16.843334       -6.8142569          23.657591        2945.491                 20.374273                 396.90051                                646.83787                      25.188545                    18.34353                  1462.4137       215.85406        159.57848
              1       1490.8757     0.023699168       69.855832       3.0258857      0.98593634       8.1185364      0.74310324      0.28040894     0.095734565      0.98846835      0.99069801      0.99693187      0.98786093      0.99466041      0.11987371   2.0612254e-09      0.95143451      0.82471808      0.25103922      0.75442431        18.34353       1091.1253       1462.4137       16.207479       -7.4501119          23.657591       2949.3365                 20.351075                 396.88721                                647.94867                      25.938356                    18.34353                  1462.4137       218.16412        159.28979
              1       1491.0639     0.023699168       69.855832       3.0258857      0.98593634       8.1185364      0.74310324      0.28040894     0.095734565      0.98867354      0.99069816       0.9968544      0.99445461      0.99330543      0.11987371   2.0612254e-09      0.95143451      0.82471808      0.25103922      0.75442431        18.34353       1092.1034       1462.4137       13.094369       -10.563222          23.657591       2955.9391                  20.34223                 396.88721                                648.63755                      26.236399                    18.34353                  1462.4137        218.2702        164.80824
              1       1490.0323     0.023699168       69.855832       3.0258857      0.98593634       8.1185364      0.74310324      0.28040894     0.095734565      0.98867354      0.99069816       0.9968544      0.99199166      0.99330537      0.11987371   2.0612254e-09      0.95143451      0.82471808      0.25103922      0.75442431        18.34353       1092.1034       1462.4137       13.922304       -9.7352872          23.657591       2952.2201                  20.34223                 396.88721                                648.63755                      26.236399                    18.34353                  1462.4137        218.2702        161.08923
              1       1491.7779     0.023699168       69.855832       3.0258857      0.98593634       8.1185364      0.74310324      0.28040894     0.095734565      0.98867354      0.99012517        0.998095      0.99084594      0.98611265      0.11987371   2.0612254e-09      0.95143451      0.82471808      0.25103922      0.75442431        18.34353       1092.1034       1462.4137        16.42092       -7.2366712          23.657591        2950.714                  20.34223                 396.88721                                648.63755                      26.236399                    18.34353                  1462.4137       216.65723        161.19615
              1       1489.9759     0.023699168       69.855832       3.0258857      0.98593634       8.1185364      0.74310324      0.28040894     0.095734565      0.98867354      0.99012517        0.998095      0.99123337      0.98992441      0.11987371   2.0612254e-09      0.95143451      0.82471808      0.25103922      0.75442431        18.34353       1092.1034       1462.4137       15.384618        -8.272973          23.657591       2949.1826                  20.34223                 396.88721                                648.63755                      26.236399                    18.34353                  1462.4137       216.65723         159.6647
              1       1490.2163     0.023699168       69.855832       3.0258857      0.98593634       8.1185364      0.74310324      0.28040894     0.095734565      0.98867354      0.99012517        0.998095      0.99091372      0.99538695      0.11987371   2.0612254e-09      0.95143451      0.82471808      0.25103922      0.75442431        18.34353       1092.1034       1462.4137       14.767091       -8.8905005          23.657591       2950.8985                  20.34223                 396.88721                                648.63755                      26.236399                    18.34353                  1462.4137       216.65723        161.38062
              1       1491.0334     0.023699168       69.855832       3.0258857      0.98593634       8.1185364      0.74310324      0.28040894     0.095734565      0.98867354      0.99185071      0.99525216      0.99294072      0.99045966      0.11987371   2.0612254e-09      0.95143451      0.82471808      0.25103922      0.75442431        18.34353       1092.1034       1462.4137       12.887291         -10.7703          23.657591       2956.2922                  20.34223                 396.88721                                648.63755                      26.236399                    18.34353                  1462.4137       221.65746        161.77409
              1       1490.2879     0.023699168       69.855832       3.0258857      0.98593634       8.1185364      0.74310324      0.28040894     0.095734565      0.98867354      0.99385668      0.99729634      0.99235979       0.9935154      0.11987371   2.0612254e-09      0.95143451      0.82471808      0.25103922      0.75442431        18.34353       1092.1034       1462.4137       11.043029       -12.614562          23.657591       2958.4898                  20.34223                 396.88721                                648.63755                      26.236399                    18.34353                  1462.4137       223.97934        161.64981
              1       1491.1935     0.023699168       69.855832       3.0258857      0.98593634       8.1185364      0.74310324      0.28040894     0.095734565      0.98921676      0.99379479      0.99742835      0.98924232      0.98945101      0.11987371   2.0612254e-09      0.95143451      0.82471808      0.25103922      0.75442431        18.34353       1095.3855       1462.4137       12.202077       -11.455514          23.657591       2957.9828                 20.319426                 396.88153                                651.14785                       27.03666                    18.34353                  1462.4137       223.67931        158.16077
              1       1492.3683     0.023696167       69.841964       3.0259971      0.98610215       8.1153641      0.74278552      0.28028529     0.095683211      0.98922562      0.99133815       1.0031792      0.98755494      0.98596659      0.11936174   2.0614549e-09      0.95142137      0.82548559      0.25134376      0.75558429       18.175805       1094.9965       1462.4307       15.891504       -7.6604021          23.551906       2952.9536                 20.314104                 396.87004                                651.01671                      26.795646                   18.175805                  1462.4307       217.46512        159.88557
              1       1490.3609     0.023696167       69.841964       3.0259971      0.98610215       8.1153641      0.74278552      0.28028529     0.095683211      0.98922562      0.99133815       1.0031792      0.98803007      0.99451103      0.11936174   2.0614549e-09      0.95142137      0.82548559      0.25134376      0.75558429       18.175805       1094.9965       1462.4307       14.025764       -9.5261426          23.551906       2952.6702                 20.314104                 396.87004                                651.01671                      26.795646                   18.175805                  1462.4307       217.46512        159.60217
              1        1489.515     0.023696167       69.841964       3.0259971      0.98610215       8.1153641      0.74278552      0.28028529     0.095683211      0.98922562      0.99074317       1.0014814      0.99177795      0.98922405      0.11936174   2.0614549e-09      0.95142137      0.82548559      0.25134376      0.75558429       18.175805       1094.9965       1462.4307       13.554652       -9.9972548          23.551906       2951.9207                 20.314104                 396.87004                                651.01671                      26.795646                   18.175805                  1462.4307       215.53049        160.78723
              1       1489.2677     0.023696167       69.841964       3.0259971      0.98610215       8.1153641      0.74278552      0.28028529     0.095683211      0.98853337      0.99074267       1.0017427      0.98737585      0.99132081      0.11936174   2.0614549e-09      0.95142137      0.82548559      0.25134376      0.75558429       18.175805       1090.8955       1462.4307        16.67694       -6.8749661          23.551906       2945.1816                 20.342805                 396.87562                                647.89093                      25.786169                   18.175805                  1462.4307       215.60161        158.07797
              3        1488.139     0.023696167       69.841964       3.0259971      0.98610215       8.1153641      0.74278552      0.28028529     0.095683211      0.98850208      0.99074265       1.0017546      0.99088031      0.99152953      0.11936174   2.0614549e-09      0.95142137      0.82548559      0.25134376      0.75558429       18.175805       1090.7488       1462.4307       14.810692       -8.7412147          23.551906       2946.6567                 20.344137                 396.87562                                 647.7879                      25.741176                   18.175805                  1462.4307       215.60538          159.696
              1       1488.6087     0.023696167       69.841964       3.0259971      0.98610215       8.1153641      0.74278552      0.28028529     0.095683211      0.98753783      0.99074195       1.0021186      0.99097248      0.99166956      0.11936174   2.0614549e-09      0.95142137      0.82548559      0.25134376      0.75558429       18.175805       1087.8696       1462.4307       16.595955       -6.9559514          23.551906       2944.0256                 20.386724                 396.86008                                 646.2418                      24.380995                   18.175805                  1462.4307       215.74443        159.80507
              1       1490.1916     0.023696167       69.841964       3.0259971      0.98610215       8.1153641      0.74278552      0.28028529     0.095683211      0.98753783      0.99074195       1.0021186      0.98668664      0.99181613      0.11936174   2.0614549e-09      0.95142137      0.82548559      0.25134376      0.75558429       18.175805       1087.8696       1462.4307       18.947785        -4.604121          23.551906       2942.4876                 20.386724                 396.86008                                 646.2418                      24.380995                   18.175805                  1462.4307       215.74443        158.26707
              1        1491.303     0.023696167       69.841964       3.0259971      0.98610215       8.1153641      0.74278552      0.28028529     0.095683211      0.98753783      0.99074195       1.0021186       0.9858789      0.98911678      0.11936174   2.0614549e-09      0.95142137      0.82548559      0.25134376      0.75558429       18.175805       1087.8696       1462.4307        19.98429       -3.5676161          23.551906       2942.6374                 20.386724                 396.86008                                 646.2418                      24.380995                   18.175805                  1462.4307       215.74443        158.41696
              1       1489.7006     0.023696167       69.841964       3.0259971      0.98610215       8.1153641      0.74278552      0.28028529     0.095683211      0.98753783      0.99074195       1.0021186      0.98752251      0.99077598      0.11936174   2.0614549e-09      0.95142137      0.82548559      0.25134376      0.75558429       18.175805       1087.8696       1462.4307       18.584417       -4.9674897          23.551906       2942.2324                 20.386724                 396.86008                                 646.2418                      24.380995                   18.175805                  1462.4307       215.74443        158.01196
              1       1489.3522     0.023696167       69.841964       3.0259971      0.98610215       8.1153641      0.74278552      0.28028529     0.095683211      0.98753783      0.99155927        1.000732      0.98747971      0.99090805      0.11936174   2.0614549e-09      0.95142137      0.82548559      0.25134376      0.75558429       18.175805       1087.8696       1462.4307        17.78442       -5.7674867          23.551906       2943.1356                 20.386724                 396.86008                                 646.2418                      24.380995                   18.175805                  1462.4307        216.6376         158.0219
              1       1489.9946     0.023696167       69.841964       3.0259971      0.98610215       8.1153641      0.74278552      0.28028529     0.095683211      0.98753783      0.99165487       1.0002802      0.98649923      0.99262094      0.11936174   2.0614549e-09      0.95142137      0.82548559      0.25134376      0.75558429       18.175805       1087.8696       1462.4307       18.061128       -5.4907786          23.551906       2943.8669                 20.386724                 396.86008                                 646.2418                      24.380995                   18.175805                  1462.4307       216.79166        158.59915
              1       1490.0805     0.023696167       69.841964       3.0259971      0.98610215       8.1153641      0.74278552      0.28028529     0.095683211      0.98747789      0.99165483       1.0003029      0.98650496      0.99262965      0.11936174   2.0614549e-09      0.95142137      0.82548559      0.25134376      0.75558429       18.175805         1087.81       1462.4307       18.175914       -5.3759925          23.551906       2943.8091                 20.389471                 396.87209                                646.25023                       24.29816                   18.175805                  1462.4307       216.79131        158.60138
              1       1490.6621     0.023696167       69.841964       3.0259971      0.98610215       8.1153641      0.74278552      0.28028529     0.095683211      0.98912538      0.99165603      0.99968087      0.98648312      0.98929025      0.11936174   2.0614549e-09      0.95142137      0.82548559      0.25134376      0.75558429       18.175805       1094.3001       1462.4307       15.676957       -7.8749494          23.551906       2949.9702                 20.318175                 396.87004                                650.46402                      26.647826                   18.175805                  1462.4307       216.86485        158.19882
              1       1488.5387     0.023696167       69.841964       3.0259971      0.98610215       8.1153641      0.74278552      0.28028529     0.095683211      0.98912538      0.99165603      0.99968087      0.99061515      0.99156071      0.11936174   2.0614549e-09      0.95142137      0.82548559      0.25134376      0.75558429       18.175805       1094.3001       1462.4307       12.918676        -10.63323          23.551906         2951.24                 20.318175                 396.87004                                650.46402                      26.647826                   18.175805                  1462.4307       216.86485        159.46861
              1       1489.4169     0.023696167       69.841964       3.0259971      0.98610215       8.1153641      0.74278552      0.28028529     0.095683211      0.98838165      0.99180117       1.0000528      0.98689696      0.99382739      0.11936174   2.0614549e-09      0.95142137      0.82548559      0.25134376      0.75558429       18.175805       1090.2156       1462.4307       15.884005       -7.6679015          23.551906       2947.0658                 20.349291                 396.87561                                 647.4222                      25.568465                   18.175805                  1462.4307       217.08167        159.16212
              1       1489.7699     0.023696167       69.841964       3.0259971      0.98610215       8.1153641      0.74278552      0.28028529     0.095683211      0.98838165      0.99355747       1.0014779      0.98892156      0.99418832      0.11936174   2.0614549e-09      0.95142137      0.82548559      0.25134376      0.75558429       18.175805       1090.2156       1462.4307       13.200272       -10.351635          23.551906       2953.1392                 20.349291                 396.87561                                 647.4222                      25.568465                   18.175805                  1462.4307       222.73982        159.57735
              1       1488.9723     0.023696167       69.841964       3.0259971      0.98610215       8.1153641      0.74278552      0.28028529     0.095683211      0.98838165      0.98968933       1.0015139      0.98963215      0.99197652      0.11936174   2.0614549e-09      0.95142137      0.82548559      0.25134376      0.75558429       18.175805       1090.2156       1462.4307       16.712002       -6.8399047          23.551906       2944.5206                 20.349291                 396.87561                                 647.4222                      25.568465                   18.175805                  1462.4307       214.83786        158.86069
              1       1490.5611     0.023696167       69.841964       3.0259971      0.98610215       8.1153641      0.74278552      0.28028529     0.095683211      0.98733261      0.98968857       1.0019099      0.98997513      0.99609968      0.11936174   2.0614549e-09      0.95142137      0.82548559      0.25134376      0.75558429       18.175805       1087.7029       1462.4307       18.112439       -5.4394678          23.551906       2944.8972                 20.396178                 396.88685                                646.32164                      24.098199                   18.175805                  1462.4307       214.88521         161.7027
              1       1490.5128     0.023696167       69.841964       3.0259971      0.98610215       8.1153641      0.74278552      0.28028529     0.095683211      0.98733261      0.98968857       1.0019099      0.99399119      0.99181579      0.11936174   2.0614549e-09      0.95142137      0.82548559      0.25134376      0.75558429       18.175805       1087.7029       1462.4307       17.005162       -6.5467445          23.551906       2947.0153                 20.396178                 396.88685                                646.32164                      24.098199                   18.175805                  1462.4307       214.88521        163.82074
              1       1489.9669     0.023696167       69.841964       3.0259971      0.98610215       8.1153641      0.74278552      0.28028529     0.095683211      0.98733261      0.98968857       1.0019099      0.98947809      0.99049855      0.11936174   2.0614549e-09      0.95142137      0.82548559      0.25134376      0.75558429       18.175805       1087.7029       1462.4307       19.075855       -4.4760517          23.551906       2941.7821                 20.396178                 396.88685                                646.32164                      24.098199                   18.175805                  1462.4307       214.88521        158.58755
              1       1489.2686     0.023696167       69.841964       3.0259971      0.98610215       8.1153641      0.74278552      0.28028529     0.095683211      0.98733261      0.99114739      0.99863059      0.98938834      0.99069252      0.11936174   2.0614549e-09      0.95142137      0.82548559      0.25134376      0.75558429       18.175805       1087.7029       1462.4307       17.535222       -6.0166842          23.551906       2943.4667                 20.396178                 396.88685                                646.32164                      24.098199                   18.175805                  1462.4307       216.61766        158.53973
              1       1491.2459     0.023696167       69.841964       3.0259971      0.98610215       8.1153641      0.74278552      0.28028529     0.095683211      0.98834034      0.99044024       1.0029868      0.98813223      0.99814907      0.11936174   2.0614549e-09      0.95142137      0.82548559      0.25134376      0.75558429       18.175805       1090.0442       1462.4307       16.210551       -7.3413552          23.551906       2950.0708                 20.351068                 396.87561                                 647.3081                      25.509418                   18.175805                  1462.4307       215.86694        163.55318
              1       1489.3819     0.023696167       69.841964       3.0259971      0.98610215       8.1153641      0.74278552      0.28028529     0.095683211      0.98834034      0.99044024       1.0029868      0.98905967      0.99533247      0.11936174   2.0614549e-09      0.95142137      0.82548559      0.25134376      0.75558429       18.175805       1090.0442       1462.4307       15.859609        -7.692297          23.551906       2947.0446                 20.351068                 396.87561                                 647.3081                      25.509418                   18.175805                  1462.4307       215.86694        160.52698
              1        1489.222     0.023696167       69.841964       3.0259971      0.98610215       8.1153641      0.74278552      0.28028529     0.095683211      0.98834034       0.9909062       1.0012327      0.98982771      0.99680845      0.11936174   2.0614549e-09      0.95142137      0.82548559      0.25134376      0.75558429       18.175805       1090.0442       1462.4307        14.86483       -8.6870766          23.551906       2948.7144                 20.351068                 396.87561                                 647.3081                      25.509418                   18.175805                  1462.4307       215.68234        162.38142
              1       1489.2635     0.023696167       69.841964       3.0259971      0.98610215       8.1153641      0.74278552      0.28028529     0.095683211      0.98834034       0.9909062       1.0012327      0.98804769       0.9953394      0.11936174   2.0614549e-09      0.95142137      0.82548559      0.25134376      0.75558429       18.175805       1090.0442       1462.4307       15.950692        -7.601214          23.551906       2946.6257                 20.351068                 396.87561                                 647.3081                      25.509418                   18.175805                  1462.4307       215.68234        160.29272
              1       1489.3773     0.023696167       69.841964       3.0259971      0.98610215       8.1153641      0.74278552      0.28028529     0.095683211      0.98834034       0.9909062       1.0012327      0.98815701      0.99578194      0.11936174   2.0614549e-09      0.95142137      0.82548559      0.25134376      0.75558429       18.175805       1090.0442       1462.4307        15.84901       -7.7028961          23.551906       2947.0565                 20.351068                 396.87561                                 647.3081                      25.509418                   18.175805                  1462.4307       215.68234        160.72354
              1       1489.7353     0.023696167       69.841964       3.0259971      0.98610215       8.1153641      0.74278552      0.28028529     0.095683211      0.98834034        0.992343      0.99822641      0.98807232      0.99598459      0.11936174   2.0614549e-09      0.95142137      0.82548559      0.25134376      0.75558429       18.175805       1090.0442       1462.4307       14.546062       -9.0058444          23.551906       2950.3784                 20.351068                 396.87561                                 647.3081                      25.509418                   18.175805                  1462.4307       218.81036         160.9174
              1        1490.119     0.023696167       69.841964       3.0259971      0.98610215       8.1153641      0.74278552      0.28028529     0.095683211      0.98884372      0.99234337      0.99803636       0.9880242      0.99591149      0.11936174   2.0614549e-09      0.95142137      0.82548559      0.25134376      0.75558429       18.175805       1092.5395       1462.4307       13.661089       -9.8908175          23.551906       2952.9158                 20.329765                 396.88194                                 649.0923                      26.235462                   18.175805                  1462.4307       218.93121        160.83865
              1       1493.6071     0.023696167       69.841964       3.0259971      0.98610215       8.1153641      0.74278552      0.28028529     0.095683211      0.98884372       0.9924531       1.0016113      0.99197813       1.0018713      0.11936174   2.0614549e-09      0.95142137      0.82548559      0.25134376      0.75558429       18.175805       1092.5395       1462.4307       11.482361       -12.069545          23.551906       2964.2494                 20.329765                 396.88194                                 649.0923                      26.235462                   18.175805                  1462.4307       219.06282        172.04066
              1       1489.5018     0.023696167       69.841964       3.0259971      0.98610215       8.1153641      0.74278552      0.28028529     0.095683211      0.98884372       0.9924531       1.0016113      0.98844895      0.99490079      0.11936174   2.0614549e-09      0.95142137      0.82548559      0.25134376      0.75558429       18.175805       1092.5395       1462.4307       13.408414       -10.143493          23.551906       2952.1868                 20.329765                 396.88194                                 649.0923                      26.235462                   18.175805                  1462.4307       219.06282         159.9781
              1       1489.3983     0.023696167       69.841964       3.0259971      0.98610215       8.1153641      0.74278552      0.28028529     0.095683211      0.98789258      0.99245241       1.0019704      0.98853987      0.99503892      0.11936174   2.0614549e-09      0.95142137      0.82548559      0.25134376      0.75558429       18.175805       1088.5583       1462.4307       15.114116       -8.4377908          23.551906       2948.5683                 20.370706                 396.86936                                646.44285                      24.875387                   18.175805                  1462.4307       219.28978        160.11375
              1       1489.8614     0.023696167       69.841964       3.0259971      0.98610215       8.1153641      0.74278552      0.28028529     0.095683211      0.98789258      0.99030129      0.99922922      0.98730966      0.99298588      0.11936174   2.0614549e-09      0.95142137      0.82548559      0.25134376      0.75558429       18.175805       1088.5583       1462.4307       18.144596       -5.4073105          23.551906       2943.4336                 20.370706                 396.86936                                646.44285                      24.875387                   18.175805                  1462.4307       215.63493        158.63396
              1       1489.4998     0.023696167       69.841964       3.0259971      0.98610215       8.1153641      0.74278552      0.28028529     0.095683211      0.98789258      0.99060049       1.0031523      0.98829121      0.98981187      0.11936174   2.0614549e-09      0.95142137      0.82548559      0.25134376      0.75558429       18.175805       1088.5583       1462.4307       17.749705       -5.8022011          23.551906       2943.5002                 20.370706                 396.86936                                646.44285                      24.875387                   18.175805                  1462.4307       216.18642        158.14906
              1       1488.8139     0.023696167       69.841964       3.0259971      0.98610215       8.1153641      0.74278552      0.28028529     0.095683211      0.98789258      0.99060049       1.0031523      0.99168802      0.99396417      0.11936174   2.0614549e-09      0.95142137      0.82548559      0.25134376      0.75558429       18.175805       1088.5583       1462.4307       15.425735       -8.1261711          23.551906       2946.7764                 20.370706                 396.86936                                646.44285                      24.875387                   18.175805                  1462.4307       216.18642        161.42522
              1        1488.051     0.023696167       69.841964       3.0259971      0.98610215       8.1153641      0.74278552      0.28028529     0.095683211      0.98789258       0.9909648       1.0012495      0.99034098      0.99192064      0.11936174   2.0614549e-09      0.95142137      0.82548559      0.25134376      0.75558429       18.175805       1088.5583       1462.4307       15.925893       -7.6260134          23.551906       2944.2503                 20.370706                 396.86936                                646.44285                      24.875387                   18.175805                  1462.4307       215.76329        159.32224
              2        1488.454     0.023696167       69.841964       3.0259971      0.98610215       8.1153641      0.74278552      0.28028529     0.095683211      0.98789258       0.9909648       1.0012495      0.99180868      0.98978672      0.11936174   2.0614549e-09      0.95142137      0.82548559      0.25134376      0.75558429       18.175805       1088.5583       1462.4307         15.6454       -7.9065063          23.551906       2945.6173                 20.370706                 396.86936                                646.44285                      24.875387                   18.175805                  1462.4307       215.76329        160.68924
              1       1488.6692     0.023696167       69.841964       3.0259971      0.98610215       8.1153641      0.74278552      0.28028529     0.095683211      0.98883821      0.99096548       1.0008925      0.99171828       0.9896494      0.11936174   2.0614549e-09      0.95142137      0.82548559      0.25134376      0.75558429       18.175805       1092.5075       1462.4307       13.948029       -9.6038771          23.551906       2949.4423                 20.329994                 396.88194                                649.06815                      26.227445                   18.175805                  1462.4307       215.71776         160.6106
              1       1488.2113     0.023696167       69.841964       3.0259971      0.98610215       8.1153641      0.74278552      0.28028529     0.095683211      0.98883821      0.99096548       1.0008925      0.99077113      0.99228022      0.11936174   2.0614549e-09      0.95142137      0.82548559      0.25134376      0.75558429       18.175805       1092.5075       1462.4307       13.909627       -9.6422793          23.551906       2948.6033                 20.329994                 396.88194                                649.06815                      26.227445                   18.175805                  1462.4307       215.71776        159.77158
              1       1488.1605     0.023696167       69.841964       3.0259971      0.98610215       8.1153641      0.74278552      0.28028529     0.095683211      0.98883821      0.99133467      0.99971763      0.99074269       0.9923114      0.11936174   2.0614549e-09      0.95142137      0.82548559      0.25134376      0.75558429       18.175805       1092.5075       1462.4307       13.555094       -9.9968122          23.551906       2949.2108                 20.329994                 396.88194                                649.06815                      26.227445                   18.175805                  1462.4307       216.34041        159.75639
              2       1488.5753     0.023696167       69.841964       3.0259971      0.98610215       8.1153641      0.74278552      0.28028529     0.095683211      0.98883821      0.99280344       1.0008143       0.9907254      0.99273505      0.11936174   2.0614549e-09      0.95142137      0.82548559      0.25134376      0.75558429       18.175805       1092.5075       1462.4307       12.208798       -11.343108          23.551906       2952.7331                 20.329994                 396.88194                                649.06815                      26.227445                   18.175805                  1462.4307       219.73048         159.8886
              1       1488.9037     0.023696167       69.841964       3.0259971      0.98610215       8.1153641      0.74278552      0.28028529     0.095683211      0.98832981      0.99338857      0.99775195      0.99037261      0.99140096      0.11936174   2.0614549e-09      0.95142137      0.82548559      0.25134376      0.75558429       18.175805       1090.0014       1462.4307       13.054168       -10.497738          23.551906       2951.6991                 20.351522                 396.87561                                647.27993                      25.494377                   18.175805                  1462.4307       221.84436        159.24681
              1       1489.1144     0.023696182       69.820811       3.0257044      0.98671006       7.9256629      0.74285893      0.27968099      0.10445063      0.98849137      0.99371357      0.99794947      0.99038492       0.9913514       0.1262662   2.0608515e-09      0.95139191      0.82188479      0.25129201      0.75221096       19.168154       1089.3279       1462.1017       12.524454       -11.027988          23.552442         2953.18                 20.397214                 396.35832                                648.13235                      24.440052                   19.168154                  1462.1017       222.76836        159.81381
              1       1488.5077     0.023696182       69.820811       3.0257044      0.98671006       7.9256629      0.74285893      0.27968099      0.10445063      0.98849137      0.99400128      0.99813268      0.99225516      0.99568611       0.1262662   2.0608515e-09      0.95139191      0.82188479      0.25129201      0.75221096       19.168154       1089.3279       1462.1017         10.9913       -12.561142          23.552442       2955.0328                 20.397214                 396.35832                                648.13235                      24.440052                   19.168154                  1462.1017       223.06737         161.3676
              1       1490.9276     0.023696182       69.820811       3.0257044      0.98671006       7.9256629      0.74285893      0.27968099      0.10445063      0.98849137      0.99400128      0.99813268      0.98841643      0.98921943       0.1262662   2.0608515e-09      0.95139191      0.82188479      0.25129201      0.75221096       19.168154       1089.3279       1462.1017       13.754901        -9.797541          23.552442       2954.3454                 20.397214                 396.35832                                648.13235                      24.440052                   19.168154                  1462.1017       223.06737        160.68018
              2       1489.1331     0.023696182       69.820811       3.0257044      0.98671006       7.9256629      0.74285893      0.27968099      0.10445063      0.98849137      0.99349902      0.99953359      0.99085224      0.99824381       0.1262662   2.0608515e-09      0.95139191      0.82188479      0.25129201      0.75221096       19.168154       1089.3279       1462.1017       11.780973       -11.771469          23.552442       2954.7043                 20.397214                 396.35832                                648.13235                      24.440052                   19.168154                  1462.1017       221.43594        162.67056
              1       1485.7269     0.023696182       69.820811       3.0257044      0.98671006       7.9256629      0.74285893      0.27968099      0.10445063       0.9903709      0.99350039      0.99882398      0.99348929      0.99291796       0.1262662   2.0608515e-09      0.95139191      0.82188479      0.25129201      0.75221096       19.168154       1090.6329       1462.1017       8.0228739       -15.529568          23.552442        2955.408                 20.319444                 396.32018                                646.84312                      27.150123                   19.168154                  1462.1017       221.80083        161.70441
              1       1485.9914     0.023696182       69.820811       3.0257044      0.98671006       7.9256629      0.74285893      0.27968099      0.10445063       0.9898615      0.99258766      0.99910436      0.99400466      0.99365652       0.1262662   2.0608515e-09      0.95139191      0.82188479      0.25129201      0.75221096       19.168154        1089.068       1462.1017       9.2802245       -14.272217          23.552442       2953.4223                  20.33943                 396.32707                                646.00519                      26.396269                   19.168154                  1462.1017       220.75151        162.33299
              1       1486.5825     0.023696182       69.820811       3.0257044      0.98671006       7.9256629      0.74285893      0.27968099      0.10445063      0.98952336      0.99340955       1.0025328      0.99507254      0.99553968       0.1262662   2.0608515e-09      0.95139191      0.82188479      0.25129201      0.75221096       19.168154       1088.5417       1462.1017       8.7167483       -14.835693          23.552442       2955.7314                  20.35313                 396.34982                                645.93499                       25.90379                   19.168154                  1462.1017       221.62958        164.29024
              1       1486.1123     0.023696182       69.820811       3.0257044      0.98671006       7.9256629      0.74285893      0.27968099      0.10445063      0.98952336       0.9935965      0.99977074      0.99172679      0.99676404       0.1262662   2.0608515e-09      0.95139191      0.82188479      0.25129201      0.75221096       19.168154       1088.5417       1462.1017       9.5880297       -13.964412          23.552442       2953.0486                  20.35313                 396.34982                                645.93499                       25.90379                   19.168154                  1462.1017        221.5081        161.72885
              1       1487.3667     0.023696182       69.820811       3.0257044      0.98671006       7.9256629      0.74285893      0.27968099      0.10445063      0.98952336      0.99335557      0.99960574      0.99637433      0.99656119       0.1262662   2.0608515e-09      0.95139191      0.82188479      0.25129201      0.75221096       19.168154       1088.5417       1462.1017       8.4039491       -15.148493          23.552442       2957.9256                  20.35313                 396.34982                                645.93499                       25.90379                   19.168154                  1462.1017       221.20239        166.91158
              1       1488.4007     0.023696182       69.820811       3.0257044      0.98671006       7.9256629      0.74285893      0.27968099      0.10445063      0.98893896      0.99273891       1.0012707      0.99646909      0.99656719       0.1262662   2.0608515e-09      0.95139191      0.82188479      0.25129201      0.75221096       19.168154       1088.5228       1462.1017       9.8700603       -13.682381          23.552442       2957.0614                 20.377672                 396.34563                                646.73194                      25.067603                   19.168154                  1462.1017       220.18729        167.08134
              2       1486.8451     0.023696182       69.820811       3.0257044      0.98671006       7.9256629      0.74285893      0.27968099      0.10445063      0.98893896      0.99273891       1.0012707       0.9928704      0.99219379       0.1262662   2.0608515e-09      0.95139191      0.82188479      0.25129201      0.75221096       19.168154       1088.5228       1462.1017       11.286537       -12.265905          23.552442       2951.1172                 20.377672                 396.34563                                646.73194                      25.067603                   19.168154                  1462.1017       220.18729        161.13715
              1       1485.5068     0.023696182       69.820811       3.0257044      0.98671006       7.9256629      0.74285893      0.27968099      0.10445063      0.99012495      0.99273977       1.0008229      0.99275702      0.99202156       0.1262662   2.0608515e-09      0.95139191      0.82188479      0.25129201      0.75221096       19.168154       1089.7624       1462.1017       9.3655778       -14.186864          23.552442       2952.2825                    20.329                 396.32018                                646.32887                      26.784362                   19.168154                  1462.1017       220.19104        161.05916
              1       1485.7704     0.023696182       69.820811       3.0257044      0.98671006       7.9256629      0.74285893      0.27968099      0.10445063      0.99012495      0.99273977       1.0008229      0.99335484       0.9913531       0.1262662   2.0608515e-09      0.95139191      0.82188479      0.25129201      0.75221096       19.168154       1089.7624       1462.1017       9.2647971       -14.287645          23.552442       2953.0111                    20.329                 396.32018                                646.32887                      26.784362                   19.168154                  1462.1017       220.19104        161.78778
              1       1485.3409     0.023696182       69.820811       3.0257044      0.98671006       7.9256629      0.74285893      0.27968099      0.10445063      0.99012495      0.99270656       1.0005081      0.99304307      0.99435147       0.1262662   2.0608515e-09      0.95139191      0.82188479      0.25129201      0.75221096       19.168154       1089.7624       1462.1017       8.9913317        -14.56111          23.552442       2952.6991                    20.329                 396.32018                                646.32887                      26.784362                   19.168154                  1462.1017       220.20395         161.4628
              1       1486.1489     0.023696182       69.820811       3.0257044      0.98671006       7.9256629      0.74285893      0.27968099      0.10445063      0.99012495       0.9928554       1.0008975      0.99546831      0.99534923       0.1262662   2.0608515e-09      0.95139191      0.82188479      0.25129201      0.75221096       19.168154       1089.7624       1462.1017       8.0836913        -15.46875          23.552442       2956.1303                    20.329                 396.32018                                646.32887                      26.784362                   19.168154                  1462.1017       220.30746        164.79057
              1       1486.5459     0.023696182       69.820811       3.0257044      0.98671006       7.9256629      0.74285893      0.27968099      0.10445063      0.99012495      0.99277547       1.0006553      0.99617145      0.99400336       0.1262662   2.0608515e-09      0.95139191      0.82188479      0.25129201      0.75221096       19.168154       1089.7624       1462.1017       8.1372743       -15.415167          23.552442       2956.8173                    20.329                 396.32018                                646.32887                      26.784362                   19.168154                  1462.1017       220.24435        165.54066
              1       1487.6685     0.023696182       69.820811       3.0257044      0.98671006       7.9256629      0.74285893      0.27968099      0.10445063      0.99102098      0.99411803      0.99825311      0.99601906      0.99410112       0.1262662   2.0608515e-09      0.95139191      0.82188479      0.25129201      0.75221096       19.168154       1093.9292       1462.1017       5.8267124       -17.725729          23.552442       2963.6835                 20.295071                 396.31626                                649.18496                      28.132896                   19.168154                  1462.1017       223.18718        165.29727
              1       1486.5576     0.023696182       69.820811       3.0257044      0.98671006       7.9256629      0.74285893      0.27968099      0.10445063      0.99102098      0.99411803      0.99825311      0.99322164       0.9944291       0.1262662   2.0608515e-09      0.95139191      0.82188479      0.25129201      0.75221096       19.168154       1093.9292       1462.1017       6.5376052       -17.014837          23.552442         2960.04                 20.295071                 396.31626                                649.18496                      28.132896                   19.168154                  1462.1017       223.18718        161.65375
              1       1485.8962     0.023696182       69.820811       3.0257044      0.98671006       7.9256629      0.74285893      0.27968099      0.10445063      0.98967863      0.99411706      0.99875991      0.99334996      0.99462404       0.1262662   2.0608515e-09      0.95139191      0.82188479      0.25129201      0.75221096       19.168154       1088.7218       1462.1017       8.5479358       -15.004506          23.552442       2954.6965                 20.346795                 396.32685                                645.91897                      26.129152                   19.168154                  1462.1017       222.86517        161.83968
              1       1490.0229     0.023696182       69.820811       3.0257044      0.98671006       7.9256629      0.74285893      0.27968099      0.10445063      0.98967863      0.99210134       0.9969963      0.98801449      0.98981865       0.1262662   2.0608515e-09      0.95139191      0.82188479      0.25129201      0.75221096       19.168154       1088.7218       1462.1017       13.264494       -10.287947          23.552442       2953.5168                 20.346795                 396.32685                                645.91897                      26.129152                   19.168154                  1462.1017       223.06947        160.45567
              1       1487.9899     0.023696182       69.820811       3.0257044      0.98671006       7.9256629      0.74285893      0.27968099      0.10445063      0.98967863      0.99274544      0.99693652      0.99024214      0.99728317       0.1262662   2.0608515e-09      0.95139191      0.82188479      0.25129201      0.75221096       19.168154       1088.7218       1462.1017       10.610146       -12.942296          23.552442       2954.7596                 20.346795                 396.32685                                645.91897                      26.129152                   19.168154                  1462.1017       223.13171        161.63622
              1       1488.4261     0.023696182       69.820811       3.0257044      0.98671006       7.9256629      0.74285893      0.27968099      0.10445063      0.98967863      0.99241567       1.0042787      0.98969776      0.99887466       0.1262662   2.0608515e-09      0.95139191      0.82188479      0.25129201      0.75221096       19.168154       1088.7218       1462.1017       11.094992        -12.45745          23.552442       2954.6622                 20.346795                 396.32685                                645.91897                      26.129152                   19.168154                  1462.1017       221.46407         163.2065
              1       1486.6986     0.023696182       69.820811       3.0257044      0.98671006       7.9256629      0.74285893      0.27968099      0.10445063      0.98967863      0.99241567       1.0042787      0.99422498      0.99346952       0.1262662   2.0608515e-09      0.95139191      0.82188479      0.25129201      0.75221096       19.168154       1088.7218       1462.1017       9.6812823       -13.871159          23.552442       2954.0346                 20.346795                 396.32685                                645.91897                      26.129152                   19.168154                  1462.1017       221.46407        162.57887
              1       1488.0181     0.023696182       69.820811       3.0257044      0.98671006       7.9256629      0.74285893      0.27968099      0.10445063      0.98963119      0.99241564       1.0042966      0.99260019      0.99939162       0.1262662   2.0608515e-09      0.95139191      0.82188479      0.25129201      0.75221096       19.168154       1088.6669       1462.1017       9.8908006       -13.661641          23.552442       2956.2545                 20.348723                 396.34289                                645.91517                      26.060149                   19.168154                  1462.1017       221.48245        164.83524
              1       1486.8085     0.023696182       69.820811       3.0257044      0.98671006       7.9256629      0.74285893      0.27968099      0.10445063      0.98963119      0.99241564       1.0042966      0.99149008      0.99161324       0.1262662   2.0608515e-09      0.95139191      0.82188479      0.25129201      0.75221096       19.168154       1088.6669       1462.1017        10.99074       -12.561701          23.552442       2951.6355                 20.348723                 396.34289                                645.91517                      26.060149                   19.168154                  1462.1017       221.48245        160.21626
              1       1490.4539     0.023696182       69.820811       3.0257044      0.98671006       7.9256629      0.74285893      0.27968099      0.10445063      0.99064956      0.99241637       1.0039121      0.99863387      0.99815279       0.1262662   2.0608515e-09      0.95139191      0.82188479      0.25129201      0.75221096       19.168154       1091.8661       1462.1017        7.000666       -16.551776          23.552442       2966.9065                  20.30883                 396.31603                                647.67266                      27.568557                   19.168154                  1462.1017       221.11115        172.65942
              1       1489.5915     0.023696182       69.820811       3.0257044      0.98671006       7.9256629      0.74285893      0.27968099      0.10445063      0.99014984      0.99320687      0.99521302      0.99457925        0.998923       0.1262662   2.0608515e-09      0.95139191      0.82188479      0.25129201      0.75221096       19.168154       1089.8411       1462.1017       7.7980658       -15.754376          23.552442       2963.5869                 20.328025                 396.32018                                646.37161                       26.82123                   19.168154                  1462.1017       226.21819        166.25778
              1       1489.9939     0.023696182       69.820811       3.0257044      0.98671006       7.9256629      0.74285893      0.27968099      0.10445063       0.9893397      0.99320628       0.9955189      0.99170631      0.98848428       0.1262662   2.0608515e-09      0.95139191      0.82188479      0.25129201      0.75221096       19.168154       1088.4284       1462.1017       11.348585       -12.203857          23.552442       2957.2907                 20.360721                 396.36886                                646.05989                       25.63895                   19.168154                  1462.1017       225.63382        161.95856
              1       1491.1435     0.023696182       69.820811       3.0257044      0.98671006       7.9256629      0.74285893      0.27968099      0.10445063       0.9893397      0.99325909       0.9933273      0.99455464       0.9951123       0.1262662   2.0608515e-09      0.95139191      0.82188479      0.25129201      0.75221096       19.168154       1088.4284       1462.1017        9.309771       -14.242671          23.552442       2963.6675                 20.360721                 396.36886                                646.05989                       25.63895                   19.168154                  1462.1017       230.56879        163.40036
              1       1487.0846     0.023696182       69.820811       3.0257044      0.98671006       7.9256629      0.74285893      0.27968099      0.10445063       0.9893397      0.99285673        1.003737      0.99473734      0.99555229       0.1262662   2.0608515e-09      0.95139191      0.82188479      0.25129201      0.75221096       19.168154       1088.4284       1462.1017       9.5327548       -14.019687          23.552442       2955.1036                 20.360721                 396.36886                                646.05989                       25.63895                   19.168154                  1462.1017       221.57292        163.83241
              1       1486.5246     0.023696182       69.820811       3.0257044      0.98671006       7.9256629      0.74285893      0.27968099      0.10445063      0.99076696      0.99285777       1.0031982       0.9946009      0.99534502       0.1262662   2.0608515e-09      0.95139191      0.82188479      0.25129201      0.75221096       19.168154       1092.4671       1462.1017       7.3144155       -16.238026          23.552442       2958.4203                 20.304431                 396.31603                                648.10053                      27.746125                   19.168154                  1462.1017       221.12585        163.55743
              1       1487.7341     0.023696182       69.820811       3.0257044      0.98671006       7.9256629      0.74285893      0.27968099      0.10445063      0.99076696      0.99300075       1.0043866      0.99421924       0.9980625       0.1262662   2.0608515e-09      0.95139191      0.82188479      0.25129201      0.75221096       19.168154       1092.4671       1462.1017        7.138432        -16.41401          23.552442       2961.1913                 20.304431                 396.31603                                648.10053                      27.746125                   19.168154                  1462.1017       222.50113        164.95316
              1       1487.0446     0.023696182       69.820811       3.0257044      0.98671006       7.9256629      0.74285893      0.27968099      0.10445063      0.99076696       0.9923905      0.99904606       0.9948938      0.99190087       0.1262662   2.0608515e-09      0.95139191      0.82188479      0.25129201      0.75221096       19.168154       1092.4671       1462.1017       8.0366056       -15.515836          23.552442        2958.016                 20.304431                 396.31603                                648.10053                      27.746125                   19.168154                  1462.1017        220.7122        163.56679
              1       1487.2188     0.023696182       69.820811       3.0257044      0.98671006       7.9256629      0.74285893      0.27968099      0.10445063      0.99076696      0.99333678       0.9974963      0.99495145      0.99250595       0.1262662   2.0608515e-09      0.95139191      0.82188479      0.25129201      0.75221096       19.168154       1092.4671       1462.1017       7.1824953       -16.369946          23.552442       2960.0726                 20.304431                 396.31603                                648.10053                      27.746125                   19.168154                  1462.1017       222.77953        163.55609
              1       1491.1702     0.023696182       69.820811       3.0257044      0.98671006       7.9256629      0.74285893      0.27968099      0.10445063      0.98987029      0.99184289       1.0049865      0.99276151      0.98534568       0.1262662   2.0608515e-09      0.95139191      0.82188479      0.25129201      0.75221096       19.168154       1089.0875       1462.1017       11.969088       -11.583353          23.552442       2958.4022                 20.339079                 396.32707                                 646.0122                      26.409162                   19.168154                  1462.1017       221.63564        166.40913
              1       1488.1896     0.023696182       69.820811       3.0257044      0.98671006       7.9256629      0.74285893      0.27968099      0.10445063      0.99055456      0.99302058       1.0029126      0.98719752      0.99455104       0.1262662   2.0608515e-09      0.95139191      0.82188479      0.25129201      0.75221096       19.168154       1091.4339       1462.1017       10.922045       -12.630397          23.552442       2954.5351                 20.312423                 396.33562                                647.36042                      27.425423                   19.168154                  1462.1017       221.17981        160.65155
              1       1487.9724     0.023696182       69.820811       3.0257044      0.98671006       7.9256629      0.74285893      0.27968099      0.10445063      0.99055456      0.99302058       1.0029126      0.98849339      0.98975774       0.1262662   2.0608515e-09      0.95139191      0.82188479      0.25129201      0.75221096       19.168154       1091.4339       1462.1017       10.852293       -12.700148          23.552442       2954.2401                 20.312423                 396.33562                                647.36042                      27.425423                   19.168154                  1462.1017       221.17981        160.35654
              1        1487.837     0.023696182       69.820811       3.0257044      0.98671006       7.9256629      0.74285893      0.27968099      0.10445063      0.99055456      0.99302058       1.0029126      0.98888897      0.98950975       0.1262662   2.0608515e-09      0.95139191      0.82188479      0.25129201      0.75221096       19.168154       1091.4339       1462.1017       10.679029       -12.873413          23.552442       2954.3159                 20.312423                 396.33562                                647.36042                      27.425423                   19.168154                  1462.1017       221.17981        160.43227
              2       1488.2109     0.023696182       69.820811       3.0257044      0.98671006       7.9256629      0.74285893      0.27968099      0.10445063      0.99104299      0.99302094       1.0027282      0.99520839      0.98951682       0.1262662   2.0608515e-09      0.95139191      0.82188479      0.25129201      0.75221096       19.168154       1094.0663       1462.1017       7.4658416         -16.0866          23.552442       2961.4901                  20.29427                 396.31626                                649.28917                      28.166587                   19.168154                  1462.1017       221.06151        165.09247
              1       1486.9318     0.023696182       69.820811       3.0257044      0.98671006       7.9256629      0.74285893      0.27968099      0.10445063      0.99104299      0.99340678      0.99899856       0.9923005      0.99762422       0.1262662   2.0608515e-09      0.95139191      0.82188479      0.25129201      0.75221096       19.168154       1094.0663       1462.1017       7.0895173       -16.462924          23.552442       2959.6845                  20.29427                 396.31626                                649.28917                      28.166587                   19.168154                  1462.1017       221.56863        162.77972
              1       1486.0614     0.023751069        69.64239       3.0252982      0.98373828       7.6720704      0.74120595      0.27428916       0.1199979      0.99155515      0.99329903       1.0003577       0.9924962       0.9972757      0.13397624   2.0600146e-09      0.95102935      0.81441496      0.25299415      0.74789453       19.216124       1090.9022       1462.3171       8.3645321        -17.15333          25.517862       2955.3936                 20.524047                  395.9347                                647.82936                      26.614106                   19.216124                  1462.3171       222.27014        160.68803
              1       1486.3194     0.023751069        69.64239       3.0252982      0.98373828       7.6720704      0.74120595      0.27428916       0.1199979      0.99291118      0.99330002      0.99984572      0.99236657      0.99707878      0.13397624   2.0600146e-09      0.95102935      0.81441496      0.25299415      0.74789453       19.216124        1094.532       1462.3171       6.7378588       -18.780003          25.517862       2959.1631                 20.453466                 395.90577                                649.50447                      28.668278                   19.216124                  1462.3171       222.56464        160.53325
              2       1485.8493     0.023751069        69.64239       3.0252982      0.98373828       7.6720704      0.74120595      0.27428916       0.1199979      0.99291118       0.9936821       1.0012919      0.99238137      0.99724925      0.13397624   2.0600146e-09      0.95102935      0.81441496      0.25299415      0.74789453       19.216124        1094.532       1462.3171       6.4467919        -19.07107          25.517862        2958.805                 20.453466                 395.90577                                649.50447                      28.668278                   19.216124                  1462.3171       222.11032        160.62947
              1       1488.2011     0.023751069        69.64239       3.0252982      0.98373828       7.6720704      0.74120595      0.27428916       0.1199979      0.99077148        0.994917        1.003265      0.99655088      0.99590913      0.13397624   2.0600146e-09      0.95102935      0.81441496      0.25299415      0.74789453       19.216124       1091.6566       1462.3171       7.3999855       -18.117876          25.517862       2961.6022                 20.567462                 395.91324                                649.70274                      25.473138                   19.216124                  1462.3171       224.46559        163.94675
              1       1486.4184     0.023751069        69.64239       3.0252982      0.98373828       7.6720704      0.74120595      0.27428916       0.1199979      0.99214982        0.994918       1.0027446      0.99694836      0.99627229      0.13397624   2.0600146e-09      0.95102935      0.81441496      0.25299415      0.74789453       19.216124        1091.706       1462.3171       5.4252515        -20.09261          25.517862       2961.9862                 20.492427                 395.91114                                647.79995                      27.502515                   19.216124                  1462.3171       224.10133         164.6456
              1       1486.9618     0.023751069        69.64239       3.0252982      0.98373828       7.6720704      0.74120595      0.27428916       0.1199979      0.99133065      0.99397137       1.0053375      0.99386774      0.99468516      0.13397624   2.0600146e-09      0.95102935      0.81441496      0.25299415      0.74789453       19.216124       1090.8985       1462.3171       7.9296105       -17.588251          25.517862       2958.0643                 20.536269                 395.92619                                 648.1523                      26.283767                   19.216124                  1462.3171       224.90445        160.72809
              1       1487.4116     0.023751069        69.64239       3.0252982      0.98373828       7.6720704      0.74120595      0.27428916       0.1199979      0.99212916      0.99397195        1.005036      0.99672633      0.99809408      0.13397624   2.0600146e-09      0.95102935      0.81441496      0.25299415      0.74789453       19.216124       1091.6644       1462.3171       5.9728937       -19.544968          25.517862       2962.8773                 20.493508                 395.91864                                647.78091                      27.471334                   19.216124                  1462.3171       224.52379        165.15588
              1       1488.1436     0.023751069        69.64239       3.0252982      0.98373828       7.6720704      0.74120595      0.27428916       0.1199979      0.99212916      0.99546826      0.99578743      0.99651891      0.99518174      0.13397624   2.0600146e-09      0.95102935      0.81441496      0.25299415      0.74789453       19.216124       1091.6644       1462.3171       5.3150825       -20.202779          25.517862       2965.6571                 20.493508                 395.91864                                647.78091                      27.471334                   19.216124                  1462.3171       228.68205         163.7774
              1        1490.818     0.023751069        69.64239       3.0252982      0.98373828       7.6720704      0.74120595      0.27428916       0.1199979      0.99037951      0.99546699      0.99644802      0.99664792      0.99427683      0.13397624   2.0600146e-09      0.95102935      0.81441496      0.25299415      0.74789453       19.216124       1092.8403       1462.3171       7.8323994       -17.685463          25.517862       2965.9711                  20.59005                  395.9084                                651.42658                      24.915266                   19.216124                  1462.3171       227.64107        163.95648
              1       1489.9421     0.023751069        69.64239       3.0252982      0.98373828       7.6720704      0.74120595      0.27428916       0.1199979       0.9931624      0.99546901      0.99539733      0.99692045      0.99797644      0.13397624   2.0600146e-09      0.95102935      0.81441496      0.25299415      0.74789453       19.216124       1095.9012       1462.3171       3.8526957       -21.665166          25.517862       2972.1787                 20.440986                 395.90624                                 650.4941                      29.059883                   19.216124                  1462.3171       229.36963        165.37465
              1        1490.094     0.023751069        69.64239       3.0252982      0.98373828       7.6720704      0.74120595      0.27428916       0.1199979       0.9931624      0.99722133       1.0033928      0.99015873      0.99455199      0.13397624   2.0600146e-09      0.95102935      0.81441496      0.25299415      0.74789453       19.216124       1095.9012       1462.3171       5.5499696       -19.967892          25.517862        2969.088                 20.440986                 395.90624                                 650.4941                      29.059883                   19.216124                  1462.3171       232.09135        159.56223
              1       1487.5301     0.023751069        69.64239       3.0252982      0.98373828       7.6720704      0.74120595      0.27428916       0.1199979      0.99220406      0.99637762       1.0005674      0.99661482      0.99230491      0.13397624   2.0600146e-09      0.95102935      0.81441496      0.25299415      0.74789453       19.216124        1091.842       1462.3171       5.1334881       -20.384374          25.517862       2964.7933                 20.489594                 395.91114                                647.85679                      27.584519                   19.216124                  1462.3171       227.00558        164.41241
              1       1487.6551     0.023751069        69.64239       3.0252982      0.98373828       7.6720704      0.74120595      0.27428916       0.1199979      0.99220406      0.99358644       1.0046465      0.99675007      0.99181981      0.13397624   2.0600146e-09      0.95102935      0.81441496      0.25299415      0.74789453       19.216124        1091.842       1462.3171       6.7403183       -18.777544          25.517862       2961.8295                 20.489594                 395.91114                                647.85679                      27.584519                   19.216124                  1462.3171       223.59198        164.86227
              1       1486.2206     0.023751069        69.64239       3.0252982      0.98373828       7.6720704      0.74120595      0.27428916       0.1199979      0.99279433      0.99358686       1.0044236      0.99232648      0.99448626      0.13397624   2.0600146e-09      0.95102935      0.81441496      0.25299415      0.74789453       19.216124       1093.9687       1462.3171       6.8846107       -18.633251          25.517862        2958.672                 20.459336                 395.90577                                649.11626                      28.487305                   19.216124                  1462.3171       223.37338        159.79672
              1       1488.3449     0.023751069        69.64239       3.0252982      0.98373828       7.6720704      0.74120595      0.27428916       0.1199979      0.99279433      0.99497127       1.0023801      0.98968938       1.0004286      0.13397624   2.0600146e-09      0.95102935      0.81441496      0.25299415      0.74789453       19.216124       1093.9687       1462.3171       6.8949671       -18.622895          25.517862       2962.8998                 20.459336                 395.90577                                649.11626                      28.487305                   19.216124                  1462.3171       224.00528        163.39261
              1       1488.6568     0.023751069        69.64239       3.0252982      0.98373828       7.6720704      0.74120595      0.27428916       0.1199979      0.99127905      0.99497017       1.0029522      0.99265718       1.0020189      0.13397624   2.0600146e-09      0.95102935      0.81441496      0.25299415      0.74789453       19.216124       1090.9243       1462.3171       7.5636671       -17.954195          25.517862       2962.1863                 20.539101                 395.92619                                648.25074                      26.208241                   19.216124                  1462.3171       224.34605        165.38274
              2       1486.0191     0.023751069        69.64239       3.0252982      0.98373828       7.6720704      0.74120595      0.27428916       0.1199979      0.99145872      0.99471018      0.99975566      0.99174789      0.99318775      0.13397624   2.0600146e-09      0.95102935      0.81441496      0.25299415      0.74789453       19.216124       1090.8829       1462.3171       8.2167525       -17.301109          25.517862       2955.6046                 20.529276                  395.9347                                647.94709                      26.471879                   19.216124                  1462.3171       223.47995         159.7085
              1       1486.9725     0.023751069        69.64239       3.0252982      0.98373828       7.6720704      0.74120595      0.27428916       0.1199979      0.99145872      0.99471018      0.99975566      0.99611511      0.99918612      0.13397624   2.0600146e-09      0.95102935      0.81441496      0.25299415      0.74789453       19.216124       1090.8829       1462.3171       6.4693995       -19.048462          25.517862       2961.0062                 20.529276                  395.9347                                647.94709                      26.471879                   19.216124                  1462.3171       223.47995        165.11002
              1        1486.566     0.023751069        69.64239       3.0252982      0.98373828       7.6720704      0.74120595      0.27428916       0.1199979      0.99249306      0.99471093      0.99936515      0.99601623      0.99903592      0.13397624   2.0600146e-09      0.95102935      0.81441496      0.25299415      0.74789453       19.216124       1092.7368       1462.3171       5.1628462       -20.355016          25.517862       2962.8062                 20.474654                 395.91114                                648.32689                      28.024142                   19.216124                  1462.3171       223.67839        164.85774
              1       1488.8107     0.023751069        69.64239       3.0252982      0.98373828       7.6720704      0.74120595      0.27428916       0.1199979      0.99249306      0.99129302        1.002883      0.99615731       0.9983652      0.13397624   2.0600146e-09      0.95102935      0.81441496      0.25299415      0.74789453       19.216124       1092.7368       1462.3171       7.8095741       -17.708288          25.517862       2962.0023                 20.474654                 395.91114                                648.32689                      28.024142                   19.216124                  1462.3171       223.19542         164.5368
              1       1487.7299     0.023751069        69.64239       3.0252982      0.98373828       7.6720704      0.74120595      0.27428916       0.1199979      0.99249306      0.99247822       1.0050868      0.99123991      0.99187715      0.13397624   2.0600146e-09      0.95102935      0.81441496      0.25299415      0.74789453       19.216124       1092.7368       1462.3171       8.8769317        -16.64093          25.517862        2957.706                 20.474654                 395.91114                                648.32689                      28.024142                   19.216124                  1462.3171       223.41609        160.01984
              1       1488.4047     0.023751069        69.64239       3.0252982      0.98373828       7.6720704      0.74120595      0.27428916       0.1199979      0.99249306      0.99412269       0.9983533      0.98819219      0.99307229      0.13397624   2.0600146e-09      0.95102935      0.81441496      0.25299415      0.74789453       19.216124       1092.7368       1462.3171       9.0373178       -16.480544          25.517862       2958.7347                 20.474654                 395.91114                                648.32689                      28.024142                   19.216124                  1462.3171       223.99225         160.4724
              1       1486.0984     0.023751069        69.64239       3.0252982      0.98373828       7.6720704      0.74120595      0.27428916       0.1199979      0.99239343      0.99412261      0.99839092      0.99232673      0.99295035      0.13397624   2.0600146e-09      0.95102935      0.81441496      0.25299415      0.74789453       19.216124        1092.396       1462.3171       7.1763113       -18.341551          25.517862       2957.8442                 20.479775                 395.91114                                648.13303                      27.872068                   19.216124                  1462.3171       223.95357        159.96138
              1       1485.4976     0.023751069        69.64239       3.0252982      0.98373828       7.6720704      0.74120595      0.27428916       0.1199979      0.99239343      0.99413614      0.99908833      0.99435863      0.99473321      0.13397624   2.0600146e-09      0.95102935      0.81441496      0.25299415      0.74789453       19.216124        1092.396       1462.3171       6.2887736       -19.229088          25.517862       2958.4176                 20.479775                 395.91114                                648.13303                      27.872068                   19.216124                  1462.3171        223.3349        161.15346
              1       1486.7155     0.023751069        69.64239       3.0252982      0.98373828       7.6720704      0.74120595      0.27428916       0.1199979      0.99239343      0.99352009       1.0020437      0.99212501      0.99023221      0.13397624   2.0600146e-09      0.95102935      0.81441496      0.25299415      0.74789453       19.216124        1092.396       1462.3171       8.1001877       -17.417674          25.517862       2957.2305                 20.479775                 395.91114                                648.13303                      27.872068                   19.216124                  1462.3171       222.03462        161.26663
              2       1485.8541     0.023751069        69.64239       3.0252982      0.98373828       7.6720704      0.74120595      0.27428916       0.1199979      0.99210417      0.99442554      0.99935602      0.99476373      0.99245809      0.13397624   2.0600146e-09      0.95102935      0.81441496      0.25299415      0.74789453       19.216124       1091.6069       1462.3171       6.6299979       -18.887864          25.517862       2958.4482                 20.494818                 395.91864                                647.75981                      27.433635                   19.216124                  1462.3171       223.37309        161.93498
              1       1484.3396     0.023685357       69.530781       3.0270461      0.98753384       7.9472075      0.73981271      0.27782303      0.10676528      0.99199796      0.99464071       1.0018171      0.98903392      0.99624928      0.12106891   2.0636185e-09      0.95100794      0.82478262      0.25423367      0.75926854       16.848167       1100.6113       1463.2914       6.1869639       -16.986022          23.172986       2956.3052                 20.249482                 396.37689                                657.48895                      26.495968                   16.848167                  1463.2914       216.62459        158.92979
              1       1484.1871     0.023685357       69.530781       3.0270461      0.98753384       7.9472075      0.73981271      0.27782303      0.10676528      0.99199796      0.99449019       1.0016653      0.98897497      0.99590951      0.12106891   2.0636185e-09      0.95100794      0.82478262      0.25423367      0.75926854       16.848167       1100.6113       1463.2914       6.3352114       -16.837775          23.172986       2955.7038                 20.249482                 396.37689                                657.48895                      26.495968                   16.848167                  1463.2914       216.20099        158.75197
              1       1483.1659     0.023685357       69.530781       3.0270461      0.98753384       7.9472075      0.73981271      0.27782303      0.10676528      0.99199796      0.99449019       1.0016653      0.99538676      0.99355775      0.12106891   2.0636185e-09      0.95100794      0.82478262      0.25423367      0.75926854       16.848167       1100.6113       1463.2914       4.0827185       -19.090268          23.172986       2958.1664                 20.249482                 396.37689                                657.48895                      26.495968                   16.848167                  1463.2914       216.20099        161.21454
              1       1483.6303     0.023685357       69.530781       3.0270461      0.98753384       7.9472075      0.73981271      0.27782303      0.10676528      0.99199796      0.99547088       1.0009196      0.99535067      0.99376388      0.12106891   2.0636185e-09      0.95100794      0.82478262      0.25423367      0.75926854       16.848167       1100.6113       1463.2914       3.5193396       -19.653647          23.172986       2960.2219                 20.249482                 396.37689                                657.48895                      26.495968                   16.848167                  1463.2914       218.29686        161.17422
              1       1484.7429     0.023685357       69.530781       3.0270461      0.98753384       7.9472075      0.73981271      0.27782303      0.10676528      0.99199796      0.99179139      0.99839974      0.99447089       0.9926739      0.12106891   2.0636185e-09      0.95100794      0.82478262      0.25423367      0.75926854       16.848167       1100.6113       1463.2914       6.4850712       -16.687915          23.172986       2956.5157                 20.249482                 396.37689                                657.48895                      26.495968                   16.848167                  1463.2914       215.62984        160.13501
              1       1484.0008     0.023685357       69.530781       3.0270461      0.98753384       7.9472075      0.73981271      0.27782303      0.10676528      0.99199796      0.99323663       1.0045869      0.99453876      0.99335595      0.12106891   2.0636185e-09      0.95100794      0.82478262      0.25423367      0.75926854       16.848167       1100.6113       1463.2914       5.1743174       -17.998669          23.172986        2957.653                 20.249482                 396.37689                                657.48895                      26.495968                   16.848167                  1463.2914       216.73787        160.16435
              1       1482.9296     0.023685357       69.530781       3.0270461      0.98753384       7.9472075      0.73981271      0.27782303      0.10676528      0.99199796      0.99419381      0.99805008      0.99461851      0.99400752      0.12106891   2.0636185e-09      0.95100794      0.82478262      0.25423367      0.75926854       16.848167       1100.6113       1463.2914       4.4065743       -18.766412          23.172986        2957.046                 20.249482                 396.37689                                657.48895                      26.495968                   16.848167                  1463.2914       216.00444        160.29074
              1       1480.4795     0.023685357       69.530781       3.0270461      0.98753384       7.9472075      0.73981271      0.27782303      0.10676528       0.9900124      0.99419236      0.99879973      0.99480831      0.99429586      0.12106891   2.0636185e-09      0.95100794      0.82478262      0.25423367      0.75926854       16.848167       1090.3488       1463.2914        7.183389       -15.989597          23.172986       2946.5922                 20.313492                 396.36338                                649.96404                      23.707864                   16.848167                  1463.2914       215.55202        160.55188
              1       1480.4026     0.023685357       69.530781       3.0270461      0.98753384       7.9472075      0.73981271      0.27782303      0.10676528      0.99054039      0.99419275      0.99860038      0.99476136        0.994007      0.12106891   2.0636185e-09      0.95100794      0.82478262      0.25423367      0.75926854       16.848167       1091.7446       1463.2914       6.4058124       -16.767174          23.172986       2947.9936                 20.295216                 396.35281                                650.66861                      24.427997                   16.848167                  1463.2914       215.65331        160.45612
              1       1482.6381     0.023685357       69.530781       3.0270461      0.98753384       7.9472075      0.73981271      0.27782303      0.10676528      0.98957137      0.99640498        1.000318      0.99482296       0.9947704      0.12106891   2.0636185e-09      0.95100794      0.82478262      0.25423367      0.75926854       16.848167       1089.9376       1463.2914       6.6950669       -16.477919          23.172986        2951.886                   20.3295                  396.3891                                650.10075                      23.118246                   16.848167                  1463.2914       221.13991        160.66898
              1       1481.1487     0.023685357       69.530781       3.0270461      0.98753384       7.9472075      0.73981271      0.27782303      0.10676528      0.98957137      0.99402956      0.99887429      0.99204228       0.9970255      0.12106891   2.0636185e-09      0.95100794      0.82478262      0.25423367      0.75926854       16.848167       1089.9376       1463.2914       8.6882156       -14.484771          23.172986       2944.9209                   20.3295                  396.3891                                650.10075                      23.118246                   16.848167                  1463.2914       215.31401        159.52977
              1       1482.0667     0.023685357       69.530781       3.0270461      0.98753384       7.9472075      0.73981271      0.27782303      0.10676528      0.98957137      0.99402956      0.99887429      0.99536972      0.99062665      0.12106891   2.0636185e-09      0.95100794      0.82478262      0.25423367      0.75926854       16.848167       1089.9376       1463.2914       8.3968558        -14.77613          23.172986       2947.3397                   20.3295                  396.3891                                650.10075                      23.118246                   16.848167                  1463.2914       215.31401        161.94855
              1       1481.1316     0.023685357       69.530781       3.0270461      0.98753384       7.9472075      0.73981271      0.27782303      0.10676528      0.98957137      0.99402956      0.99887429      0.99133846      0.99224513      0.12106891   2.0636185e-09      0.95100794      0.82478262      0.25423367      0.75926854       16.848167       1089.9376       1463.2914       9.4635354       -13.709451          23.172986       2943.3362                   20.3295                  396.3891                                650.10075                      23.118246                   16.848167                  1463.2914       215.31401        157.94502
              1       1481.2407     0.023685357       69.530781       3.0270461      0.98753384       7.9472075      0.73981271      0.27782303      0.10676528      0.98957137      0.99402956      0.99887429      0.99104946      0.99214866      0.12106891   2.0636185e-09      0.95100794      0.82478262      0.25423367      0.75926854       16.848167       1089.9376       1463.2914       9.6040142       -13.568972          23.172986       2943.2733                   20.3295                  396.3891                                650.10075                      23.118246                   16.848167                  1463.2914       215.31401        157.88217
              1       1481.9361     0.023685357       69.530781       3.0270461      0.98753384       7.9472075      0.73981271      0.27782303      0.10676528      0.99127219       0.9923159       1.0030807      0.99192966      0.99625262      0.12106891   2.0636185e-09      0.95100794      0.82478262      0.25423367      0.75926854       16.848167       1095.2992       1463.2914       7.4755619       -15.697424          23.172986       2948.9211                 20.271429                  396.3746                                653.20158                      25.451632                   16.848167                  1463.2914       214.49597        158.98637
              1       1481.5477     0.023685357       69.530781       3.0270461      0.98753384       7.9472075      0.73981271      0.27782303      0.10676528       0.9900052      0.99231498        1.003559      0.99205078      0.99643661      0.12106891   2.0636185e-09      0.95100794      0.82478262      0.25423367      0.75926854       16.848167       1090.3362       1463.2914       9.3132138       -13.859772          23.172986       2944.4689                 20.313748                 396.36338                                649.96096                      23.698146                   16.848167                  1463.2914       214.84767        159.14546
              1       1480.8834     0.023685357       69.530781       3.0270461      0.98753384       7.9472075      0.73981271      0.27782303      0.10676528      0.99019871       0.9948577      0.99998518      0.99293829      0.99809644      0.12106891   2.0636185e-09      0.95100794      0.82478262      0.25423367      0.75926854       16.848167       1090.7337       1463.2914       6.7784608       -16.394525          23.172986       2948.2098                  20.30693                 396.36172                                650.10484                       23.96021                   16.848167                  1463.2914       216.47234        160.86429
              2       1480.2559     0.023685357       69.530781       3.0270461      0.98753384       7.9472075      0.73981271      0.27782303      0.10676528      0.99019871       0.9948577      0.99998518      0.99280169      0.99593052      0.12106891   2.0636185e-09      0.95100794      0.82478262      0.25423367      0.75926854       16.848167       1090.7337       1463.2914       6.9491619       -16.223824          23.172986       2946.6134                  20.30693                 396.36172                                650.10484                       23.96021                   16.848167                  1463.2914       216.47234        159.26785
              1        1480.227     0.023685357       69.530781       3.0270461      0.98753384       7.9472075      0.73981271      0.27782303      0.10676528      0.99019871      0.99480933      0.99988927      0.99280126      0.99591347      0.12106891   2.0636185e-09      0.95100794      0.82478262      0.25423367      0.75926854       16.848167       1090.7337       1463.2914       6.9783977       -16.194588          23.172986       2946.4972                  20.30693                 396.36172                                650.10484                       23.96021                   16.848167                  1463.2914       216.36485        159.25908
              1       1480.2939     0.023685357       69.530781       3.0270461      0.98753384       7.9472075      0.73981271      0.27782303      0.10676528      0.99074608      0.99480973      0.99968261      0.99274894      0.99583398      0.12106891   2.0636185e-09      0.95100794      0.82478262      0.25423367      0.75926854       16.848167       1092.5539       1463.2914       6.1687128       -17.004273          23.172986       2948.2503                 20.288361                 396.35452                                651.19827                      24.712721                   16.848167                  1463.2914       216.36986        159.18703
              1       1480.5011     0.023685357       69.530781       3.0270461      0.98753384       7.9472075      0.73981271      0.27782303      0.10676528      0.99074608      0.99480973      0.99968261      0.99149732      0.99269507      0.12106891   2.0636185e-09      0.95100794      0.82478262      0.25423367      0.75926854       16.848167       1092.5539       1463.2914        6.998367       -16.174619          23.172986       2947.0055                 20.288361                 396.35452                                651.19827                      24.712721                   16.848167                  1463.2914       216.36986        157.94228
              1        1480.373     0.023685357       69.530781       3.0270461      0.98753384       7.9472075      0.73981271      0.27782303      0.10676528      0.99035256      0.99480944      0.99983119      0.99131576      0.99307419      0.12106891   2.0636185e-09      0.95100794      0.82478262      0.25423367      0.75926854       16.848167       1091.1342       1463.2914       7.6199294       -15.553057          23.172986       2945.5062                 20.301606                 396.35281                                650.30979                      24.170036                   16.848167                  1463.2914       216.36479         157.8676
              1       1480.5131     0.023685357       69.530781       3.0270461      0.98753384       7.9472075      0.73981271      0.27782303      0.10676528      0.99035256       0.9950187       1.0004196      0.99132048      0.99315698      0.12106891   2.0636185e-09      0.95100794      0.82478262      0.25423367      0.75926854       16.848167       1091.1342       1463.2914       7.4888633       -15.684123          23.172986       2946.0484                 20.301606                 396.35281                                650.30979                      24.170036                   16.848167                  1463.2914       216.90559        157.86906
              1       1482.6357     0.023685357       69.530781       3.0270461      0.98753384       7.9472075      0.73981271      0.27782303      0.10676528      0.99035256      0.99496665      0.99962839      0.99810575      0.99320998      0.12106891   2.0636185e-09      0.95100794      0.82478262      0.25423367      0.75926854       16.848167       1091.1342       1463.2914       5.7315806       -17.441406          23.172986       2953.8082                 20.301606                 396.35281                                650.30979                      24.170036                   16.848167                  1463.2914       216.71054        165.82393
              2        1481.125     0.023685357       69.530781       3.0270461      0.98753384       7.9472075      0.73981271      0.27782303      0.10676528      0.99035256      0.99496665      0.99962839      0.99202927      0.99837576      0.12106891   2.0636185e-09      0.95100794      0.82478262      0.25423367      0.75926854       16.848167       1091.1342       1463.2914       6.8070888       -16.365897          23.172986       2948.6357                 20.301606                 396.35281                                650.30979                      24.170036                   16.848167                  1463.2914       216.71054        160.65143
              1        1480.946     0.023685357       69.530781       3.0270461      0.98753384       7.9472075      0.73981271      0.27782303      0.10676528      0.99035256      0.99496665      0.99962839      0.99559255      0.99277044      0.12106891   2.0636185e-09      0.95100794      0.82478262      0.25423367      0.75926854       16.848167       1091.1342       1463.2914       6.1826689       -16.990317          23.172986       2949.5267                 20.301606                 396.35281                                650.30979                      24.170036                   16.848167                  1463.2914       216.71054        161.54239
              1       1481.1311     0.023685357       69.530781       3.0270461      0.98753384       7.9472075      0.73981271      0.27782303      0.10676528      0.99035256      0.99526763      0.99995896      0.99559076      0.99286275      0.12106891   2.0636185e-09      0.95100794      0.82478262      0.25423367      0.75926854       16.848167       1091.1342       1463.2914       6.0072172       -17.165769          23.172986       2950.2479                 20.301606                 396.35281                                650.30979                      24.170036                   16.848167                  1463.2914       217.44565        161.52844
              1       1480.9084     0.023685357       69.530781       3.0270461      0.98753384       7.9472075      0.73981271      0.27782303      0.10676528      0.99035256      0.99526763      0.99995896       0.9919084      0.99142423      0.12106891   2.0636185e-09      0.95100794      0.82478262      0.25423367      0.75926854       16.848167       1091.1342       1463.2914       7.3627275       -15.810259          23.172986       2947.0912                 20.301606                 396.35281                                650.30979                      24.170036                   16.848167                  1463.2914       217.44565        158.37183
              1       1481.1487     0.023685357       69.530781       3.0270461      0.98753384       7.9472075      0.73981271      0.27782303      0.10676528      0.99000423      0.99508228       1.0004167      0.99066447      0.99647757      0.12106891   2.0636185e-09      0.95100794      0.82478262      0.25423367      0.75926854       16.848167       1090.3346       1463.2914       7.9687643       -15.204222          23.172986       2946.3599                 20.313782                 396.36338                                649.96056                      23.696846                   16.848167                  1463.2914       217.06053         158.8253
              1       1481.5991     0.023685357       69.530781       3.0270461      0.98753384       7.9472075      0.73981271      0.27782303      0.10676528      0.99000423      0.99508228       1.0004167      0.99491265      0.99845703      0.12106891   2.0636185e-09      0.95100794      0.82478262      0.25423367      0.75926854       16.848167       1090.3346       1463.2914       6.3543012       -16.818685          23.172986       2950.4897                 20.313782                 396.36338                                649.96056                      23.696846                   16.848167                  1463.2914       217.06053        162.95505
              1       1481.8423     0.023685357       69.530781       3.0270461      0.98753384       7.9472075      0.73981271      0.27782303      0.10676528      0.99000423       0.9951174       1.0005131      0.98983106      0.99109165      0.12106891   2.0636185e-09      0.95100794      0.82478262      0.25423367      0.75926854       16.848167       1090.3346       1463.2914       8.9861721       -14.186814          23.172986       2945.7123                 20.313782                 396.36338                                649.96056                      23.696846                   16.848167                  1463.2914       217.17383        158.06435
              1       1482.2821     0.023685357       69.530781       3.0270461      0.98753384       7.9472075      0.73981271      0.27782303      0.10676528       0.9900236      0.99261874       1.0049043      0.99496899      0.99617252      0.12106891   2.0636185e-09      0.95100794      0.82478262      0.25423367      0.75926854       16.848167       1090.3686       1463.2914       8.1085581       -15.064428          23.172986       2948.3471                 20.313094                 396.36338                                649.96918                      23.722981                   16.848167                  1463.2914       216.45999        161.37897
              1       1480.5366     0.023685357       69.530781       3.0270461      0.98753384       7.9472075      0.73981271      0.27782303      0.10676528       0.9900236      0.99418337       1.0007276      0.99486177      0.99634631      0.12106891   2.0636185e-09      0.95100794      0.82478262      0.25423367      0.75926854       16.848167       1090.3686       1463.2914       6.9760945       -16.196892          23.172986       2947.1211                 20.313094                 396.36338                                649.96918                      23.722981                   16.848167                  1463.2914       215.26886        161.34404
              1       1480.8799     0.023685357       69.530781       3.0270461      0.98753384       7.9472075      0.73981271      0.27782303      0.10676528      0.99116755       0.9941842       1.0002957      0.99475241      0.99618019      0.12106891   2.0636185e-09      0.95100794      0.82478262      0.25423367      0.75926854       16.848167       1094.6818       1463.2914       5.2941631       -17.878823          23.172986       2951.1715                  20.27473                  396.3746                                652.72899                      25.303452                   16.848167                  1463.2914       215.22018        161.13002
              1       1481.1205     0.023685357       69.530781       3.0270461      0.98753384       7.9472075      0.73981271      0.27782303      0.10676528      0.99116755       0.9941842       1.0002957      0.99024609      0.99492445      0.12106891   2.0636185e-09      0.95100794      0.82478262      0.25423367      0.75926854       16.848167       1094.6818       1463.2914       7.0764572       -16.096529          23.172986       2948.0881                  20.27473                  396.3746                                652.72899                      25.303452                   16.848167                  1463.2914       215.22018        158.04666
              1       1481.3703     0.023685357       69.530781       3.0270461      0.98753384       7.9472075      0.73981271      0.27782303      0.10676528      0.99116755      0.99371405      0.99868414      0.99023067       0.9947234      0.12106891   2.0636185e-09      0.95100794      0.82478262      0.25423367      0.75926854       16.848167       1094.6818       1463.2914       7.4196997       -15.753286          23.172986       2947.9012                  20.27473                  396.3746                                652.72899                      25.303452                   16.848167                  1463.2914       215.10072        157.97917
              1        1481.501     0.023685357       69.530781       3.0270461      0.98753384       7.9472075      0.73981271      0.27782303      0.10676528      0.99116755      0.99324147      0.99949142      0.99006867      0.99539027      0.12106891   2.0636185e-09      0.95100794      0.82478262      0.25423367      0.75926854       16.848167       1094.6818       1463.2914       7.7789574       -15.394029          23.172986        2947.444                  20.27473                  396.3746                                652.72899                      25.303452                   16.848167                  1463.2914       214.38078        158.24196
              1       1481.0995     0.023685357       69.530781       3.0270461      0.98753384       7.9472075      0.73981271      0.27782303      0.10676528      0.99116755      0.99324147      0.99949142      0.99364147      0.99706324      0.12106891   2.0636185e-09      0.95100794      0.82478262      0.25423367      0.75926854       16.848167       1094.6818       1463.2914       6.2160661        -16.95692          23.172986       2949.7668                  20.27473                  396.3746                                652.72899                      25.303452                   16.848167                  1463.2914       214.38078        160.56473
              1       1481.3183     0.023685357       69.530781       3.0270461      0.98753384       7.9472075      0.73981271      0.27782303      0.10676528      0.99116755      0.99323093      0.99954644      0.99487315      0.99691963      0.12106891   2.0636185e-09      0.95100794      0.82478262      0.25423367      0.75926854       16.848167       1094.6818       1463.2914       5.8813143       -17.291672          23.172986       2950.8741                  20.27473                  396.3746                                652.72899                      25.303452                   16.848167                  1463.2914       214.35365        161.69911
              1       1480.9826     0.023685357       69.530781       3.0270461      0.98753384       7.9472075      0.73981271      0.27782303      0.10676528      0.99116755      0.99324429       1.0023082      0.99290008      0.99627808      0.12106891   2.0636185e-09      0.95100794      0.82478262      0.25423367      0.75926854       16.848167       1094.6818       1463.2914       6.5108794       -16.662107          23.172986       2948.9434                  20.27473                  396.3746                                652.72899                      25.303452                   16.848167                  1463.2914       214.60574        159.51636
              1       1480.7504     0.023685357       69.530781       3.0270461      0.98753384       7.9472075      0.73981271      0.27782303      0.10676528      0.99097453      0.99324415       1.0023811      0.99291853      0.99630611      0.12106891   2.0636185e-09      0.95100794      0.82478262      0.25423367      0.75926854       16.848167       1093.6131       1463.2914       6.7782817       -16.394705          23.172986       2947.9442                 20.280906                 396.34669                                651.95377                        25.0317                   16.848167                  1463.2914        214.6472        159.54437
              2       1481.0583     0.023685357       69.530781       3.0270461      0.98753384       7.9472075      0.73981271      0.27782303      0.10676528      0.99097453      0.99450926      0.99845265      0.99035267       0.9941737      0.12106891   2.0636185e-09      0.95100794      0.82478262      0.25423367      0.75926854       16.848167       1093.6131       1463.2914       7.1741675       -15.998819          23.172986       2947.7682                 20.280906                 396.34669                                651.95377                        25.0317                   16.848167                  1463.2914       216.18343         157.8322
              1       1481.0589     0.023685357       69.530781       3.0270461      0.98753384       7.9472075      0.73981271      0.27782303      0.10676528      0.99097453      0.99450926      0.99845265      0.99035137      0.99417479      0.12106891   2.0636185e-09      0.95100794      0.82478262      0.25423367      0.75926854       16.848167       1093.6131       1463.2914       7.1746718       -15.998314          23.172986       2947.7684                 20.280906                 396.34669                                651.95377                        25.0317                   16.848167                  1463.2914       216.18343        157.83241
              1       1486.8734     0.023685357       69.530781       3.0270461      0.98753384       7.9472075      0.73981271      0.27782303      0.10676528      0.99289223      0.99516483      0.99802883      0.99179652      0.99713965      0.12106891   2.0636185e-09      0.95100794      0.82478262      0.25423367      0.75926854       16.848167       1109.5832       1463.2914       3.4400358        -19.73295          23.172986       2966.8668                 20.225038                 396.35025                                665.18556                      27.822337                   16.848167                  1463.2914       217.62691        159.51714
              1       1481.5022     0.023685357       69.530781       3.0270461      0.98753384       7.9472075      0.73981271      0.27782303      0.10676528      0.99062479      0.99319438      0.99905286      0.99346837      0.99906944      0.12106891   2.0636185e-09      0.95100794      0.82478262      0.25423367      0.75926854       16.848167       1092.0599       1463.2914       7.0240858         -16.1489          23.172986       2948.9563                 20.292387                 396.35429                                650.86865                      24.544536                   16.848167                  1463.2914       214.57248        162.18442
              1       1481.6579     0.023685357       69.530781       3.0270461      0.98753384       7.9472075      0.73981271      0.27782303      0.10676528      0.99062479        0.994192      0.99793746      0.99342572      0.99926061      0.12106891   2.0636185e-09      0.95100794      0.82478262      0.25423367      0.75926854       16.848167       1092.0599       1463.2914       6.3358459        -16.83714          23.172986       2950.6441                 20.292387                 396.35429                                650.86865                      24.544536                   16.848167                  1463.2914       216.08693        162.35774
              2       1482.5115     0.023685357       69.530781       3.0270461      0.98753384       7.9472075      0.73981271      0.27782303      0.10676528      0.99138218      0.99419255       0.9976515      0.99028003      0.99110678      0.12106891   2.0636185e-09      0.95100794      0.82478262      0.25423367      0.75926854       16.848167       1095.9883       1463.2914        7.259535       -15.913451          23.172986        2950.504                 20.267994                 396.37431                                653.73797                      25.608046                   16.848167                  1463.2914       216.32231        158.05385
              1       1485.0058     0.023685357       69.530781       3.0270461      0.98753384       7.9472075      0.73981271      0.27782303      0.10676528      0.99138218      0.99507804      0.99619192      0.99276303       1.0015228      0.12106891   2.0636185e-09      0.95100794      0.82478262      0.25423367      0.75926854       16.848167       1095.9883       1463.2914       4.9611994       -18.211787          23.172986       2960.0892                 20.267994                 396.37431                                653.73797                      25.608046                   16.848167                  1463.2914       219.09496        164.86639
              1       1488.2299     0.023685357       69.530781       3.0270461      0.98753384       7.9472075      0.73981271      0.27782303      0.10676528      0.99138218      0.99771642      0.99917349      0.99274879       1.0023363      0.12106891   2.0636185e-09      0.95100794      0.82478262      0.25423367      0.75926854       16.848167       1095.9883       1463.2914       3.9398521       -19.233134          23.172986       2968.5801                 20.267994                 396.37431                                653.73797                      25.608046                   16.848167                  1463.2914       226.31439        166.13786
              1       1481.0896     0.023685357       69.530781       3.0270461      0.98753384       7.9472075      0.73981271      0.27782303      0.10676528      0.99095017       0.9943898       1.0031382      0.99401295      0.99433986      0.12106891   2.0636185e-09      0.95100794      0.82478262      0.25423367      0.75926854       16.848167       1093.4908       1463.2914       5.8457188       -17.327267          23.172986       2950.4877                 20.281694                 396.34669                                651.86483                      24.997546                   16.848167                  1463.2914       217.15771        159.69968
              1        1481.104     0.023685357       69.530781       3.0270461      0.98753384       7.9472075      0.73981271      0.27782303      0.10676528      0.99095017       0.9943898       1.0031382      0.99408995      0.99444655      0.12106891   2.0636185e-09      0.95100794      0.82478262      0.25423367      0.75926854       16.848167       1093.4908       1463.2914       5.8116807       -17.361305          23.172986       2950.5847                 20.281694                 396.34669                                651.86483                      24.997546                   16.848167                  1463.2914       217.15771        159.79666
              1       1481.0977     0.023685357       69.530781       3.0270461      0.98753384       7.9472075      0.73981271      0.27782303      0.10676528      0.99095017       0.9943898       1.0031382      0.99404191      0.99421694      0.12106891   2.0636185e-09      0.95100794      0.82478262      0.25423367      0.75926854       16.848167       1093.4908       1463.2914       5.8504458        -17.32254          23.172986       2950.4946                 20.281694                 396.34669                                651.86483                      24.997546                   16.848167                  1463.2914       217.15771        159.70659
              1       1481.2322     0.023685357       69.530781       3.0270461      0.98753384       7.9472075      0.73981271      0.27782303      0.10676528      0.99095017      0.99318416        1.004014      0.99305313      0.99405784      0.12106891   2.0636185e-09      0.95100794      0.82478262      0.25423367      0.75926854       16.848167       1093.4908       1463.2914       7.0168588       -16.156127          23.172986       2948.4306                 20.281694                 396.34669                                651.86483                      24.997546                   16.848167                  1463.2914       215.96988        158.83047
              1       1482.6791     0.023685357       69.530781       3.0270461      0.98753384       7.9472075      0.73981271      0.27782303      0.10676528      0.99037635      0.99419871       1.0059046      0.99334743      0.99366699      0.12106891   2.0636185e-09      0.95100794      0.82478262      0.25423367      0.75926854       16.848167       1091.2048       1463.2914       7.1090525       -16.063934          23.172986       2951.1401                  20.30079                 396.35281                                650.34863                      24.202593                   16.848167                  1463.2914        220.7805         159.0152
              1       1483.8969     0.023685357       69.530781       3.0270461      0.98753384       7.9472075      0.73981271      0.27782303      0.10676528      0.99037635      0.99749194      0.99637334      0.99206084       0.9926841      0.12106891   2.0636185e-09      0.95100794      0.82478262      0.25423367      0.75926854       16.848167       1091.2048       1463.2914       6.1813249       -16.991661          23.172986       2955.4311                  20.30079                 396.35281                                650.34863                      24.202593                   16.848167                  1463.2914       225.90619         158.1806
              1       1483.7401     0.023685357       69.530781       3.0270461      0.98753384       7.9472075      0.73981271      0.27782303      0.10676528      0.99037635       0.9948276       1.0062069      0.99220378      0.99233473      0.12106891   2.0636185e-09      0.95100794      0.82478262      0.25423367      0.75926854       16.848167       1091.2048       1463.2914       7.3119061        -15.86108          23.172986       2952.8563                  20.30079                 396.35281                                650.34863                      24.202593                   16.848167                  1463.2914       223.21324        158.29872
              1       1483.1942     0.023685357       69.530781       3.0270461      0.98753384       7.9472075      0.73981271      0.27782303      0.10676528      0.99037635       0.9939053       1.0063172      0.99222791      0.99211019      0.12106891   2.0636185e-09      0.95100794      0.82478262      0.25423367      0.75926854       16.848167       1091.2048       1463.2914       7.9129475       -15.260039          23.172986       2950.5626                  20.30079                 396.35281                                650.34863                      24.202593                   16.848167                  1463.2914       220.86546        158.35275
              1       1480.9461     0.023685357       69.530781       3.0270461      0.98753384       7.9472075      0.73981271      0.27782303      0.10676528      0.99037635        0.994491      0.99739934      0.99206557      0.99179343      0.12106891   2.0636185e-09      0.95100794      0.82478262      0.25423367      0.75926854       16.848167       1091.2048       1463.2914       7.6468453       -15.526141          23.172986       2946.5985                  20.30079                 396.35281                                650.34863                      24.202593                   16.848167                  1463.2914       216.91379        158.34038
              1       1487.5028     0.023685357       69.530781       3.0270461      0.98753384       7.9472075      0.73981271      0.27782303      0.10676528      0.99037635        0.994491      0.99739934      0.98537413      0.98828867      0.12106891   2.0636185e-09      0.95100794      0.82478262      0.25423367      0.75926854       16.848167       1091.2048       1463.2914       12.051288       -11.121698          23.172986        2950.903                  20.30079                 396.35281                                650.34863                      24.202593                   16.848167                  1463.2914       216.91379        162.64487
              1       1481.5271     0.023685357       69.530781       3.0270461      0.98753384       7.9472075      0.73981271      0.27782303      0.10676528      0.99037635        0.994491      0.99739934      0.99060471      0.99726589      0.12106891   2.0636185e-09      0.95100794      0.82478262      0.25423367      0.75926854       16.848167       1091.2048       1463.2914        7.708319       -15.464667          23.172986       2947.6376                  20.30079                 396.35281                                650.34863                      24.202593                   16.848167                  1463.2914       216.91379        159.37947
              1       1481.4971     0.023685357       69.530781       3.0270461      0.98753384       7.9472075      0.73981271      0.27782303      0.10676528      0.99037635      0.99166854       1.0008547      0.99369284      0.99297216      0.12106891   2.0636185e-09      0.95100794      0.82478262      0.25423367      0.75926854       16.848167       1091.2048       1463.2914       9.0724266        -14.10056          23.172986       2944.8493                  20.30079                 396.35281                                650.34863                      24.202593                   16.848167                  1463.2914        214.1931        159.31183
              1       1483.4652     0.023685357       69.530781       3.0270461      0.98753384       7.9472075      0.73981271      0.27782303      0.10676528      0.99037635      0.99454947      0.99431651      0.99575046      0.99392111      0.12106891   2.0636185e-09      0.95100794      0.82478262      0.25423367      0.75926854       16.848167       1091.2048       1463.2914       6.2102049       -16.962781          23.172986         2954.51                  20.30079                 396.35281                                650.34863                      24.202593                   16.848167                  1463.2914       221.42839         161.7373
              1       1484.0958     0.023685357       69.530781       3.0270461      0.98753384       7.9472075      0.73981271      0.27782303      0.10676528      0.99002839      0.99351224       1.0015077       0.9989933      0.99118522      0.12106891   2.0636185e-09      0.95100794      0.82478262      0.25423367      0.75926854       16.848167       1090.3772       1463.2914        7.406339       -15.766647          23.172986       2953.3789                 20.312924                 396.36338                                 649.9715                      23.729438                   16.848167                  1463.2914       214.53606        168.32611
              1        1480.736     0.023685357       69.530781       3.0270461      0.98753384       7.9472075      0.73981271      0.27782303      0.10676528      0.99002839      0.99351224       1.0015077      0.99412323      0.99746924      0.12106891   2.0636185e-09      0.95100794      0.82478262      0.25423367      0.75926854       16.848167       1090.3772       1463.2914       7.5632851       -15.609701          23.172986       2946.3454                 20.312924                 396.36338                                 649.9715                      23.729438                   16.848167                  1463.2914       214.53606        161.29256
              1       1480.5898     0.023685357       69.530781       3.0270461      0.98753384       7.9472075      0.73981271      0.27782303      0.10676528      0.99020979      0.99352923       1.0012763      0.99410278      0.99743865      0.12106891   2.0636185e-09      0.95100794      0.82478262      0.25423367      0.75926854       16.848167       1090.7605       1463.2914        7.271705       -15.901281          23.172986       2946.6362                 20.306544                 396.36172                                650.11692                      23.975276                   16.848167                  1463.2914       214.48634        161.24986
              1        1480.043     0.023685357       69.530781       3.0270461      0.98753384       7.9472075      0.73981271      0.27782303      0.10676528      0.99020979      0.99352923       1.0012763      0.99216383      0.99473253      0.12106891   2.0636185e-09      0.95100794      0.82478262      0.25423367      0.75926854       16.848167       1090.7605       1463.2914       8.1325468       -15.040439          23.172986        2943.821                 20.306544                 396.36172                                650.11692                      23.975276                   16.848167                  1463.2914       214.48634        158.43466
              1       1480.3433     0.023685357       69.530781       3.0270461      0.98753384       7.9472075      0.73981271      0.27782303      0.10676528      0.99020979      0.99457135       1.0018203      0.99225298      0.99376259      0.12106891   2.0636185e-09      0.95100794      0.82478262      0.25423367      0.75926854       16.848167       1090.7605       1463.2914       7.5147424       -15.658244          23.172986       2945.6571                 20.306544                 396.36172                                650.11692                      23.975276                   16.848167                  1463.2914       216.46971        158.28737
              1       1480.6279     0.023685357       69.530781       3.0270461      0.98753384       7.9472075      0.73981271      0.27782303      0.10676528      0.99073494      0.99288281      0.99921689      0.99220364      0.99313978      0.12106891   2.0636185e-09      0.95100794      0.82478262      0.25423367      0.75926854       16.848167       1092.5064       1463.2914       7.9872824       -15.185704          23.172986       2945.2812                 20.288729                 396.35452                                651.16592                      24.697238                   16.848167                  1463.2914       214.40471        158.23056
              1       1480.9128     0.023685357       69.530781       3.0270461      0.98753384       7.9472075      0.73981271      0.27782303      0.10676528      0.99073494      0.99288281      0.99921689      0.99506352      0.99501393      0.12106891   2.0636185e-09      0.95100794      0.82478262      0.25423367      0.75926854       16.848167       1092.5064       1463.2914        6.874119       -16.298867          23.172986       2948.0774                 20.288729                 396.35452                                651.16592                      24.697238                   16.848167                  1463.2914       214.40471        161.02679
              2       1481.1347     0.023685357       69.530781       3.0270461      0.98753384       7.9472075      0.73981271      0.27782303      0.10676528      0.99073494      0.99288281      0.99921689      0.99528123      0.99618133      0.12106891   2.0636185e-09      0.95100794      0.82478262      0.25423367      0.75926854       16.848167       1092.5064       1463.2914       6.7247469       -16.448239          23.172986       2948.8198                 20.288729                 396.35452                                651.16592                      24.697238                   16.848167                  1463.2914       214.40471        161.76917
              1       1483.9539     0.023685357       69.530781       3.0270461      0.98753384       7.9472075      0.73981271      0.27782303      0.10676528      0.99073494      0.99288281      0.99921689      0.99214977       1.0021952      0.12106891   2.0636185e-09      0.95100794      0.82478262      0.25423367      0.75926854       16.848167       1092.5064       1463.2914       7.6085535       -15.564433          23.172986       2952.6907                 20.288729                 396.35452                                651.16592                      24.697238                   16.848167                  1463.2914       214.40471        165.64009
              1       1482.7707     0.023685357       69.530781       3.0270461      0.98753384       7.9472075      0.73981271      0.27782303      0.10676528      0.99073494      0.99288281      0.99921689      0.99784304      0.99315104      0.12106891   2.0636185e-09      0.95100794      0.82478262      0.25423367      0.75926854       16.848167       1092.5064       1463.2914       6.5936982       -16.579288          23.172986       2952.3539                 20.288729                 396.35452                                651.16592                      24.697238                   16.848167                  1463.2914       214.40471        165.30328
              1       1486.2457     0.023685357       69.530781       3.0270461      0.98753384       7.9472075      0.73981271      0.27782303      0.10676528      0.98909038      0.99420838       1.0018211      0.99972265      0.99205179      0.12106891   2.0636185e-09      0.95100794      0.82478262      0.25423367      0.75926854       16.848167       1090.2528       1463.2914       8.3377271       -14.835259          23.172986       2955.8159                  20.34763                 396.41185                                651.00576                      22.487613                   16.848167                  1463.2914       215.72537        169.69815
              1       1486.1981     0.023685357       69.530781       3.0270461      0.98753384       7.9472075      0.73981271      0.27782303      0.10676528      0.98909038       0.9933196       1.0007351       0.9997261      0.99177351      0.12106891   2.0636185e-09      0.95100794      0.82478262      0.25423367      0.75926854       16.848167       1090.2528       1463.2914       8.9960868       -14.176899          23.172986        2954.404                  20.34763                 396.41185                                651.00576                      22.487613                   16.848167                  1463.2914       214.20456        169.80707
              1       1482.3515     0.023685357       69.530781       3.0270461      0.98753384       7.9472075      0.73981271      0.27782303      0.10676528      0.98909038      0.99335264       1.0007465      0.99588355      0.99463778      0.12106891   2.0636185e-09      0.95100794      0.82478262      0.25423367      0.75926854       16.848167       1090.2528       1463.2914       9.0218185       -14.151168          23.172986       2946.6594                  20.34763                 396.41185                                651.00576                      22.487613                   16.848167                  1463.2914       214.23233        162.03468
              1       1483.9518     0.023685357       69.530781       3.0270461      0.98753384       7.9472075      0.73981271      0.27782303      0.10676528      0.98909038      0.99335264       1.0007465        0.996662        0.990159      0.12106891   2.0636185e-09      0.95100794      0.82478262      0.25423367      0.75926854       16.848167       1090.2528       1463.2914       9.5220628       -13.650923          23.172986       2948.8595                  20.34763                 396.41185                                651.00576                      22.487613                   16.848167                  1463.2914       214.23233        164.23477
              1       1483.8775     0.023677632       69.562211       3.0273158      0.98742559       8.0011869      0.74025556      0.27782438      0.10609624       0.9903007      0.99491922        1.000409      0.99583305       1.0014138       0.1232609   2.0641751e-09      0.95106816      0.82391298      0.25381266      0.75783972       17.123793       1090.9099        1463.204       5.4937525       -17.410097          22.903849       2956.7674                 20.291225                  396.5016                                649.22082                      24.896275                   17.123793                   1463.204       217.27704        168.25269
              1       1483.7393     0.023677632       69.562211       3.0273158      0.98742559       8.0011869      0.74025556      0.27782438      0.10609624       0.9903007      0.99343704      0.99750982      0.99582071       1.0008932       0.1232609   2.0641751e-09      0.95106816      0.82391298      0.25381266      0.75783972       17.123793       1090.9099        1463.204         6.44373       -16.460119          22.903849       2954.5912                 20.291225                  396.5016                                649.22082                      24.896275                   17.123793                   1463.204       215.86787        167.48563
              2       1484.6491     0.023677632       69.562211       3.0273158      0.98742559       8.0011869      0.74025556      0.27782438      0.10609624       0.9895374      0.99343649      0.99779801       0.9970153        1.000853       0.1232609   2.0641751e-09      0.95106816      0.82391298      0.25381266      0.75783972       17.123793       1089.1285        1463.204       7.4623866       -15.441463          22.903849       2954.3735                 20.318564                 396.52013                                648.44596                      23.843838                   17.123793                   1463.204       215.58693        169.33028
              1       1483.5896     0.023677632       69.562211       3.0273158      0.98742559       8.0011869      0.74025556      0.27782438      0.10609624       0.9895374      0.99343649      0.99779801      0.99694501      0.99920629       0.1232609   2.0641751e-09      0.95106816      0.82391298      0.25381266      0.75783972       17.123793       1089.1285        1463.204       7.4719924       -15.431857          22.903849       2952.2352                 20.318564                 396.52013                                648.44596                      23.843838                   17.123793                   1463.204       215.58693        167.19196
              1       1483.8993     0.023677632       69.562211       3.0273158      0.98742559       8.0011869      0.74025556      0.27782438      0.10609624       0.9895374      0.99340113       1.0036602       0.9971122      0.99908732       0.1232609   2.0641751e-09      0.95106816      0.82391298      0.25381266      0.75783972       17.123793       1089.1285        1463.204       7.4751286       -15.428721          22.903849       2952.8483                 20.318564                 396.52013                                648.44596                      23.843838                   17.123793                   1463.204       216.03088        167.36118
              1       1481.6909     0.023677632       69.562211       3.0273158      0.98742559       8.0011869      0.74025556      0.27782438      0.10609624      0.99062544      0.99340192       1.0032494      0.99467956      0.99794299       0.1232609   2.0641751e-09      0.95106816      0.82391298      0.25381266      0.75783972       17.123793       1092.2705        1463.204       6.2752467       -16.628603          22.903849       2950.8313                 20.280198                 396.48821                                650.14832                      25.353813                   17.123793                   1463.204       215.61984        162.61314
              1       1481.1751     0.023677632       69.562211       3.0273158      0.98742559       8.0011869      0.74025556      0.27782438      0.10609624      0.99062544      0.99340192       1.0032494      0.99494269      0.99277069       0.1232609   2.0641751e-09      0.95106816      0.82391298      0.25381266      0.75783972       17.123793       1092.2705        1463.204       6.6619136       -16.241936          22.903849       2949.0265                 20.280198                 396.48821                                650.14832                      25.353813                   17.123793                   1463.204       215.61984        160.80829
              1       1481.2187     0.023677632       69.562211       3.0273158      0.98742559       8.0011869      0.74025556      0.27782438      0.10609624      0.99062544      0.99545515        1.000501      0.99374879      0.99246309       0.1232609   2.0641751e-09      0.95106816      0.82391298      0.25381266      0.75783972       17.123793       1092.2705        1463.204       5.7686765       -17.135173          22.903849          2950.9                 20.280198                 396.48821                                650.14832                      25.353813                   17.123793                   1463.204       218.88986        159.41176
              1       1485.5806     0.023677632       69.562211       3.0273158      0.98742559       8.0011869      0.74025556      0.27782438      0.10609624      0.99062544      0.98998538       1.0062653      0.99072835      0.99621291       0.1232609   2.0641751e-09      0.95106816      0.82391298      0.25381266      0.75783972       17.123793       1092.2705        1463.204       10.954072       -11.949778          22.903849       2949.2531                 20.280198                 396.48821                                650.14832                      25.353813                   17.123793                   1463.204       218.10725        158.54753
              1       1485.2695     0.023677632       69.562211       3.0273158      0.98742559       8.0011869      0.74025556      0.27782438      0.10609624      0.99062544      0.98998538       1.0062653       0.9944125      0.99483746       0.1232609   2.0641751e-09      0.95106816      0.82391298      0.25381266      0.75783972       17.123793       1092.2705        1463.204       9.7128131       -13.191036          22.903849       2951.1134                 20.280198                 396.48821                                650.14832                      25.353813                   17.123793                   1463.204       218.10725        160.40779
              1       1481.2752     0.023677632       69.562211       3.0273158      0.98742559       8.0011869      0.74025556      0.27782438      0.10609624      0.99062544      0.99551505       0.9998293      0.99417188      0.99588391       0.1232609   2.0641751e-09      0.95106816      0.82391298      0.25381266      0.75783972       17.123793       1092.2705        1463.204       5.2347607       -17.669089          22.903849       2952.0808                 20.280198                 396.48821                                650.14832                      25.353813                   17.123793                   1463.204        218.9039        160.57855
              1       1481.1109     0.023677632       69.562211       3.0273158      0.98742559       8.0011869      0.74025556      0.27782438      0.10609624      0.99062544      0.99301686      0.99756978      0.99419473      0.99514287       0.1232609   2.0641751e-09      0.95106816      0.82391298      0.25381266      0.75783972       17.123793       1092.2705        1463.204       6.8827164       -16.021133          22.903849       2948.4564                 20.280198                 396.48821                                650.14832                      25.353813                   17.123793                   1463.204       215.59074        160.26732
              1       1480.3027     0.023677632       69.562211       3.0273158      0.98742559       8.0011869      0.74025556      0.27782438      0.10609624      0.99062544      0.99318598      0.99986543      0.99423366      0.99534058       0.1232609   2.0641751e-09      0.95106816      0.82391298      0.25381266      0.75783972       17.123793       1092.2705        1463.204       6.7241122       -16.179737          22.903849       2947.1571                 20.280198                 396.48821                                650.14832                      25.353813                   17.123793                   1463.204       214.16821        160.39059
              1       1481.5363     0.023677632       69.562211       3.0273158      0.98742559       8.0011869      0.74025556      0.27782438      0.10609624      0.99062544      0.99550268      0.99712994        0.994197       0.9943374       0.1232609   2.0641751e-09      0.95106816      0.82391298      0.25381266      0.75783972       17.123793       1092.2705        1463.204       5.3767576       -17.527092          22.903849        2952.319                 20.280198                 396.48821                                650.14832                      25.353813                   17.123793                   1463.204       219.70146        160.01923
              1        1484.137     0.023677632       69.562211       3.0273158      0.98742559       8.0011869      0.74025556      0.27782438      0.10609624      0.99060573      0.99723128       1.0006819      0.99421599      0.99495587       0.1232609   2.0641751e-09      0.95106816      0.82391298      0.25381266      0.75783972       17.123793       1092.1828        1463.204       4.6404626       -18.263387          22.903849       2958.9931                 20.280857                 396.49417                                650.08189                      25.325879                   17.123793                   1463.204        226.2603        160.22221
              1        1484.431     0.023677632       69.562211       3.0273158      0.98742559       8.0011869      0.74025556      0.27782438      0.10609624      0.99060573      0.99723128       1.0006819      0.99195937      0.99110449       0.1232609   2.0641751e-09      0.95106816      0.82391298      0.25381266      0.75783972       17.123793       1092.1828        1463.204       5.9220823       -16.981767          22.903849       2957.0178                 20.280857                 396.49417                                650.08189                      25.325879                   17.123793                   1463.204        226.2603        158.24693
              1       1486.4996     0.023677632       69.562211       3.0273158      0.98742559       8.0011869      0.74025556      0.27782438      0.10609624      0.99060573       0.9979544       1.0016406      0.99064439      0.99323461       0.1232609   2.0641751e-09      0.95106816      0.82391298      0.25381266      0.75783972       17.123793       1092.1828        1463.204       5.9804373       -16.923412          22.903849       2961.0382                 20.280857                 396.49417                                650.08189                      25.325879                   17.123793                   1463.204        231.0799        157.44777
              1       1487.0906     0.023677632       69.562211       3.0273158      0.98742559       8.0011869      0.74025556      0.27782438      0.10609624      0.99060573       0.9979544       1.0016406      0.99267465      0.98995728       0.1232609   2.0641751e-09      0.95106816      0.82391298      0.25381266      0.75783972       17.123793       1092.1828        1463.204       5.6616153       -17.242234          22.903849       2962.8581                 20.280857                 396.49417                                650.08189                      25.325879                   17.123793                   1463.204        231.0799        159.26758
              1        1483.182     0.023677632       69.562211       3.0273158      0.98742559       8.0011869      0.74025556      0.27782438      0.10609624      0.99060573      0.99289628      0.99687184      0.99271769      0.98844684       0.1232609   2.0641751e-09      0.95106816      0.82391298      0.25381266      0.75783972       17.123793       1092.1828        1463.204       8.5256311       -14.378218          22.903849       2949.3127                 20.280857                 396.49417                                650.08189                      25.325879                   17.123793                   1463.204       216.41682         160.3853
              1       1481.6159     0.023677632       69.562211       3.0273158      0.98742559       8.0011869      0.74025556      0.27782438      0.10609624      0.99060573      0.99568548       1.0016167      0.99265214      0.99290035       0.1232609   2.0641751e-09      0.95106816      0.82391298      0.25381266      0.75783972       17.123793       1092.1828        1463.204       5.9942312       -16.909618          22.903849       2951.2434                 20.280857                 396.49417                                650.08189                      25.325879                   17.123793                   1463.204       220.32838        158.40442
              1       1481.8175     0.023677632       69.562211       3.0273158      0.98742559       8.0011869      0.74025556      0.27782438      0.10609624       0.9908242      0.99568564       1.0015342      0.99263126      0.99286862       0.1232609   2.0641751e-09      0.95106816      0.82391298      0.25381266      0.75783972       17.123793         1093.29        1463.204       5.6814804       -17.222369          22.903849        2952.272                 20.273617                 396.48821                                650.89143                      25.636745                   17.123793                   1463.204       220.26509        158.38914
              1       1480.5201     0.023677632       69.562211       3.0273158      0.98742559       8.0011869      0.74025556      0.27782438      0.10609624      0.98956729      0.99328869        1.002407      0.99281595      0.99247361       0.1232609   2.0641751e-09      0.95106816      0.82391298      0.25381266      0.75783972       17.123793       1089.1611        1463.204        9.109506       -13.794344          22.903849       2942.8212                 20.317457                 396.52013                                648.43909                      23.884443                   17.123793                   1463.204       214.78004        158.55223
              2       1482.0504     0.023677632       69.562211       3.0273158      0.98742559       8.0011869      0.74025556      0.27782438      0.10609624      0.98956729      0.99321263       1.0022452      0.99697805      0.99553466       0.1232609   2.0641751e-09      0.95106816      0.82391298      0.25381266      0.75783972       17.123793       1089.1611        1463.204       7.7657553       -15.138094          22.903849       2948.5692                 20.317457                 396.52013                                648.43909                      23.884443                   17.123793                   1463.204       214.57675        164.50356
              1       1480.2504     0.023677632       69.562211       3.0273158      0.98742559       8.0011869      0.74025556      0.27782438      0.10609624      0.98956729      0.99395916       1.0007226      0.99330416      0.99269456       0.1232609   2.0641751e-09      0.95106816      0.82391298      0.25381266      0.75783972       17.123793       1089.1611        1463.204       8.4354405       -14.468409          22.903849         2943.63                 20.317457                 396.52013                                648.43909                      23.884443                   17.123793                   1463.204       215.18492        158.95615
              1       1480.0678     0.023677632       69.562211       3.0273158      0.98742559       8.0011869      0.74025556      0.27782438      0.10609624      0.99056003      0.99395988       1.0003477      0.99320926      0.99255039       0.1232609   2.0641751e-09      0.95106816      0.82391298      0.25381266      0.75783972       17.123793       1091.9692        1463.204       6.9085494         -15.9953          22.903849       2946.3186                  20.28239                 396.49269                                649.93292                      25.261197                   17.123793                   1463.204       215.14188        158.87973
              1       1480.2727     0.023677632       69.562211       3.0273158      0.98742559       8.0011869      0.74025556      0.27782438      0.10609624      0.98954776      0.99395915       1.0007299      0.99330603      0.99269739       0.1232609   2.0641751e-09      0.95106816      0.82391298      0.25381266      0.75783972       17.123793       1089.1394        1463.204       8.4670807       -14.436769          22.903849       2943.6112                  20.31818                 396.52013                                648.44324                      23.857898                   17.123793                   1463.204       215.18625         158.9577
              1       1481.4518     0.023685752       69.469162       3.0266914      0.98907081       7.8445744      0.73944241      0.27969098      0.10933998      0.99163715      0.99492479      0.99683645       0.9932487      0.99238555      0.11782801   2.0628866e-09      0.95092017      0.82635023      0.25454453      0.76117657         16.6166        1096.092        1463.443       5.0718108        -18.11495           23.18676         2952.76                 20.259431                 396.13026                                655.28947                       24.41288                     16.6166                   1463.443       217.65602        158.95236
              1       1481.4992     0.023685752       69.469162       3.0266914      0.98907081       7.8445744      0.73944241      0.27969098      0.10933998      0.99163715      0.99492479      0.99683645       0.9964257       0.9945891      0.11782801   2.0628866e-09      0.95092017      0.82635023      0.25454453      0.76117657         16.6166        1096.092        1463.443       3.9866848       -19.200076           23.18676        2955.025                 20.259431                 396.13026                                655.28947                       24.41288                     16.6166                   1463.443       217.65602        161.21738
              1       1481.6989     0.023685752       69.469162       3.0266914      0.98907081       7.8445744      0.73944241      0.27969098      0.10933998      0.99163715      0.99492479      0.99683645       0.9950465      0.99899182      0.11782801   2.0628866e-09      0.95092017      0.82635023      0.25454453      0.76117657         16.6166        1096.092        1463.443       4.0110289       -19.175732           23.18676       2955.3757                 20.259431                 396.13026                                655.28947                       24.41288                     16.6166                   1463.443       217.65602        161.56807
              1       1481.1359     0.023685752       69.469162       3.0266914      0.98907081       7.8445744      0.73944241      0.27969098      0.10933998      0.99200381      0.99462666        1.002428      0.99629104      0.99540344      0.11782801   2.0628866e-09      0.95092017      0.82635023      0.25454453      0.76117657         16.6166       1097.8216        1463.443       3.6271137       -19.559647           23.18676       2955.0176                  20.25083                 396.13216                                656.51831                      24.920309                     16.6166                   1463.443       216.03307        161.10336
              1       1480.8223     0.023685752       69.469162       3.0266914      0.98907081       7.8445744      0.73944241      0.27969098      0.10933998      0.99165393       0.9946264       1.0025601      0.99632448      0.99545425      0.11782801   2.0628866e-09      0.95092017      0.82635023      0.25454453      0.76117657         16.6166       1096.1611        1463.443       4.0741678       -19.112593           23.18676       2953.4963                 20.259029                 396.13026                                655.33584                      24.435946                     16.6166                   1463.443       216.12489        161.15074
              1       1480.7743     0.023685752       69.469162       3.0266914      0.98907081       7.8445744      0.73944241      0.27969098      0.10933998      0.99156786      0.99462634       1.0025926      0.99633271      0.99546674      0.11782801   2.0628866e-09      0.95092017      0.82635023      0.25454453      0.76117657         16.6166       1095.8038        1463.443       4.1871572       -18.999603           23.18676       2953.1743                 20.261099                 396.11682                                655.10808                      24.317833                     16.6166                   1463.443       216.14838        161.16251
              1       1480.4508     0.023685752       69.469162       3.0266914      0.98907081       7.8445744      0.73944241      0.27969098      0.10933998      0.99137849      0.99487279       1.0018244       0.9963309      0.99551222      0.11782801   2.0628866e-09      0.95092017      0.82635023      0.25454453      0.76117657         16.6166       1095.1368        1463.443       4.2981954       -18.888565           23.18676       2952.3052                 20.265732                 396.11682                                654.69484                      24.059392                     16.6166                   1463.443       215.94153        161.16733
              1       1481.3696     0.023685752       69.469162       3.0266914      0.98907081       7.8445744      0.73944241      0.27969098      0.10933998      0.99228835      0.99487345       1.0014809      0.99391824      0.99842192      0.11782801   2.0628866e-09      0.95092017      0.82635023      0.25454453      0.76117657         16.6166       1099.4785        1463.443       3.5254391       -19.661321           23.18676       2955.6883                  20.24441                 396.13194                                657.78297                      25.319204                     16.6166                   1463.443       215.78539        160.36481
              1       1481.4876     0.023685752       69.469162       3.0266914      0.98907081       7.8445744      0.73944241      0.27969098      0.10933998      0.99228835      0.99488581       1.0028324      0.99546281       0.9951736      0.11782801   2.0628866e-09      0.95092017      0.82635023      0.25454453      0.76117657         16.6166       1099.4785        1463.443       3.3084291       -19.878331           23.18676       2956.3584                  20.24441                 396.13194                                657.78297                      25.319204                     16.6166                   1463.443        216.6489        160.17145
              1       1482.9209      0.02364929       69.257085       3.0282435      0.99259994       7.8639477       0.7379958      0.28451022      0.11377152      0.99246986      0.99493355       1.0024982      0.99434405      0.99291171      0.12818838    2.066091e-09      0.95069514      0.82649137      0.25582287      0.76321585       15.861954       1103.0169       1464.3151       2.3394721       -19.588881          21.928353       2961.1629                 20.256884                 396.10725                                662.13648                      24.516323                   15.861954                  1464.3151       217.70865        160.26027
              1       1482.3687      0.02364929       69.257085       3.0282435      0.99259994       7.8639477       0.7379958      0.28451022      0.11377152      0.99246986      0.99493355       1.0024982      0.99706296       0.9981775      0.12818838    2.066091e-09      0.95069514      0.82649137      0.25582287      0.76321585       15.861954       1103.0169       1464.3151       1.3161256       -20.612227          21.928353       2962.1051                 20.256884                 396.10725                                662.13648                      24.516323                   15.861954                  1464.3151       217.70865        161.20245
              1       1485.0023      0.02364929       69.257085       3.0282435      0.99259994       7.8639477       0.7379958      0.28451022      0.11377152      0.99245714      0.99498582       1.0027866      0.99263463       1.0029755      0.12818838    2.066091e-09      0.95069514      0.82649137      0.25582287      0.76321585       15.861954       1102.9781       1464.3151       2.4860296       -19.442323          21.928353       2965.0325                 20.256949                 396.11367                                662.10867                      24.498835                   15.861954                  1464.3151       217.84854        164.02878
              1       1482.5707      0.02364929       69.257085       3.0282435      0.99259994       7.8639477       0.7379958      0.28451022      0.11377152      0.99252178      0.99498587       1.0027622      0.99446283      0.99399905      0.12818838    2.066091e-09      0.95069514      0.82649137      0.25582287      0.76321585       15.861954       1103.2073       1464.3151       2.0802162       -19.848137          21.928353        2960.981                  20.25662                 396.10725                                662.25566                      24.587805                   15.861954                  1464.3151       217.83339        159.76317
              1       1484.3293      0.02364929       69.257085       3.0282435      0.99259994       7.8639477       0.7379958      0.28451022      0.11377152      0.99263489      0.99853524       0.9966095      0.99562459        0.991308      0.12818838    2.066091e-09      0.95069514      0.82649137      0.25582287      0.76321585       15.861954        1103.654       1464.3151      0.75679181       -21.171561          21.928353        2967.145                 20.256079                 396.10725                                662.54667                      24.744025                   15.861954                  1464.3151       221.29422        162.01971
              1       1483.7923      0.02364929       69.257085       3.0282435      0.99259994       7.8639477       0.7379958      0.28451022      0.11377152      0.99127486      0.99725391       1.0004644      0.99910183      0.99335433      0.12818838    2.066091e-09      0.95069514      0.82649137      0.25582287      0.76321585       15.861954       1101.2279       1464.3151       2.0554786       -19.872874          21.928353       2963.4737                 20.265336                 396.14034                                661.90962                      22.912585                   15.861954                  1464.3151       217.95743         164.1113
              1       1482.3658      0.02364929       69.257085       3.0282435      0.99259994       7.8639477       0.7379958      0.28451022      0.11377152      0.99127486      0.99725391       1.0004644      0.99404752      0.99937771      0.12818838    2.066091e-09      0.95069514      0.82649137      0.25582287      0.76321585       15.861954       1101.2279       1464.3151       2.5000907       -19.428262          21.928353       2959.7315                 20.265336                 396.14034                                661.90962                      22.912585                   15.861954                  1464.3151       217.95743        160.36909
              2       1481.8489      0.02364929       69.257085       3.0282435      0.99259994       7.8639477       0.7379958      0.28451022      0.11377152      0.99127486      0.99725391       1.0004644      0.99496502      0.99592241      0.12818838    2.066091e-09      0.95069514      0.82649137      0.25582287      0.76321585       15.861954       1101.2279       1464.3151       2.4036978       -19.524655          21.928353       2958.8905                 20.265336                 396.14034                                661.90962                      22.912585                   15.861954                  1464.3151       217.95743        159.52811
              1       1483.1354      0.02364929       69.257085       3.0282435      0.99259994       7.8639477       0.7379958      0.28451022      0.11377152      0.99244646      0.99725476       1.0000221      0.99078601      0.99491783      0.12818838    2.066091e-09      0.95069514      0.82649137      0.25582287      0.76321585       15.861954       1102.9405       1464.3151       2.4415703       -19.486782          21.928353       2961.3876                 20.257005                 396.11367                                662.08572                      24.484151                   15.861954                  1464.3151       217.88655        160.38347
              1        1483.288      0.02364929       69.257085       3.0282435      0.99259994       7.8639477       0.7379958      0.28451022      0.11377152      0.99244646      0.99642597       1.0019698      0.99083841      0.99481203      0.12818838    2.066091e-09      0.95069514      0.82649137      0.25582287      0.76321585       15.861954       1102.9405       1464.3151       2.7189352       -19.209418          21.928353       2961.1381                 20.257005                 396.11367                                662.08572                      24.484151                   15.861954                  1464.3151       217.65843        160.36203
              1       1485.7234      0.02364929       69.257085       3.0282435      0.99259994       7.8639477       0.7379958      0.28451022      0.11377152      0.99244646      0.99642597       1.0019698      0.99248433      0.98850806      0.12818838    2.066091e-09      0.95069514      0.82649137      0.25582287      0.76321585       15.861954       1102.9405       1464.3151       3.0328867       -18.895466          21.928353        2965.381                 20.257005                 396.11367                                662.08572                      24.484151                   15.861954                  1464.3151       217.65843        164.60497
              1         1482.13      0.02364929       69.257085       3.0282435      0.99259994       7.8639477       0.7379958      0.28451022      0.11377152      0.99244646      0.99642597       1.0019698      0.99525889      0.99284878      0.12818838    2.066091e-09      0.95069514      0.82649137      0.25582287      0.76321585       15.861954       1102.9405       1464.3151       1.4238927        -20.50446          21.928353       2961.4123                 20.257005                 396.11367                                662.08572                      24.484151                   15.861954                  1464.3151       217.65843         160.6362
              1        1482.465      0.02364929       69.257085       3.0282435      0.99259994       7.8639477       0.7379958      0.28451022      0.11377152      0.99155207      0.99642532       1.0023075      0.99534439      0.99297866      0.12818838    2.066091e-09      0.95069514      0.82649137      0.25582287      0.76321585       15.861954       1101.2085       1464.3151       2.5317322       -19.396621          21.928353       2959.8666                 20.262965                 396.13667                                661.53137                      23.277523                   15.861954                  1464.3151       217.88036        160.60059
              1       1481.6934      0.02364929       69.257085       3.0282435      0.99259994       7.8639477       0.7379958      0.28451022      0.11377152      0.99155207      0.99642532       1.0023075       0.9959076      0.99639197      0.12818838    2.066091e-09      0.95069514      0.82649137      0.25582287      0.76321585       15.861954       1101.2085       1464.3151       2.0663058       -19.862047          21.928353       2959.2541                 20.262965                 396.13667                                661.53137                      23.277523                   15.861954                  1464.3151       217.88036        159.98814
              2       1482.2163      0.02364929       69.257085       3.0282435      0.99259994       7.8639477       0.7379958      0.28451022      0.11377152      0.99155207      0.99642532       1.0023075      0.99787453      0.99694544      0.12818838    2.066091e-09      0.95069514      0.82649137      0.25582287      0.76321585       15.861954       1101.2085       1464.3151       1.7280967       -20.200256          21.928353       2960.9765                 20.262965                 396.13667                                661.53137                      23.277523                   15.861954                  1464.3151       217.88036        161.71048
              1       1482.3741      0.02364929       69.257085       3.0282435      0.99259994       7.8639477       0.7379958      0.28451022      0.11377152      0.99155207      0.99603656       1.0026687      0.99788993      0.99686713      0.12818838    2.066091e-09      0.95069514      0.82649137      0.25582287      0.76321585       15.861954       1101.2085       1464.3151       1.8938687       -20.034484          21.928353       2960.9605                 20.262965                 396.13667                                661.53137                      23.277523                   15.861954                  1464.3151         217.856        161.71884
              1       1482.2727      0.02364929       69.257085       3.0282435      0.99259994       7.8639477       0.7379958      0.28451022      0.11377152      0.99155207      0.99603656       1.0026687      0.99652506      0.99436393      0.12818838    2.066091e-09      0.95069514      0.82649137      0.25582287      0.76321585       15.861954       1101.2085       1464.3151       2.2905816       -19.637771          21.928353       2959.9642                 20.262965                 396.13667                                661.53137                      23.277523                   15.861954                  1464.3151         217.856        160.72256
              2       1482.3092      0.02364929       69.257085       3.0282435      0.99259994       7.8639477       0.7379958      0.28451022      0.11377152      0.99155207      0.99603656       1.0026687       0.9958157      0.99386387      0.12818838    2.066091e-09      0.95069514      0.82649137      0.25582287      0.76321585       15.861954       1101.2085       1464.3151       2.4810221       -19.447331          21.928353       2959.6564                 20.262965                 396.13667                                661.53137                      23.277523                   15.861954                  1464.3151         217.856        160.41478
              1       1481.9678      0.02364929       69.257085       3.0282435      0.99259994       7.8639477       0.7379958      0.28451022      0.11377152      0.99155207      0.99603656       1.0026687      0.99553597        0.995104      0.12818838    2.066091e-09      0.95069514      0.82649137      0.25582287      0.76321585       15.861954       1101.2085       1464.3151       2.4115951       -19.516758          21.928353       2959.1124                 20.262965                 396.13667                                661.53137                      23.277523                   15.861954                  1464.3151         217.856        159.87077
              1       1484.8476      0.02364929       69.257085       3.0282435      0.99259994       7.8639477       0.7379958      0.28451022      0.11377152      0.99155207      0.99753036      0.99370855      0.99646312      0.99880479      0.12818838    2.066091e-09      0.95069514      0.82649137      0.25582287      0.76321585       15.861954       1101.2085       1464.3151       1.4804848       -20.447868          21.928353       2966.7343                 20.262965                 396.13667                                661.53137                      23.277523                   15.861954                  1464.3151       224.35721         160.9915
              1       1484.4825      0.02364929       69.257085       3.0282435      0.99259994       7.8639477       0.7379958      0.28451022      0.11377152      0.99155207      0.99908787       1.0022893      0.99656805      0.99963914      0.12818838    2.066091e-09      0.95069514      0.82649137      0.25582287      0.76321585       15.861954       1101.2085       1464.3151       1.1574494       -20.770903          21.928353       2966.6501                 20.262965                 396.13667                                661.53137                      23.277523                   15.861954                  1464.3151       223.73286        161.53165
              1        1484.514      0.02364929       69.257085       3.0282435      0.99259994       7.8639477       0.7379958      0.28451022      0.11377152      0.99203011      0.99908821       1.0021088      0.99877639       0.9973171      0.12818838    2.066091e-09      0.95069514      0.82649137      0.25582287      0.76321585       15.861954       1101.7814       1464.3151      0.34141751       -21.586935          21.928353       2968.3451                 20.259461                 396.11367                                661.49134                      23.916925                   15.861954                  1464.3151       223.52803        162.85857
              1       1482.0853      0.02364929       69.257085       3.0282435      0.99259994       7.8639477       0.7379958      0.28451022      0.11377152      0.99278498      0.99654809      0.99996333      0.99511421       1.0005354      0.12818838    2.066091e-09      0.95069514      0.82649137      0.25582287      0.76321585       15.861954       1104.3169       1464.3151      0.52973005       -21.398623          21.928353       2963.1111                 20.255427                 396.10987                                 662.9992                      24.952423                   15.861954                  1464.3151        217.2016        161.41548
              1       1481.6116      0.02364929       69.257085       3.0282435      0.99259994       7.8639477       0.7379958      0.28451022      0.11377152      0.99278498      0.99654809      0.99996333      0.99351598      0.99718774      0.12818838    2.066091e-09      0.95069514      0.82649137      0.25582287      0.76321585       15.861954       1104.3169       1464.3151       1.0525196       -20.875833          21.928353       2961.1181                 20.255427                 396.10987                                 662.9992                      24.952423                   15.861954                  1464.3151        217.2016        159.42249
              1       1482.1417      0.02364929       69.257085       3.0282435      0.99259994       7.8639477       0.7379958      0.28451022      0.11377152      0.99217651      0.99654765       1.0001931      0.99611504       1.0014319      0.12818838    2.066091e-09      0.95069514      0.82649137      0.25582287      0.76321585       15.861954       1102.1212       1464.3151       1.0609087       -20.867444          21.928353       2962.1616                 20.258534                 396.11367                                661.63369                      24.115281                   15.861954                  1464.3151       217.19678        162.66661
              1       1483.5361      0.02364929       69.257085       3.0282435      0.99259994       7.8639477       0.7379958      0.28451022      0.11377152      0.99089532      0.99661598       1.0025163      0.99736213      0.99473783      0.12818838    2.066091e-09      0.95069514      0.82649137      0.25582287      0.76321585       15.861954       1101.6802       1464.3151       2.8108274       -19.117525          21.928353       2961.4505                 20.269029                 396.13965                                662.85166                      22.419901                   15.861954                  1464.3151       218.23569        161.35753
              1       1483.0685      0.02364929       69.257085       3.0282435      0.99259994       7.8639477       0.7379958      0.28451022      0.11377152      0.99089532      0.99791923       1.0002687      0.99646034       0.9960291      0.12818838    2.066091e-09      0.95069514      0.82649137      0.25582287      0.76321585       15.861954       1101.6802       1464.3151       2.4405391       -19.487814          21.928353        2961.256                 20.269029                 396.13965                                662.85166                      22.419901                   15.861954                  1464.3151       219.03893        160.35973
              1       1485.5971      0.02364929       69.257085       3.0282435      0.99259994       7.8639477       0.7379958      0.28451022      0.11377152      0.99089532      0.99708432       1.0057908      0.99657227      0.99610734      0.12818838    2.066091e-09      0.95069514      0.82649137      0.25582287      0.76321585       15.861954       1101.6802       1464.3151       2.6471294       -19.281223          21.928353          2965.9                 20.269029                 396.13965                                662.85166                      22.419901                   15.861954                  1464.3151       223.59915        160.44354
              1       1483.5216      0.02364929       69.257085       3.0282435      0.99259994       7.8639477       0.7379958      0.28451022      0.11377152      0.99292423      0.99913788      0.99706361      0.99619643      0.99591172      0.12818838    2.066091e-09      0.95069514      0.82649137      0.25582287      0.76321585       15.861954       1105.0096       1464.3151     -0.32798984       -22.256343          21.928353       2967.6992                 20.254889                 396.12115                                663.48667                      25.146889                   15.861954                  1464.3151       222.33781        160.17474
              1       1482.0222      0.02364929       69.257085       3.0282435      0.99259994       7.8639477       0.7379958      0.28451022      0.11377152      0.99292423      0.99708075      0.99789141      0.99625992       0.9954411      0.12818838    2.066091e-09      0.95069514      0.82649137      0.25582287      0.76321585       15.861954       1105.0096       1464.3151      0.13078622       -21.797567          21.928353       2963.7828                 20.254889                 396.12115                                663.48667                      25.146889                   15.861954                  1464.3151       218.33328        160.26283
              1       1482.8114      0.02364929       69.257085       3.0282435      0.99259994       7.8639477       0.7379958      0.28451022      0.11377152      0.99292423      0.99783524      0.99746623      0.99704789      0.99946159      0.12818838    2.066091e-09      0.95069514      0.82649137      0.25582287      0.76321585       15.861954       1105.0096       1464.3151     -0.40697684        -22.33533          21.928353       2966.4368                 20.254889                 396.12115                                663.48667                      25.146889                   15.861954                  1464.3151       219.44995        161.80011
              1       1482.6371      0.02364929       69.257085       3.0282435      0.99259994       7.8639477       0.7379958      0.28451022      0.11377152      0.99292423      0.99783524      0.99746623      0.99723257      0.99846697      0.12818838    2.066091e-09      0.95069514      0.82649137      0.25582287      0.76321585       15.861954       1105.0096       1464.3151     -0.41368314       -22.342036          21.928353       2966.1015                 20.254889                 396.12115                                663.48667                      25.146889                   15.861954                  1464.3151       219.44995        161.46486
              1       1485.6909      0.02364929       69.257085       3.0282435      0.99259994       7.8639477       0.7379958      0.28451022      0.11377152      0.99292423      0.99341503       1.0035188      0.99809483      0.99953949      0.12818838    2.066091e-09      0.95069514      0.82649137      0.25582287      0.76321585       15.861954       1105.0096       1464.3151       1.6148114       -20.313541          21.928353       2968.1521                 20.254889                 396.12115                                663.48667                      25.146889                   15.861954                  1464.3151       220.08983        162.87563
              1       1487.7359      0.02364929       69.257085       3.0282435      0.99259994       7.8639477       0.7379958      0.28451022      0.11377152      0.99082168      0.99325022       1.0018563      0.99097774      0.99796819      0.12818838    2.066091e-09      0.95069514      0.82649137      0.25582287      0.76321585       15.861954        1101.826       1464.3151       6.4368019       -15.491551          21.928353       2962.5982                 20.269801                 396.13965                                663.09133                      22.325251                   15.861954                  1464.3151       219.94026        160.65477
              1       1483.5716      0.02364929       69.257085       3.0282435      0.99259994       7.8639477       0.7379958      0.28451022      0.11377152      0.99082168      0.99690952       1.0031046      0.99517346      0.99541409      0.12818838    2.066091e-09      0.95069514      0.82649137      0.25582287      0.76321585       15.861954        1101.826       1464.3151       3.1551256       -18.773227          21.928353        2960.833                 20.269801                 396.13965                                663.09133                      22.325251                   15.861954                  1464.3151       219.18066        159.64919
              2       1484.0279      0.02364929       69.257085       3.0282435      0.99259994       7.8639477       0.7379958      0.28451022      0.11377152      0.99082168      0.99886645      0.99917668      0.99506089      0.99569875      0.12818838    2.066091e-09      0.95069514      0.82649137      0.25582287      0.76321585       15.861954        1101.826       1464.3151       2.6992292       -19.229124          21.928353       2962.6573                 20.269801                 396.13965                                663.09133                      22.325251                   15.861954                  1464.3151       221.07901        159.57521
              1        1483.589      0.02364929       69.257085       3.0282435      0.99259994       7.8639477       0.7379958      0.28451022      0.11377152      0.99082168      0.99836199      0.99817606      0.99505646      0.99552086      0.12818838    2.066091e-09      0.95069514      0.82649137      0.25582287      0.76321585       15.861954        1101.826       1464.3151       2.7927671       -19.135586          21.928353       2961.5924                 20.269801                 396.13965                                663.09133                      22.325251                   15.861954                  1464.3151       220.00034        159.58894
              1       1483.7875      0.02364929       69.257085       3.0282435      0.99259994       7.8639477       0.7379958      0.28451022      0.11377152      0.99334778      0.99836382      0.99722233      0.99644623      0.99917383      0.12818838    2.066091e-09      0.95069514      0.82649137      0.25582287      0.76321585       15.861954       1107.5004       1464.3151     -0.88295856       -22.811311          21.928353       2969.3408                 20.253648                 396.13328                                 665.3685                      25.744931                   15.861954                  1464.3151       220.49335        161.17004
              1       1484.6298      0.02364929       69.257085       3.0282435      0.99259994       7.8639477       0.7379958      0.28451022      0.11377152      0.99334778      0.99836382      0.99722233      0.99280372      0.99318268      0.12818838    2.066091e-09      0.95069514      0.82649137      0.25582287      0.76321585       15.861954       1107.5004       1464.3151      0.52140963       -21.406943          21.928353       2968.2168                 20.253648                 396.13328                                 665.3685                      25.744931                   15.861954                  1464.3151       220.49335        160.04604
              1       1487.3851      0.02364929       69.257085       3.0282435      0.99259994       7.8639477       0.7379958      0.28451022      0.11377152      0.99334778      0.99836382      0.99722233      0.98943955      0.99259075      0.12818838    2.066091e-09      0.95069514      0.82649137      0.25582287      0.76321585       15.861954       1107.5004       1464.3151       2.0826331        -19.84572          21.928353        2970.605                 20.253648                 396.13328                                 665.3685                      25.744931                   15.861954                  1464.3151       220.49335         162.4342
              1       1484.3574      0.02364929       69.257085       3.0282435      0.99259994       7.8639477       0.7379958      0.28451022      0.11377152      0.99272132      0.99836337      0.99745885      0.99061798      0.99713975      0.12818838    2.066091e-09      0.95069514      0.82649137      0.25582287      0.76321585       15.861954       1104.0336       1464.3151       1.7560896       -20.172263          21.928353       2965.2027                 20.255695                   396.116                                662.79805                      24.863892                   15.861954                  1464.3151       220.34171        160.65027
              2       1484.6019      0.02364929       69.257085       3.0282435      0.99259994       7.8639477       0.7379958      0.28451022      0.11377152      0.99272132      0.99836337      0.99745885      0.99053033      0.99454265      0.12818838    2.066091e-09      0.95069514      0.82649137      0.25582287      0.76321585       15.861954       1104.0336       1464.3151       2.0014249       -19.926928          21.928353       2965.2009                 20.255695                   396.116                                662.79805                      24.863892                   15.861954                  1464.3151       220.34171         160.6485
              1       1483.2985      0.02364929       69.257085       3.0282435      0.99259994       7.8639477       0.7379958      0.28451022      0.11377152      0.99272132      0.99836337      0.99745885      0.99699358       1.0006617      0.12818838    2.066091e-09      0.95069514      0.82649137      0.25582287      0.76321585       15.861954       1104.0336       1464.3151     -0.27607708        -22.20443          21.928353       2967.1492                 20.255695                   396.116                                662.79805                      24.863892                   15.861954                  1464.3151       220.34171        162.59674
              1        1482.347      0.02364929       69.257085       3.0282435      0.99259994       7.8639477       0.7379958      0.28451022      0.11377152      0.99272132      0.99679668      0.99982921      0.99880827      0.99579626      0.12818838    2.066091e-09      0.95069514      0.82649137      0.25582287      0.76321585       15.861954       1104.0336       1464.3151      0.11927181       -21.809081          21.928353       2964.4555                 20.255695                   396.116                                662.79805                      24.863892                   15.861954                  1464.3151       217.39023        162.85451
              1       1481.8562      0.02364929       69.257085       3.0282435      0.99259994       7.8639477       0.7379958      0.28451022      0.11377152      0.99272132      0.99693577       1.0005676      0.99404574      0.99389299      0.12818838    2.066091e-09      0.95069514      0.82649137      0.25582287      0.76321585       15.861954       1104.0336       1464.3151       1.1005574       -20.827795          21.928353       2961.5113                 20.255695                   396.116                                662.79805                      24.863892                   15.861954                  1464.3151       217.58301        159.71754
              1       1481.5753      0.02364929       69.257085       3.0282435      0.99259994       7.8639477       0.7379958      0.28451022      0.11377152      0.99232284      0.99693548        1.000718      0.99408383      0.99395086      0.12818838    2.066091e-09      0.95069514      0.82649137      0.25582287      0.76321585       15.861954       1102.5343       1464.3151       1.5595649       -20.368788          21.928353       2960.0315                 20.257677                 396.11367                                661.84824                       24.31473                   15.861954                  1464.3151       217.61916        159.70099
              1       1483.9187      0.02364929       69.257085       3.0282435      0.99259994       7.8639477       0.7379958      0.28451022      0.11377152      0.99351416      0.99693634       1.0002682      0.99908417      0.99768177      0.12818838    2.066091e-09      0.95069514      0.82649137      0.25582287      0.76321585       15.861954       1108.6408       1464.3151     -0.93314742         -22.8615          21.928353       2969.7037                 20.253319                 396.13328                                666.27168                      25.982542                   15.861954                  1464.3151       217.53401        163.35179
              2       1483.2791      0.02364929       69.257085       3.0282435      0.99259994       7.8639477       0.7379958      0.28451022      0.11377152      0.99351416      0.99693634       1.0002682      0.99298672      0.99787938      0.12818838    2.066091e-09      0.95069514      0.82649137      0.25582287      0.76321585       15.861954       1108.6408       1464.3151       0.2576416       -21.670711          21.928353       2966.0429                 20.253319                 396.13328                                666.27168                      25.982542                   15.861954                  1464.3151       217.53401        159.69099
              1       1482.0668      0.02364929       69.257085       3.0282435      0.99259994       7.8639477       0.7379958      0.28451022      0.11377152       0.9928702      0.99693588       1.0005113      0.99306458       0.9982094      0.12818838    2.066091e-09      0.95069514      0.82649137      0.25582287      0.76321585       15.861954       1104.7369       1464.3151      0.92008545       -21.008267          21.928353       2962.2934                  20.25509                 396.12069                                663.28981                      25.071309                   15.861954                  1464.3151       217.57149        159.80789
              1       1482.1394      0.02364929       69.257085       3.0282435      0.99259994       7.8639477       0.7379958      0.28451022      0.11377152      0.99144307      0.99693484       1.0010502        0.993201      0.99841665      0.12818838    2.066091e-09      0.95069514      0.82649137      0.25582287      0.76321585       15.861954       1101.1805       1464.3151       2.6583093       -19.270043          21.928353       2958.9621                 20.263865                 396.13421                                661.64895                       23.13352                   15.861954                  1464.3151       217.72614        159.87839
              1       1482.4499      0.02364929       69.257085       3.0282435      0.99259994       7.8639477       0.7379958      0.28451022      0.11377152      0.99144307      0.99693484       1.0010502      0.99245817      0.99819322      0.12818838    2.066091e-09      0.95069514      0.82649137      0.25582287      0.76321585       15.861954       1101.1805       1464.3151       2.9296809       -18.998672          21.928353       2959.0405                 20.263865                 396.13421                                661.64895                       23.13352                   15.861954                  1464.3151       217.72614        159.95677
              1       1482.8666      0.02364929       69.257085       3.0282435      0.99259994       7.8639477       0.7379958      0.28451022      0.11377152      0.99144307      0.99709676      0.99738917      0.99302607      0.99395832      0.12818838    2.066091e-09      0.95069514      0.82649137      0.25582287      0.76321585       15.861954       1101.1805       1464.3151       2.9859741       -18.942379          21.928353       2959.7612                 20.263865                 396.13421                                661.64895                       23.13352                   15.861954                  1464.3151       218.72954        159.67409
              3       1485.4565      0.02364929       69.257085       3.0282435      0.99259994       7.8639477       0.7379958      0.28451022      0.11377152      0.99061081      0.99709615      0.99770339      0.99522218      0.99107675      0.12818838    2.066091e-09      0.95069514      0.82649137      0.25582287      0.76321585       15.861954       1102.3479       1464.3151         3.94891       -17.979443          21.928353       2963.0152                 20.272112                 396.13965                                663.88022                      22.055887                   15.861954                  1464.3151       218.47858        162.01169
              1        1484.313      0.02364929       69.257085       3.0282435      0.99259994       7.8639477       0.7379958      0.28451022      0.11377152      0.99061081      0.99553667       0.9986324      0.99708212       0.9951426      0.12818838    2.066091e-09      0.95069514      0.82649137      0.25582287      0.76321585       15.861954       1102.3479       1464.3151       3.7021315       -18.226221          21.928353       2961.2217                 20.272112                 396.13965                                663.88022                      22.055887                   15.861954                  1464.3151       217.70985        160.98688
              1       1485.3925      0.02364929       69.257085       3.0282435      0.99259994       7.8639477       0.7379958      0.28451022      0.11377152      0.99120627       0.9938142       1.0030117      0.99469818      0.99221921      0.12818838    2.066091e-09      0.95069514      0.82649137      0.25582287      0.76321585       15.861954       1101.2728       1464.3151       4.6905137       -17.237839          21.928353        2961.404                 20.265967                 396.14034                                662.04353                       22.82295                   15.861954                  1464.3151       219.13164        160.82254
              1        1485.557      0.02364929       69.257085       3.0282435      0.99259994       7.8639477       0.7379958      0.28451022      0.11377152      0.99120627      0.99370647       1.0029613      0.99469995       0.9921897      0.12818838    2.066091e-09      0.95069514      0.82649137      0.25582287      0.76321585       15.861954       1101.2728       1464.3151       4.7690935       -17.159259          21.928353       2961.5759                 20.265967                 396.14034                                662.04353                       22.82295                   15.861954                  1464.3151        219.2813        160.84474
              1       1487.6171      0.02364929       69.257085       3.0282435      0.99259994       7.8639477       0.7379958      0.28451022      0.11377152      0.99026085      0.99370578       1.0033182      0.99800988      0.99671259      0.12818838    2.066091e-09      0.95069514      0.82649137      0.25582287      0.76321585       15.861954       1103.5538       1464.3151       5.0979803       -16.830373          21.928353       2965.0382                  20.27625                 396.13766                                665.52548                      21.614381                   15.861954                  1464.3151       219.46735           161.84
              1       1488.8877      0.02364929       69.257085       3.0282435      0.99259994       7.8639477       0.7379958      0.28451022      0.11377152      0.99026085      0.99377069       1.0027927       0.9958405       0.9907086      0.12818838    2.066091e-09      0.95069514      0.82649137      0.25582287      0.76321585       15.861954       1103.5538       1464.3151       6.0981548       -15.830198          21.928353        2965.579                  20.27625                 396.13766                                665.52548                      21.614381                   15.861954                  1464.3151       219.10187        162.74632
              1       1484.8205      0.02364929       69.257085       3.0282435      0.99259994       7.8639477       0.7379958      0.28451022      0.11377152      0.99115226      0.99813655       1.0028535      0.99786325       1.0005467      0.12818838    2.066091e-09      0.95069514      0.82649137      0.25582287      0.76321585       15.861954       1101.3189       1464.3151       1.6800502       -20.248303          21.928353       2966.2809                 20.266475                 396.13965                                662.16025                      22.752556                   15.861954                  1464.3151       221.47108        163.31378
              1       1482.9705      0.02364929       69.257085       3.0282435      0.99259994       7.8639477       0.7379958      0.28451022      0.11377152       0.9921122      0.99813724       1.0024911      0.99295326      0.99553863      0.12818838    2.066091e-09      0.95069514      0.82649137      0.25582287      0.76321585       15.861954       1101.9629       1464.3151       1.6984813       -20.229871          21.928353       2962.5441                 20.258933                 396.11367                                661.56225                      24.028004                   15.861954                  1464.3151        221.0616        159.34251
              1       1483.0715      0.02364929       69.257085       3.0282435      0.99259994       7.8639477       0.7379958      0.28451022      0.11377152       0.9921122      0.99872348       1.0014102      0.99450487       0.9939713      0.12818838    2.066091e-09      0.95069514      0.82649137      0.25582287      0.76321585       15.861954       1101.9629       1464.3151       1.2691407       -20.659212          21.928353       2963.6048                 20.258933                 396.11367                                661.56225                      24.028004                   15.861954                  1464.3151       221.67969        159.78513
              1       1481.7668      0.02364929       69.257085       3.0282435      0.99259994       7.8639477       0.7379958      0.28451022      0.11377152       0.9921122      0.99711051      0.99863673      0.99449777      0.99342461      0.12818838    2.066091e-09      0.95069514      0.82649137      0.25582287      0.76321585       15.861954       1101.9629       1464.3151       1.7095751       -20.218778          21.928353       2960.1144                 20.258933                 396.11367                                661.56225                      24.028004                   15.861954                  1464.3151       217.95062        160.02382
              3       1481.4585      0.02364929       69.257085       3.0282435      0.99259994       7.8639477       0.7379958      0.28451022      0.11377152       0.9921122      0.99711051      0.99863673      0.99468563      0.99431722      0.12818838    2.066091e-09      0.95069514      0.82649137      0.25582287      0.76321585       15.861954       1101.9629       1464.3151       1.5556677       -20.372685          21.928353       2959.8056                 20.258933                 396.11367                                661.56225                      24.028004                   15.861954                  1464.3151       217.95062        159.71509
              1       1481.1046      0.02364929       69.257085       3.0282435      0.99259994       7.8639477       0.7379958      0.28451022      0.11377152       0.9921122      0.99711051      0.99863673      0.99506212       0.9969422      0.12818838    2.066091e-09      0.95069514      0.82649137      0.25582287      0.76321585       15.861954       1101.9629       1464.3151       1.2428838       -20.685469          21.928353       2959.7233                 20.258933                 396.11367                                661.56225                      24.028004                   15.861954                  1464.3151       217.95062        159.63278
              1       1481.0954      0.02364929       69.257085       3.0282435      0.99259994       7.8639477       0.7379958      0.28451022      0.11377152       0.9921122      0.99711051      0.99863673        0.995224      0.99677013      0.12818838    2.066091e-09      0.95069514      0.82649137      0.25582287      0.76321585       15.861954       1101.9629       1464.3151       1.2141195       -20.714233          21.928353       2959.7625                 20.258933                 396.11367                                661.56225                      24.028004                   15.861954                  1464.3151       217.95062        159.67195
              2       1481.2969      0.02364929       69.257085       3.0282435      0.99259994       7.8639477       0.7379958      0.28451022      0.11377152       0.9921122      0.99711051      0.99863673       0.9968855      0.99685931      0.12818838    2.066091e-09      0.95069514      0.82649137      0.25582287      0.76321585       15.861954       1101.9629       1464.3151      0.88359502       -21.044758          21.928353       2960.8266                 20.258933                 396.11367                                661.56225                      24.028004                   15.861954                  1464.3151       217.95062        160.73601
              1       1481.7499      0.02364929       69.257085       3.0282435      0.99259994       7.8639477       0.7379958      0.28451022      0.11377152       0.9921122      0.99713635       1.0026971      0.99545636      0.99560408      0.12818838    2.066091e-09      0.95069514      0.82649137      0.25582287      0.76321585       15.861954       1101.9629       1464.3151       1.2362733       -20.692079          21.928353       2961.0273                 20.258933                 396.11367                                661.56225                      24.028004                   15.861954                  1464.3151       219.12836        159.75899
              1       1483.1889      0.02364929       69.257085       3.0282435      0.99259994       7.8639477       0.7379958      0.28451022      0.11377152       0.9921122       0.9966413       1.0034547       0.9926635      0.99998608      0.12818838    2.066091e-09      0.95069514      0.82649137      0.25582287      0.76321585       15.861954       1101.9629       1464.3151       2.0474993       -19.880854          21.928353       2962.2828                 20.258933                 396.11367                                661.56225                      24.028004                   15.861954                  1464.3151       219.18477        160.95805
              1       1483.6111      0.02364929       69.257085       3.0282435      0.99259994       7.8639477       0.7379958      0.28451022      0.11377152       0.9921122      0.99585007       1.0032441      0.99155795      0.99965115      0.12818838    2.066091e-09      0.95069514      0.82649137      0.25582287      0.76321585       15.861954       1101.9629       1464.3151       2.8113436       -19.117009          21.928353       2961.5996                 20.258933                 396.11367                                661.56225                      24.028004                   15.861954                  1464.3151       218.24184         161.2178
              1       1487.0607      0.02364929       69.257085       3.0282435      0.99259994       7.8639477       0.7379958      0.28451022      0.11377152       0.9910101      0.99894805      0.99577027      0.99013396      0.99497839      0.12818838    2.066091e-09      0.95069514      0.82649137      0.25582287      0.76321585       15.861954       1101.4905       1464.3151       4.2881128        -17.64024          21.928353       2965.5452                  20.26786                 396.13965                                662.51496                      22.568049                   15.861954                  1464.3151       222.96289        160.91469
              1       1487.0336      0.02364929       69.257085       3.0282435      0.99259994       7.8639477       0.7379958      0.28451022      0.11377152       0.9910101      0.99894805      0.99577027      0.99728149       1.0033042      0.12818838    2.066091e-09      0.95069514      0.82649137      0.25582287      0.76321585       15.861954       1101.4905       1464.3151       1.9219884       -20.006364          21.928353       2970.2233                  20.26786                 396.13965                                662.51496                      22.568049                   15.861954                  1464.3151       222.96289        165.59276
              1       1484.6106      0.02364929       69.257085       3.0282435      0.99259994       7.8639477       0.7379958      0.28451022      0.11377152      0.99204784      0.99894881      0.99537848      0.99655304       1.0012093      0.12818838    2.066091e-09      0.95069514      0.82649137      0.25582287      0.76321585       15.861954       1101.8186       1464.3151      0.53733054       -21.391022          21.928353       2968.1466                 20.259345                 396.11367                                661.50473                      23.940878                   15.861954                  1464.3151        223.4146        162.73628
              1       1483.4349      0.02364929       69.257085       3.0282435      0.99259994       7.8639477       0.7379958      0.28451022      0.11377152      0.99204784      0.99867442       1.0023175      0.99424257      0.99920699      0.12818838    2.066091e-09      0.95069514      0.82649137      0.25582287      0.76321585       15.861954       1101.8186       1464.3151       1.0931147       -20.835238          21.928353       2964.6836                 20.259345                 396.11367                                661.50473                      23.940878                   15.861954                  1464.3151       222.40421        160.28371
              1       1485.7972      0.02364929       69.257085       3.0282435      0.99259994       7.8639477       0.7379958      0.28451022      0.11377152      0.99204784       0.9967435       1.0035283       0.9997118      0.99088593      0.12818838    2.066091e-09      0.95069514      0.82649137      0.25582287      0.76321585       15.861954       1101.8186       1464.3151       1.5444655       -20.383887          21.928353       2968.5055                 20.259345                 396.11367                                661.50473                      23.940878                   15.861954                  1464.3151       219.41089        167.09892
              1       1485.3766      0.02364929       69.257085       3.0282435      0.99259994       7.8639477       0.7379958      0.28451022      0.11377152      0.99204784       0.9967435       1.0035283        1.000459       1.0016275      0.12818838    2.066091e-09      0.95069514      0.82649137      0.25582287      0.76321585       15.861954       1101.8186       1464.3151      0.78686344       -21.141489          21.928353       2969.1795                 20.259345                 396.11367                                661.50473                      23.940878                   15.861954                  1464.3151       219.41089        167.77292
              1       1481.9385      0.02364929       69.257085       3.0282435      0.99259994       7.8639477       0.7379958      0.28451022      0.11377152      0.99204784      0.99706503       0.9978761        0.993823      0.99394241      0.12818838    2.066091e-09      0.95069514      0.82649137      0.25582287      0.76321585       15.861954       1101.8186       1464.3151       1.9394301       -19.988923          21.928353       2959.9982                 20.259345                 396.11367                                661.50473                      23.940878                   15.861954                  1464.3151       218.33188        159.67065
              1       1481.9543      0.02364929       69.257085       3.0282435      0.99259994       7.8639477       0.7379958      0.28451022      0.11377152      0.99204784      0.99706503       0.9978761       0.9980642      0.99710318      0.12818838    2.066091e-09      0.95069514      0.82649137      0.25582287      0.76321585       15.861954       1101.8186       1464.3151      0.81831077       -21.110042          21.928353       2962.2719                 20.259345                 396.11367                                661.50473                      23.940878                   15.861954                  1464.3151       218.33188        161.94435
              1       1483.4051      0.02364929       69.257085       3.0282435      0.99259994       7.8639477       0.7379958      0.28451022      0.11377152      0.99193718      0.99530252       0.9986985      0.99910528      0.99464713      0.12818838    2.066091e-09      0.95069514      0.82649137      0.25582287      0.76321585       15.861954         1101.62       1464.3151       1.8260259       -20.102327          21.928353       2963.1582                 20.260085                 396.12971                                661.43855                      23.791628                   15.861954                  1464.3151       217.83449        163.52666
              2       1483.7001      0.02364929       69.257085       3.0282435      0.99259994       7.8639477       0.7379958      0.28451022      0.11377152      0.99228763      0.99768728       1.0024001       0.9996327      0.99883108      0.12818838    2.066091e-09      0.95069514      0.82649137      0.25582287      0.76321585       15.861954       1102.4282       1464.3151      0.18034132       -21.748011          21.928353       2967.0395                 20.257877                 396.11367                                661.79003                       24.26664                   15.861954                  1464.3151       219.89636        164.53784
              1       1484.9952      0.02364929       69.257085       3.0282435      0.99259994       7.8639477       0.7379958      0.28451022      0.11377152      0.99228763      0.99763518        1.005409      0.99861225       0.9971173      0.12818838    2.066091e-09      0.95069514      0.82649137      0.25582287      0.76321585       15.861954       1102.4282       1464.3151      0.30398525       -21.624368          21.928353       2969.3823                 20.257877                 396.11367                                661.79003                       24.26664                   15.861954                  1464.3151        224.1638        162.61324
              1       1482.6619      0.02364929       69.257085       3.0282435      0.99259994       7.8639477       0.7379958      0.28451022      0.11377152      0.99228763      0.99758564       1.0036204      0.99559857      0.99530031      0.12818838    2.066091e-09      0.95069514      0.82649137      0.25582287      0.76321585       15.861954       1102.4282       1464.3151      0.88017828       -21.048175          21.928353       2963.5634                 20.257877                 396.11367                                661.79003                       24.26664                   15.861954                  1464.3151       221.08774        159.87041
              1       1484.1028      0.02364929       69.257085       3.0282435      0.99259994       7.8639477       0.7379958      0.28451022      0.11377152      0.99228763      0.99525073      0.99617494       0.9947822       1.0003319      0.12818838    2.066091e-09      0.95069514      0.82649137      0.25582287      0.76321585       15.861954       1102.4282       1464.3151       1.7962795       -20.132073          21.928353        2964.613                 20.257877                 396.11367                                661.79003                       24.26664                   15.861954                  1464.3151       220.85088        161.15683
              1       1483.6813      0.02364929       69.257085       3.0282435      0.99259994       7.8639477       0.7379958      0.28451022      0.11377152      0.99228763       0.9981247      0.99576565      0.99470593       1.0010281      0.12818838    2.066091e-09      0.95069514      0.82649137      0.25582287      0.76321585       15.861954       1102.4282       1464.3151       0.7674117       -21.160941          21.928353       2965.8277                 20.257877                 396.11367                                661.79003                       24.26664                   15.861954                  1464.3151       221.49234        161.73007
              1       1482.9785      0.02364929       69.257085       3.0282435      0.99259994       7.8639477       0.7379958      0.28451022      0.11377152      0.99227298      0.99537156       1.0002636      0.99570785      0.99152249      0.12818838    2.066091e-09      0.95069514      0.82649137      0.25582287      0.76321585       15.861954       1102.3853       1464.3151       2.2119514       -19.716401          21.928353       2961.5332                 20.257961                 396.11367                                661.76703                      24.246644                   15.861954                  1464.3151       217.09248        161.87831
              1       1483.9771      0.02364929       69.257085       3.0282435      0.99259994       7.8639477       0.7379958      0.28451022      0.11377152      0.99199352      0.99537135       1.0003691      0.99191293      0.99139733      0.12818838    2.066091e-09      0.95069514      0.82649137      0.25582287      0.76321585       15.861954        1101.708       1464.3151       3.7491637       -18.179189          21.928353       2960.4559                 20.259704                 396.11367                                661.46707                      23.867529                   15.861954                  1464.3151       217.07684        161.49396
              1       1481.9072      0.02364929       69.257085       3.0282435      0.99259994       7.8639477       0.7379958      0.28451022      0.11377152      0.99199352      0.99537135       1.0003691      0.99580543      0.99385648      0.12818838    2.066091e-09      0.95069514      0.82649137      0.25582287      0.76321585       15.861954        1101.708       1464.3151       2.2204401       -19.707913          21.928353       2959.3735                 20.259704                 396.11367                                661.46707                      23.867529                   15.861954                  1464.3151       217.07684        160.41162
              1        1483.677      0.02364929       69.257085       3.0282435      0.99259994       7.8639477       0.7379958      0.28451022      0.11377152      0.99199352      0.99623309       1.0006064      0.99821047       1.0029384      0.12818838    2.066091e-09      0.95069514      0.82649137      0.25582287      0.76321585       15.861954        1101.708       1464.3151       1.1861914       -20.742161          21.928353       2964.9815                 20.259704                 396.11367                                661.46707                      23.867529                   15.861954                  1464.3151       217.05273        166.04375
              1        1482.486      0.02364929       69.257085       3.0282435      0.99259994       7.8639477       0.7379958      0.28451022      0.11377152      0.99248747      0.99623345       1.0004199      0.99360191       1.0011779      0.12818838    2.066091e-09      0.95069514      0.82649137      0.25582287      0.76321585       15.861954       1103.0805       1464.3151       1.4400704       -20.488282          21.928353        2962.092                 20.256793                 396.10725                                662.17588                       24.54055                   15.861954                  1464.3151       217.03928        161.79512
              1       1482.7297      0.02364929       69.257085       3.0282435      0.99259994       7.8639477       0.7379958      0.28451022      0.11377152      0.99192948      0.99589145          1.0004      0.99822952       1.0009353      0.12818838    2.066091e-09      0.95069514      0.82649137      0.25582287      0.76321585       15.861954       1101.6066       1464.3151       1.3429431        -20.58541          21.928353       2962.7734                 20.260138                 396.12971                                661.43549                      23.781272                   15.861954                  1464.3151       216.96432        164.02539
              1       1482.5764      0.02364929       69.257085       3.0282435      0.99259994       7.8639477       0.7379958      0.28451022      0.11377152      0.99192948      0.99693315       0.9957341      0.99578534      0.99590889      0.12818838    2.066091e-09      0.95069514      0.82649137      0.25582287      0.76321585       15.861954       1101.6066       1464.3151       1.4405614       -20.487791          21.928353       2962.2718                 20.260138                 396.12971                                661.43549                      23.781272                   15.861954                  1464.3151       220.57297         159.9151
              2       1483.4481      0.02364929       69.257085       3.0282435      0.99259994       7.8639477       0.7379958      0.28451022      0.11377152      0.99192948      0.99687419      0.99479759       0.9947569      0.99812052      0.12818838    2.066091e-09      0.95069514      0.82649137      0.25582287      0.76321585       15.861954       1101.6066       1464.3151       1.5771626        -20.35119          21.928353       2963.7418                 20.260138                 396.12971                                661.43549                      23.781272                   15.861954                  1464.3151       222.10236        159.85577
              1       1481.6544      0.02364929       69.257085       3.0282435      0.99259994       7.8639477       0.7379958      0.28451022      0.11377152      0.99222916       0.9956288      0.99865369      0.99482431      0.99797209      0.12818838    2.066091e-09      0.95069514      0.82649137      0.25582287      0.76321585       15.861954       1102.2614       1464.3151       1.7041496       -20.224203          21.928353       2959.9006                 20.258218                 396.11367                                661.70257                      24.186908                   15.861954                  1464.3151       217.64207        159.82004
              2       1481.8972      0.02364929       69.257085       3.0282435      0.99259994       7.8639477       0.7379958      0.28451022      0.11377152      0.99222916       0.9956288      0.99865369      0.99550368      0.99425158      0.12818838    2.066091e-09      0.95069514      0.82649137      0.25582287      0.76321585       15.861954       1102.2614       1464.3151       1.8148861       -20.113467          21.928353       2960.1645                 20.258218                 396.11367                                661.70257                      24.186908                   15.861954                  1464.3151       217.64207        160.08401
              1       1484.8906      0.02364929       69.257085       3.0282435      0.99259994       7.8639477       0.7379958      0.28451022      0.11377152      0.99222916      0.99345584      0.99862055      0.99401329      0.99796849      0.12818838    2.066091e-09      0.95069514      0.82649137      0.25582287      0.76321585       15.861954       1102.2614       1464.3151       3.2465169       -18.681836          21.928353       2963.2881                 20.258218                 396.11367                                661.70257                      24.186908                   15.861954                  1464.3151       221.18285        159.66684
              1       1484.0009      0.02364929       69.257085       3.0282435      0.99259994       7.8639477       0.7379958      0.28451022      0.11377152      0.99222916      0.99883777       1.0027289      0.99555152      0.99362808      0.12818838    2.066091e-09      0.95069514      0.82649137      0.25582287      0.76321585       15.861954       1102.2614       1464.3151      0.88928658       -21.039066          21.928353       2966.2232                 20.258218                 396.11367                                661.70257                      24.186908                   15.861954                  1464.3151       223.41878        160.36595
              1       1483.0583      0.02364929       69.257085       3.0282435      0.99259994       7.8639477       0.7379958      0.28451022      0.11377152      0.99222916      0.99869922       1.0024103      0.99577846      0.99682189      0.12818838    2.066091e-09      0.95069514      0.82649137      0.25582287      0.76321585       15.861954       1102.2614       1464.3151      0.57090051       -21.357452          21.928353       2964.9748                 20.258218                 396.11367                                661.70257                      24.186908                   15.861954                  1464.3151       222.58604        159.95033
              1        1483.054      0.02364929       69.257085       3.0282435      0.99259994       7.8639477       0.7379958      0.28451022      0.11377152      0.99222916      0.99869922       1.0024103      0.99571178      0.99672894      0.12818838    2.066091e-09      0.95069514      0.82649137      0.25582287      0.76321585       15.861954       1102.2614       1464.3151      0.59064646       -21.337706          21.928353       2964.9267                 20.258218                 396.11367                                661.70257                      24.186908                   15.861954                  1464.3151       222.58604        159.90224
              1       1483.6242      0.02364929       69.257085       3.0282435      0.99259994       7.8639477       0.7379958      0.28451022      0.11377152      0.99222916      0.99565283      0.99639735      0.99504764       1.0007316      0.12818838    2.066091e-09      0.95069514      0.82649137      0.25582287      0.76321585       15.861954       1102.2614       1464.3151       1.6025764       -20.325776          21.928353       2964.0433                 20.258218                 396.11367                                661.70257                      24.186908                   15.861954                  1464.3151       220.04684        161.55798
              2       1483.9339      0.02364929       69.257085       3.0282435      0.99259994       7.8639477       0.7379958      0.28451022      0.11377152      0.99222916      0.99798541       0.9963997      0.99419941       1.0021202      0.12818838    2.066091e-09      0.95069514      0.82649137      0.25582287      0.76321585       15.861954       1102.2614       1464.3151       1.0418441       -20.886509          21.928353        2965.784                 20.258218                 396.11367                                661.70257                      24.186908                   15.861954                  1464.3151       220.58018        162.76541
              1       1481.9176      0.02364929       69.257085       3.0282435      0.99259994       7.8639477       0.7379958      0.28451022      0.11377152      0.99222916      0.99771451      0.99801048      0.99773246      0.99688308      0.12818838    2.066091e-09      0.95069514      0.82649137      0.25582287      0.76321585       15.861954       1102.2614       1464.3151      0.44897338       -21.479379          21.928353       2962.9372                 20.258218                 396.11367                                661.70257                      24.186908                   15.861954                  1464.3151       218.94922         161.5495
              1       1482.3689      0.02364929       69.257085       3.0282435      0.99259994       7.8639477       0.7379958      0.28451022      0.11377152      0.99222916      0.99725678      0.99660914      0.99772024      0.99669604      0.12818838    2.066091e-09      0.95069514      0.82649137      0.25582287      0.76321585       15.861954       1102.2614       1464.3151      0.58959025       -21.338763          21.928353       2963.5585                 20.258218                 396.11367                                661.70257                      24.186908                   15.861954                  1464.3151       219.60068        161.51942
              1       1482.8577      0.02364929       69.257085       3.0282435      0.99259994       7.8639477       0.7379958      0.28451022      0.11377152      0.99211318      0.99817184      0.99619083      0.99770152      0.99691738      0.12818838    2.066091e-09      0.95069514      0.82649137      0.25582287      0.76321585       15.861954       1101.9651       1464.3151      0.49123045       -21.437122          21.928353       2964.7328                 20.258927                 396.11367                                661.56323                      24.029326                   15.861954                  1464.3151       221.07011        161.52049
              1       1483.4289      0.02364929       69.257085       3.0282435      0.99259994       7.8639477       0.7379958      0.28451022      0.11377152      0.99211318      0.99817184      0.99619083      0.99318342      0.99329007      0.12818838    2.066091e-09      0.95069514      0.82649137      0.25582287      0.76321585       15.861954       1101.9651       1464.3151       1.8486572       -20.079696          21.928353       2963.1605                 20.258927                 396.11367                                661.56323                      24.029326                   15.861954                  1464.3151       221.07011         159.9482
              1       1483.6143      0.02364929       69.257085       3.0282435      0.99259994       7.8639477       0.7379958      0.28451022      0.11377152      0.99104159       0.9952204      0.99977138      0.99304963       0.9940691      0.12818838    2.066091e-09      0.95069514      0.82649137      0.25582287      0.76321585       15.861954       1101.4465       1464.3151       4.3287367       -17.599616          21.928353       2958.5711                 20.267547                 396.13965                                662.43046                      22.608817                   15.861954                  1464.3151       217.31569        159.63188
              1       1483.6344      0.02364929       69.257085       3.0282435      0.99259994       7.8639477       0.7379958      0.28451022      0.11377152      0.99104159      0.99497095      0.99988418      0.99741548      0.99468478      0.12818838    2.066091e-09      0.95069514      0.82649137      0.25582287      0.76321585       15.861954       1101.4465       1464.3151       3.3667334       -18.561619          21.928353       2960.5353                 20.267547                 396.13965                                662.43046                      22.608817                   15.861954                  1464.3151       217.48468        161.42709
              1       1484.1455      0.02364929       69.257085       3.0282435      0.99259994       7.8639477       0.7379958      0.28451022      0.11377152      0.99189631      0.99497157      0.99956148      0.99747194      0.99125285      0.12818838    2.066091e-09      0.95069514      0.82649137      0.25582287      0.76321585       15.861954       1101.5513       1464.3151       2.6491195       -19.279233          21.928353       2962.9927                 20.260369                 396.12971                                661.42458                      23.736677                   15.861954                  1464.3151       217.62184        163.64243
              1       1483.8553      0.02364929       69.257085       3.0282435      0.99259994       7.8639477       0.7379958      0.28451022      0.11377152      0.99189631      0.99478033       1.0005917      0.99994465      0.99650878      0.12818838    2.066091e-09      0.95069514      0.82649137      0.25582287      0.76321585       15.861954       1101.5513       1464.3151       1.9910509       -19.937302          21.928353       2963.7284                 20.260369                 396.12971                                661.42458                      23.736677                   15.861954                  1464.3151       217.48502        164.51497
              1       1483.6836      0.02364929       69.257085       3.0282435      0.99259994       7.8639477       0.7379958      0.28451022      0.11377152      0.99189631      0.99516936      0.99940281      0.99999109      0.99664483      0.12818838    2.066091e-09      0.95069514      0.82649137      0.25582287      0.76321585       15.861954       1101.5513       1464.3151        1.764949       -20.163404          21.928353       2963.8373                 20.260369                 396.12971                                661.42458                      23.736677                   15.861954                  1464.3151       217.51569         164.5932
              1       1483.1163      0.02364929       69.257085       3.0282435      0.99259994       7.8639477       0.7379958      0.28451022      0.11377152      0.99189631      0.99718724      0.99518277      0.99686096      0.99652425      0.12818838    2.066091e-09      0.95069514      0.82649137      0.25582287      0.76321585       15.861954       1101.5513       1464.3151       1.1602633        -20.76809          21.928353        2963.912                 20.260369                 396.12971                                661.42458                      23.736677                   15.861954                  1464.3151       221.49733        160.68625
              1       1482.9433      0.02364929       69.257085       3.0282435      0.99259994       7.8639477       0.7379958      0.28451022      0.11377152      0.99189631      0.99718724      0.99518277      0.99500483      0.99616405      0.12818838    2.066091e-09      0.95069514      0.82649137      0.25582287      0.76321585       15.861954       1101.5513       1464.3151       1.5596345       -20.368718          21.928353       2962.7674                 20.260369                 396.12971                                661.42458                      23.736677                   15.861954                  1464.3151       221.49733        159.54161
              2       1483.0644     0.023647938       69.272893       3.0282652      0.99255018       7.8698701      0.73823958      0.28424453      0.11441366      0.99222768      0.99717695      0.99503752      0.99688147      0.99869643      0.13004338   2.0661358e-09      0.95072046      0.82550212      0.25559808      0.76196735       16.072103       1101.3766       1464.2258      0.59515582       -21.287137          21.882293       2964.9385                 20.254318                 396.11892                                660.48903                      24.514342                   16.072103                  1464.2258       222.07188        161.19209
              1       1485.2176     0.023647938       69.272893       3.0282652      0.99255018       7.8698701      0.73823958      0.28424453      0.11441366      0.99269857      0.99369334      0.99771129      0.99745699      0.99481698      0.13004338   2.0661358e-09      0.95072046      0.82550212      0.25559808      0.76196735       16.072103       1102.9545       1464.2258       1.9514717       -19.930822          21.882293       2966.5323                 20.251677                 396.11063                                661.42315                      25.169076                   16.072103                  1464.2258       221.89124        161.38863
              1       1484.9433     0.023647938       69.272893       3.0282652      0.99255018       7.8698701      0.73823958      0.28424453      0.11441366      0.99179905      0.99369269      0.99805091      0.99754298      0.99494761      0.13004338   2.0661358e-09      0.95072046      0.82550212      0.25559808      0.76196735       16.072103       1100.6159       1464.2258       3.0441858       -18.838108          21.882293       2963.7983                 20.257337                 396.14034                                660.28915                      23.929045                   16.072103                  1464.2258       221.44083        161.44365
              1       1482.1173     0.023647938       69.272893       3.0282652      0.99255018       7.8698701      0.73823958      0.28424453      0.11441366      0.99179905      0.99722791      0.99809539      0.99624191      0.99273117      0.13004338   2.0661358e-09      0.95072046      0.82550212      0.25559808      0.76196735       16.072103       1100.6159       1464.2258       1.7198875       -20.162406          21.882293       2960.7948                 20.257337                 396.14034                                660.28915                      23.929045                   16.072103                  1464.2258       218.60524        161.27576
              1       1482.7026     0.023647938       69.272893       3.0282652      0.99255018       7.8698701      0.73823958      0.28424453      0.11441366      0.99128622       0.9980544       0.9999487      0.99637413       1.0002756      0.13004338   2.0661358e-09      0.95072046      0.82550212      0.25559808      0.76196735       16.072103       1100.5173       1464.2258        1.673886       -20.208407          21.882293       2962.0575                 20.261733                 396.14534                                660.86799                      23.242207                   16.072103                  1464.2258        219.4856        161.75671
              1       1483.6256     0.023647938       69.272893       3.0282652      0.99255018       7.8698701      0.73823958      0.28424453      0.11441366      0.99146494      0.99805453      0.99988123      0.99805114      0.99216898      0.13004338   2.0661358e-09      0.95072046      0.82550212      0.25559808      0.76196735       16.072103       1100.4441       1464.2258       1.7748009       -20.107492          21.882293       2963.7017                 20.260097                 396.13921                                660.56487                      23.479903                   16.072103                  1464.2258       219.47424         163.4854
              1       1483.8222     0.023647938       69.272893       3.0282652      0.99255018       7.8698701      0.73823958      0.28424453      0.11441366      0.99146494      0.99805453      0.99988123      0.99814846      0.99191079      0.13004338   2.0661358e-09      0.95072046      0.82550212      0.25559808      0.76196735       16.072103       1100.4441       1464.2258       1.8045145       -20.077779          21.882293       2964.0353                 20.260097                 396.13921                                660.56487                      23.479903                   16.072103                  1464.2258       219.47424        163.81905
              1       1482.4132     0.023647938       69.272893       3.0282652      0.99255018       7.8698701      0.73823958      0.28424453      0.11441366      0.99146494      0.99835678       1.0006779      0.99346026       0.9964171      0.13004338   2.0661358e-09      0.95072046      0.82550212      0.25559808      0.76196735       16.072103       1100.4441       1464.2258       2.2223527       -19.659941          21.882293       2960.3816                 20.260097                 396.13921                                660.56487                      23.479903                   16.072103                  1464.2258       220.42799        159.21159
              1       1486.3514     0.023647938       69.272893       3.0282652      0.99255018       7.8698701      0.73823958      0.28424453      0.11441366      0.98986495      0.99792989      0.99894591      0.99540119      0.99812697      0.13004338   2.0661358e-09      0.95072046      0.82550212      0.25559808      0.76196735       16.072103       1105.0018       1464.2258       4.0757464       -17.806547          21.882293       2964.5514                 20.278417                  396.1449                                667.16275                       21.41577                   16.072103                  1464.2258       219.24153        160.01004
              1       1484.5373     0.023647938       69.272893       3.0282652      0.99255018       7.8698701      0.73823958      0.28424453      0.11441366      0.99031926      0.99793022      0.99877438      0.99535776      0.99806099      0.13004338   2.0661358e-09      0.95072046      0.82550212      0.25559808      0.76196735       16.072103       1102.7961       1464.2258       3.3677978       -18.514496          21.882293        2962.339                 20.272426                 396.13879                                664.39765                      21.987218                   16.072103                  1464.2258       219.27835        159.96658
              1       1485.9475     0.023647938       69.272893       3.0282652      0.99255018       7.8698701      0.73823958      0.28424453      0.11441366       0.9934941      0.99793253      0.99757571      0.99975371      0.99225709      0.13004338   2.0661358e-09      0.95072046      0.82550212      0.25559808      0.76196735       16.072103       1107.3909       1464.2258     -0.74530882       -22.627602          21.882293       2973.3857                 20.248892                 396.14684                                664.69218                      26.302979                   16.072103                  1464.2258        219.8188        165.87804
              1       1484.0783     0.023647938       69.272893       3.0282652      0.99255018       7.8698701      0.73823958      0.28424453      0.11441366       0.9934941      0.99785841      0.99994227      0.99125626      0.99636976      0.13004338   2.0661358e-09      0.95072046      0.82550212      0.25559808      0.76196735       16.072103       1107.3909       1464.2258      0.72417238       -21.158121          21.882293       2966.7082                 20.248892                 396.14684                                664.69218                      26.302979                   16.072103                  1464.2258       219.09177        159.92758
              1       1483.4275     0.023647938       69.272893       3.0282652      0.99255018       7.8698701      0.73823958      0.28424453      0.11441366       0.9934941      0.99768943       1.0012513      0.99285312      0.99472552      0.13004338   2.0661358e-09      0.95072046      0.82550212      0.25559808      0.76196735       16.072103       1107.3909       1464.2258      0.27513754       -21.607156          21.882293       2966.3047                 20.248892                 396.14684                                664.69218                      26.302979                   16.072103                  1464.2258       219.22708        159.38876
              1       1481.9575     0.023647938       69.272893       3.0282652      0.99255018       7.8698701      0.73823958      0.28424453      0.11441366      0.99241248      0.99768865       1.0016597      0.99295652       0.9948826      0.13004338   2.0661358e-09      0.95072046      0.82550212      0.25559808      0.76196735       16.072103       1101.9085       1464.2258       1.4430072       -20.439286          21.882293        2961.029                 20.253197                 396.11892                                 660.7666                      24.769826                   16.072103                  1464.2258       219.48256         159.3399
              2       1482.5382     0.023647938       69.272893       3.0282652      0.99255018       7.8698701      0.73823958      0.28424453      0.11441366      0.99241248      0.99768865       1.0016597      0.99573406      0.99209978      0.13004338   2.0661358e-09      0.95072046      0.82550212      0.25559808      0.76196735       16.072103       1101.9085       1464.2258        1.006637       -20.875656          21.882293       2963.0631                 20.253197                 396.11892                                 660.7666                      24.769826                   16.072103                  1464.2258       219.48256        161.37401
              1       1483.2936     0.023647938       69.272893       3.0282652      0.99255018       7.8698701      0.73823958      0.28424453      0.11441366      0.99202488      0.99768837        1.001806      0.99212357      0.99229182      0.13004338   2.0661358e-09      0.95072046      0.82550212      0.25559808      0.76196735       16.072103       1100.9438       1464.2258       2.5482054       -19.334088          21.882293       2961.4908                 20.255673                 396.13497                                660.31704                      24.236144                   16.072103                  1464.2258       219.58774        160.66129
              1       1484.7769     0.023647938       69.272893       3.0282652      0.99255018       7.8698701      0.73823958      0.28424453      0.11441366      0.99202488      0.99910768       1.0016386      0.99208648      0.99263749      0.13004338   2.0661358e-09      0.95072046      0.82550212      0.25559808      0.76196735       16.072103       1100.9438       1464.2258       2.2608143       -19.621479          21.882293       2965.0321                 20.255673                 396.13497                                660.31704                      24.236144                   16.072103                  1464.2258        223.3392        160.45114
              1       1490.5469     0.023647938       69.272893       3.0282652      0.99255018       7.8698701      0.73823958      0.28424453      0.11441366      0.99202488      0.99802288       1.0060412      0.98790521      0.99972124      0.13004338   2.0661358e-09      0.95072046      0.82550212      0.25559808      0.76196735       16.072103       1100.9438       1464.2258       3.9965689       -17.885724          21.882293       2973.1007                 20.255673                 396.13497                                660.31704                      24.236144                   16.072103                  1464.2258       226.71277        165.14612
              1       1487.1347     0.023647938       69.272893       3.0282652      0.99255018       7.8698701      0.73823958      0.28424453      0.11441366      0.99202488      0.99585953      0.99746513      0.98781501      0.99873587      0.13004338   2.0661358e-09      0.95072046      0.82550212      0.25559808      0.76196735       16.072103       1100.9438       1464.2258       4.8005188       -17.081775          21.882293       2964.6683                 20.255673                 396.13497                                660.31704                      24.236144                   16.072103                  1464.2258        218.8168        164.60974
              1       1483.3238     0.023647938       69.272893       3.0282652      0.99255018       7.8698701      0.73823958      0.28424453      0.11441366      0.99202488       0.9957981      0.99673861      0.99895963      0.99581833      0.13004338   2.0661358e-09      0.95072046      0.82550212      0.25559808      0.76196735       16.072103       1100.9438       1464.2258        1.323768       -20.558525          21.882293       2964.0001                 20.255673                 396.13497                                660.31704                      24.236144                   16.072103                  1464.2258       219.73212         163.0262
              1       1482.7729     0.023647938       69.272893       3.0282652      0.99255018       7.8698701      0.73823958      0.28424453      0.11441366      0.99202488       0.9957981      0.99673861      0.99584152      0.99336519      0.13004338   2.0661358e-09      0.95072046      0.82550212      0.25559808      0.76196735       16.072103       1100.9438       1464.2258       1.9768342       -19.905459          21.882293       2961.5921                 20.255673                 396.13497                                660.31704                      24.236144                   16.072103                  1464.2258       219.73212        160.61826
              3       1481.4295     0.023647938       69.272893       3.0282652      0.99255018       7.8698701      0.73823958      0.28424453      0.11441366      0.99202488      0.99803553      0.99968732      0.99590131       0.9947125      0.13004338   2.0661358e-09      0.95072046      0.82550212      0.25559808      0.76196735       16.072103       1100.9438       1464.2258       1.0461408       -20.836153          21.882293       2960.7668                 20.255673                 396.13497                                660.31704                      24.236144                   16.072103                  1464.2258       219.41066        160.11432
              1       1482.6619     0.023647938       69.272893       3.0282652      0.99255018       7.8698701      0.73823958      0.28424453      0.11441366      0.99202488      0.99726874       1.0000798      0.99691145      0.99137542      0.13004338   2.0661358e-09      0.95072046      0.82550212      0.25559808      0.76196735       16.072103       1100.9438       1464.2258        1.505313        -20.37698          21.882293       2962.3131                 20.255673                 396.13497                                660.31704                      24.236144                   16.072103                  1464.2258       218.14438        162.92693
              1       1481.9959     0.023647938       69.272893       3.0282652      0.99255018       7.8698701      0.73823958      0.28424453      0.11441366      0.99202488      0.99726874       1.0000798      0.99606465        1.001549      0.13004338   2.0661358e-09      0.95072046      0.82550212      0.25559808      0.76196735       16.072103       1100.9438       1464.2258      0.97184221       -20.910451          21.882293       2962.0481                 20.255673                 396.13497                                660.31704                      24.236144                   16.072103                  1464.2258       218.14438        162.66196
              1       1481.4739     0.023647938       69.272893       3.0282652      0.99255018       7.8698701      0.73823958      0.28424453      0.11441366      0.99202488      0.99726874       1.0000798      0.99559916      0.99315581      0.13004338   2.0661358e-09      0.95072046      0.82550212      0.25559808      0.76196735       16.072103       1100.9438       1464.2258       1.4885273       -20.393766          21.882293       2959.9707                 20.255673                 396.13497                                660.31704                      24.236144                   16.072103                  1464.2258       218.14438         160.5845
              1       1481.5873     0.023647938       69.272893       3.0282652      0.99255018       7.8698701      0.73823958      0.28424453      0.11441366      0.99275527      0.99726927      0.99980403      0.99429749      0.99362287      0.13004338   2.0661358e-09      0.95072046      0.82550212      0.25559808      0.76196735       16.072103       1103.1967       1464.2258      0.86681424       -21.015479          21.882293        2961.441                 20.251409                 396.11063                                661.58594                      25.248737                   16.072103                  1464.2258       218.13365        159.81273
              1       1481.1194     0.023647938       69.272893       3.0282652      0.99255018       7.8698701      0.73823958      0.28424453      0.11441366      0.99275527      0.99726927      0.99980403      0.99646424      0.99585087      0.13004338   2.0661358e-09      0.95072046      0.82550212      0.25559808      0.76196735       16.072103       1103.1967       1464.2258      0.14849559       -21.733798          21.882293       2961.9418                 20.251409                 396.11063                                661.58594                      25.248737                   16.072103                  1464.2258       218.13365        160.31346
              1       1480.8738     0.023647938       69.272893       3.0282652      0.99255018       7.8698701      0.73823958      0.28424453      0.11441366      0.99208072      0.99726878       1.0000587      0.99652873      0.99594882      0.13004338   2.0661358e-09      0.95072046      0.82550212      0.25559808      0.76196735       16.072103       1101.0533       1464.2258      0.94814643       -20.934147          21.882293       2959.8513                 20.255287                 396.13497                                660.35053                      24.312511                   16.072103                  1464.2258       218.14265        160.35736
              1       1482.2852     0.023647938       69.272893       3.0282652      0.99255018       7.8698701      0.73823958      0.28424453      0.11441366      0.99208072      0.99726878       1.0000587      0.99147429      0.99453087      0.13004338   2.0661358e-09      0.95072046      0.82550212      0.25559808      0.76196735       16.072103       1101.0533       1464.2258       2.5797652       -19.302528          21.882293       2959.4109                 20.255287                 396.13497                                660.35053                      24.312511                   16.072103                  1464.2258       218.14265        159.91698
              1       1482.4172     0.023647938       69.272893       3.0282652      0.99255018       7.8698701      0.73823958      0.28424453      0.11441366      0.99178526      0.99726857       1.0001703      0.99150253      0.99457378      0.13004338   2.0661358e-09      0.95072046      0.82550212      0.25559808      0.76196735       16.072103       1100.6012       1464.2258       2.9448351       -18.937458          21.882293       2958.9446                 20.257444                 396.14034                                660.29304                      23.910381                   16.072103                  1464.2258       218.15356        159.89192
              2       1481.0618     0.023647938       69.272893       3.0282652      0.99255018       7.8698701      0.73823958      0.28424453      0.11441366      0.99231302      0.99726895        0.999971      0.99345111      0.99571567      0.13004338   2.0661358e-09      0.95072046      0.82550212      0.25559808      0.76196735       16.072103       1101.6077       1464.2258       1.4412854       -20.441008          21.882293       2959.2411                 20.253787                 396.11892                                 660.6029                      24.632086                   16.072103                  1464.2258       218.13705        159.19843
              1       1481.1572     0.023647938       69.272893       3.0282652      0.99255018       7.8698701      0.73823958      0.28424453      0.11441366      0.99231302      0.99733464      0.99893267      0.99343227      0.99567816      0.13004338   2.0661358e-09      0.95072046      0.82550212      0.25559808      0.76196735       16.072103       1101.6077       1464.2258       1.4307747       -20.451519          21.882293       2959.4529                 20.253787                 396.11892                                 660.6029                      24.632086                   16.072103                  1464.2258       218.34645        159.20078
              1       1480.7882     0.023647938       69.272893       3.0282652      0.99255018       7.8698701      0.73823958      0.28424453      0.11441366      0.99231302      0.99733464      0.99893267      0.99502231      0.99708976      0.13004338   2.0661358e-09      0.95072046      0.82550212      0.25559808      0.76196735       16.072103       1101.6077       1464.2258      0.87889986       -21.003393          21.882293       2959.8186                 20.253787                 396.11892                                 660.6029                      24.632086                   16.072103                  1464.2258       218.34645         159.5665
              1       1481.2985     0.023647938       69.272893       3.0282652      0.99255018       7.8698701      0.73823958      0.28424453      0.11441366      0.99231302       0.9965772      0.99861371      0.99702746      0.99907012      0.13004338   2.0661358e-09      0.95072046      0.82550212      0.25559808      0.76196735       16.072103       1101.6077       1464.2258      0.66777771       -21.214516          21.882293       2961.2615                 20.253787                 396.11892                                 660.6029                      24.632086                   16.072103                  1464.2258       217.85976        161.49611
              1       1481.5675     0.023647938       69.272893       3.0282652      0.99255018       7.8698701      0.73823958      0.28424453      0.11441366      0.99231302       0.9965772      0.99861371      0.99783863      0.99898867      0.13004338   2.0661358e-09      0.95072046      0.82550212      0.25559808      0.76196735       16.072103       1101.6077       1464.2258      0.56598762       -21.316306          21.882293        2962.003                 20.253787                 396.11892                                 660.6029                      24.632086                   16.072103                  1464.2258       217.85976        162.23759
              1        1481.975     0.023647938       69.272893       3.0282652      0.99255018       7.8698701      0.73823958      0.28424453      0.11441366      0.99231302      0.99511542       1.0007494      0.99790946      0.99873459      0.13004338   2.0661358e-09      0.95072046      0.82550212      0.25559808      0.76196735       16.072103       1101.6077       1464.2258        1.238632       -20.643661          21.882293       2961.4727                 20.253787                 396.11892                                 660.6029                      24.632086                   16.072103                  1464.2258       217.37126        162.19582
              1       1481.3932     0.023647938       69.272893       3.0282652      0.99255018       7.8698701      0.73823958      0.28424453      0.11441366       0.9920258      0.99523399       1.0011996      0.99496334      0.99876918      0.13004338   2.0661358e-09      0.95072046      0.82550212      0.25559808      0.76196735       16.072103       1100.9455       1464.2258       2.0548711       -19.827422          21.882293       2958.6766                 20.255667                 396.13497                                660.31751                      24.237401                   16.072103                  1464.2258       217.31621        160.11687
              1       1481.3771     0.023647938       69.272893       3.0282652      0.99255018       7.8698701      0.73823958      0.28424453      0.11441366       0.9920258      0.99569303       0.9994184      0.99666722      0.99898038      0.13004338   2.0661358e-09      0.95072046      0.82550212      0.25559808      0.76196735       16.072103       1100.9455       1464.2258       1.4653086       -20.416985          21.882293       2959.8237                 20.255667                 396.13497                                660.31751                      24.237401                   16.072103                  1464.2258       217.42317          161.157
              1       1482.0147     0.023647938       69.272893       3.0282652      0.99255018       7.8698701      0.73823958      0.28424453      0.11441366       0.9920258      0.99778296       1.0026018      0.99524392      0.99463554      0.13004338   2.0661358e-09      0.95072046      0.82550212      0.25559808      0.76196735       16.072103       1100.9455       1464.2258       1.2557661       -20.626527          21.882293       2961.5179                 20.255667                 396.13497                                660.31751                      24.237401                   16.072103                  1464.2258       220.50175        159.77266
              1       1481.8455     0.023647938       69.272893       3.0282652      0.99255018       7.8698701      0.73823958      0.28424453      0.11441366       0.9920258      0.99778296       1.0026018       0.9959299      0.99784513      0.13004338   2.0661358e-09      0.95072046      0.82550212      0.25559808      0.76196735       16.072103       1100.9455       1464.2258      0.87729168       -21.005002          21.882293       2961.9364                 20.255667                 396.13497                                660.31751                      24.237401                   16.072103                  1464.2258       220.50175        160.19112
              1       1482.8902     0.023647938       69.272893       3.0282652      0.99255018       7.8698701      0.73823958      0.28424453      0.11441366       0.9920258      0.99937408      0.99753579      0.99580726      0.99797937      0.13004338   2.0661358e-09      0.95072046      0.82550212      0.25559808      0.76196735       16.072103       1100.9455       1464.2258      0.64581634       -21.236477          21.882293       2964.4888                 20.255667                 396.13497                                660.31751                      24.237401                   16.072103                  1464.2258       223.08168        160.16364
              1       1483.5965     0.023647938       69.272893       3.0282652      0.99255018       7.8698701      0.73823958      0.28424453      0.11441366       0.9920258      0.99937408      0.99753579      0.99650029      0.99338221      0.13004338   2.0661358e-09      0.95072046      0.82550212      0.25559808      0.76196735       16.072103       1100.9455       1464.2258      0.88928244       -20.993011          21.882293       2965.4143                 20.255667                 396.13497                                660.31751                      24.237401                   16.072103                  1464.2258       223.08168        161.08917
              1       1481.0112     0.023647938       69.272893       3.0282652      0.99255018       7.8698701      0.73823958      0.28424453      0.11441366       0.9920258      0.99764015      0.99864927       0.9954298      0.99588401      0.13004338   2.0661358e-09      0.95072046      0.82550212      0.25559808      0.76196735       16.072103       1100.9455       1464.2258        1.137111       -20.745182          21.882293       2959.7482                 20.255667                 396.13497                                660.31751                      24.237401                   16.072103                  1464.2258       218.84541        159.65927
              1       1480.7382     0.023647938       69.272893       3.0282652      0.99255018       7.8698701      0.73823958      0.28424453      0.11441366       0.9920258      0.99707735       0.9994896      0.99580626       0.9958939      0.13004338   2.0661358e-09      0.95072046      0.82550212      0.25559808      0.76196735       16.072103       1100.9455       1464.2258       1.2196804       -20.662613          21.882293        2959.037                 20.255667                 396.13497                                660.31751                      24.237401                   16.072103                  1464.2258       217.92966        159.86382
              1       1481.2477     0.023647938       69.272893       3.0282652      0.99255018       7.8698701      0.73823958      0.28424453      0.11441366      0.99144039      0.99707693      0.99971062      0.99586222      0.99597891      0.13004338   2.0661358e-09      0.95072046      0.82550212      0.25559808      0.76196735       16.072103       1100.4467       1464.2258        1.976047       -19.906246          21.882293       2958.5433                 20.260315                 396.13921                                660.60008                      23.447142                   16.072103                  1464.2258       217.90488        159.89374
              1       1482.9146     0.023647938       69.272893       3.0282652      0.99255018       7.8698701      0.73823958      0.28424453      0.11441366      0.99144039      0.99751216      0.99810528      0.99374015       1.0011681      0.13004338   2.0661358e-09      0.95072046      0.82550212      0.25559808      0.76196735       16.072103       1100.4467       1464.2258       2.2523899       -19.629903          21.882293       2961.3244                 20.260315                 396.13921                                660.60008                      23.447142                   16.072103                  1464.2258       218.91263        161.66711
              2       1482.9295     0.023647938       69.272893       3.0282652      0.99255018       7.8698701      0.73823958      0.28424453      0.11441366      0.99144039       0.9975256      0.99807229      0.99373928       1.0011698      0.13004338   2.0661358e-09      0.95072046      0.82550212      0.25559808      0.76196735       16.072103       1100.4467       1464.2258       2.2489924       -19.633301          21.882293        2961.361                 20.260315                 396.13921                                660.60008                      23.447142                   16.072103                  1464.2258       218.94759         161.6687
              1       1482.8319     0.023647938       69.272893       3.0282652      0.99255018       7.8698701      0.73823958      0.28424453      0.11441366      0.99144039      0.99630769       1.0033719      0.99691139      0.99344462      0.13004338   2.0661358e-09      0.95072046      0.82550212      0.25559808      0.76196735       16.072103       1100.4467       1464.2258       2.3242893       -19.558004          21.882293       2961.0152                 20.260315                 396.13921                                660.60008                      23.447142                   16.072103                  1464.2258       218.85851        161.41197
              1       1481.3157     0.023647938       69.272893       3.0282652      0.99255018       7.8698701      0.73823958      0.28424453      0.11441366      0.99234957      0.99630835       1.0030286      0.99627735      0.99650073      0.13004338   2.0661358e-09      0.95072046      0.82550212      0.25559808      0.76196735       16.072103       1101.7143       1464.2258      0.96140843       -20.920885          21.882293       2960.7086                 20.253567                 396.11892                                660.65918                      24.682638                   16.072103                  1464.2258       218.52495        160.17145
              1       1482.0658     0.023647938       69.272893       3.0282652      0.99255018       7.8698701      0.73823958      0.28424453      0.11441366      0.99234957      0.99442515       1.0014832      0.99629719      0.99595031      0.13004338   2.0661358e-09      0.95072046      0.82550212      0.25559808      0.76196735       16.072103       1101.7143       1464.2258       1.9665426       -19.915751          21.882293       2960.1986                 20.253567                 396.11892                                660.65918                      24.682638                   16.072103                  1464.2258       218.00278        160.18356
              1       1482.3541     0.023647938       69.272893       3.0282652      0.99255018       7.8698701      0.73823958      0.28424453      0.11441366      0.99234957      0.99640851      0.99713076       0.9922893      0.99757842      0.13004338   2.0661358e-09      0.95072046      0.82550212      0.25559808      0.76196735       16.072103       1101.7143       1464.2258       1.9913884       -19.890905          21.882293       2960.7255                 20.253567                 396.11892                                660.65918                      24.682638                   16.072103                  1464.2258       219.03571        159.67755
              1       1481.8045     0.023647938       69.272893       3.0282652      0.99255018       7.8698701      0.73823958      0.28424453      0.11441366      0.99234957      0.99640851      0.99713076      0.99383072      0.99830377      0.13004338   2.0661358e-09      0.95072046      0.82550212      0.25559808      0.76196735       16.072103       1101.7143       1464.2258       1.4325068       -20.449787          21.882293       2960.7441                 20.253567                 396.11892                                660.65918                      24.682638                   16.072103                  1464.2258       219.03571        159.69612
              1       1481.7143     0.023647938       69.272893       3.0282652      0.99255018       7.8698701      0.73823958      0.28424453      0.11441366      0.99234957      0.99729359       1.0025236      0.99372591      0.99828645      0.13004338   2.0661358e-09      0.95072046      0.82550212      0.25559808      0.76196735       16.072103       1101.7143       1464.2258       1.1557358       -20.726557          21.882293       2961.1171                 20.253567                 396.11892                                660.65918                      24.682638                   16.072103                  1464.2258       219.41849        159.68639
              1       1481.4147     0.023647938       69.272893       3.0282652      0.99255018       7.8698701      0.73823958      0.28424453      0.11441366      0.99234957      0.99729359       1.0025236      0.99500207      0.99560049      0.13004338   2.0661358e-09      0.95072046      0.82550212      0.25559808      0.76196735       16.072103       1101.7143       1464.2258      0.95429959       -20.927994          21.882293       2960.9208                 20.253567                 396.11892                                660.65918                      24.682638                   16.072103                  1464.2258       219.41849        159.49002
              1       1482.7466     0.023647938       69.272893       3.0282652      0.99255018       7.8698701      0.73823958      0.28424453      0.11441366      0.99234957      0.99729359       1.0025236      0.99542107       1.0018507      0.13004338   2.0661358e-09      0.95072046      0.82550212      0.25559808      0.76196735       16.072103       1101.7143       1464.2258      0.70407202       -21.178221          21.882293        2964.085                 20.253567                 396.11892                                660.65918                      24.682638                   16.072103                  1464.2258       219.41849        162.65428
              1       1481.4998     0.023647938       69.272893       3.0282652      0.99255018       7.8698701      0.73823958      0.28424453      0.11441366      0.99234957      0.99735414       1.0011361      0.99523575       1.0001016      0.13004338   2.0661358e-09      0.95072046      0.82550212      0.25559808      0.76196735       16.072103       1101.7143       1464.2258      0.69670614       -21.185587          21.882293       2961.6061                 20.253567                 396.11892                                660.65918                      24.682638                   16.072103                  1464.2258        218.5636        161.03029
              1       1482.8276     0.023647938       69.272893       3.0282652      0.99255018       7.8698701      0.73823958      0.28424453      0.11441366      0.99234957      0.99706231       1.0001429      0.99941317       1.0006777      0.13004338   2.0661358e-09      0.95072046      0.82550212      0.25559808      0.76196735       16.072103       1101.7143       1464.2258      0.23707432       -21.645219          21.882293       2965.1811                 20.253567                 396.11892                                660.65918                      24.682638                   16.072103                  1464.2258       217.88853        165.28029
              1       1483.5483     0.023647938       69.272893       3.0282652      0.99255018       7.8698701      0.73823958      0.28424453      0.11441366      0.99234957      0.99710492        1.000219      0.99933562      0.99194251      0.13004338   2.0661358e-09      0.95072046      0.82550212      0.25559808      0.76196735       16.072103       1101.7143       1464.2258       0.8355134        -21.04678          21.882293       2965.4256                 20.253567                 396.11892                                660.65918                      24.682638                   16.072103                  1464.2258       217.94638        165.46693
              1       1481.9269     0.023647938       69.272893       3.0282652      0.99255018       7.8698701      0.73823958      0.28424453      0.11441366      0.99234957        0.998243       1.0016859      0.99658395      0.99735502      0.13004338   2.0661358e-09      0.95072046      0.82550212      0.25559808      0.76196735       16.072103       1101.7143       1464.2258      0.27184458       -21.610449          21.882293       2963.3102                 20.253567                 396.11892                                660.65918                      24.682638                   16.072103                  1464.2258       220.78682        160.51109
              1       1481.3368     0.023647938       69.272893       3.0282652      0.99255018       7.8698701      0.73823958      0.28424453      0.11441366      0.99234957      0.99686004        1.002674       0.9966338      0.99706104      0.13004338   2.0661358e-09      0.95072046      0.82550212      0.25559808      0.76196735       16.072103       1101.7143       1464.2258         0.65523       -21.227063          21.882293       2961.3632                 20.253567                 396.11892                                660.65918                      24.682638                   16.072103                  1464.2258       218.85429        160.49669
              1       1481.3329     0.023647938       69.272893       3.0282652      0.99255018       7.8698701      0.73823958      0.28424453      0.11441366      0.99234957      0.99663301       1.0031146       0.9953725      0.99713566      0.13004338   2.0661358e-09      0.95072046      0.82550212      0.25559808      0.76196735       16.072103       1101.7143       1464.2258      0.98326356        -20.89903          21.882293       2960.6992                 20.253567                 396.11892                                660.65918                      24.682638                   16.072103                  1464.2258       218.96649        159.72043
              1       1486.7992     0.023647938       69.272893       3.0282652      0.99255018       7.8698701      0.73823958      0.28424453      0.11441366      0.99234957      0.99246906      0.99886251      0.99714714      0.99616728      0.13004338   2.0661358e-09      0.95072046      0.82550212      0.25559808      0.76196735       16.072103       1101.7143       1464.2258       3.2363997       -18.645894          21.882293       2967.1256                 20.253567                 396.11892                                660.65918                      24.682638                   16.072103                  1464.2258       224.23308        160.88023
              1       1481.5341     0.023647938       69.272893       3.0282652      0.99255018       7.8698701      0.73823958      0.28424453      0.11441366      0.99234957      0.99546724       1.0012305      0.99781776      0.99745591      0.13004338   2.0661358e-09      0.95072046      0.82550212      0.25559808      0.76196735       16.072103       1101.7143       1464.2258       1.0655215       -20.816772          21.882293       2960.9371                 20.253567                 396.11892                                660.65918                      24.682638                   16.072103                  1464.2258       217.24475        161.68007
              1       1481.3171     0.023647938       69.272893       3.0282652      0.99255018       7.8698701      0.73823958      0.28424453      0.11441366      0.99234957      0.99636928       0.9988456      0.99775633       0.9975573      0.13004338   2.0661358e-09      0.95072046      0.82550212      0.25559808      0.76196735       16.072103       1101.7143       1464.2258      0.65838102       -21.223912          21.882293       2961.3174                 20.253567                 396.11892                                660.65918                      24.682638                   16.072103                  1464.2258       217.66922        161.63588
              1       1482.1978     0.023656393       69.321797       3.0283552      0.99141372       7.7850177       0.7381131      0.28089679      0.11867481      0.99246117      0.99642441      0.99906389      0.99779465      0.99753201      0.13118517   2.0663218e-09      0.95077237      0.82424151      0.25579199       0.7610923       16.694047        1097.291       1463.7842      0.78642516       -21.384648          22.171073       2962.8228                 20.256897                 396.04046                                656.65016                      24.343471                   16.694047                  1463.7842       221.79314        163.26038
              1       1484.3573     0.023656393       69.321797       3.0283552      0.99141372       7.7850177       0.7381131      0.28089679      0.11867481      0.99246117      0.99493475       1.0006883      0.99325195       1.0019022      0.13118517   2.0663218e-09      0.95077237      0.82424151      0.25579199       0.7610923       16.694047        1097.291       1463.7842       2.4868864       -19.684187          22.171073       2963.7409                 20.256897                 396.04046                                656.65016                      24.343471                   16.694047                  1463.7842       221.90126        164.07036
              1       1483.7937     0.023656393       69.321797       3.0283552      0.99141372       7.7850177       0.7381131      0.28089679      0.11867481      0.99246117      0.99775346       1.0021073      0.99864912       1.0013455      0.13118517   2.0663218e-09      0.95077237      0.82424151      0.25579199       0.7610923       16.694047        1097.291       1463.7842      0.24068012       -21.930393          22.171073       2967.1061                 20.256897                 396.04046                                656.65016                      24.343471                   16.694047                  1463.7842       223.29622        166.04062
              1       1484.5059     0.023656393       69.321797       3.0283552      0.99141372       7.7850177       0.7381131      0.28089679      0.11867481      0.99246117      0.99439542       1.0014132      0.99176962      0.99592019      0.13118517   2.0663218e-09      0.95077237      0.82424151      0.25579199       0.7610923       16.694047        1097.291       1463.7842       3.4804771       -18.690596          22.171073       2962.0508                 20.256897                 396.04046                                656.65016                      24.343471                   16.694047                  1463.7842       222.47247        161.80907
              1       1485.1764     0.023656393       69.321797       3.0283552      0.99141372       7.7850177       0.7381131      0.28089679      0.11867481      0.99355121      0.99439621       1.0010017      0.99166542       0.9957619      0.13118517   2.0663218e-09      0.95077237      0.82424151      0.25579199       0.7610923       16.694047       1100.8094       1463.7842       2.3154873       -19.855586          22.171073       2965.7219                 20.243825                 396.03764                                658.65793                      25.870003                   16.694047                  1463.7842       222.55385        161.88042
              2       1482.2112     0.023656393       69.321797       3.0283552      0.99141372       7.7850177       0.7381131      0.28089679      0.11867481      0.99290856      0.99763216       1.0013841      0.99567472       0.9943043      0.13118517   2.0663218e-09      0.95077237      0.82424151      0.25579199       0.7610923       16.694047       1098.2466       1463.7842      0.45664132       -21.714432          22.171073       2963.5091                 20.251099                 396.04295                                656.99041                      24.962087                   16.694047                  1463.7842       222.66899        162.11533
              1       1482.4403     0.023656393       69.321797       3.0283552      0.99141372       7.7850177       0.7381131      0.28089679      0.11867481      0.99314868      0.99763233       1.0012934       0.9942196       0.9997662      0.13118517   2.0663218e-09      0.95077237      0.82424151      0.25579199       0.7610923       16.694047       1099.0412       1463.7842      0.24708469       -21.923988          22.171073       2964.3863                 20.248231                 396.04317                                657.45116                      25.298663                   16.694047                  1463.7842         222.631        162.23586
              1       1483.7642     0.023656393       69.321797       3.0283552      0.99141372       7.7850177       0.7381131      0.28089679      0.11867481      0.99314868      0.99713785       1.0033821      0.99416336       1.0017431      0.13118517   2.0663218e-09      0.95077237      0.82424151      0.25579199       0.7610923       16.694047       1099.0412       1463.7842       0.4351839       -21.735889          22.171073       2966.6581                 20.248231                 396.04317                                657.45116                      25.298663                   16.694047                  1463.7842       223.34521        163.79343
              1       1482.4748     0.023656393       69.321797       3.0283552      0.99141372       7.7850177       0.7381131      0.28089679      0.11867481      0.99314868      0.99540099       1.0017158      0.99697727      0.99894946      0.13118517   2.0663218e-09      0.95077237      0.82424151      0.25579199       0.7610923       16.694047       1099.0412       1463.7842      0.51854047       -21.652532          22.171073       2963.9126                 20.248231                 396.04317                                657.45116                      25.298663                   16.694047                  1463.7842       221.45935        162.93373
              1       1483.2145     0.023656393       69.321797       3.0283552      0.99141372       7.7850177       0.7381131      0.28089679      0.11867481      0.99314868      0.99540099       1.0017158      0.99733678       1.0010748      0.13118517   2.0663218e-09      0.95077237      0.82424151      0.25579199       0.7610923       16.694047       1099.0412       1463.7842      0.46832951       -21.702743          22.171073       2965.4923                 20.248231                 396.04317                                657.45116                      25.298663                   16.694047                  1463.7842       221.45935        164.51349
              1       1482.6296     0.023656393       69.321797       3.0283552      0.99141372       7.7850177       0.7381131      0.28089679      0.11867481      0.99314868      0.99540099       1.0017158      0.99475112      0.99434068      0.13118517   2.0663218e-09      0.95077237      0.82424151      0.25579199       0.7610923       16.694047       1099.0412       1463.7842       1.2677798       -20.903293          22.171073       2962.7236                 20.248231                 396.04317                                657.45116                      25.298663                   16.694047                  1463.7842       221.45935        161.74478
              1        1483.673     0.023656393       69.321797       3.0283552      0.99141372       7.7850177       0.7381131      0.28089679      0.11867481      0.99314868      0.99540099       1.0017158      0.99280265       1.0008258      0.13118517   2.0663218e-09      0.95077237      0.82424151      0.25579199       0.7610923       16.694047       1099.0412       1463.7842       1.5727031        -20.59837          22.171073       2964.2006                 20.248231                 396.04317                                657.45116                      25.298663                   16.694047                  1463.7842       221.45935        163.22177
              1       1483.7942     0.023656393       69.321797       3.0283552      0.99141372       7.7850177       0.7381131      0.28089679      0.11867481      0.99314868      0.99812584      0.99863091      0.99547201       1.0025932      0.13118517   2.0663218e-09      0.95077237      0.82424151      0.25579199       0.7610923       16.694047       1099.0412       1463.7842     -0.12630898       -22.297382          22.171073       2967.8409                 20.248231                 396.04317                                657.45116                      25.298663                   16.694047                  1463.7842       223.44601        164.87544
              1       1482.7388     0.023656393       69.321797       3.0283552      0.99141372       7.7850177       0.7381131      0.28089679      0.11867481      0.99314868      0.99812584      0.99863091      0.99720937      0.99477347      0.13118517   2.0663218e-09      0.95077237      0.82424151      0.25579199       0.7610923       16.694047       1099.0412       1463.7842     -0.24685734        -22.41793          22.171073       2965.9712                 20.248231                 396.04317                                657.45116                      25.298663                   16.694047                  1463.7842       223.44601        163.00575
              1        1482.986     0.023656393       69.321797       3.0283552      0.99141372       7.7850177       0.7381131      0.28089679      0.11867481      0.99314868      0.99812584      0.99863091      0.99863165      0.99764612      0.13118517   2.0663218e-09      0.95077237      0.82424151      0.25579199       0.7610923       16.694047       1099.0412       1463.7842     -0.59956878       -22.770642          22.171073       2967.1711                 20.248231                 396.04317                                657.45116                      25.298663                   16.694047                  1463.7842       223.44601        164.20561
              1       1483.0039     0.023656393       69.321797       3.0283552      0.99141372       7.7850177       0.7381131      0.28089679      0.11867481      0.99314868      0.99812584      0.99863091       0.9986723      0.99741864      0.13118517   2.0663218e-09      0.95077237      0.82424151      0.25579199       0.7610923       16.694047       1099.0412       1463.7842     -0.59166576       -22.762739          22.171073       2967.1911                 20.248231                 396.04317                                657.45116                      25.298663                   16.694047                  1463.7842       223.44601        164.22559
              1       1483.5273     0.023656393       69.321797       3.0283552      0.99141372       7.7850177       0.7381131      0.28089679      0.11867481       0.9931366      0.99812583      0.99863547      0.99385858       1.0015151      0.13118517   2.0663218e-09      0.95077237      0.82424151      0.25579199       0.7610923       16.694047       1098.9965       1463.7842      0.27198699       -21.899086          22.171073       2966.5107                 20.248371                 396.04317                                657.42334                      25.281651                   16.694047                  1463.7842       223.44411        163.59183
              1       1482.6399     0.023656393       69.321797       3.0283552      0.99141372       7.7850177       0.7381131      0.28089679      0.11867481      0.99239482       0.9963306       1.0019451       0.9943259       1.0008553      0.13118517   2.0663218e-09      0.95077237      0.82424151      0.25579199       0.7610923       16.694047       1097.2082       1463.7842       1.5317378       -20.639335          22.171073       2962.2164                 20.257805                 396.04046                                656.65726                      24.252673                   16.694047                  1463.7842       221.51932        163.01065
              1        1480.775     0.023623115       69.398237       3.0301374      0.99244823       8.0104268      0.74018999      0.28292081      0.12047446      0.99230331      0.99601478       1.0015878      0.99340148      0.99887776      0.15051302   2.0700076e-09      0.95094985      0.81720169      0.25378336      0.75162324        18.22798       1096.3243       1463.4752      0.93756706       -20.106638          21.044205        2959.675                 20.212124                  396.4291                                651.87396                       27.80909                    18.22798                  1463.4752       221.32826        160.31921
              1       1482.3065     0.023623115       69.398237       3.0301374      0.99244823       8.0104268      0.74018999      0.28292081      0.12047446      0.99216766      0.99601468        1.001639      0.99320628      0.99147282      0.15051302   2.0700076e-09      0.95094985      0.81720169      0.25378336      0.75162324        18.22798       1096.1327       1463.4752       1.8469354       -19.197269          21.044205       2960.9192                 20.213291                  396.4291                                651.88701                      27.603349                    18.22798                  1463.4752       221.33769        161.74556
              1       1480.4248     0.023623115       69.398237       3.0301374      0.99244823       8.0104268      0.74018999      0.28292081      0.12047446      0.99216766      0.99702038       1.0010137      0.99509685      0.99710605      0.15051302   2.0700076e-09      0.95094985      0.81720169      0.25378336      0.75162324        18.22798       1096.1327       1463.4752      0.30068405       -20.743521          21.044205       2960.2482                 20.213291                  396.4291                                651.88701                      27.603349                    18.22798                  1463.4752       222.25827        160.15402
              1       1483.7629     0.023623115       69.398237       3.0301374      0.99244823       8.0104268      0.74018999      0.28292081      0.12047446      0.99097005      0.99701951       1.0014659      0.99317353      0.99308811      0.15051302   2.0700076e-09      0.95094985      0.81720169      0.25378336      0.75162324        18.22798        1097.215       1463.4752       2.8487698       -18.195435          21.044205       2961.8283                  20.22619                   396.444                                654.71376                      25.831096                    18.22798                  1463.4752       222.36406        160.54604
              1       1482.6581     0.023623115       69.398237       3.0301374      0.99244823       8.0104268      0.74018999      0.28292081      0.12047446      0.99097005      0.99701951       1.0014659      0.99463087      0.99669805      0.15051302   2.0700076e-09      0.95094985      0.81720169      0.25378336      0.75162324        18.22798        1097.215       1463.4752       2.0591579       -18.985047          21.044205       2961.1979                  20.22619                   396.444                                654.71376                      25.831096                    18.22798                  1463.4752       222.36406        159.91559
              1       1484.9591     0.023623115       69.398237       3.0301374      0.99244823       8.0104268      0.74018999      0.28292081      0.12047446      0.99057952      0.99701922       1.0016133      0.99813869      0.99898964      0.15051302   2.0700076e-09      0.95094985      0.81720169      0.25378336      0.75162324        18.22798       1098.6737       1463.4752       1.9131595       -19.131045          21.044205       2966.0918                 20.231376                 396.47762                                656.69431                      25.270414                    18.22798                  1463.4752       222.41353        163.30135
              1       1484.6605     0.023623115       69.398237       3.0301374      0.99244823       8.0104268      0.74018999      0.28292081      0.12047446      0.99057952      0.99701922       1.0016133      0.99789126      0.99666954      0.15051302   2.0700076e-09      0.95094985      0.81720169      0.25378336      0.75162324        18.22798       1098.6737       1463.4752       2.0327979       -19.011407          21.044205       2965.2554                 20.231376                 396.47762                                656.69431                      25.270414                    18.22798                  1463.4752       222.41353        162.46497
              1       1481.2244     0.023623115       69.398237       3.0301374      0.99244823       8.0104268      0.74018999      0.28292081      0.12047446      0.99198708      0.99702025       1.0010819      0.99775671      0.99646513      0.15051302   2.0700076e-09      0.95094985      0.81720169      0.25378336      0.75162324        18.22798       1095.9761       1463.4752     0.097168845       -20.947036          21.044205       2962.2544                  20.21493                  396.4291                                652.00105                      27.331048                    18.22798                  1463.4752       222.26978        162.30531
              1        1480.957     0.023623115       69.398237       3.0301374      0.99244823       8.0104268      0.74018999      0.28292081      0.12047446      0.99198708      0.99702025       1.0010819      0.99558269      0.99446598      0.15051302   2.0700076e-09      0.95094985      0.81720169      0.25378336      0.75162324        18.22798       1095.9761       1463.4752      0.62781393       -20.416391          21.044205       2960.6583                  20.21493                  396.4291                                652.00105                      27.331048                    18.22798                  1463.4752       222.26978        160.70918
              1       1480.7605     0.023623115       69.398237       3.0301374      0.99244823       8.0104268      0.74018999      0.28292081      0.12047446      0.99254095      0.99595848       1.0002974      0.99554586      0.99409049      0.15051302   2.0700076e-09      0.95094985      0.81720169      0.25378336      0.75162324        18.22798       1096.8063       1463.4752      0.40517894       -20.639026          21.044205       2960.7107                 20.210213                  396.4231                                652.00104                      28.171949                    18.22798                  1463.4752         221.367         160.8342
              1       1481.6473     0.023623115       69.398237       3.0301374      0.99244823       8.0104268      0.74018999      0.28292081      0.12047446      0.99254095      0.99595848       1.0002974      0.99900114       0.9964244      0.15051302   2.0700076e-09      0.95094985      0.81720169      0.25378336      0.75162324        18.22798       1096.8063       1463.4752     -0.27154541        -21.31575          21.044205       2963.8376                 20.210213                  396.4231                                652.00104                      28.171949                    18.22798                  1463.4752         221.367        163.96112
              1       1481.3629     0.023623115       69.398237       3.0301374      0.99244823       8.0104268      0.74018999      0.28292081      0.12047446      0.99254095      0.99595848       1.0002974      0.99746358       1.0004172      0.15051302   2.0700076e-09      0.95094985      0.81720169      0.25378336      0.75162324        18.22798       1096.8063       1463.4752     -0.25603427       -21.300239          21.044205       2963.2379                 20.210213                  396.4231                                652.00104                      28.171949                    18.22798                  1463.4752         221.367        163.36139
              1       1480.4307     0.023623115       69.398237       3.0301374      0.99244823       8.0104268      0.74018999      0.28292081      0.12047446      0.99254095      0.99595848       1.0002974      0.99622842      0.99797546      0.15051302   2.0700076e-09      0.95094985      0.81720169      0.25378336      0.75162324        18.22798       1096.8063       1463.4752    -0.025667138       -21.069872          21.044205       2960.9127                 20.210213                  396.4231                                652.00104                      28.171949                    18.22798                  1463.4752         221.367        161.03615
              1       1482.5091     0.023637916        69.38376       3.0309095      0.99125919        8.099054      0.74178487       0.2869574      0.12514737      0.99265122      0.99577348       1.0004007      0.99758247       1.0029874        0.165553   2.0716064e-09      0.95089864      0.80961368      0.25219313      0.74230748        19.21253       1097.2105       1463.5384      0.26445307       -21.277719          21.542172       2964.4894                 20.179611                 396.67993                                649.57331                      30.777686                    19.21253                  1463.5384        220.4959        164.03203
              2        1480.836     0.023637916        69.38376       3.0309095      0.99125919        8.099054      0.74178487       0.2869574      0.12514737      0.99265122      0.99519451       1.0010098      0.99758813      0.99855159        0.165553   2.0716064e-09      0.95089864      0.80961368      0.25219313      0.74230748        19.21253       1097.2105       1463.5384        0.489709       -21.052463          21.542172       2960.6926                 20.179611                 396.67993                                649.57331                      30.777686                    19.21253                  1463.5384        220.2016        160.52956
              1       1480.9224     0.023637916        69.38376       3.0309095      0.99125919        8.099054      0.74178487       0.2869574      0.12514737      0.99281417      0.99595689      0.99950465       0.9956253      0.99295094        0.165553   2.0716064e-09      0.95089864      0.80961368      0.25219313      0.74230748        19.21253       1097.5371       1463.5384      0.70605477       -20.836117          21.542172       2960.4327                  20.17757                 396.67993                                649.63431                      31.045316                    19.21253                  1463.5384       220.97868        159.16595
              1       1482.8996     0.023637916        69.38376       3.0309095      0.99125919        8.099054      0.74178487       0.2869574      0.12514737      0.99285636      0.99796363       1.0019872      0.99083714      0.99360881        0.165553   2.0716064e-09      0.95089864      0.80961368      0.25219313      0.74230748        19.21253       1097.6365       1463.5384       1.5039084       -20.038264          21.542172       2962.7915                 20.177056                 396.67993                                649.66471                      31.114835                    19.21253                  1463.5384       224.45862        157.94543
              1       1484.2429      0.02363837       69.445195        3.030801      0.99101835       8.1170797      0.74245924       0.2868772      0.12612714      0.99281343      0.99390471       1.0012145      0.99729635       1.0018948      0.17029236   2.0713817e-09      0.95098454      0.80761162      0.25155555      0.73953526       20.042837       1097.1781       1463.1973       1.1486791       -20.408846          21.557525       2966.1884                 20.168232                 396.70799                                647.81798                      32.483894                   20.042837                  1463.1973       222.10785        163.66235
              1       1482.8233      0.02363837       69.445195        3.030801      0.99101835       8.1170797      0.74245924       0.2868772      0.12612714      0.99163534       0.9953245       1.0008115      0.99632455      0.99910316      0.17029236   2.0713817e-09      0.95098454      0.80761162      0.25155555      0.73953526       20.042837       1096.3337       1463.1973       1.8921656       -19.665359          21.557525       2961.8622                 20.186282                  396.7235                                648.90246                      30.521411                   20.042837                  1463.1973       221.87218        160.41624
              1       1483.2282      0.02363837       69.445195        3.030801      0.99101835       8.1170797      0.74245924       0.2868772      0.12612714      0.99410732        0.995493      0.99993971      0.99440701      0.99767092      0.17029236   2.0713817e-09      0.95098454      0.80761162      0.25155555      0.73953526       20.042837       1103.6123       1463.1973     -0.52880901       -22.086334          21.557525       2967.5141                 20.153657                 396.71585                                 652.0166                      34.726234                   20.042837                  1463.1973       222.28162           158.38
              1       1484.7051      0.02363837       69.445195        3.030801      0.99101835       8.1170797      0.74245924       0.2868772      0.12612714      0.99410732       0.9948979        1.003275      0.99833481      0.99780929      0.17029236   2.0713817e-09      0.95098454      0.80761162      0.25155555      0.73953526       20.042837       1103.6123       1463.1973     -0.92409836       -22.481623          21.557525       2971.2584                 20.153657                 396.71585                                 652.0166                      34.726234                   20.042837                  1463.1973       222.00853        162.39737
              1       1486.0764      0.02363837       69.445195        3.030801      0.99101835       8.1170797      0.74245924       0.2868772      0.12612714      0.99104456      0.99489568       1.0044314      0.99862758      0.99825407      0.17029236   2.0713817e-09      0.95098454      0.80761162      0.25155555      0.73953526       20.042837       1097.7508       1463.1973       2.6766451        -18.88088          21.557525       2966.7995                 20.197114                 396.76414                                 651.2236                      29.565971                   20.042837                  1463.1973       222.81981        162.98878
              1       1484.2062      0.02363837       69.445195        3.030801      0.99101835       8.1170797      0.74245924       0.2868772      0.12612714      0.99104456      0.99683022       1.0000513      0.99589163       0.9962116      0.17029236   2.0713817e-09      0.95098454      0.80761162      0.25155555      0.73953526       20.042837       1097.7508       1463.1973       2.2662274       -19.291297          21.557525       2963.8799                 20.197114                 396.76414                                 651.2236                      29.565971                   20.042837                  1463.1973       223.69098        159.19795
              1       1484.7112      0.02363837       69.445195        3.030801      0.99101835       8.1170797      0.74245924       0.2868772      0.12612714      0.99104456      0.99683206      0.99823775      0.99586145      0.99611791      0.17029236   2.0713817e-09      0.95098454      0.80761162      0.25155555      0.73953526       20.042837       1097.7508       1463.1973        2.278551       -19.278974          21.557525       2964.8652                 20.197114                 396.76414                                 651.2236                      29.565971                   20.042837                  1463.1973       224.70447        159.16982
              1       1484.3498      0.02363837       69.445195        3.030801      0.99101835       8.1170797      0.74245924       0.2868772      0.12612714      0.99104456      0.99649893       1.0011762      0.99248903      0.99478346      0.17029236   2.0713817e-09      0.95098454      0.80761162      0.25155555      0.73953526       20.042837       1097.7508       1463.1973       3.4912162       -18.066308          21.557525       2961.7172                 20.197114                 396.76414                                 651.2236                      29.565971                   20.042837                  1463.1973       223.03978        157.68649
              1       1484.7959      0.02363837       69.445195        3.030801      0.99101835       8.1170797      0.74245924       0.2868772      0.12612714      0.99132412      0.99788795      0.99950032      0.99444184      0.99326255      0.17029236   2.0713817e-09      0.95098454      0.80761162      0.25155555      0.73953526       20.042837       1096.9293       1463.1973       2.2027563       -19.354768          21.557525       2965.1864                 20.191832                 396.74517                                649.97656                      30.015703                   20.042837                  1463.1973       226.16652        158.85045
              1       1484.5607      0.02363837       69.445195        3.030801      0.99101835       8.1170797      0.74245924       0.2868772      0.12612714      0.99132412      0.99788795      0.99950032      0.99417656      0.99394783      0.17029236   2.0713817e-09      0.95098454      0.80761162      0.25155555      0.73953526       20.042837       1096.9293       1463.1973       2.1947255       -19.362799          21.557525       2964.7319                 20.191832                 396.74517                                649.97656                      30.015703                   20.042837                  1463.1973       226.16652          158.396
              1       1483.6224      0.02363837       69.445195        3.030801      0.99101835       8.1170797      0.74245924       0.2868772      0.12612714      0.99132412      0.99438277       1.0032998      0.99507602      0.99560946      0.17029236   2.0713817e-09      0.95098454      0.80761162      0.25155555      0.73953526       20.042837       1096.9293       1463.1973       3.2959629       -18.261562          21.557525       2960.6528                 20.191832                 396.74517                                649.97656                      30.015703                   20.042837                  1463.1973       221.92859        158.55482
              1       1483.5632     0.023612661       69.546405       3.0312191      0.99115844       8.2796566      0.74315399      0.28517213      0.12112848      0.99091572      0.99405358       1.0030192      0.99484066      0.99542796      0.17548852    2.072248e-09      0.95118025      0.80666566      0.25093035      0.73775055       20.609162       1095.2429        1462.932       3.3000327       -17.395565          20.695598       2960.5263                 20.151804                 397.23721                                645.63328                      32.220597                   20.609162                   1462.932       222.15244        159.58983
              1       1485.3558     0.023612661       69.546405       3.0312191      0.99115844       8.2796566      0.74315399      0.28517213      0.12112848      0.99091572      0.99633529       1.0043251       0.9948072      0.99606544      0.17548852    2.072248e-09      0.95118025      0.80666566      0.25093035      0.73775055       20.609162       1095.2429        1462.932       2.0389984       -18.656599          20.695598       2966.6336                 20.151804                 397.23721                                645.63328                      32.220597                   20.609162                   1462.932       228.18961        159.65993
              1       1486.3929     0.023612661       69.546405       3.0312191      0.99115844       8.2796566      0.74315399      0.28517213      0.12112848      0.99091572      0.99633529       1.0043251      0.99105352      0.99204459      0.17548852    2.072248e-09      0.95118025      0.80666566      0.25093035      0.73775055       20.609162       1095.2429        1462.932        3.807593       -16.888005          20.695598       2965.1706                 20.151804                 397.23721                                645.63328                      32.220597                   20.609162                   1462.932       228.18961        158.19696
              1       1484.9644     0.023612661       69.546405       3.0312191      0.99115844       8.2796566      0.74315399      0.28517213      0.12112848      0.99091572      0.99646198       1.0016406      0.99253418      0.99211274      0.17548852    2.072248e-09      0.95118025      0.80666566      0.25093035      0.73775055       20.609162       1095.2429        1462.932       3.1439784       -17.551619          20.695598       2963.6409                 20.151804                 397.23721                                645.63328                      32.220597                   20.609162                   1462.932       226.31139        158.54549
              2       1485.4739     0.023612661       69.546405       3.0312191      0.99115844       8.2796566      0.74315399      0.28517213      0.12112848      0.99246686      0.99641817       1.0009673      0.99238553      0.99187171      0.17548852    2.072248e-09      0.95118025      0.80666566      0.25093035      0.73775055       20.609162       1100.4367        1462.932       1.1913503       -19.504247          20.695598       2968.5652                 20.130374                 397.20048                                648.19197                      34.913843                   20.609162                   1462.932       225.98364         158.6037
              1       1486.1686     0.023612661       69.546405       3.0312191      0.99115844       8.2796566      0.74315399      0.28517213      0.12112848      0.99241722      0.99641813        1.000986      0.98996074      0.99231276      0.17548852    2.072248e-09      0.95118025      0.80666566      0.25093035      0.73775055       20.609162       1100.1417        1462.932       2.2470613       -18.448536          20.695598       2967.8431                 20.130934                 397.20048                                647.98462                      34.825647                   20.609162                   1462.932       225.98692        158.17331
              1       1486.5798     0.023612661       69.546405       3.0312191      0.99115844       8.2796566      0.74315399      0.28517213      0.12112848      0.99262412      0.99641828       1.0009079      0.98994096      0.99228271      0.17548852    2.072248e-09      0.95118025      0.80666566      0.25093035      0.73775055       20.609162       1101.4268        1462.932       2.0136427       -18.681955          20.695598       2969.1323                  20.12865                 397.20048                                648.90349                      35.194187                   20.609162                   1462.932       225.97403        158.19035
              1       1487.2141     0.023612661       69.546405       3.0312191      0.99115844       8.2796566      0.74315399      0.28517213      0.12112848      0.99303415      0.99641858       1.0007531      0.99618038      0.99929763      0.17548852    2.072248e-09      0.95118025      0.80666566      0.25093035      0.73775055       20.609162       1104.4038        1462.932      -1.1633389       -21.858937          20.695598        2976.755                 20.124529                 397.20048                                651.14745                      35.931345                   20.609162                   1462.932       225.95457        162.85544
              1       1486.0224     0.023612661       69.546405       3.0312191      0.99115844       8.2796566      0.74315399      0.28517213      0.12112848      0.99067808      0.99641687       1.0016426       0.9964056      0.99963977      0.17548852    2.072248e-09      0.95118025      0.80666566      0.25093035      0.73775055       20.609162       1095.1711        1462.932       1.8624997       -18.833098          20.695598       2968.3198                 20.155767                   397.235                                645.96079                      31.819571                   20.609162                   1462.932       226.17682        163.43071
              1       1486.1638     0.023612661       69.546405       3.0312191      0.99115844       8.2796566      0.74315399      0.28517213      0.12112848      0.99067808      0.99458207       1.0065476      0.99236228      0.99813282      0.17548852    2.072248e-09      0.95118025      0.80666566      0.25093035      0.73775055       20.609162       1095.1711        1462.932        3.938124       -16.757474          20.695598       2964.4514                 20.155767                   397.235                                645.96079                      31.819571                   20.609162                   1462.932       226.77191        158.96719
              1       1484.2682     0.023612661       69.546405       3.0312191      0.99115844       8.2796566      0.74315399      0.28517213      0.12112848      0.99067808      0.99353251       1.0030282      0.99232917      0.99768806      0.17548852    2.072248e-09      0.95118025      0.80666566      0.25093035      0.73775055       20.609162       1095.1711        1462.932       4.6613004       -16.034297          20.695598       2959.2138                 20.155767                   397.235                                645.96079                      31.819571                   20.609162                   1462.932       221.81119        158.69035
              1       1484.4706     0.023612661       69.546405       3.0312191      0.99115844       8.2796566      0.74315399      0.28517213      0.12112848      0.99067808      0.99323761       1.0011778      0.99191822      0.99728189      0.17548852    2.072248e-09      0.95118025      0.80666566      0.25093035      0.73775055       20.609162       1095.1711        1462.932       5.0579286       -15.637669          20.695598       2958.8253                 20.155767                   397.235                                645.96079                      31.819571                   20.609162                   1462.932       221.74223        158.37079
              1       1484.3358     0.023612661       69.546405       3.0312191      0.99115844       8.2796566      0.74315399      0.28517213      0.12112848      0.99067808      0.99539688       1.0023946      0.99188624      0.99788417      0.17548852    2.072248e-09      0.95118025      0.80666566      0.25093035      0.73775055       20.609162       1095.1711        1462.932       3.6798362       -17.015761          20.695598        2961.312                 20.155767                   397.235                                645.96079                      31.819571                   20.609162                   1462.932       223.90601        158.69368
              1       1483.9761     0.023612661       69.546405       3.0312191      0.99115844       8.2796566      0.74315399      0.28517213      0.12112848      0.99093536      0.99539706       1.0022975      0.99186165      0.99784681      0.17548852    2.072248e-09      0.95118025      0.80666566      0.25093035      0.73775055       20.609162       1095.2574        1462.932       3.3127266       -17.382871          20.695598       2961.3267                 20.151485                 397.23721                                 645.6148                      32.253878                   20.609162                   1462.932       223.86145        158.66672
              1       1483.8258     0.023612661       69.546405       3.0312191      0.99115844       8.2796566      0.74315399      0.28517213      0.12112848      0.99093536      0.99528653        1.001822      0.99185642      0.99779453      0.17548852    2.072248e-09      0.95118025      0.80666566      0.25093035      0.73775055       20.609162       1095.2574        1462.932       3.3742047       -17.321393          20.695598       2960.9031                 20.151485                 397.23721                                 645.6148                      32.253878                   20.609162                   1462.932       223.46973        158.63489
              1       1485.2132     0.023612661       69.546405       3.0312191      0.99115844       8.2796566      0.74315399      0.28517213      0.12112848      0.99093536      0.99208795       1.0015805      0.99301851      0.99397978      0.17548852    2.072248e-09      0.95118025      0.80666566      0.25093035      0.73775055       20.609162       1095.2574        1462.932       5.4786669       -15.216931          20.695598       2959.4692                 20.151485                 397.23721                                 645.6148                      32.253878                   20.609162                   1462.932        222.4678        158.20282
              1       1486.3395     0.023612661       69.546405       3.0312191      0.99115844       8.2796566      0.74315399      0.28517213      0.12112848      0.99093536      0.99440051      0.99646928      0.99594987      0.99869857      0.17548852    2.072248e-09      0.95118025      0.80666566      0.25093035      0.73775055       20.609162       1095.2574        1462.932       2.6139025       -18.081695          20.695598       2967.4512                 20.151485                 397.23721                                 645.6148                      32.253878                   20.609162                   1462.932       226.52956        162.12312
              1       1487.6668     0.023612661       69.546405       3.0312191      0.99115844       8.2796566      0.74315399      0.28517213      0.12112848      0.99067631      0.99440032      0.99656708       0.9954817      0.99028172      0.17548852    2.072248e-09      0.95118025      0.80666566      0.25093035      0.73775055       20.609162       1095.1713        1462.932       3.9720278        -16.72357          20.695598       2967.3895                 20.155798                   397.235                                645.96394                      31.816602                   20.609162                   1462.932       226.35938        162.31761
              1       1486.7902     0.023612661       69.546405       3.0312191      0.99115844       8.2796566      0.74315399      0.28517213      0.12112848      0.99061825      0.99440028        0.996589      0.99428799      0.99136149      0.17548852    2.072248e-09      0.95118025      0.80666566      0.25093035      0.73775055       20.609162       1095.1844        1462.932       4.1743044       -16.521293          20.695598       2965.2317                 20.156795                   397.235                                646.07353                      31.719096                   20.609162                   1462.932        226.3217        160.18443
              1        1485.874     0.023612661       69.546405       3.0312191      0.99115844       8.2796566      0.74315399      0.28517213      0.12112848      0.99132309      0.99336598       1.0064437       0.9962289      0.99813847      0.17548852    2.072248e-09      0.95118025      0.80666566      0.25093035      0.73775055       20.609162       1095.7716        1462.932        2.729321       -17.966277          20.695598       2966.2893                 20.145406                 397.19279                                645.51814                      32.915249                   20.609162                   1462.932        224.8524        162.12418
              1       1486.3089     0.023612661       69.546405       3.0312191      0.99115844       8.2796566      0.74315399      0.28517213      0.12112848      0.99093535       0.9933657       1.0065901      0.99626597      0.99819478      0.17548852    2.072248e-09      0.95118025      0.80666566      0.25093035      0.73775055       20.609162       1095.2574        1462.932       3.2710097       -17.424588          20.695598       2966.0757                 20.151485                 397.23721                                645.61481                      32.253864                   20.609162                   1462.932       225.07124        162.20596
              1       1485.5617     0.023612661       69.546405       3.0312191      0.99115844       8.2796566      0.74315399      0.28517213      0.12112848       0.9906971      0.99555625      0.99758084      0.99608459      0.99830393      0.17548852    2.072248e-09      0.95118025      0.80666566      0.25093035      0.73775055       20.609162       1095.1695        1462.932       2.3037215       -18.391876          20.695598        2966.516                 20.155444                   397.235                                 645.9275                      31.851551                   20.609162                   1462.932       225.76933        162.03601
              1       1486.2492     0.023612661       69.546405       3.0312191      0.99115844       8.2796566      0.74315399      0.28517213      0.12112848       0.9906971      0.99335723       1.0014626      0.99808557      0.99313078      0.17548852    2.072248e-09      0.95118025      0.80666566      0.25093035      0.73775055       20.609162       1095.1695        1462.932       3.7879943       -16.907603          20.695598       2964.9225                 20.155444                   397.235                                 645.9275                      31.851551                   20.609162                   1462.932       221.65184        164.55998
              1       1485.3864     0.023612661       69.546405       3.0312191      0.99115844       8.2796566      0.74315399      0.28517213      0.12112848       0.9906971      0.99335723       1.0014626      0.99700385      0.99333411      0.17548852    2.072248e-09      0.95118025      0.80666566      0.25093035      0.73775055       20.609162       1095.1695        1462.932       3.8937015       -16.801896          20.695598       2962.9854                 20.155444                   397.235                                 645.9275                      31.851551                   20.609162                   1462.932       221.65184        162.62286
              1       1484.1273     0.023612661       69.546405       3.0312191      0.99115844       8.2796566      0.74315399      0.28517213      0.12112848      0.99083917      0.99335734        1.001409      0.99153406      0.99652144      0.17548852    2.072248e-09      0.95118025      0.80666566      0.25093035      0.73775055       20.609162       1095.1992        1462.932       4.9328193       -15.762778          20.695598       2958.3889                 20.153062                 397.23721                                 645.7178                       32.09108                   20.609162                   1462.932       221.66315        157.98547
              1       1484.2243     0.023612661       69.546405       3.0312191      0.99115844       8.2796566      0.74315399      0.28517213      0.12112848      0.99064762       0.9933572       1.0014813      0.99242228      0.99710679      0.17548852    2.072248e-09      0.95118025      0.80666566      0.25093035      0.73775055       20.609162       1095.1763        1462.932       4.8279023       -15.867695          20.695598       2958.7927                 20.156289                   397.235                                646.01666                      31.768398                   20.609162                   1462.932       221.64815        158.42709
              1       1486.5704     0.023612661       69.546405       3.0312191      0.99115844       8.2796566      0.74315399      0.28517213      0.12112848      0.99064762      0.99401333      0.99965491      0.99830243      0.99908139      0.17548852    2.072248e-09      0.95118025      0.80666566      0.25093035      0.73775055       20.609162       1095.1763        1462.932       2.9436515       -17.751946          20.695598       2967.2534                 20.156289                   397.235                                646.01666                      31.768398                   20.609162                   1462.932       222.54602        165.98993
              1       1489.9928     0.023612661       69.546405       3.0312191      0.99115844       8.2796566      0.74315399      0.28517213      0.12112848      0.99064762      0.99245395       1.0078777      0.99847676      0.99911897      0.17548852    2.072248e-09      0.95118025      0.80666566      0.25093035      0.73775055       20.609162       1095.1763        1462.932       4.1014621       -16.594135          20.695598       2971.7827                 20.156289                   397.235                                646.01666                      31.768398                   20.609162                   1462.932       226.72675        166.33849
              1       1490.0614     0.023612661       69.546405       3.0312191      0.99115844       8.2796566      0.74315399      0.28517213      0.12112848      0.99064762      0.99245395       1.0078777      0.99861046       0.9989773      0.17548852    2.072248e-09      0.95118025      0.80666566      0.25093035      0.73775055       20.609162       1095.1763        1462.932       4.0943543       -16.601243          20.695598       2971.9342                 20.156289                   397.235                                646.01666                      31.768398                   20.609162                   1462.932       226.72675        166.48993
              1       1485.8067     0.023612661       69.546405       3.0312191      0.99115844       8.2796566      0.74315399      0.28517213      0.12112848      0.99064762      0.99340176       1.0032092      0.99709452       0.9991829      0.17548852    2.072248e-09      0.95118025      0.80666566      0.25093035      0.73775055       20.609162       1095.1763        1462.932       3.5074701       -17.188127          20.695598       2964.5984                 20.156289                   397.235                                646.01666                      31.768398                   20.609162                   1462.932       221.83377        164.04713
              2       1486.6279     0.023612661       69.546405       3.0312191      0.99115844       8.2796566      0.74315399      0.28517213      0.12112848      0.99064762      0.99645648      0.99847232      0.99694197      0.99969964      0.17548852    2.072248e-09      0.95118025      0.80666566      0.25093035      0.73775055       20.609162       1095.1763        1462.932       1.8034472        -18.89215          20.695598       2969.6489                 20.156289                   397.235                                646.01666                      31.768398                   20.609162                   1462.932       226.69722        164.23421
              3          1484.8     0.023612661       69.546405       3.0312191      0.99115844       8.2796566      0.74315399      0.28517213      0.12112848      0.99064762      0.99645648      0.99847232       0.9938922      0.99502216      0.17548852    2.072248e-09      0.95118025      0.80666566      0.25093035      0.73775055       20.609162       1095.1763        1462.932       2.7302976         -17.9653          20.695598       2964.1394                 20.156289                   397.235                                646.01666                      31.768398                   20.609162                   1462.932       226.69722        158.72469
              1       1484.8032     0.023612661       69.546405       3.0312191      0.99115844       8.2796566      0.74315399      0.28517213      0.12112848      0.99064762      0.99645648      0.99847232      0.99416656      0.99560425      0.17548852    2.072248e-09      0.95118025      0.80666566      0.25093035      0.73775055       20.609162       1095.1763        1462.932       2.5974273        -18.09817          20.695598       2964.4115                 20.156289                   397.235                                646.01666                      31.768398                   20.609162                   1462.932       226.69722        158.99677
              1       1484.9308     0.023612661       69.546405       3.0312191      0.99115844       8.2796566      0.74315399      0.28517213      0.12112848      0.99064762      0.99672712       0.9998279      0.99464006      0.99682243      0.17548852    2.072248e-09      0.95118025      0.80666566      0.25093035      0.73775055       20.609162       1095.1763        1462.932       2.2762123       -18.419385          20.695598       2965.3092                 20.156289                   397.235                                646.01666                      31.768398                   20.609162                   1462.932       226.86967          159.722
              1       1486.2127     0.023612661       69.546405       3.0312191      0.99115844       8.2796566      0.74315399      0.28517213      0.12112848       0.9906894       0.9955074       1.0049313      0.99010725      0.99369119      0.17548852    2.072248e-09      0.95118025      0.80666566      0.25093035      0.73775055       20.609162         1095.17        1462.932       4.7357532       -15.959844          20.695598        2962.954                 20.155574                   397.235                                645.94081                      31.838614                   20.609162                   1462.932       226.48552        157.75728
              1       1489.8311     0.023612661       69.546405       3.0312191      0.99115844       8.2796566      0.74315399      0.28517213      0.12112848      0.98942512      0.99550648       1.0054086      0.99488957      0.99963338      0.17548852    2.072248e-09      0.95118025      0.80666566      0.25093035      0.73775055       20.609162       1098.0803        1462.932       4.5927288       -16.102869          20.695598       2970.4767                 20.179963                 397.26573                                650.87808                      29.756538                   20.609162                   1462.932       227.16112        161.69415
              1       1491.4512     0.023612661       69.546405       3.0312191      0.99115844       8.2796566      0.74315399      0.28517213      0.12112848      0.98942512      0.99456843        1.006213      0.98818223      0.99615497      0.17548852    2.072248e-09      0.95118025      0.80666566      0.25093035      0.73775055       20.609162       1098.0803        1462.932        8.064596       -12.631002          20.695598       2966.7733                 20.179963                 397.26573                                650.87808                      29.756538                   20.609162                   1462.932       226.18988        158.96193
              1       1490.0164     0.023612661       69.546405       3.0312191      0.99115844       8.2796566      0.74315399      0.28517213      0.12112848      0.99330593      0.99457125       1.0047478       0.9932632       1.0032845      0.17548852    2.072248e-09      0.95118025      0.80666566      0.25093035      0.73775055       20.609162       1106.6902        1462.932      0.32552449       -20.370073          20.695598       2979.3819                 20.122071                 397.19941                                652.94384                      36.424931                   20.609162                   1462.932       224.19955         164.9509
              1       1489.9182     0.023612661       69.546405       3.0312191      0.99115844       8.2796566      0.74315399      0.28517213      0.12112848      0.99330593      0.99457125       1.0047478      0.99022018      0.98925786      0.17548852    2.072248e-09      0.95118025      0.80666566      0.25093035      0.73775055       20.609162       1106.6902        1462.932       2.5616467       -18.133951          20.695598       2974.7132                 20.122071                 397.19941                                652.94384                      36.424931                   20.609162                   1462.932       224.19955        160.28223
              1       1493.0963     0.023615086       69.532704       3.0311994      0.99107158       8.2510794      0.74323088      0.28536292      0.12302461      0.99424131      0.99465972        1.004228      0.99544143      0.98738731      0.17749511   2.0722073e-09      0.95115599      0.80545344      0.25085523      0.73653161       20.799593       1112.5703        1462.945      0.21404291       -20.562194          20.776237       2985.7646                 20.119827                 397.08759                                657.43117                      37.931707                   20.799593                   1462.945       223.78198        165.66774
              1       1492.8186     0.023615086       69.532704       3.0311994      0.99107158       8.2510794      0.74323088      0.28536292      0.12302461      0.99424131       0.9961297       1.0026169       0.9941635      0.98742211      0.17749511   2.0722073e-09      0.95115599      0.80545344      0.25085523      0.73653161       20.799593       1112.5703        1462.945     -0.21697415       -20.993211          20.776237       2986.0711                 20.119827                 397.08759                                657.43117                      37.931707                   20.799593                   1462.945       225.47685        164.27936
              1       1484.8753     0.023615086       69.532704       3.0311994      0.99107158       8.2510794      0.74323088      0.28536292      0.12302461      0.99313066      0.99568817       1.0003664      0.99395336       0.9930456      0.17749511   2.0722073e-09      0.95115599      0.80545344      0.25085523      0.73653161       20.799593       1102.8362        1462.945      0.12857817       -20.647659          20.776237       2969.4934                 20.129365                 397.12775                                649.68932                      35.889733                   20.799593                   1462.945       224.10359         158.8091
              2       1483.6062     0.023615086       69.532704       3.0311994      0.99107158       8.2510794      0.74323088      0.28536292      0.12302461      0.99238143      0.99568763       1.0006493       0.9918359      0.99752748      0.17749511   2.0722073e-09      0.95115599      0.80545344      0.25085523      0.73653161       20.799593       1098.6122        1462.945        1.343818       -19.432419          20.776237       2964.5247                  20.13797                 397.13287                                646.79175                      34.549625                   20.799593                   1462.945       224.05084        158.11708
              1       1483.9153     0.023615086       69.532704       3.0311994      0.99107158       8.2510794      0.74323088      0.28536292      0.12302461      0.99238143      0.99484391      0.99913581      0.99257706      0.99322137      0.17749511   2.0722073e-09      0.95115599      0.80545344      0.25085523      0.73653161       20.799593       1098.6122        1462.945       1.8779766       -18.898261          20.776237       2964.0746                  20.13797                 397.13287                                646.79175                      34.549625                   20.799593                   1462.945       223.73349        157.98434
              1       1483.8679     0.023615086       69.532704       3.0311994      0.99107158       8.2510794      0.74323088      0.28536292      0.12302461      0.99233978      0.99484388      0.99915154      0.99258105      0.99322742      0.17749511   2.0722073e-09      0.95115599      0.80545344      0.25085523      0.73653161       20.799593       1098.4333        1462.945       1.9266703       -18.849567          20.776237       2963.8824                 20.138504                 397.13287                                646.68594                      34.476004                   20.799593                   1462.945       223.72076        157.98378
              1       1483.4423     0.023615086       69.532704       3.0311994      0.99107158       8.2510794      0.74323088      0.28536292      0.12302461      0.99233978      0.99484388      0.99915154      0.99280318      0.99614995      0.17749511   2.0722073e-09      0.95115599      0.80545344      0.25085523      0.73653161       20.799593       1098.4333        1462.945       1.5524569        -19.22378          20.776237       2963.7796                 20.138504                 397.13287                                646.68594                      34.476004                   20.799593                   1462.945       223.72076        157.88094
              1       1483.9119     0.023615086       69.532704       3.0311994      0.99107158       8.2510794      0.74323088      0.28536292      0.12302461      0.99233978      0.99484388      0.99915154      0.99338805      0.99902796      0.17749511   2.0722073e-09      0.95115599      0.80545344      0.25085523      0.73653161       20.799593       1098.4333        1462.945       1.2208635       -19.555374          20.776237        2965.382                 20.138504                 397.13287                                646.68594                      34.476004                   20.799593                   1462.945       223.72076        159.48334
              1       1483.8238     0.023615086       69.532704       3.0311994      0.99107158       8.2510794      0.74323088      0.28536292      0.12302461      0.99233978      0.99484388      0.99915154      0.99437344      0.99873391      0.17749511   2.0722073e-09      0.95115599      0.80545344      0.25085523      0.73653161       20.799593       1098.4333        1462.945      0.92798866       -19.848249          20.776237       2965.7916                 20.138504                 397.13287                                646.68594                      34.476004                   20.799593                   1462.945       223.72076        159.89296
              1       1483.8604     0.023615086       69.532704       3.0311994      0.99107158       8.2510794      0.74323088      0.28536292      0.12302461      0.99233978      0.99434412      0.99945034      0.99439049      0.99862465      0.17749511   2.0722073e-09      0.95115599      0.80545344      0.25085523      0.73653161       20.799593       1098.4333        1462.945       1.2261551       -19.550082          20.776237       2965.2684                 20.138504                 397.13287                                646.68594                      34.476004                   20.799593                   1462.945       223.25536        159.83516
              1       1483.4733     0.023615086       69.532704       3.0311994      0.99107158       8.2510794      0.74323088      0.28536292      0.12302461      0.99233978      0.99434412      0.99945034      0.99379427      0.99680153      0.17749511   2.0722073e-09      0.95115599      0.80545344      0.25085523      0.73653161       20.799593       1098.4333        1462.945       1.4797531       -19.296484          20.776237       2963.9872                 20.138504                 397.13287                                646.68594                      34.476004                   20.799593                   1462.945       223.25536        158.55391
              1       1483.7992     0.023615086       69.532704       3.0311994      0.99107158       8.2510794      0.74323088      0.28536292      0.12302461      0.99233978      0.99320423       1.0033001       0.9938858      0.99671681      0.17749511   2.0722073e-09      0.95115599      0.80545344      0.25085523      0.73653161       20.799593       1098.4333        1462.945       2.2455161       -18.530721          20.776237       2963.1074                 20.138504                 397.13287                                646.68594                      34.476004                   20.799593                   1462.945       222.34233        158.58717
              1       1483.9179     0.023615086       69.532704       3.0311994      0.99107158       8.2510794      0.74323088      0.28536292      0.12302461      0.99233978      0.99320423       1.0033001      0.99439032      0.99740743      0.17749511   2.0722073e-09      0.95115599      0.80545344      0.25085523      0.73653161       20.799593       1098.4333        1462.945       2.0604283       -18.715809          20.776237       2963.7149                 20.138504                 397.13287                                646.68594                      34.476004                   20.799593                   1462.945       222.34233        159.19469
              1       1483.8747     0.023615086       69.532704       3.0311994      0.99107158       8.2510794      0.74323088      0.28536292      0.12302461      0.99233978      0.99401969       1.0013167      0.99266036      0.99925577      0.17749511   2.0722073e-09      0.95115599      0.80545344      0.25085523      0.73653161       20.799593       1098.4333        1462.945       1.9788745       -18.797363          20.776237       2963.7917                 20.138504                 397.13287                                646.68594                      34.476004                   20.799593                   1462.945       222.24561        159.36826
              1       1484.2642     0.023615086       69.532704       3.0311994      0.99107158       8.2510794      0.74323088      0.28536292      0.12302461       0.9914412      0.99401904       1.0016559       0.9901402      0.99650687      0.17749511   2.0722073e-09      0.95115599      0.80545344      0.25085523      0.73653161       20.799593       1096.0238        1462.945       4.3304464       -16.445791          20.776237       2959.8675                 20.151458                 397.13305                                645.82843                      32.910877                   20.799593                   1462.945       222.19524         157.9039
              1       1482.6702      0.02352365       69.199093       3.0349262       0.9947029        8.636796      0.74068452      0.28812256      0.12027135      0.99198497      0.99396876       1.0018466      0.99129219      0.99801583      0.17917395   2.0799442e-09      0.95087485       0.8094758      0.25322104      0.74369204       17.923847       1111.7929        1464.859     0.091876922       -17.741906          17.833783       2965.1567                 20.166678                 398.40566                                659.34858                       33.87198                   17.923847                   1464.859        215.0695        155.51141
              1       1480.7838     0.023520261        69.19507       3.0351582      0.99460404       8.6265558      0.74029496      0.28727485      0.12120453      0.99201509      0.99398059       1.0018718      0.99130189       0.9980496      0.17977099   2.0804268e-09      0.95087622      0.80988404      0.25360929      0.74463731       17.935015       1108.5959       1464.8051     -0.06520615       -17.793813          17.728607       2961.6981                 20.161801                 398.36959                                656.44876                      33.615766                   17.935015                  1464.8051       214.17174        156.19031
              1       1478.4315     0.023520261        69.19507       3.0351582      0.99460404       8.6265558      0.74029496      0.28727485      0.12120453      0.99077042      0.99521986       1.0011931      0.99450316      0.99278964      0.17977099   2.0804268e-09      0.95087622      0.80988404      0.25360929      0.74463731       17.935015       1101.1551       1464.8051       0.2341819       -17.494425          17.728607       2956.3947                 20.154067                 398.42345                                651.07644                      31.501186                   17.935015                  1464.8051       215.69829        156.80112
              1       1478.5806     0.023520261        69.19507       3.0351582      0.99460404       8.6265558      0.74029496      0.28727485      0.12120453      0.99100487      0.99522003       1.0011046      0.99448074       0.9927556      0.17977099   2.0804268e-09      0.95087622      0.80988404      0.25360929      0.74463731       17.935015       1102.1464       1464.8051    -0.096954083       -17.825561          17.728607       2957.3551                 20.155159                 398.40793                                651.69026                      31.893054                   17.935015                  1464.8051         215.679        156.78955
              1       1478.5852     0.023520261        69.19507       3.0351582      0.99460404       8.6265558      0.74029496      0.28727485      0.12120453      0.99056444      0.99548887       1.0017465      0.99452424      0.99291145      0.17977099   2.0804268e-09      0.95087622      0.80988404      0.25360929      0.74463731       17.935015       1100.4265       1464.8051      0.38067474       -17.347932          17.728607        2956.409                 20.153282                 398.42345                                650.69034                      31.159393                   17.935015                  1464.8051        216.4566        156.78581
              1       1479.0088     0.023520261        69.19507       3.0351582      0.99460404       8.6265558      0.74029496      0.28727485      0.12120453      0.99056444      0.99507883      0.99954353      0.99548106      0.99904001      0.17977099   2.0804268e-09      0.95087622      0.80988404      0.25360929      0.74463731       17.935015       1100.4265       1464.8051     -0.10827106       -17.836878          17.728607       2958.2342                 20.153282                 398.42345                                650.69034                      31.159393                   17.935015                  1464.8051         215.554        159.51357
              2       1478.9998     0.023520261        69.19507       3.0351582      0.99460404       8.6265558      0.74029496      0.28727485      0.12120453      0.99056444      0.99507883      0.99954353      0.99070748      0.99220118      0.17977099   2.0804268e-09      0.95087622      0.80988404      0.25360929      0.74463731       17.935015       1100.4265       1464.8051       2.0935599       -15.635047          17.728607       2953.8124                 20.153282                 398.42345                                650.69034                      31.159393                   17.935015                  1464.8051         215.554        155.09177
              1        1479.007     0.023520261        69.19507       3.0351582      0.99460404       8.6265558      0.74029496      0.28727485      0.12120453      0.99057028      0.99505379      0.99949943      0.99070683      0.99219191      0.17977099   2.0804268e-09      0.95087622      0.80988404      0.25360929      0.74463731       17.935015       1100.4451       1464.8051       2.1001437       -15.628463          17.728607       2953.8138                 20.153302                 398.42345                                 650.6993                      31.169045                   17.935015                  1464.8051       215.53343        155.09511
              1       1478.9172     0.023520261        69.19507       3.0351582      0.99460404       8.6265558      0.74029496      0.28727485      0.12120453      0.99057028      0.99519552       1.0004475      0.99071916      0.99227651      0.17977099   2.0804268e-09      0.95087622      0.80988404      0.25360929      0.74463731       17.935015       1100.4451       1464.8051       2.0052575       -15.723349          17.728607        2953.824                 20.153302                 398.42345                                 650.6993                      31.169045                   17.935015                  1464.8051       215.57349        155.06523
              1       1478.4954     0.023520261        69.19507       3.0351582      0.99460404       8.6265558      0.74029496      0.28727485      0.12120453      0.99057028      0.99519552       1.0004475      0.99366119      0.99873361      0.17977099   2.0804268e-09      0.95087622      0.80988404      0.25360929      0.74463731       17.935015       1100.4451       1464.8051      0.31639086       -17.412216          17.728607        2956.358                 20.153302                 398.42345                                 650.6993                      31.169045                   17.935015                  1464.8051       215.57349        157.59923
              1       1479.4557     0.023520261        69.19507       3.0351582      0.99460404       8.6265558      0.74029496      0.28727485      0.12120453      0.99057028      0.99267301       1.0031782      0.99464878      0.99815679      0.17977099   2.0804268e-09      0.95087622      0.80988404      0.25360929      0.74463731       17.935015       1100.4451       1464.8051       1.7471275       -15.981479          17.728607       2955.4171                 20.153302                 398.42345                                 650.6993                      31.169045                   17.935015                  1464.8051       214.25914        157.97275
              1       1482.0856     0.023520261        69.19507       3.0351582      0.99460404       8.6265558      0.74029496      0.28727485      0.12120453      0.99057028      0.99146663       1.0047655        0.997052      0.99603333      0.17977099   2.0804268e-09      0.95087622      0.80988404      0.25360929      0.74463731       17.935015       1100.4451       1464.8051       2.4321569        -15.29645          17.728607       2959.3068                 20.153302                 398.42345                                 650.6993                      31.169045                   17.935015                  1464.8051       216.09827        160.02328
              1       1481.3524     0.023520261        69.19507       3.0351582      0.99460404       8.6265558      0.74029496      0.28727485      0.12120453      0.99057028      0.99474518      0.99778951      0.99101741       1.0016714      0.17977099   2.0804268e-09      0.95087622      0.80988404      0.25360929      0.74463731       17.935015       1100.4451       1464.8051         1.58394       -16.144667          17.728607       2959.5369                 20.153302                 398.42345                                 650.6993                      31.169045                   17.935015                  1464.8051       216.37469         159.9769
              1       1481.3497     0.023520261        69.19507       3.0351582      0.99460404       8.6265558      0.74029496      0.28727485      0.12120453      0.99035926      0.99474503      0.99786918      0.99103758       1.0017021      0.17977099   2.0804268e-09      0.95087622      0.80988404      0.25360929      0.74463731       17.935015       1099.8514       1464.8051       1.8979728       -15.830634          17.728607       2958.9034                 20.152648                  398.4291                                650.44844                      30.821221                   17.935015                  1464.8051        216.2941         160.0177
              1       1478.7009     0.023520261        69.19507       3.0351582      0.99460404       8.6265558      0.74029496      0.28727485      0.12120453      0.99035926      0.99474503      0.99786918      0.99177678      0.99522236      0.17977099   2.0804268e-09      0.95087622      0.80988404      0.25360929      0.74463731       17.935015       1099.8514       1464.8051       1.7714376       -15.957169          17.728607       2953.8589                 20.152648                  398.4291                                650.44844                      30.821221                   17.935015                  1464.8051        216.2941        154.97321
              2       1478.7421     0.023520261        69.19507       3.0351582      0.99460404       8.6265558      0.74029496      0.28727485      0.12120453      0.99035926      0.99553613      0.99795335      0.99174918      0.99555933      0.17977099   2.0804268e-09      0.95087622      0.80988404      0.25360929      0.74463731       17.935015       1099.8514       1464.8051       1.3261818       -16.402425          17.728607       2954.8319                 20.152648                  398.4291                                650.44844                      30.821221                   17.935015                  1464.8051       217.19829        155.04208
              1       1478.6018     0.023520261        69.19507       3.0351582      0.99460404       8.6265558      0.74029496      0.28727485      0.12120453      0.99035926      0.99553613      0.99795335      0.99276645      0.99637395      0.17977099   2.0804268e-09      0.95087622      0.80988404      0.25360929      0.74463731       17.935015       1099.8514       1464.8051      0.87334745       -16.855259          17.728607       2955.4569                 20.152648                  398.4291                                650.44844                      30.821221                   17.935015                  1464.8051       217.19829         155.6671
              1       1478.5045     0.023520261        69.19507       3.0351582      0.99460404       8.6265558      0.74029496      0.28727485      0.12120453       0.9903753      0.99553614      0.99794729      0.99316766      0.99556997      0.17977099   2.0804268e-09      0.95087622      0.80988404      0.25360929      0.74463731       17.935015       1099.8916       1464.8051      0.76993185       -16.958675          17.728607       2955.4691                 20.152692                  398.4291                                650.46221                      30.847572                   17.935015                  1464.8051       217.20328        155.63406
              1        1478.083     0.023520261        69.19507       3.0351582      0.99460404       8.6265558      0.74029496      0.28727485      0.12120453       0.9903753      0.99461342       1.0011539      0.99370098      0.99769407      0.17977099   2.0804268e-09      0.95087622      0.80988404      0.25360929      0.74463731       17.935015       1099.8916       1464.8051      0.96584201       -16.762765          17.728607       2954.2343                 20.152692                  398.4291                                650.46221                      30.847572                   17.935015                  1464.8051       214.71465        156.88792
              1       1478.6662     0.023520261        69.19507       3.0351582      0.99460404       8.6265558      0.74029496      0.28727485      0.12120453       0.9903753      0.99429031      0.99922614      0.99268982      0.99199833      0.17977099   2.0804268e-09      0.95087622      0.80988404      0.25360929      0.74463731       17.935015       1099.8916       1464.8051       2.0617238       -15.666883          17.728607       2953.2089                 20.152692                  398.4291                                650.46221                      30.847572                   17.935015                  1464.8051       214.86923        155.70796
              1       1478.2543     0.023520261        69.19507       3.0351582      0.99460404       8.6265558      0.74029496      0.28727485      0.12120453       0.9903753      0.99383455       1.0003218      0.99186245      0.99394102      0.17977099   2.0804268e-09      0.95087622      0.80988404      0.25360929      0.74463731       17.935015       1099.8916       1464.8051       2.4209843       -15.307622          17.728607       2951.6666                 20.152692                  398.4291                                650.46221                      30.847572                   17.935015                  1464.8051       214.13113        154.90376
              1       1478.3142     0.023520261        69.19507       3.0351582      0.99460404       8.6265558      0.74029496      0.28727485      0.12120453      0.98991643      0.99383421        1.000495      0.99382597      0.99458503      0.17977099   2.0804268e-09      0.95087622      0.80988404      0.25360929      0.74463731       17.935015       1099.0934       1464.8051       2.3778411       -15.350766          17.728607       2951.8727                 20.151798                 398.42928                                650.41308                      30.099265                   17.935015                  1464.8051       214.08249         155.9566
              2       1479.4253     0.023520261        69.19507       3.0351582      0.99460404       8.6265558      0.74029496      0.28727485      0.12120453      0.98991643      0.99591532      0.99910191      0.99351256      0.99899293      0.17977099   2.0804268e-09      0.95087622      0.80988404      0.25360929      0.74463731       17.935015       1099.0934       1464.8051       1.0233317       -16.705275          17.728607       2956.8039                 20.151798                 398.42928                                650.41308                      30.099265                   17.935015                  1464.8051       217.25391        157.71642
              2       1480.0604     0.023520261        69.19507       3.0351582      0.99460404       8.6265558      0.74029496      0.28727485      0.12120453      0.99070552      0.99591589      0.99880399      0.99439449        1.000665      0.17977099   2.0804268e-09      0.95087622      0.80988404      0.25360929      0.74463731       17.935015       1100.9098       1464.8051     -0.47012723       -18.198734          17.728607        2961.061                 20.153803                 398.42345                                 650.9393                      31.393235                   17.935015                  1464.8051       217.37585        160.03523
              1       1480.1661     0.023520261        69.19507       3.0351582      0.99460404       8.6265558      0.74029496      0.28727485      0.12120453      0.99070552      0.99591589      0.99880399      0.98900997      0.99575403      0.17977099   2.0804268e-09      0.95087622      0.80988404      0.25360929      0.74463731       17.935015       1100.9098       1464.8051       1.9124753       -15.816131          17.728607       2956.5072                 20.153803                 398.42345                                 650.9393                      31.393235                   17.935015                  1464.8051       217.37585        155.48137
              1       1479.1809     0.023520261        69.19507       3.0351582      0.99460404       8.6265558      0.74029496      0.28727485      0.12120453      0.99070552      0.99591589      0.99880399      0.99063334      0.99378981      0.17977099   2.0804268e-09      0.95087622      0.80988404      0.25360929      0.74463731       17.935015       1100.9098       1464.8051        1.287172       -16.441435          17.728607       2955.7874                 20.153803                 398.42345                                 650.9393                      31.393235                   17.935015                  1464.8051       217.37585        154.76158
              1       1479.6501     0.023520261        69.19507       3.0351582      0.99460404       8.6265558      0.74029496      0.28727485      0.12120453      0.99070552      0.99469796      0.99739593      0.99051985      0.99332057      0.17977099   2.0804268e-09      0.95087622      0.80988404      0.25360929      0.74463731       17.935015       1100.9098       1464.8051       2.0325321       -15.696075          17.728607       2955.2351                 20.153803                 398.42345                                 650.9393                      31.393235                   17.935015                  1464.8051       216.77023        154.81488
              1       1479.6707     0.023520261        69.19507       3.0351582      0.99460404       8.6265558      0.74029496      0.28727485      0.12120453      0.99070552      0.99469796      0.99739593      0.99116462      0.99809694      0.17977099   2.0804268e-09      0.95087622      0.80988404      0.25360929      0.74463731       17.935015       1100.9098       1464.8051       1.3518365        -16.37677          17.728607       2956.6378                 20.153803                 398.42345                                 650.9393                      31.393235                   17.935015                  1464.8051       216.77023        156.21758
              1       1478.3277     0.023520261        69.19507       3.0351582      0.99460404       8.6265558      0.74029496      0.28727485      0.12120453      0.99070552      0.99351641       1.0006551      0.99209394      0.99634282      0.17977099   2.0804268e-09      0.95087622      0.80988404      0.25360929      0.74463731       17.935015       1100.9098       1464.8051       1.8318707       -15.896736          17.728607       2952.9916                 20.153803                 398.42345                                 650.9393                      31.393235                   17.935015                  1464.8051       213.95274        155.38889
              1       1479.9707     0.023520261        69.19507       3.0351582      0.99460404       8.6265558      0.74029496      0.28727485      0.12120453      0.98917062       0.9935153       1.0012346      0.99224067      0.99656571      0.17977099   2.0804268e-09      0.95087622      0.80988404      0.25360929      0.74463731       17.935015       1099.3452       1464.8051       4.2317562        -13.49685          17.728607        2951.478                  20.15184                 398.42207                                651.86349                      28.907814                   17.935015                  1464.8051       213.86386        155.52875
              3       1478.5828     0.023520261        69.19507       3.0351582      0.99460404       8.6265558      0.74029496      0.28727485      0.12120453      0.99084672      0.99351651       1.0006018      0.99127299      0.99485076      0.17977099   2.0804268e-09      0.95087622      0.80988404      0.25360929      0.74463731       17.935015       1101.4621       1464.8051       2.0863698       -15.642237          17.728607       2952.9929                   20.1544                 398.42345                                651.25585                      31.628388                   17.935015                  1464.8051       213.96671        154.82391
              1       1478.6288     0.023520261        69.19507       3.0351582      0.99460404       8.6265558      0.74029496      0.28727485      0.12120453      0.99084672      0.99613139        1.000947      0.99263096      0.99556654      0.17977099   2.0804268e-09      0.95087622      0.80988404      0.25360929      0.74463731       17.935015       1101.4621       1464.8051    -0.024487816       -17.753094          17.728607       2957.3065                   20.1544                 398.42345                                651.25585                      31.628388                   17.935015                  1464.8051       217.75629        155.34798
              1       1479.0794     0.023520261        69.19507       3.0351582      0.99460404       8.6265558      0.74029496      0.28727485      0.12120453      0.99084672      0.99613139        1.000947      0.99455196      0.99798242      0.17977099   2.0804268e-09      0.95087622      0.80988404      0.25360929      0.74463731       17.935015       1101.4621       1464.8051     -0.78257515       -18.511182          17.728607       2959.7239                   20.1544                 398.42345                                651.25585                      31.628388                   17.935015                  1464.8051       217.75629        157.76537
              1       1480.3718     0.023520261        69.19507       3.0351582      0.99460404       8.6265558      0.74029496      0.28727485      0.12120453      0.99164161      0.99613197       1.0006469      0.99523809      0.99829708      0.17977099   2.0804268e-09      0.95087622      0.80988404      0.25360929      0.74463731       17.935015       1105.8156       1464.8051      -2.0812349       -19.809842          17.728607        2964.906                 20.159005                 398.39329                                654.29087                      32.972436                   17.935015                  1464.8051       217.67865        158.67165
              1       1480.7323     0.023520261        69.19507       3.0351582      0.99460404       8.6265558      0.74029496      0.28727485      0.12120453      0.99164161      0.99613197       1.0006469      0.99042084      0.99258215      0.17977099   2.0804268e-09      0.95087622      0.80988404      0.25360929      0.74463731       17.935015       1105.8156       1464.8051      0.12527523       -17.603331          17.728607        2961.214                 20.159005                 398.39329                                654.29087                      32.972436                   17.935015                  1464.8051       217.67865        154.97963
              1       1478.9377     0.023520261        69.19507       3.0351582      0.99460404       8.6265558      0.74029496      0.28727485      0.12120453      0.99066736      0.99613126       1.0010147      0.99126579      0.99435108      0.17977099   2.0804268e-09      0.95087622      0.80988404      0.25360929      0.74463731       17.935015       1100.7723       1464.8051      0.90198349       -16.826623          17.728607       2956.0714                 20.153655                 398.42345                                650.86532                      31.329877                   17.935015                  1464.8051       217.77802        154.78094
              1       1478.5169     0.023520261        69.19507       3.0351582      0.99460404       8.6265558      0.74029496      0.28727485      0.12120453      0.99024593      0.99423987       1.0021052      0.99210714      0.99802633      0.17977099   2.0804268e-09      0.95087622      0.80988404      0.25360929      0.74463731       17.935015       1099.5929       1464.8051       1.9452709       -15.783336          17.728607       2953.1432                 20.152362                  398.4291                                  650.376                      30.635438                   17.935015                  1464.8051       214.49394        156.31621
              2       1479.6301     0.023520261        69.19507       3.0351582      0.99460404       8.6265558      0.74029496      0.28727485      0.12120453      0.99024593      0.99577842       1.0030532       0.9920857      0.99845968      0.17977099   2.0804268e-09      0.95087622      0.80988404      0.25360929      0.74463731       17.935015       1099.5929       1464.8051       1.0860816       -16.642525          17.728607        2957.088                 20.152362                  398.4291                                  650.376                      30.635438                   17.935015                  1464.8051       218.12346        156.63147
              1       1479.1377     0.023520261        69.19507       3.0351582      0.99460404       8.6265558      0.74029496      0.28727485      0.12120453      0.99024593      0.99577069      0.99846044      0.99200957       0.9982193      0.17977099   2.0804268e-09      0.95087622      0.80988404      0.25360929      0.74463731       17.935015       1099.5929       1464.8051       1.1272922       -16.601314          17.728607       2956.0207                 20.152362                  398.4291                                  650.376                      30.635438                   17.935015                  1464.8051       217.25879        156.42888
              1       1478.8957     0.023520261        69.19507       3.0351582      0.99460404       8.6265558      0.74029496      0.28727485      0.12120453      0.99024593      0.99577069      0.99846044      0.99117644      0.99496667      0.17977099   2.0804268e-09      0.95087622      0.80988404      0.25360929      0.74463731       17.935015       1099.5929       1464.8051       1.6843885       -16.044218          17.728607       2954.4227                 20.152362                  398.4291                                  650.376                      30.635438                   17.935015                  1464.8051       217.25879        154.83084
              1       1480.2095     0.023520261        69.19507       3.0351582      0.99460404       8.6265558      0.74029496      0.28727485      0.12120453      0.99024593      0.99582246      0.99598657      0.99113408      0.99485115      0.17977099   2.0804268e-09      0.95087622      0.80988404      0.25360929      0.74463731       17.935015       1099.5929       1464.8051       1.6899203       -16.038686          17.728607       2957.0392                 20.152362                  398.4291                                  650.376                      30.635438                   17.935015                  1464.8051       219.89532        154.81081
              1       1480.7433     0.023520261        69.19507       3.0351582      0.99460404       8.6265558      0.74029496      0.28727485      0.12120453      0.99058652      0.99582271      0.99585798       0.9921029      0.99139014      0.17977099   2.0804268e-09      0.95087622      0.80988404      0.25360929      0.74463731       17.935015       1100.4976       1464.8051       1.2152532       -16.513353          17.728607        2959.056                 20.153359                 398.42345                                650.72486                      31.195913                   17.935015                  1464.8051        220.0863        155.73198
              1       1479.8451     0.023520261        69.19507       3.0351582      0.99460404       8.6265558      0.74029496      0.28727485      0.12120453      0.99058652      0.99668659      0.99881928      0.99213122      0.99175956      0.17977099   2.0804268e-09      0.95087622      0.80988404      0.25360929      0.74463731       17.935015       1100.4976       1464.8051      0.78578746       -16.942819          17.728607       2958.1186                 20.153359                 398.42345                                650.72486                      31.195913                   17.935015                  1464.8051       219.32379        155.55705
              1       1480.5726     0.023520261        69.19507       3.0351582      0.99460404       8.6265558      0.74029496      0.28727485      0.12120453      0.99024635      0.99668634      0.99894771      0.98933925       0.9954611      0.17977099   2.0804268e-09      0.95087622      0.80988404      0.25360929      0.74463731       17.935015       1099.5938       1464.8051       2.1430581       -15.585549          17.728607       2956.8592                 20.152363                  398.4291                                650.37618                      30.636123                   17.935015                  1464.8051       219.28584         155.2394
              1       1484.8549     0.023520261        69.19507       3.0351582      0.99460404       8.6265558      0.74029496      0.28727485      0.12120453      0.99024635      0.99424685       1.0021924      0.98707254       1.0025826      0.17977099   2.0804268e-09      0.95087622      0.80988404      0.25360929      0.74463731       17.935015       1099.5938       1464.8051       4.5661376       -13.162469          17.728607       2960.5775                 20.152363                  398.4291                                650.37618                      30.636123                   17.935015                  1464.8051       214.53555        163.70802
              1       1484.8979     0.023520261        69.19507       3.0351582      0.99460404       8.6265558      0.74029496      0.28727485      0.12120453      0.99024635      0.99333035       1.0013131      0.98708008       1.0023081      0.17977099   2.0804268e-09      0.95087622      0.80988404      0.25360929      0.74463731       17.935015       1099.5938       1464.8051       5.1811282       -12.547478          17.728607       2959.4336                 20.152363                  398.4291                                650.37618                      30.636123                   17.935015                  1464.8051       213.83029        163.26942
              1       1481.7848     0.023520261        69.19507       3.0351582      0.99460404       8.6265558      0.74029496      0.28727485      0.12120453      0.99024635      0.99333035       1.0013131      0.99860966        1.000155      0.17977099   2.0804268e-09      0.95087622      0.80988404      0.25360929      0.74463731       17.935015       1099.5938       1464.8051       1.0389324       -16.689674          17.728607       2961.4918                 20.152363                  398.4291                                650.37618                      30.636123                   17.935015                  1464.8051       213.83029        165.32759
              1       1484.8531     0.023520261        69.19507       3.0351582      0.99460404       8.6265558      0.74029496      0.28727485      0.12120453      0.98877258      0.99332928       1.0018696      0.99875054        1.000369      0.17977099   2.0804268e-09      0.95087622      0.80988404      0.25360929      0.74463731       17.935015       1100.2915       1464.8051        3.505259       -14.223348          17.728607       2962.6957                 20.152575                 398.43756                                653.41678                      28.284565                   17.935015                  1464.8051       213.84964        165.81447
              1       1482.6934     0.023520261        69.19507       3.0351582      0.99460404       8.6265558      0.74029496      0.28727485      0.12120453      0.99089507      0.99333082       1.0010682      0.99666891      0.98776467      0.17977099   2.0804268e-09      0.95087622      0.80988404      0.25360929      0.74463731       17.935015       1101.6587       1464.8051       1.7031283       -16.025478          17.728607       2961.9805                 20.154622                 398.41522                                 651.3797                      31.709154                   17.935015                  1464.8051       213.85529        163.72633
              1       1482.5195     0.023520261        69.19507       3.0351582      0.99460404       8.6265558      0.74029496      0.28727485      0.12120453      0.99086294      0.99319047       1.0016138      0.98670477      0.99626183      0.17977099   2.0804268e-09      0.95087622      0.80988404      0.25360929      0.74463731       17.935015       1101.5217       1464.8051        4.679875       -13.048732          17.728607       2955.6793                 20.154474                 398.41522                                651.29652                      31.655467                   17.935015                  1464.8051       213.81969        157.59779
              1       1478.4346     0.023520261        69.19507       3.0351582      0.99460404       8.6265558      0.74029496      0.28727485      0.12120453      0.99086294      0.99319047       1.0016138      0.99243367      0.99524982      0.17977099   2.0804268e-09      0.95087622      0.80988404      0.25360929      0.74463731       17.935015       1101.5217       1464.8051        1.797022       -15.931585          17.728607       2953.2752                 20.154474                 398.41522                                651.29652                      31.655467                   17.935015                  1464.8051       213.81969        155.19368
              1       1478.8354     0.023520261        69.19507       3.0351582      0.99460404       8.6265558      0.74029496      0.28727485      0.12120453      0.99075642      0.99319039        1.001654      0.99175696      0.99286672      0.17977099   2.0804268e-09      0.95087622      0.80988404      0.25360929      0.74463731       17.935015        1101.101       1464.8051       2.4869511       -15.241656          17.728607       2952.6969                 20.154009                 398.42345                                651.04566                      31.477886                   17.935015                  1464.8051       213.82068        155.03508
              1       1479.3572     0.023519813       69.194716       3.0351737      0.99462152       8.6261696      0.74026785      0.28723247       0.1212209      0.99075795      0.99379129       1.0045769      0.99179167      0.99316937      0.17973887   2.0804591e-09      0.95087665      0.80995273      0.25363589      0.74473953       17.930024       1101.1157       1464.8035       1.9820858       -15.732647          17.714733       2954.7502                 20.154645                 398.41522                                651.09353                      31.452275                   17.930024                  1464.8035       215.87259        155.02838
              1       1479.1306     0.023519813       69.194716       3.0351737      0.99462152       8.6261696      0.74026785      0.28723247       0.1212209      0.99075795      0.99378073       1.0046929      0.99384215      0.99375219      0.17973887   2.0804591e-09      0.95087665      0.80995273      0.25363589      0.74473953       17.930024       1101.1157       1464.8035       1.1866794       -16.528053          17.714733       2955.8879                 20.154645                 398.41522                                651.09353                      31.452275                   17.930024                  1464.8035       215.99287        156.04581
              1       1480.0281     0.023519813       69.194716       3.0351737      0.99462152       8.6261696      0.74026785      0.28723247       0.1212209      0.99075795      0.99289743       1.0041685      0.99288295      0.99123019      0.17973887   2.0804591e-09      0.95087665      0.80995273      0.25363589      0.74473953       17.930024       1101.1157       1464.8035       2.5145139       -15.200219          17.714733       2955.0273                 20.154645                 398.41522                                651.09353                      31.452275                   17.930024                  1464.8035       214.92165        156.25641
              1       1478.0291     0.023519813       69.194716       3.0351737      0.99462152       8.6261696      0.74026785      0.28723247       0.1212209      0.99089253      0.99503147      0.99971065      0.99331911      0.99595085      0.17973887   2.0804591e-09      0.95087665      0.80995273      0.25363589      0.74473953       17.930024       1101.6655       1464.8035      0.16409769       -17.550635          17.714733         2955.73                 20.155253                 398.41522                                651.41838                      31.676616                   17.930024                  1464.8035       215.45717        155.87379
              1       1479.1774     0.023519813       69.194716       3.0351737      0.99462152       8.6261696      0.74026785      0.28723247       0.1212209      0.99089253      0.99503147      0.99971065      0.99126166      0.99144715      0.17973887   2.0804591e-09      0.95087665      0.80995273      0.25363589      0.74473953       17.930024       1101.6655       1464.8035       1.4878247       -16.226908          17.714733       2955.3791                 20.155253                 398.41522                                651.41838                      31.676616                   17.930024                  1464.8035       215.45717        155.52289
              1       1479.6555     0.023519813       69.194716       3.0351737      0.99462152       8.6261696      0.74026785      0.28723247       0.1212209      0.99089253      0.99503147      0.99971065       0.9939906       1.0007476      0.17973887   2.0804591e-09      0.95087665      0.80995273      0.25363589      0.74473953       17.930024       1101.6655       1464.8035     -0.19706683       -17.911799          17.714733       2959.7052                 20.155253                 398.41522                                651.41838                      31.676616                   17.930024                  1464.8035       215.45717          159.849
              1       1479.5552     0.023519813       69.194716       3.0351737      0.99462152       8.6261696      0.74026785      0.28723247       0.1212209      0.99065506       0.9950313      0.99980031      0.99401331       1.0007821      0.17973887   2.0804591e-09      0.95087665      0.80995273      0.25363589      0.74473953       17.930024       1100.7456       1464.8035      0.14732733       -17.567405          17.714733       2958.8157                  20.15423                 398.42345                                650.88644                      31.281431                   17.930024                  1464.8035       215.43085        159.90573
              1         1480.32     0.023519813       69.194716       3.0351737      0.99462152       8.6261696      0.74026785      0.28723247       0.1212209      0.99145185      0.99503188      0.99949948      0.99393714       1.0006664      0.17973887   2.0804591e-09      0.95087665      0.80995273      0.25363589      0.74473953       17.930024       1104.6045       1464.8035     -0.97238707        -18.68712          17.714733       2962.5847                 20.158424                 398.40429                                653.42223                      32.619568                   17.930024                  1464.8035       215.53004        159.71663
              1       1480.2958     0.023519813       69.194716       3.0351737      0.99462152       8.6261696      0.74026785      0.28723247       0.1212209      0.99145185      0.99503188      0.99949948      0.99403289       1.0006137      0.17973887   2.0804591e-09      0.95087665      0.80995273      0.25363589      0.74473953       17.930024       1104.6045       1464.8035      -1.0015929       -18.716325          17.714733       2962.5948                 20.158424                 398.40429                                653.42223                      32.619568                   17.930024                  1464.8035       215.53004         159.7267
              1       1477.9864     0.023519813       69.194716       3.0351737      0.99462152       8.6261696      0.74026785      0.28723247       0.1212209      0.99076184      0.99503138      0.99975999      0.99406591      0.99471064      0.17973887   2.0804591e-09      0.95087665      0.80995273      0.25363589      0.74473953       17.930024       1101.1307       1464.8035      0.23187144       -17.482861          17.714733       2955.5092                 20.154662                 398.41522                                651.10207                      31.458747                   17.930024                  1464.8035       215.44234        156.20259
              1       1479.1456     0.023519813       69.194716       3.0351737      0.99462152       8.6261696      0.74026785      0.28723247       0.1212209      0.99129788      0.99503177      0.99955761      0.99595572      0.99670839      0.17973887   2.0804591e-09      0.95087665      0.80995273      0.25363589      0.74473953       17.930024       1103.6913       1464.8035      -1.1675385       -18.882271          17.714733       2960.6262                 20.157459                 398.40994                                652.76563                      32.358284                   17.930024                  1464.8035       215.50845         158.6929
              1       1479.4288     0.023519813       69.194716       3.0351737      0.99462152       8.6261696      0.74026785      0.28723247       0.1212209      0.99078359      0.99343659       1.0039102      0.99611253       0.9966008      0.17973887   2.0804591e-09      0.95087665      0.80995273      0.25363589      0.74473953       17.930024       1101.2156       1464.8035       0.5676005       -17.147132          17.714733       2957.7224                 20.154756                 398.41522                                 651.1507                      31.494936                   17.930024                  1464.8035       214.91469        158.85854
              1       1479.2192     0.023519813       69.194716       3.0351737      0.99462152       8.6261696      0.74026785      0.28723247       0.1212209      0.99078359      0.99343659       1.0039102      0.99302288      0.99223338      0.17973887   2.0804591e-09      0.95087665      0.80995273      0.25363589      0.74473953       17.930024       1101.2156       1464.8035       1.8614644       -15.853268          17.714733       2954.7154                 20.154756                 398.41522                                 651.1507                      31.494936                   17.930024                  1464.8035       214.91469        155.85155
              1       1480.2991     0.023519813       69.194716       3.0351737      0.99462152       8.6261696      0.74026785      0.28723247       0.1212209      0.99078359      0.99405665      0.99597944       0.9944611      0.99595127      0.17973887   2.0804591e-09      0.95087665      0.80995273      0.25363589      0.74473953       17.930024       1101.2156       1464.8035      0.56861398       -17.146119          17.714733        2959.461                 20.154756                 398.41522                                 651.1507                      31.494936                   17.930024                  1464.8035       218.74559        156.76628
              1       1478.8235     0.023519813       69.194716       3.0351737      0.99462152       8.6261696      0.74026785      0.28723247       0.1212209      0.99078359      0.99319565       1.0034932      0.99460677      0.99612641      0.17973887   2.0804591e-09      0.95087665      0.80995273      0.25363589      0.74473953       17.930024       1101.2156       1464.8035       1.1257583       -16.588974          17.714733       2955.3955                 20.154756                 398.41522                                 651.1507                      31.494936                   17.930024                  1464.8035       214.48987         156.9565
              1       1478.4129     0.023519813       69.194716       3.0351737      0.99462152       8.6261696      0.74026785      0.28723247       0.1212209      0.99078359      0.99512203       1.0029883      0.99338488      0.99476821      0.17973887   2.0804591e-09      0.95087665      0.80995273      0.25363589      0.74473953       17.930024       1101.2156       1464.8035      0.35641105       -17.358321          17.714733       2956.1131                 20.154756                 398.41522                                 651.1507                      31.494936                   17.930024                  1464.8035       216.47348        155.69043
              1       1478.2371     0.023499258       69.245456       3.0374659      0.99303288       8.7177524       0.7405172      0.28114847      0.12810431      0.99271898      0.99489608         1.00293      0.99375241      0.99706703      0.18978928   2.0852335e-09      0.95099148       0.8048413      0.25353497       0.7398924       19.436461       1105.0003       1464.3964      -2.9989029        -20.08216          17.083257        2962.472                 20.091015                 398.81174                                650.21212                      35.885473                   19.436461                  1464.3964       216.60866        157.03004
              1       1475.3326     0.023499258       69.245456       3.0374659      0.99303288       8.7177524       0.7405172      0.28114847      0.12810431      0.99039978      0.99444314       1.0036978      0.99201096      0.99605042      0.18978928   2.0852335e-09      0.95099148       0.8048413      0.25353497       0.7398924       19.436461       1092.8659       1464.3964       1.0825136       -16.000744          17.083257       2948.5003                 20.100609                  398.8509                                642.07351                      31.840873                   19.436461                  1464.3964       216.23135        155.57011
              1       1475.2207     0.023499258       69.245456       3.0374659      0.99303288       8.7177524       0.7405172      0.28114847      0.12810431      0.99039978      0.99444314       1.0036978      0.99255974      0.99507485      0.18978928   2.0852335e-09      0.95099148       0.8048413      0.25353497       0.7398924       19.436461       1092.8659       1464.3964      0.95441687        -16.12884          17.083257       2948.5325                 20.100609                  398.8509                                642.07351                      31.840873                   19.436461                  1464.3964       216.23135        155.60234
              1       1475.2341     0.023500111       69.250581        3.037399      0.99304279       8.7277615      0.74070068      0.28146692       0.1276146      0.99037626      0.99442634       1.0036812      0.99254934      0.99506463      0.18984159    2.085094e-09      0.95099696      0.80460743       0.2533537      0.73941292       19.456801       1093.3525       1464.4008        1.031743       -16.077485          17.109228       2948.4047                  20.09978                 398.89258                                642.32736                       32.03279                   19.456801                  1464.4008       215.91655        155.27806
              1       1476.8515     0.023500111       69.250581        3.037399      0.99304279       8.7277615      0.74070068      0.28146692       0.1276146      0.99037626      0.99198843       1.0042272       0.9907405      0.99395027      0.18984159    2.085094e-09      0.95099696      0.80460743       0.2533537      0.73941292       19.456801       1093.3525       1464.4008       3.7371672        -13.37206          17.109228       2946.2286                  20.09978                 398.89258                                642.32736                       32.03279                   19.456801                  1464.4008       214.40669        154.61185
              2       1477.9955     0.023500111       69.250581        3.037399      0.99304279       8.7277615      0.74070068      0.28146692       0.1276146      0.99037626      0.99198843       1.0042272      0.98876502      0.99413192      0.18984159    2.085094e-09      0.95099696      0.80460743       0.2533537      0.73941292       19.456801       1093.3525       1464.4008       4.7208114       -12.388416          17.109228       2946.5494                  20.09978                 398.89258                                642.32736                       32.03279                   19.456801                  1464.4008       214.40669        154.93263
              1       1479.2777     0.023500111       69.250581        3.037399      0.99304279       8.7277615      0.74070068      0.28146692       0.1276146      0.99037626      0.99198843       1.0042272       0.9943865      0.98834583      0.18984159    2.085094e-09      0.95099696      0.80460743       0.2533537      0.73941292       19.456801       1093.3525       1464.4008       3.3309072        -13.77832          17.109228       2951.8935                  20.09978                 398.89258                                642.32736                       32.03279                   19.456801                  1464.4008       214.40669        160.27673
              1       1478.6819     0.023500111       69.250581        3.037399      0.99304279       8.7277615      0.74070068      0.28146692       0.1276146      0.99037626      0.99198843       1.0042272      0.99237781       1.0017702      0.18984159    2.085094e-09      0.95099696      0.80460743       0.2533537      0.73941292       19.456801       1093.3525       1464.4008       2.7350498       -14.374178          17.109228       2951.8938                  20.09978                 398.89258                                642.32736                       32.03279                   19.456801                  1464.4008       214.40669        160.27699
              1       1478.1916     0.023500111       69.250581        3.037399      0.99304279       8.7277615      0.74070068      0.28146692       0.1276146      0.99037626      0.99218713       1.0043391      0.99385904        1.001381      0.18984159    2.085094e-09      0.95099696      0.80460743       0.2533537      0.73941292       19.456801       1093.3525       1464.4008       2.0431584       -15.066069          17.109228       2952.2969                  20.09978                 398.89258                                642.32736                       32.03279                   19.456801                  1464.4008       214.41707        160.66974
              1       1478.7448     0.023500111       69.250581        3.037399      0.99304279       8.7277615      0.74070068      0.28146692       0.1276146      0.99026717      0.99272292       1.0058279      0.99388056       1.0016058      0.18984159    2.085094e-09      0.95099696      0.80460743       0.2533537      0.73941292       19.456801       1093.2196       1464.4008        1.762719       -15.346509          17.109228       2953.9642                 20.100635                 398.89052                                642.37947                      31.848972                   19.456801                  1464.4008       215.91055         160.9765
              1       1476.4386     0.023500111       69.250581        3.037399      0.99304279       8.7277615      0.74070068      0.28146692       0.1276146      0.99038074      0.99240364       1.0047514      0.99117542      0.99603184      0.18984159    2.085094e-09      0.95099696      0.80460743       0.2533537      0.73941292       19.456801       1093.3588       1464.4008        2.977905       -14.131323          17.109228       2946.9214                 20.099746                 398.89258                                642.32608                      32.040351                   19.456801                  1464.4008        214.7058        154.99927
              1       1477.4282     0.023500111       69.250581        3.037399      0.99304279       8.7277615      0.74070068      0.28146692       0.1276146      0.99145584      0.99240442       1.0043455      0.99131397      0.99086634      0.18984159    2.085094e-09      0.95099696      0.80460743       0.2533537      0.73941292       19.456801       1096.8452       1464.4008       1.9951303       -15.114097          17.109228       2950.8661                 20.093355                 398.87976                                643.98525                      33.886877                   19.456801                  1464.4008       214.40756        155.75572
              1       1477.2019     0.023500111       69.250581        3.037399      0.99304279       8.7277615      0.74070068      0.28146692       0.1276146      0.99046684      0.99189445       1.0041632      0.99179702      0.99157844      0.18984159    2.085094e-09      0.95099696      0.80460743       0.2533537      0.73941292       19.456801        1093.506       1464.4008       3.5496446       -13.559583          17.109228       2947.3046                 20.099098                 398.90617                                642.31481                      32.185897                   19.456801                  1464.4008       214.41402        155.52701
              1       1477.2216     0.023500111       69.250581        3.037399      0.99304279       8.7277615      0.74070068      0.28146692       0.1276146      0.99046684      0.99189445       1.0041632      0.99177297      0.99154246      0.18984159    2.085094e-09      0.95099696      0.80460743       0.2533537      0.73941292       19.456801        1093.506       1464.4008        3.565191       -13.544037          17.109228       2947.3127                 20.099098                 398.90617                                642.31481                      32.185897                   19.456801                  1464.4008       214.41402        155.53516
              1       1479.9775     0.023500111       69.250581        3.037399      0.99304279       8.7277615      0.74070068      0.28146692       0.1276146      0.99046684      0.99227853       1.0089556      0.99184332      0.99188716      0.18984159    2.085094e-09      0.95099696      0.80460743       0.2533537      0.73941292       19.456801        1093.506       1464.4008       3.1448627       -13.964365          17.109228       2953.6654                 20.099098                 398.90617                                642.31481                      32.185897                   19.456801                  1464.4008       220.90149        155.40031
              1       1482.8157     0.023500111       69.250581        3.037399      0.99304279       8.7277615      0.74070068      0.28146692       0.1276146      0.99194978      0.99503216      0.99533443      0.98631265      0.99506643      0.18984159    2.085094e-09      0.95099696      0.80460743       0.2533537      0.73941292       19.456801       1099.7757       1464.4008       1.7215729       -15.387655          17.109228       2962.1882                 20.091694                 398.87412                                646.05357                      34.756276                   19.456801                  1464.4008       221.59659        156.95839
              1       1479.3137     0.023500111       69.250581        3.037399      0.99304279       8.7277615      0.74070068      0.28146692       0.1276146      0.99194978      0.99503216      0.99533443      0.99044131      0.99450821      0.18984159    2.085094e-09      0.95099696      0.80460743       0.2533537      0.73941292       19.456801       1099.7757       1464.4008     -0.60369408       -17.712922          17.109228       2959.8348                 20.091694                 398.87412                                646.05357                      34.756276                   19.456801                  1464.4008       221.59659        154.60498
              1       1478.3539     0.023500111       69.250581        3.037399      0.99304279       8.7277615      0.74070068      0.28146692       0.1276146      0.99021439       0.9950309      0.99598963      0.99004569      0.99737783      0.18984159    2.085094e-09      0.95099696      0.80460743       0.2533537      0.73941292       19.456801       1093.1711       1464.4008       1.8443523       -15.264875          17.109228        2953.019                 20.101062                 398.89052                                642.41921                      31.760271                   19.456801                  1464.4008       220.37511        155.61526
              1       1478.9982     0.023500111       69.250581        3.037399      0.99304279       8.7277615      0.74070068      0.28146692       0.1276146      0.99021439        0.996453        1.004353      0.99015028      0.99816709      0.18984159    2.085094e-09      0.95099696      0.80460743       0.2533537      0.73941292       19.456801       1093.1711       1464.4008        1.086897       -16.022331          17.109228       2955.8226                 20.101062                 398.89052                                642.41921                      31.760271                   19.456801                  1464.4008       222.65424        156.13976
              1       1477.6267     0.023500111       69.250581        3.037399      0.99304279       8.7277615      0.74070068      0.28146692       0.1276146      0.99021439      0.99644123       1.0042371      0.99289227      0.99487679      0.18984159    2.085094e-09      0.95099696      0.80460743       0.2533537      0.73941292       19.456801       1093.1711       1464.4008      0.15486909       -16.954359          17.109228       2954.9436                 20.101062                 398.89052                                642.41921                      31.760271                   19.456801                  1464.4008       222.45081        155.46414
              1       1476.6761     0.023500111       69.250581        3.037399      0.99304279       8.7277615      0.74070068      0.28146692       0.1276146      0.99209779      0.99375148       1.0040609      0.99278618      0.99395916      0.18984159    2.085094e-09      0.95099696      0.80460743       0.2533537      0.73941292       19.456801       1100.8124       1464.4008     -0.91007382       -18.019301          17.109228       2955.1724                 20.091354                 398.86906                                646.83265                      35.019362                   19.456801                  1464.4008       215.12457        155.37785
              1       1477.3204     0.023500111       69.250581        3.037399      0.99304279       8.7277615      0.74070068      0.28146692       0.1276146      0.99121317      0.99469647       1.0031189      0.99123842      0.98927571      0.18984159    2.085094e-09      0.95099696      0.80460743       0.2533537      0.73941292       19.456801        1095.709       1464.4008       1.0205641       -16.088664          17.109228       2952.5997                 20.094471                 398.88032                                643.26957                      33.464592                   19.456801                  1464.4008       216.04871        156.98448
              1       1476.3217     0.023500111       69.250581        3.037399      0.99304279       8.7277615      0.74070068      0.28146692       0.1276146      0.99087041      0.99469622       1.0032483      0.99557143      0.99176033      0.18984159    2.085094e-09      0.95099696      0.80460743       0.2533537      0.73941292       19.456801       1094.4723       1464.4008     -0.35123165       -17.460459          17.109228       2953.3459                 20.096375                 398.90525                                 642.5971                      32.873571                   19.456801                  1464.4008       216.13614         158.8799
              1       1480.7653     0.023500111       69.250581        3.037399      0.99304279       8.7277615      0.74070068      0.28146692       0.1276146      0.98900433      0.99410892       1.0060116      0.99579819      0.99199191      0.18984159    2.085094e-09      0.95099696      0.80460743       0.2533537      0.73941292       19.456801       1094.7299       1464.4008       2.9343335       -14.174894          17.109228        2955.662                 20.113204                  398.9087                                645.93925                      29.768738                   19.456801                  1464.4008       217.98918        159.08531
              1       1480.6835     0.023500111       69.250581        3.037399      0.99304279       8.7277615      0.74070068      0.28146692       0.1276146      0.98881949      0.99410878       1.0060813      0.99339486      0.99220695      0.18984159    2.085094e-09      0.95099696      0.80460743       0.2533537      0.73941292       19.456801       1095.4231       1464.4008       3.8743563       -13.234871          17.109228       2953.6183                 20.115468                 398.91693                                646.91906                      29.471659                   19.456801                  1464.4008       218.09538        156.24223
              1        1480.402     0.023500111       69.250581        3.037399      0.99304279       8.7277615      0.74070068      0.28146692       0.1276146      0.98881949      0.99410878       1.0060813      0.99304678      0.99750785      0.18984159    2.085094e-09      0.95099696      0.80460743       0.2533537      0.73941292       19.456801       1095.4231       1464.4008       3.4756223       -13.633605          17.109228       2953.8528                 20.115468                 398.91693                                646.91906                      29.471659                   19.456801                  1464.4008       218.09538        156.47672
              1       1480.8539     0.023500111       69.250581        3.037399      0.99304279       8.7277615      0.74070068      0.28146692       0.1276146      0.98881949      0.99126518       1.0024396      0.99305501      0.99660882      0.18984159    2.085094e-09      0.95099696      0.80460743       0.2533537      0.73941292       19.456801       1095.4231       1464.4008       5.8334185       -11.275809          17.109228       2950.0409                 20.115468                 398.91693                                646.91906                      29.471659                   19.456801                  1464.4008       214.73166        156.02855
              1       1483.9619     0.023500111       69.250581        3.037399      0.99304279       8.7277615      0.74070068      0.28146692       0.1276146      0.98881949      0.99126518       1.0024396      0.99904876      0.99612839      0.18984159    2.085094e-09      0.95099696      0.80460743       0.2533537      0.73941292       19.456801       1095.4231       1464.4008       4.6926241       -12.416604          17.109228       2958.5386                 20.115468                 398.91693                                646.91906                      29.471659                   19.456801                  1464.4008       214.73166        164.52618
              1       1480.2572     0.023500111       69.250581        3.037399      0.99304279       8.7277615      0.74070068      0.28146692       0.1276146      0.98900105      0.99463419      0.99996276       0.9908965       0.9892472      0.18984159    2.085094e-09      0.95099696      0.80460743       0.2533537      0.73941292       19.456801        1094.741       1464.4008       4.7162571       -12.392971          17.109228       2951.0819                 20.113244                  398.9087                                645.95561                       29.76345                   19.456801                  1464.4008       215.56325         156.9201
              1       1478.2622     0.023500111       69.250581        3.037399      0.99304279       8.7277615      0.74070068      0.28146692       0.1276146      0.98900105      0.99463419      0.99996276      0.99154153      0.99702125      0.18984159    2.085094e-09      0.95099696      0.80460743       0.2533537      0.73941292       19.456801        1094.741       1464.4008       3.4254339       -13.683794          17.109228       2949.6734                 20.113244                  398.9087                                645.95561                       29.76345                   19.456801                  1464.4008       215.56325         155.5116
              1       1478.8789     0.023500111       69.250581        3.037399      0.99304279       8.7277615      0.74070068      0.28146692       0.1276146      0.98927422      0.99203311       1.0024883      0.99026287      0.99625267      0.18984159    2.085094e-09      0.95099696      0.80460743       0.2533537      0.73941292       19.456801       1093.9442       1464.4008       5.5032414       -11.605986          17.109228       2946.7512                 20.110099                 398.90859                                644.71963                      30.205921                   19.456801                  1464.4008         213.925        155.02438
              2       1480.2511     0.023500111       69.250581        3.037399      0.99304279       8.7277615      0.74070068      0.28146692       0.1276146      0.98948291      0.99743342      0.99978794      0.99006882      0.99743451      0.18984159    2.085094e-09      0.95099696      0.80460743       0.2533537      0.73941292       19.456801       1093.5112       1464.4008       2.0124402       -15.096787          17.109228       2956.4772                 20.107861                 398.90859                                643.94798                      30.546732                   19.456801                  1464.4008       223.46143        155.64706
              1       1479.3557     0.023500111       69.250581        3.037399      0.99304279       8.7277615      0.74070068      0.28146692       0.1276146      0.98948291       0.9968163        1.001355      0.99010978      0.99736179      0.18984159    2.085094e-09      0.95099696      0.80460743       0.2533537      0.73941292       19.456801       1093.5112       1464.4008       2.1930294       -14.916198          17.109228       2954.3253                 20.107861                 398.90859                                643.94798                      30.546732                   19.456801                  1464.4008        221.3593        155.59729
              1       1477.4542     0.023500111       69.250581        3.037399      0.99304279       8.7277615      0.74070068      0.28146692       0.1276146      0.98948291      0.99537311      0.99921826      0.99345972      0.99858472      0.18984159    2.085094e-09      0.95099696      0.80460743       0.2533537      0.73941292       19.456801       1093.5112       1464.4008        1.407263       -15.701965          17.109228       2952.0938                 20.107861                 398.90859                                643.94798                      30.546732                   19.456801                  1464.4008       217.22517        157.49991
              1       1477.3887     0.023500111       69.250581        3.037399      0.99304279       8.7277615      0.74070068      0.28146692       0.1276146      0.98948291      0.99531679      0.99888501      0.99493576      0.99380431      0.18984159    2.085094e-09      0.95099696      0.80460743       0.2533537      0.73941292       19.456801       1093.5112       1464.4008       1.3557716       -15.753456          17.109228       2952.0658                 20.107861                 398.90859                                643.94798                      30.546732                   19.456801                  1464.4008       217.31664         157.3804
              1       1478.2677     0.023500111       69.250581        3.037399      0.99304279       8.7277615      0.74070068      0.28146692       0.1276146      0.98907083      0.99531649      0.99904059      0.99280461      0.99709715      0.18984159    2.085094e-09      0.95099696      0.80460743       0.2533537      0.73941292       19.456801       1094.5091       1464.4008       2.4274898       -14.681738          17.109228       2951.6805                 20.112417                 398.90515                                645.61548                      29.876089                   19.456801                  1464.4008       217.21535        156.09842
              1       1475.6945     0.023500111       69.250581        3.037399      0.99304279       8.7277615      0.74070068      0.28146692       0.1276146      0.99108709      0.99574568      0.99891446      0.99261208      0.99694411      0.18984159    2.085094e-09      0.95099696      0.80460743       0.2533537      0.73941292       19.456801       1095.2173       1464.4008     -0.90790723       -18.017135          17.109228       2953.2047                 20.095129                 398.89965                                 642.9761                      33.246455                   19.456801                  1464.4008       218.21906        155.91077
              1       1474.7683     0.023500111       69.250581        3.037399      0.99304279       8.7277615      0.74070068      0.28146692       0.1276146      0.99108709      0.99426174       1.0006997      0.99201515      0.99446572      0.18984159    2.085094e-09      0.95099696      0.80460743       0.2533537      0.73941292       19.456801       1095.2173       1464.4008      0.34489234       -16.764335          17.109228       2948.8468                 20.095129                 398.89965                                 642.9761                      33.246455                   19.456801                  1464.4008       214.81586        154.95605
              1       1475.0384     0.023500111       69.250581        3.037399      0.99304279       8.7277615      0.74070068      0.28146692       0.1276146      0.99108709      0.99461948      0.99947534      0.99198616      0.99449147      0.18984159    2.085094e-09      0.95099696      0.80460743       0.2533537      0.73941292       19.456801       1095.2173       1464.4008      0.13272326       -16.976504          17.109228       2949.8113                 20.095129                 398.89965                                 642.9761                      33.246455                   19.456801                  1464.4008       215.79163        154.94473
              1       1475.1807     0.023500111       69.250581        3.037399      0.99304279       8.7277615      0.74070068      0.28146692       0.1276146      0.99108709      0.99448932       1.0010812      0.99461831      0.99297145      0.18984159    2.085094e-09      0.95099696      0.80460743       0.2533537      0.73941292       19.456801       1095.2173       1464.4008     -0.48271899       -17.591947          17.109228       2951.3268                 20.095129                 398.89965                                 642.9761                      33.246455                   19.456801                  1464.4008       215.07092        157.18094
              1       1475.5891     0.023500111       69.250581        3.037399      0.99304279       8.7277615      0.74070068      0.28146692       0.1276146      0.99108709      0.99495608      0.99924927       0.9945794      0.99292992      0.18984159    2.085094e-09      0.95099696      0.80460743       0.2533537      0.73941292       19.456801       1095.2173       1464.4008     -0.74044845       -17.849676          17.109228       2952.6591                 20.095129                 398.89965                                 642.9761                      33.246455                   19.456801                  1464.4008       216.43532        157.14883
              1       1475.2376     0.023500111       69.250581        3.037399      0.99304279       8.7277615      0.74070068      0.28146692       0.1276146      0.99108709      0.99524797      0.99937752      0.99223443      0.99639104      0.18984159    2.085094e-09      0.95099696      0.80460743       0.2533537      0.73941292       19.456801       1095.2173       1464.4008     -0.48207022       -17.591298          17.109228       2951.4393                 20.095129                 398.89965                                 642.9761                      33.246455                   19.456801                  1464.4008        216.8895        155.47487
              1       1476.5572     0.023500111       69.250581        3.037399      0.99304279       8.7277615      0.74070068      0.28146692       0.1276146      0.99108709      0.99511723      0.99674445      0.99192572      0.99640764      0.18984159    2.085094e-09      0.95099696      0.80460743       0.2533537      0.73941292       19.456801       1095.2173       1464.4008     -0.29194281        -17.40117          17.109228       2953.6984                 20.095129                 398.89965                                 642.9761                      33.246455                   19.456801                  1464.4008       219.27148        155.35196
              1       1477.9038     0.023505076       69.285653       3.0371001      0.99292864       8.7308346      0.74118633      0.28202395       0.1271374      0.99101091      0.99509385      0.99661552      0.99190962       0.9963784      0.19118565   2.0844707e-09      0.95103621      0.80381581       0.2528802      0.73799486       19.775487        1095.943       1464.2333   -0.0099851376       -17.270906          17.260921       2955.8275                  20.09184                  398.9233                                643.06978                      33.858043                   19.775487                  1464.2333       220.40253        155.47325
              1       1479.2641     0.023505076       69.285653       3.0371001      0.99292864       8.7308346      0.74118633      0.28202395       0.1271374      0.99101091      0.99480452       1.0061163      0.98941943      0.99578352      0.19118565   2.0844707e-09      0.95103621      0.80381581       0.2528802      0.73799486       19.775487        1095.943       1464.2333       1.3496245       -15.911296          17.260921       2955.8289                  20.09184                  398.9233                                643.06978                      33.858043                   19.775487                  1464.2333       220.88257        154.99461
              1       1479.2408     0.023505076       69.285653       3.0371001      0.99292864       8.7308346      0.74118633      0.28202395       0.1271374      0.99083255      0.99480439       1.0061837      0.98943648      0.99580943      0.19118565   2.0844707e-09      0.95103621      0.80381581       0.2528802      0.73799486       19.775487        1095.281       1464.2333       1.5977664       -15.663154          17.260921        2955.286                 20.092958                  398.9103                                642.73064                      33.547134                   19.775487                  1464.2333       220.99628        154.99995
              1       1477.0716     0.023505076       69.285653       3.0371001      0.99292864       8.7308346      0.74118633      0.28202395       0.1271374      0.99083255      0.99406214       1.0029898      0.98940135      0.99545829      0.19118565   2.0844707e-09      0.95103621      0.80381581       0.2528802      0.73799486       19.775487        1095.281       1464.2333       2.1043163       -15.156604          17.260921       2949.9345                 20.092958                  398.9103                                642.73064                      33.547134                   19.775487                  1464.2333       215.75121        154.89357
              1       1477.0877     0.023505076       69.285653       3.0371001      0.99292864       8.7308346      0.74118633      0.28202395       0.1271374      0.99083255      0.99404835        1.003062      0.98940289       0.9954586      0.19118565   2.0844707e-09      0.95103621      0.80381581       0.2528802      0.73799486       19.775487        1095.281       1464.2333       2.1125915       -15.148329          17.260921       2949.9503                 20.092958                  398.9103                                642.73064                      33.547134                   19.775487                  1464.2333        215.7672        154.89331
              1        1478.687     0.023505076       69.285653       3.0371001      0.99292864       8.7308346      0.74118633      0.28202395       0.1271374      0.99083255      0.99525264       1.0048205      0.99038416      0.99831563      0.19118565   2.0844707e-09      0.95103621      0.80381581       0.2528802      0.73799486       19.775487        1095.281       1464.2333      0.73657574       -16.524345          17.260921       2955.9009                 20.092958                  398.9103                                642.73064                      33.547134                   19.775487                  1464.2333        220.2688         156.3423
              2       1479.4058     0.023505076       69.285653       3.0371001      0.99292864       8.7308346      0.74118633      0.28202395       0.1271374      0.99048848      0.99593332       1.0025144      0.99065182       0.9893708      0.19118565   2.0844707e-09      0.95103621      0.80381581       0.2528802      0.73799486       19.775487       1094.3502       1464.2333       1.8335189       -15.427402          17.260921       2955.1446                 20.095406                 398.92218                                642.38042                      32.952236                   19.775487                  1464.2333       220.13222        156.65338
              1       1479.4869     0.023505076       69.285653       3.0371001      0.99292864       8.7308346      0.74118633      0.28202395       0.1271374      0.99048848      0.99487377         0.99785      0.99025375      0.98905348      0.19118565   2.0844707e-09      0.95103621      0.80381581       0.2528802      0.73799486       19.775487       1094.3502       1464.2333       2.6279296       -14.632991          17.260921       2953.7179                 20.095406                 398.92218                                642.38042                      32.952236                   19.775487                  1464.2333       218.47678        156.88213
              1       1477.4865     0.023505076       69.285653       3.0371001      0.99292864       8.7308346      0.74118633      0.28202395       0.1271374      0.99048848      0.99382843      0.99839759      0.99026699      0.99678939      0.19118565   2.0844707e-09      0.95103621      0.80381581       0.2528802      0.73799486       19.775487       1094.3502       1464.2333       2.2415788       -15.019342          17.260921       2950.4899                 20.095406                 398.92218                                642.38042                      32.952236                   19.775487                  1464.2333       216.79877        155.33212
              1       1477.2066     0.023505076       69.285653       3.0371001      0.99292864       8.7308346      0.74118633      0.28202395       0.1271374      0.99079143       0.9954202       1.0005786      0.99023769      0.99726192      0.19118565   2.0844707e-09      0.95103621      0.80381581       0.2528802      0.73799486       19.775487       1095.1469       1464.2333      0.82468198       -16.436239          17.260921       2952.7639                 20.093231                  398.9103                                642.66769                      33.475693                   19.775487                  1464.2333       218.00687        155.60136
              1       1477.3167     0.023505076       69.285653       3.0371001      0.99292864       8.7308346      0.74118633      0.28202395       0.1271374      0.99079143      0.99451946       1.0041654      0.99539344      0.99336549      0.19118565   2.0844707e-09      0.95103621      0.80381581       0.2528802      0.73799486       19.775487       1095.1469       1464.2333     -0.16374743       -17.424668          17.260921        2954.961                 20.093231                  398.9103                                642.66769                      33.475693                   19.775487                  1464.2333       217.53371        158.27159
              1       1478.2941     0.023505076       69.285653       3.0371001      0.99292864       8.7308346      0.74118633      0.28202395       0.1271374      0.99079143      0.99454173      0.99645253      0.99120814      0.99283797      0.19118565   2.0844707e-09      0.95103621      0.80381581       0.2528802      0.73799486       19.775487       1095.1469       1464.2333       1.2823477       -15.978573          17.260921       2954.0235                 20.093231                  398.9103                                642.66769                      33.475693                   19.775487                  1464.2333       220.00082        154.86703
              1       1479.4251     0.023505076       69.285653       3.0371001      0.99292864       8.7308346      0.74118633      0.28202395       0.1271374      0.99079143      0.99454173      0.99645253      0.99288946       1.0006532      0.19118565   2.0844707e-09      0.95103621      0.80381581       0.2528802      0.73799486       19.775487       1095.1469       1464.2333      0.13800479       -17.122916          17.260921       2958.5742                 20.093231                  398.9103                                642.66769                      33.475693                   19.775487                  1464.2333       220.00082        159.41769
              1       1480.0399     0.023505076       69.285653       3.0371001      0.99292864       8.7308346      0.74118633      0.28202395       0.1271374      0.99079143      0.99082111       1.0019771       0.9930712       1.0000111      0.19118565   2.0844707e-09      0.95103621      0.80381581       0.2528802      0.73799486       19.775487       1095.1469       1464.2333       3.0962066       -14.164714          17.260921       2953.8874                 20.093231                  398.9103                                642.66769                      33.475693                   19.775487                  1464.2333       215.91655        158.81522
              1       1477.5042     0.023505076       69.285653       3.0371001      0.99292864       8.7308346      0.74118633      0.28202395       0.1271374      0.99079143      0.99347536       1.0020072      0.99300754       1.0006753      0.19118565   2.0844707e-09      0.95103621      0.80381581       0.2528802      0.73799486       19.775487       1095.1469       1464.2333      0.80688035        -16.45404          17.260921       2953.3947                 20.093231                  398.9103                                642.66769                      33.475693                   19.775487                  1464.2333       214.72078        159.51825
              1       1476.9234     0.023505076       69.285653       3.0371001      0.99292864       8.7308346      0.74118633      0.28202395       0.1271374      0.99079143      0.99446962       1.0022316      0.99393874      0.99938053      0.19118565   2.0844707e-09      0.95103621      0.80381581       0.2528802      0.73799486       19.775487       1095.1469       1464.2333     -0.16115476       -17.422075          17.260921       2954.1691                 20.093231                  398.9103                                642.66769                      33.475693                   19.775487                  1464.2333       216.14249        158.87093
              1       1477.3629     0.023505076       69.285653       3.0371001      0.99292864       8.7308346      0.74118633      0.28202395       0.1271374      0.99079143      0.99446962       1.0022316      0.99500771       0.9997516      0.19118565   2.0844707e-09      0.95103621      0.80381581       0.2528802      0.73799486       19.775487       1095.1469       1464.2333     -0.45725386       -17.718175          17.260921       2955.6403                 20.093231                  398.9103                                642.66769                      33.475693                   19.775487                  1464.2333       216.14249        160.34219
              1        1477.571     0.023505076       69.285653       3.0371001      0.99292864       8.7308346      0.74118633      0.28202395       0.1271374      0.99079143      0.99446962       1.0022316      0.99515154       1.0000636      0.19118565   2.0844707e-09      0.95103621      0.80381581       0.2528802      0.73799486       19.775487       1095.1469       1464.2333     -0.49290373       -17.753824          17.260921       2956.1278                 20.093231                  398.9103                                642.66769                      33.475693                   19.775487                  1464.2333       216.14249         160.8297
              1       1478.1886     0.023505076       69.285653       3.0371001      0.99292864       8.7308346      0.74118633      0.28202395       0.1271374      0.98999006      0.99447508        1.002407      0.99509591       1.0002355      0.19118565   2.0844707e-09      0.95103621      0.80381581       0.2528802      0.73799486       19.775487       1093.7075       1464.2333      0.74977783       -16.511143          17.260921       2954.8776                 20.099602                 398.92036                                642.58556                      32.101957                   19.775487                  1464.2333       216.21724        160.94411
              1       1476.9605     0.023505076       69.285653       3.0371001      0.99292864       8.7308346      0.74118633      0.28202395       0.1271374      0.99001078      0.99447509       1.0023992      0.99487677        0.997302      0.19118565   2.0844707e-09      0.95103621      0.80381581       0.2528802      0.73799486       19.775487       1093.7088       1464.2333      0.83945225       -16.421468          17.260921       2952.2421                 20.099412                 398.91213                                 642.5602                      32.137038                   19.775487                  1464.2333       216.21417        158.31044
              1       1477.1597     0.023505076       69.285653       3.0371001      0.99292864       8.7308346      0.74118633      0.28202395       0.1271374      0.99159705      0.99447625       1.0018003      0.99445477      0.99798839      0.19118565   2.0844707e-09      0.95103621      0.80381581       0.2528802      0.73799486       19.775487       1098.8419       1464.2333       -1.414177       -18.675098          17.260921       2957.1478                 20.088905                 398.92131                                644.93971                      34.891945                   19.775487                  1464.2333       216.04083        158.25633
              1       1477.6394     0.023505076       69.285653       3.0371001      0.99292864       8.7308346      0.74118633      0.28202395       0.1271374      0.99014804       0.9927745       1.0022746      0.99579316      0.99805023      0.19118565   2.0844707e-09      0.95103621      0.80381581       0.2528802      0.73799486       19.775487       1093.8059       1464.2333       1.5812552       -15.679666          17.260921       2952.1164                 20.098188                 398.90859                                 642.4291                      32.369993                   19.775487                  1464.2333       214.35223        159.94951
              1       1478.8017     0.023505076       69.285653       3.0371001      0.99292864       8.7308346      0.74118633      0.28202395       0.1271374      0.99167027      0.99270665      0.99924192      0.99495579      0.99865665      0.19118565   2.0844707e-09      0.95103621      0.80381581       0.2528802      0.73799486       19.775487       1099.2868       1464.2333     -0.40492609       -17.665847          17.260921       2958.4133                 20.088621                 398.92131                                645.25448                      35.022407                   19.775487                  1464.2333       215.80904         159.3087
              1       1476.5747     0.023505076       69.285653       3.0371001      0.99292864       8.7308346      0.74118633      0.28202395       0.1271374      0.99117347      0.99298091       1.0021818      0.99303485      0.99273475      0.19118565   2.0844707e-09      0.95103621      0.80381581       0.2528802      0.73799486       19.775487        1096.624       1464.2333       1.1132824       -16.147638          17.260921       2950.9228                 20.090912                 398.91769                                643.47244                      34.142926                   19.775487                  1464.2333       214.41391        155.87613
              1       1477.6617     0.023505076       69.285653       3.0371001      0.99292864       8.7308346      0.74118633      0.28202395       0.1271374      0.99117347      0.99492938       1.0044417      0.99436102      0.99288138      0.19118565   2.0844707e-09      0.95103621      0.80381581       0.2528802      0.73799486       19.775487        1096.624       1464.2333     -0.62992156       -17.890842          17.260921       2956.5833                 20.090912                 398.91769                                643.47244                      34.142926                   19.775487                  1464.2333        218.8555        157.09512
              1       1477.3999     0.023505076       69.285653       3.0371001      0.99292864       8.7308346      0.74118633      0.28202395       0.1271374      0.99117347      0.99492938       1.0044417       0.9942083      0.99394516      0.19118565   2.0844707e-09      0.95103621      0.80381581       0.2528802      0.73799486       19.775487        1096.624       1464.2333     -0.71919695       -17.980118          17.260921       2956.2382                 20.090912                 398.91769                                643.47244                      34.142926                   19.775487                  1464.2333        218.8555        156.75003
              1       1476.4497     0.023505076       69.285653       3.0371001      0.99292864       8.7308346      0.74118633      0.28202395       0.1271374      0.99117347      0.99352298       1.0009513       0.9947339      0.99398602      0.19118565   2.0844707e-09      0.95103621      0.80381581       0.2528802      0.73799486       19.775487        1096.624       1464.2333     0.034244088       -17.226677          17.260921       2952.8308                 20.090912                 398.91769                                643.47244                      34.142926                   19.775487                  1464.2333       214.85654        157.34158
              1       1476.7186     0.023505076       69.285653       3.0371001      0.99292864       8.7308346      0.74118633      0.28202395       0.1271374      0.99030706      0.99504538        1.000517      0.99528859      0.99572652      0.19118565   2.0844707e-09      0.95103621      0.80381581       0.2528802      0.73799486       19.775487        1094.004       1464.2333     0.044370938        -17.21655          17.260921       2953.3484                 20.096844                 398.90859                                642.35736                       32.64118                   19.775487                  1464.2333       217.13828        158.19742
              1       1476.8646     0.023505076       69.285653       3.0371001      0.99292864       8.7308346      0.74118633      0.28202395       0.1271374      0.99030706      0.99447104       1.0033175        0.995349      0.99572852      0.19118565   2.0844707e-09      0.95103621      0.80381581       0.2528802      0.73799486       19.775487        1094.004       1464.2333      0.36468764       -16.896233          17.260921       2952.9999                 20.096844                 398.90859                                642.35736                       32.64118                   19.775487                  1464.2333        216.7095        158.27768
              1       1476.5563     0.023505076       69.285653       3.0371001      0.99292864       8.7308346      0.74118633      0.28202395       0.1271374      0.99030706      0.99451818       1.0020354      0.99532656      0.99567373      0.19118565   2.0844707e-09      0.95103621      0.80381581       0.2528802      0.73799486       19.775487        1094.004       1464.2333      0.34550371       -16.915417          17.260921       2952.4215                 20.096844                 398.90859                                642.35736                       32.64118                   19.775487                  1464.2333       216.17421        158.23457
              1       1477.2184     0.023505076       69.285653       3.0371001      0.99292864       8.7308346      0.74118633      0.28202395       0.1271374      0.99030706      0.99374398       1.0027307      0.98927868      0.99510243      0.19118565   2.0844707e-09      0.95103621      0.80381581       0.2528802      0.73799486       19.775487        1094.004       1464.2333       3.2093685       -14.051552          17.260921        2948.018                 20.096844                 398.90859                                642.35736                       32.64118                   19.775487                  1464.2333       215.17499        154.83026
              1       1477.2756     0.023505076       69.285653       3.0371001      0.99292864       8.7308346      0.74118633      0.28202395       0.1271374      0.99030706      0.99342782       1.0028194      0.98928779       0.9950281      0.19118565   2.0844707e-09      0.95103621      0.80381581       0.2528802      0.73799486       19.775487        1094.004       1464.2333        3.436786       -13.824135          17.260921       2947.6776                 20.096844                 398.90859                                642.35736                       32.64118                   19.775487                  1464.2333       214.85342        154.81142
              1       1477.1698     0.023505076       69.285653       3.0371001      0.99292864       8.7308346      0.74118633      0.28202395       0.1271374      0.99055557      0.99388522       1.0000072      0.99507382      0.99905735      0.19118565   2.0844707e-09      0.95103621      0.80381581       0.2528802      0.73799486       19.775487       1094.4906       1464.2333      0.26434716       -16.996574          17.260921       2953.8109                 20.094899                  398.9107                                642.41723                      33.067725                   19.775487                  1464.2333        215.5314        159.78017
              1       1476.2747     0.023505076       69.285653       3.0371001      0.99292864       8.7308346      0.74118633      0.28202395       0.1271374      0.99055557      0.99388522       1.0000072      0.99269991      0.99285028      0.19118565   2.0844707e-09      0.95103621      0.80381581       0.2528802      0.73799486       19.775487       1094.4906       1464.2333       1.4593722       -15.801549          17.260921       2949.6307                 20.094899                  398.9107                                642.41723                      33.067725                   19.775487                  1464.2333        215.5314        155.60002
              1       1476.7039     0.023505076       69.285653       3.0371001      0.99292864       8.7308346      0.74118633      0.28202395       0.1271374      0.99055557      0.99363452       0.9992318      0.99276673      0.99255877      0.19118565   2.0844707e-09      0.95103621      0.80381581       0.2528802      0.73799486       19.775487       1094.4906       1464.2333       1.6493487       -15.611572          17.260921       2950.1091                 20.094899                  398.9107                                642.41723                      33.067725                   19.775487                  1464.2333        215.8822        155.72762
              2       1476.9551     0.023505076       69.285653       3.0371001      0.99292864       8.7308346      0.74118633      0.28202395       0.1271374      0.99055557      0.99363452       0.9992318      0.99074446      0.99696851      0.19118565   2.0844707e-09      0.95103621      0.80381581       0.2528802      0.73799486       19.775487       1094.4906       1464.2333       2.0394592       -15.221461          17.260921       2949.8313                 20.094899                  398.9107                                642.41723                      33.067725                   19.775487                  1464.2333        215.8822        155.44984
              1       1477.0085     0.023505076       69.285653       3.0371001      0.99292864       8.7308346      0.74118633      0.28202395       0.1271374      0.99055557      0.99363452       0.9992318      0.99020263      0.99569092      0.19118565   2.0844707e-09      0.95103621      0.80381581       0.2528802      0.73799486       19.775487       1094.4906       1464.2333       2.3842147       -14.876706          17.260921       2949.2486                 20.094899                  398.9107                                642.41723                      33.067725                   19.775487                  1464.2333        215.8822        154.86708
              1       1480.4555     0.023505076       69.285653       3.0371001      0.99292864       8.7308346      0.74118633      0.28202395       0.1271374      0.99055557      0.99416553       1.0060915      0.99636032       0.9898245      0.19118565   2.0844707e-09      0.95103621      0.80381581       0.2528802      0.73799486       19.775487       1094.4906       1464.2333      0.77606787       -16.484853          17.260921       2959.3589                 20.094899                  398.9107                                642.41723                      33.067725                   19.775487                  1464.2333       219.19606        161.66354
              1       1478.6845     0.023505076       69.285653       3.0371001      0.99292864       8.7308346      0.74118633      0.28202395       0.1271374      0.99055557      0.99416553       1.0060915      0.99076287      0.99161241      0.19118565   2.0844707e-09      0.95103621      0.80381581       0.2528802      0.73799486       19.775487       1094.4906       1464.2333       2.2497167       -15.011204          17.260921       2952.8695                 20.094899                  398.9107                                642.41723                      33.067725                   19.775487                  1464.2333       219.19606        155.17413
              1       1478.6231     0.023505076       69.285653       3.0371001      0.99292864       8.7308346      0.74118633      0.28202395       0.1271374      0.99090246      0.99416578       1.0059605       0.9907297      0.99156203      0.19118565   2.0844707e-09      0.95103621      0.80381581       0.2528802      0.73799486       19.775487       1095.5359       1464.2333        1.758223       -15.502698          17.260921       2953.7298                 20.092507                 398.92389                                642.85076                      33.668788                   19.775487                  1464.2333       218.99428        155.19081
              1       1479.4918     0.023499916       69.281376         3.03732      0.99304091       8.7148093      0.74073949      0.28114115      0.12801088      0.99152005      0.99366059      0.99905363       0.9908744        1.000165      0.19121737   2.0849292e-09      0.95104092      0.80460647      0.25332352      0.73936799       19.765564       1097.3264       1464.1775      0.33449072         -16.7688          17.103291       2958.3146                 20.091008                 398.81775                                644.13822                      34.279462                   19.765564                  1464.1775       217.84636        159.19872
              1       1478.5869     0.023499916       69.281376         3.03732      0.99304091       8.7148093      0.74073949      0.28114115      0.12801088      0.99152005      0.99366059      0.99905363      0.99324215      0.99937057      0.19121737   2.0849292e-09      0.95104092      0.80460647      0.25332352      0.73936799       19.765564       1097.3264       1464.1775     -0.59475289       -17.698044          17.103291       2958.3634                 20.091008                 398.81775                                644.13822                      34.279462                   19.765564                  1464.1775       217.84636        159.24753
              2       1478.1353     0.023499916       69.281376         3.03732      0.99304091       8.7148093      0.74073949      0.28114115      0.12801088      0.99152005      0.99470048       1.0014144      0.99325624      0.99975276      0.19121737   2.0849292e-09      0.95104092      0.80460647      0.25332352      0.73936799       19.765564       1097.3264       1464.1775      -1.2750429       -18.378334          17.103291       2958.8206                 20.091008                 398.81775                                644.13822                      34.279462                   19.765564                  1464.1775       217.92999        159.62111
              1       1477.6976     0.023499916       69.281376         3.03732      0.99304091       8.7148093      0.74073949      0.28114115      0.12801088      0.99152005      0.99470048       1.0014144      0.99179725      0.99218407      0.19121737   2.0849292e-09      0.95104092      0.80460647      0.25332352      0.73936799       19.765564       1097.3264       1464.1775     -0.15686631       -17.260157          17.103291       2955.7089                 20.091008                 398.81775                                644.13822                      34.279462                   19.765564                  1464.1775       217.92999        156.50943
              1       1477.1329     0.023499916       69.281376         3.03732      0.99304091       8.7148093      0.74073949      0.28114115      0.12801088      0.99057566      0.99471706       1.0027129      0.99248868      0.99281185      0.19121737   2.0849292e-09      0.95104092      0.80460647      0.25332352      0.73936799       19.765564       1093.7046       1464.1775      0.82748903       -16.275802          17.103291       2952.6109                  20.09646                 398.82626                                642.13945                      32.642457                   19.765564                  1464.1775       218.32047        156.64273
              1       1479.6521     0.023499916       69.281376         3.03732      0.99304091       8.7148093      0.74073949      0.28114115      0.12801088      0.99057566      0.99275886       1.0067265      0.99567732      0.99791725      0.19121737   2.0849292e-09      0.95104092      0.80460647      0.25332352      0.73936799       19.765564       1093.7046       1464.1775      0.80633241       -16.296959          17.103291       2957.6916                  20.09646                 398.82626                                642.13945                      32.642457                   19.765564                  1464.1775       219.47238        160.57146
              1       1482.0505     0.023499916       69.281376         3.03732      0.99304091       8.7148093      0.74073949      0.28114115      0.12801088      0.99052642      0.99719381       1.0051941      0.99410684      0.99216994      0.19121737   2.0849292e-09      0.95104092      0.80460647      0.25332352      0.73936799       19.765564       1093.5995       1464.1775     -0.65786495       -17.761156          17.103291       2965.4167                 20.096823                 398.82626                                642.11796                      32.558429                   19.765564                  1464.1775       229.71074        158.16341
              1       1483.5419     0.023499916       69.281376         3.03732      0.99304091       8.7148093      0.74073949      0.28114115      0.12801088      0.99052642      0.99498025       0.9930422      0.99395843      0.99098639      0.19121737   2.0849292e-09      0.95104092      0.80460647      0.25332352      0.73936799       19.765564       1093.5995       1464.1775       0.5370583       -16.566233          17.103291       2966.0097                 20.096823                 398.82626                                642.11796                      32.558429                   19.765564                  1464.1775       229.81177        158.65536
              1       1486.6546     0.023499916       69.281376         3.03732      0.99304091       8.7148093      0.74073949      0.28114115      0.12801088      0.99052642      0.99458778      0.99615493       1.0018998      0.99196126      0.19121737   2.0849292e-09      0.95104092      0.80460647      0.25332352      0.73936799       19.765564       1093.5995       1464.1775     -0.20849751       -17.311789          17.103291       2973.7262                 20.096823                 398.82626                                642.11796                      32.558429                   19.765564                  1464.1775       222.33519        173.84851
              1       1484.9739     0.023499916       69.281376         3.03732      0.99304091       8.7148093      0.74073949      0.28114115      0.12801088      0.99052642      0.99402615       1.0014239       1.0026717      0.99832417      0.19121737   2.0849292e-09      0.95104092      0.80460647      0.25332352      0.73936799       19.765564       1093.5995       1464.1775     -0.35048386       -17.453775          17.103291       2970.6487                 20.096823                 398.82626                                642.11796                      32.558429                   19.765564                  1464.1775       216.92923        176.17696
              1       1479.1426     0.023499916       69.281376         3.03732      0.99304091       8.7148093      0.74073949      0.28114115      0.12801088      0.99052642      0.99402615       1.0014239      0.99846099      0.99624424      0.19121737   2.0849292e-09      0.95104092      0.80460647      0.25332352      0.73936799       19.765564       1093.5995       1464.1775     -0.36189869        -17.46519          17.103291       2959.0091                 20.096823                 398.82626                                642.11796                      32.558429                   19.765564                  1464.1775       216.92923        164.53729
              1       1479.1453     0.023499916       69.281376         3.03732      0.99304091       8.7148093      0.74073949      0.28114115      0.12801088      0.99052642      0.99413831       1.0017687      0.99846401      0.99629015      0.19121737   2.0849292e-09      0.95104092      0.80460647      0.25332352      0.73936799       19.765564       1093.5995       1464.1775     -0.43911701       -17.542408          17.103291       2959.1689                 20.096823                 398.82626                                642.11796                      32.558429                   19.765564                  1464.1775       217.07031        164.55602
              1        1481.464     0.023499916       69.281376         3.03732      0.99304091       8.7148093      0.74073949      0.28114115      0.12801088      0.99052293      0.99697834      0.99860948      0.99834317      0.99683564      0.19121737   2.0849292e-09      0.95104092      0.80460647      0.25332352      0.73936799       19.765564       1093.5923       1464.1775      -1.8613404       -18.964631          17.103291       2966.6507                 20.096849                 398.82626                                642.11674                      32.552475                   19.765564                  1464.1775       224.62619        164.48911
              1       1481.8562     0.023499916       69.281376         3.03732      0.99304091       8.7148093      0.74073949      0.28114115      0.12801088      0.99061926      0.99697841      0.99857311      0.99876054      0.99441178      0.19121737   2.0849292e-09      0.95104092      0.80460647      0.25332352      0.73936799       19.765564       1093.8043       1464.1775       -1.835979        -18.93927          17.103291       2967.3844                 20.096146                 398.82588                                642.16535                      32.716964                   19.765564                  1464.1775       224.64471        164.99222
              1       1481.8821     0.023499916       69.281376         3.03732      0.99304091       8.7148093      0.74073949      0.28114115      0.12801088      0.99061926      0.99697841      0.99857311      0.99871059      0.99396111      0.19121737   2.0849292e-09      0.95104092      0.80460647      0.25332352      0.73936799       19.765564       1093.8043       1464.1775      -1.7832756       -18.886567          17.103291       2967.3307                 20.096146                 398.82588                                642.16535                      32.716964                   19.765564                  1464.1775       224.64471        164.93858
              1       1476.6205     0.023499916       69.281376         3.03732      0.99304091       8.7148093      0.74073949      0.28114115      0.12801088      0.99066653      0.99402894       1.0022365      0.99313006      0.99388086      0.19121737   2.0849292e-09      0.95104092      0.80460647      0.25332352      0.73936799       19.765564       1093.9203       1464.1775      0.75802053       -16.345271          17.103291        2951.725                 20.095811                 398.82588                                642.20071                      32.797859                   19.765564                  1464.1775       216.99408         156.8676
              1       1476.9885     0.023499916       69.281376         3.03732      0.99304091       8.7148093      0.74073949      0.28114115      0.12801088      0.99066653      0.99372446       1.0000254      0.99272957      0.99717091      0.19121737   2.0849292e-09      0.95104092      0.80460647      0.25332352      0.73936799       19.765564       1093.9203       1464.1775      0.82711696       -16.276174          17.103291       2952.3229                 20.095811                 398.82588                                642.20071                      32.797859                   19.765564                  1464.1775       217.12572         157.3338
              1       1477.4019     0.023499916       69.281376         3.03732      0.99304091       8.7148093      0.74073949      0.28114115      0.12801088      0.99066653      0.99531232       1.0014717      0.99227501      0.99819076      0.19121737   2.0849292e-09      0.95104092      0.80460647      0.25332352      0.73936799       19.765564       1093.9203       1464.1775    -0.015695266       -17.118986          17.103291       2954.8351                 20.095811                 398.82588                                642.20071                      32.797859                   19.765564                  1464.1775       219.23199        157.73976
              1       1478.0175     0.023499916       69.281376         3.03732      0.99304091       8.7148093      0.74073949      0.28114115      0.12801088      0.99066653      0.99628858       1.0000971      0.99204051      0.99339291      0.19121737   2.0849292e-09      0.95104092      0.80460647      0.25332352      0.73936799       19.765564       1093.9203       1464.1775    0.0019935102       -17.101298          17.103291        2956.031                 20.095811                 398.82588                                642.20071                      32.797859                   19.765564                  1464.1775       221.88664        156.28104
              1       1477.2196     0.023499916       69.281376         3.03732      0.99304091       8.7148093      0.74073949      0.28114115      0.12801088      0.99066653      0.99313327       1.0027809      0.99216138      0.99274446      0.19121737   2.0849292e-09      0.95104092      0.80460647      0.25332352      0.73936799       19.765564       1093.9203       1464.1775       1.8939741       -15.209317          17.103291       2950.6512                 20.095811                 398.82588                                642.20071                      32.797859                   19.765564                  1464.1775       216.30284        156.48505
              2        1477.787     0.023499916       69.281376         3.03732      0.99304091       8.7148093      0.74073949      0.28114115      0.12801088      0.99150771      0.99257792       1.0025116      0.99436966      0.99536411      0.19121737   2.0849292e-09      0.95104092      0.80460647      0.25332352      0.73936799       19.765564       1097.2593       1464.1775      0.10287208       -17.000419          17.103291       2955.3682                  20.09106                 398.81775                                644.09272                      34.257761                   19.765564                  1464.1775       216.14386        158.02197
              1       1478.1585     0.023499916       69.281376         3.03732      0.99304091       8.7148093      0.74073949      0.28114115      0.12801088      0.99116791      0.99550808       1.0041598       0.9935449      0.99672947      0.19121737   2.0849292e-09      0.95104092      0.80460647      0.25332352      0.73936799       19.765564       1095.6112       1464.1775      -1.2205297       -18.323821          17.103291       2958.7581                 20.092704                 398.81404                                643.04101                      33.663397                   19.765564                  1464.1775       221.52287        157.68095
              2       1478.0991     0.023499916       69.281376         3.03732      0.99304091       8.7148093      0.74073949      0.28114115      0.12801088      0.99091964       0.9955079       1.0042536      0.99356863      0.99676553      0.19121737   2.0849292e-09      0.95104092      0.80460647      0.25332352      0.73936799       19.765564         1094.66       1464.1775     -0.87448026       -17.977771          17.103291       2957.9472                 20.094142                 398.81404                                642.51872                      33.233102                   19.765564                  1464.1775       221.62843         157.7157
              1       1478.5237     0.023499916       69.281376         3.03732      0.99304091       8.7148093      0.74073949      0.28114115      0.12801088      0.99091964       0.9955079       1.0042536      0.99545382       0.9945582      0.19121737   2.0849292e-09      0.95104092      0.80460647      0.25332352      0.73936799       19.765564         1094.66       1464.1775      -1.2065654       -18.309857          17.103291       2959.4605                 20.094142                 398.81404                                642.51872                      33.233102                   19.765564                  1464.1775       221.62843        159.22894
              1       1479.8412     0.023499916       69.281376         3.03732      0.99304091       8.7148093      0.74073949      0.28114115      0.12801088      0.99091964      0.99554186       1.0041205       0.9918268      0.98960355      0.19121737   2.0849292e-09      0.95104092      0.80460647      0.25332352      0.73936799       19.765564         1094.66       1464.1775      0.66309938       -16.440192          17.103291       2958.3562                 20.094142                 398.81404                                642.51872                      33.233102                   19.765564                  1464.1775       221.58365        158.16951
              1       1481.3299     0.023499916       69.281376         3.03732      0.99304091       8.7148093      0.74073949      0.28114115      0.12801088      0.99091964      0.99329995      0.99994919      0.99215773      0.98663229      0.19121737   2.0849292e-09      0.95104092      0.80460647      0.25332352      0.73936799       19.765564         1094.66       1464.1775       2.5893892       -14.513902          17.103291        2957.481                 20.094142                 398.81404                                642.51872                      33.233102                   19.765564                  1464.1775       217.01118        161.86676
              1       1480.7812     0.023499916       69.281376         3.03732      0.99304091       8.7148093      0.74073949      0.28114115      0.12801088      0.99091964       0.9933842      0.99886209      0.99881911      0.99832531      0.19121737   2.0849292e-09      0.95104092      0.80460647      0.25332352      0.73936799       19.765564         1094.66       1464.1775     -0.62763757       -17.730929          17.103291       2962.8177                 20.094142                 398.81404                                642.51872                      33.233102                   19.765564                  1464.1775       217.98201        166.23265
              1       1478.2409     0.023499916       69.281376         3.03732      0.99304091       8.7148093      0.74073949      0.28114115      0.12801088       0.9915152      0.99579862       1.0015528      0.99451452      0.99766984      0.19121737   2.0849292e-09      0.95104092      0.80460647      0.25332352      0.73936799       19.765564          1097.3       1464.1775      -2.1789534       -19.282244          17.103291       2960.8397                 20.091028                 398.81775                                 644.1203                      34.270945                   19.765564                  1464.1775       220.54648        159.05013
              2       1478.7096     0.023499916       69.281376         3.03732      0.99304091       8.7148093      0.74073949      0.28114115      0.12801088      0.99203822        0.995799       1.0013553      0.99278381      0.99537465      0.19121737   2.0849292e-09      0.95104092      0.80460647      0.25332352      0.73936799       19.765564       1100.6083       1464.1775      -2.1710454       -19.274336          17.103291       2961.7614                 20.089269                 398.81044                                646.51037                      35.198195                   19.765564                  1464.1775       220.49557        156.71445
              2       1480.1544     0.023499916       69.281376         3.03732      0.99304091       8.7148093      0.74073949      0.28114115      0.12801088      0.99203822        0.995799       1.0013553      0.99075474      0.99097994      0.19121737   2.0849292e-09      0.95104092      0.80460647      0.25332352      0.73936799       19.765564       1100.6083       1464.1775     -0.77533555       -17.878627          17.103291       2961.8595                 20.089269                 398.81044                                646.51037                      35.198195                   19.765564                  1464.1775       220.49557        156.81256
              1       1480.2504     0.023499916       69.281376         3.03732      0.99304091       8.7148093      0.74073949      0.28114115      0.12801088      0.99203822        0.995799       1.0013553      0.99111825      0.99053593      0.19121737   2.0849292e-09      0.95104092      0.80460647      0.25332352      0.73936799       19.765564       1100.6083       1464.1775     -0.86111756       -17.964409          17.103291        2962.223                 20.089269                 398.81044                                646.51037                      35.198195                   19.765564                  1464.1775       220.49557        157.17604
              1       1478.8725     0.023499916       69.281376         3.03732      0.99304091       8.7148093      0.74073949      0.28114115      0.12801088      0.99039346      0.99579781       1.0019763      0.99127548      0.99077478      0.19121737   2.0849292e-09      0.95104092      0.80460647      0.25332352      0.73936799       19.765564       1093.3629       1464.1775       1.3402174       -15.763074          17.103291       2955.0645                  20.09784                 398.83187                                642.10101                      32.332207                   19.765564                  1464.1775       220.69995        157.05856
              1       1479.7159     0.023499916       69.281376         3.03732      0.99304091       8.7148093      0.74073949      0.28114115      0.12801088      0.99039346      0.99545798       1.0041357      0.99330725      0.98979646      0.19121737   2.0849292e-09      0.95104092      0.80460647      0.25332352      0.73936799       19.765564       1093.3629       1464.1775      0.90822831       -16.195063          17.103291       2957.6154                  20.09784                 398.83187                                642.10101                      32.332207                   19.765564                  1464.1775       221.34311        158.96632
              1       1479.3937     0.023499916       69.281376         3.03732      0.99304091       8.7148093      0.74073949      0.28114115      0.12801088      0.99039346      0.99472674        1.004457      0.99464846      0.99010289      0.19121737   2.0849292e-09      0.95104092      0.80460647      0.25332352      0.73936799       19.765564       1093.3629       1464.1775       0.8480565       -16.255235          17.103291       2957.0912                  20.09784                 398.83187                                642.10101                      32.332207                   19.765564                  1464.1775        219.7182        160.06703
              1       1477.6341     0.023499916       69.281376         3.03732      0.99304091       8.7148093      0.74073949      0.28114115      0.12801088      0.99039346      0.99483242       1.0043804      0.99330642       0.9961118      0.19121737   2.0849292e-09      0.95104092      0.80460647      0.25332352      0.73936799       19.765564       1093.3629       1464.1775      0.40404061        -16.69925          17.103291       2954.4602                  20.09784                 398.83187                                642.10101                      32.332207                   19.765564                  1464.1775        219.8914        157.26277
              1       1477.6754     0.023499916       69.281376         3.03732      0.99304091       8.7148093      0.74073949      0.28114115      0.12801088      0.99039346      0.99483242       1.0043804       0.9932033      0.99411173      0.19121737   2.0849292e-09      0.95104092      0.80460647      0.25332352      0.73936799       19.765564       1093.3629       1464.1775      0.62352298       -16.479768          17.103291       2954.1037                  20.09784                 398.83187                                642.10101                      32.332207                   19.765564                  1464.1775        219.8914         156.9063
              1       1477.3605     0.023499916       69.281376         3.03732      0.99304091       8.7148093      0.74073949      0.28114115      0.12801088      0.99080999      0.99517376        1.000249      0.99054033       0.9950595      0.19121737   2.0849292e-09      0.95104092      0.80460647      0.25332352      0.73936799       19.765564       1094.3181       1464.1775      0.78423063        -16.31906          17.103291       2953.1525                  20.09484                 398.82482                                642.35433                      33.044112                   19.765564                  1464.1775        218.9669        155.92436
              1       1478.9072     0.023499916       69.281376         3.03732      0.99304091       8.7148093      0.74073949      0.28114115      0.12801088      0.99080999      0.99517376        1.000249      0.99708704      0.99904367      0.19121737   2.0849292e-09      0.95104092      0.80460647      0.25332352      0.73936799       19.765564       1094.3181       1464.1775      -1.4469455       -18.550237          17.103291       2960.7083                  20.09484                 398.82482                                642.35433                      33.044112                   19.765564                  1464.1775        218.9669        163.48016
              1       1477.3435     0.023499916       69.281376         3.03732      0.99304091       8.7148093      0.74073949      0.28114115      0.12801088      0.99080999      0.99517376        1.000249      0.99083915      0.99654958      0.19121737   2.0849292e-09      0.95104092      0.80460647      0.25332352      0.73936799       19.765564       1094.3181       1464.1775      0.52795117        -16.57534          17.103291        2953.631                  20.09484                 398.82482                                642.35433                      33.044112                   19.765564                  1464.1775        218.9669        156.40292
              1       1477.6007     0.023499916       69.281376         3.03732      0.99304091       8.7148093      0.74073949      0.28114115      0.12801088      0.99127644       0.9951741       1.0000729      0.99079456      0.99648184      0.19121737   2.0849292e-09      0.95104092      0.80460647      0.25332352      0.73936799       19.765564       1096.1022       1464.1775     -0.11592951       -17.219221          17.103291       2955.4333                 20.092136                  398.8228                                643.33468                      33.852566                   19.765564                  1464.1775       219.01846        156.36957
              1       1479.7507     0.023499916       69.281376         3.03732      0.99304091       8.7148093      0.74073949      0.28114115      0.12801088       0.9918414      0.99517451      0.99985956       0.9889529      0.99747721      0.19121737   2.0849292e-09      0.95104092      0.80460647      0.25332352      0.73936799       19.765564       1099.2511       1464.1775     -0.01100349       -17.114295          17.103291       2959.5235                 20.089826                 398.81044                                645.50332                      34.847528                   19.765564                  1464.1775       219.09515        157.23412
              1       1477.7519     0.023499916       69.281376         3.03732      0.99304091       8.7148093      0.74073949      0.28114115      0.12801088       0.9911555      0.99517401       1.0001185      0.99242798      0.99901617      0.19121737   2.0849292e-09      0.95104092      0.80460647      0.25332352      0.73936799       19.765564       1095.5586       1464.1775     -0.73351955       -17.836811          17.103291       2956.9708                 20.092772                 398.81404                                643.00998                      33.641819                   19.765564                  1464.1775       219.00407        158.46507
              1       1478.6152     0.023499916       69.281376         3.03732      0.99304091       8.7148093      0.74073949      0.28114115      0.12801088      0.99136147      0.99572397       1.0024403      0.99243487      0.99924811      0.19121737   2.0849292e-09      0.95104092      0.80460647      0.25332352      0.73936799       19.765564       1096.5087       1464.1775      -1.3060787        -18.40937          17.103291       2959.8426                 20.091719                 398.82336                                643.59244                      34.001194                   19.765564                  1464.1775       220.71648        158.67435
              1       1477.5523     0.023499916       69.281376         3.03732      0.99304091       8.7148093      0.74073949      0.28114115      0.12801088      0.99136147      0.99297438       1.0030228      0.99495844      0.99494311      0.19121737   2.0849292e-09      0.95104092      0.80460647      0.25332352      0.73936799       19.765564       1096.5087       1464.1775     -0.13215961       -17.235451          17.103291        2955.369                 20.091719                 398.82336                                643.59244                      34.001194                   19.765564                  1464.1775       216.29428        158.62291
              1       1478.3528     0.023499916       69.281376         3.03732      0.99304091       8.7148093      0.74073949      0.28114115      0.12801088      0.99179311       0.9929747       1.0028599      0.99375639       0.9924307      0.19121737   2.0849292e-09      0.95104092      0.80460647      0.25332352      0.73936799       19.765564       1098.9465       1464.1775    -0.077566957       -17.180858          17.103291       2956.8607                 20.089982                 398.81868                                645.27605                      34.761804                   19.765564                  1464.1775       216.25119        157.71994
              1       1479.8801     0.023499916       69.281376         3.03732      0.99304091       8.7148093      0.74073949      0.28114115      0.12801088      0.99179311      0.99186008       1.0044782      0.99589085       0.9946773      0.19121737   2.0849292e-09      0.95104092      0.80460647      0.25332352      0.73936799       19.765564       1098.9465       1464.1775      0.03946906       -17.063822          17.103291       2959.6813                 20.089982                 398.81868                                645.27605                      34.761804                   19.765564                  1464.1775       216.95985        159.83183
              1       1479.1828     0.023499916       69.281376         3.03732      0.99304091       8.7148093      0.74073949      0.28114115      0.12801088      0.99179311      0.99186008       1.0044782      0.99269658      0.99432953      0.19121737   2.0849292e-09      0.95104092      0.80460647      0.25332352      0.73936799       19.765564       1098.9465       1464.1775      0.97976755       -16.123524          17.103291        2956.406                 20.089982                 398.81868                                645.27605                      34.761804                   19.765564                  1464.1775       216.95985        156.55652
              1       1478.6877     0.023499916       69.281376         3.03732      0.99304091       8.7148093      0.74073949      0.28114115      0.12801088      0.99179311      0.99264736       1.0016776      0.99085219       0.9969588      0.19121737   2.0849292e-09      0.95104092      0.80460647      0.25332352      0.73936799       19.765564       1098.9465       1464.1775      0.83800726       -16.265284          17.103291       2955.6994                 20.089982                 398.81868                                645.27605                      34.761804                   19.765564                  1464.1775        216.2086        156.60123
              1        1478.126     0.023499916       69.281376         3.03732      0.99304091       8.7148093      0.74073949      0.28114115      0.12801088      0.99179311      0.99264736       1.0016776      0.99238649      0.99468234      0.19121737   2.0849292e-09      0.95104092      0.80460647      0.25332352      0.73936799       19.765564       1098.9465       1464.1775      0.38020285       -16.723088          17.103291       2955.4916                 20.089982                 398.81868                                645.27605                      34.761804                   19.765564                  1464.1775        216.2086        156.39339
              1       1477.8492     0.023499916       69.281376         3.03732      0.99304091       8.7148093      0.74073949      0.28114115      0.12801088      0.99142203      0.99357309      0.99867048      0.99234728      0.99480403      0.19121737   2.0849292e-09      0.95104092      0.80460647      0.25332352      0.73936799       19.765564        1096.813       1464.1775      0.17255315       -16.930738          17.103291       2955.3532                 20.091437                 398.82336                                643.79089                      34.107305                   19.765564                  1464.1775       218.21379        156.38339
