#        weight    minuslogpost         omega_b              H0            logA             n_s          z_reio    dcdf_rho_inf     dcdf_conv_g dcdf_floor_thaw        A_planck           A_act           P_act            Tcal            Ecal          m_ncdm             A_s     Omega0_dcdf          sigma8         Omega_m              S8       chi2__BAO       chi2__CMB        chi2__SN   minuslogprior minuslogprior__0 minuslogprior__bbn            chi2 chi2__planck_2018_lowl.TT chi2__planck_2018_lowl.EE chi2__planck_2018_highl_plik.TTTEEE_lite chi2__planck_2018_lensing.clik chi2__bao.desi_2024_bao_all chi2__sn.pantheonplusshoes   chi2__act_dr6 chi2__spt3g_lite
              1       1395.4196     0.022524875       69.490661       3.0611808      0.98146992       8.1846379      0.72042346      0.11500215     0.074519692        1.005713       1.0042058       1.0020931      0.99864502       1.0031875     0.013691632   2.1352755e-09      0.95335453      0.85243749      0.27665599       0.8186004       14.531906       1032.7357       1467.8515      -22.455627         -23.0844          0.6287732       2835.7505                 20.662667                 396.83093                                605.41381                      9.8283095                   14.531906                  1467.8515       174.65169        145.97963
              1       1394.1902     0.022524875       69.490661       3.0611808      0.98146992       8.1846379      0.72042346      0.11500215     0.074519692       1.0064135       1.0042063       1.0018287        1.000386        1.003396     0.013691632   2.1352755e-09      0.95335453      0.85243749      0.27665599       0.8186004       14.531906       1030.6902       1467.8515       -21.80477       -22.433544          0.6287732         2831.99                 20.611492                 396.79722                                603.34939                      9.9320496                   14.531906                  1467.8515       175.00029        143.91606
              3       1393.3069     0.022524875       69.490661       3.0611808      0.98146992       8.1846379      0.72042346      0.11500215     0.074519692       1.0064135       1.0027536       1.0072341        1.000411       1.0055766     0.013691632   2.1352755e-09      0.95335453      0.85243749      0.27665599       0.8186004       14.531906       1030.6902       1467.8515      -22.180886       -22.809659          0.6287732       2830.9755                 20.611492                 396.79722                                603.34939                      9.9320496                   14.531906                  1467.8515       176.07664        141.82524
              2       1392.9177     0.022524875       69.490661       3.0611808      0.98146992       8.1846379      0.72042346      0.11500215     0.074519692       1.0064135       1.0027536       1.0072341       1.0030309       1.0107998     0.013691632   2.1352755e-09      0.95335453      0.85243749      0.27665599       0.8186004       14.531906       1030.6902       1467.8515      -21.148033       -21.776807          0.6287732       2828.1315                 20.611492                 396.79722                                603.34939                      9.9320496                   14.531906                  1467.8515       176.07664         138.9812
              1       1393.3325     0.022524875       69.490661       3.0611808      0.98146992       8.1846379      0.72042346      0.11500215     0.074519692       1.0064135       1.0028071       1.0071737       1.0019538       1.0041853     0.013691632   2.1352755e-09      0.95335453      0.85243749      0.27665599       0.8186004       14.531906       1030.6902       1467.8515      -22.202354       -22.831127          0.6287732       2831.0696                 20.611492                 396.79722                                603.34939                      9.9320496                   14.531906                  1467.8515       175.89972        142.09628
              1       1391.6831     0.022524327        69.51668       3.0610259      0.98123752       8.1985248      0.72043077      0.11477028     0.072850523       1.0063549        1.002824       1.0071574       1.0019512       1.0041977     0.011845149   2.1349447e-09      0.95339057      0.85331341       0.2766537      0.81943816       14.512941       1029.4874       1467.7601      -22.257024       -22.884888         0.62786406       2827.8802                 20.624542                 396.84126                                 602.0475                      9.9740506                   14.512941                  1467.7601       174.32358        141.79625
              1       1391.9174     0.022524327        69.51668       3.0610259      0.98123752       8.1985248      0.72043077      0.11477028     0.072850523       1.0059548       1.0028237       1.0073085       1.0036668       1.0037717     0.011845149   2.1349447e-09      0.95339057      0.85331341       0.2766537      0.81943816       14.512941       1029.9989       1467.7601      -22.444245       -23.072109         0.62786406       2828.7233                 20.653862                 396.83885                                602.59586                      9.9103397                   14.512941                  1467.7601       174.37184        142.07954
              1       1395.9081     0.022524327        69.51668       3.0610259      0.98123752       8.1985248      0.72043077      0.11477028     0.072850523       1.0059548       1.0027575        1.006937       1.0004947      0.99855845     0.011845149   2.1349447e-09      0.95339057      0.85331341       0.2766537      0.81943816       14.512941       1029.9989       1467.7601       -22.90709       -23.534954         0.62786406       2837.6304                 20.653862                 396.83885                                602.59586                      9.9103397                   14.512941                  1467.7601       174.44691        150.91151
              1       1395.9685     0.022524327        69.51668       3.0610259      0.98123752       8.1985248      0.72043077      0.11477028     0.072850523       1.0061525       1.0027577       1.0068624       1.0004758      0.99852974     0.011845149   2.1349447e-09      0.95339057      0.85331341       0.2766537      0.81943816       14.512941       1029.6801       1467.7601      -22.715196       -23.343061         0.62786406       2837.3673                 20.639307                 396.84126                                602.25887                      9.9406968                   14.512941                  1467.7601       174.43234        150.98181
              1       1391.7267     0.022524327        69.51668       3.0610259      0.98123752       8.1985248      0.72043077      0.11477028     0.072850523       1.0054206       1.0027572       1.0071387       1.0031395       1.0109057     0.011845149   2.1349447e-09      0.95339057      0.85331341       0.2766537      0.81943816       14.512941       1031.5384       1467.7601      -22.049445       -22.677309         0.62786406       2827.5523                 20.693842                 396.85209                                604.15309                      9.8393332                   14.512941                  1467.7601        174.4957        139.24522
              1       1391.3608     0.022524327        69.51668       3.0610259      0.98123752       8.1985248      0.72043077      0.11477028     0.072850523       1.0065944        1.002758       1.0066955       1.0012769       1.0067922     0.011845149   2.1349447e-09      0.95339057      0.85331341       0.2766537      0.81943816       14.512941       1029.4278       1467.7601      -21.813669       -22.441533         0.62786406       2826.3488                 20.607247                 396.83235                                601.97172                      10.016468                   14.512941                  1467.7601        174.4066        140.24144
              1       1392.7618     0.022524327        69.51668       3.0610259      0.98123752       8.1985248      0.72043077      0.11477028     0.072850523        1.006159       1.0027577       1.0068599       1.0038584       1.0134514     0.011845149   2.1349447e-09      0.95339057      0.85331341       0.2766537      0.81943816       14.512941       1029.6718       1467.7601      -20.653896        -21.28176         0.62786406       2826.8314                 20.638831                 396.84126                                602.24998                      9.9417322                   14.512941                  1467.7601        174.4319        140.45464
              1       1392.3124     0.022524327        69.51668       3.0610259      0.98123752       8.1985248      0.72043077      0.11477028     0.072850523        1.006159       1.0042154       1.0014911      0.99982765       1.0049006     0.011845149   2.1349447e-09      0.95339057      0.85331341       0.2766537      0.81943816       14.512941       1029.6718       1467.7601      -21.942195       -22.570059         0.62786406       2828.5091                 20.638831                 396.84126                                602.24998                      9.9417322                   14.512941                  1467.7601       174.10306        142.46127
              1       1391.6449     0.022524327        69.51668       3.0610259      0.98123752       8.1985248      0.72043077      0.11477028     0.072850523       1.0068137       1.0046091       1.0036715       0.9997959       1.0050297     0.011845149   2.1349447e-09      0.95339057      0.85331341       0.2766537      0.81943816       14.512941       1029.5561       1467.7601        -21.0573       -21.685164         0.62786406       2825.4045                 20.591557                 396.83875                                602.06768                      10.058131                   14.512941                  1467.7601       171.18637        142.38898
              1       1391.3755     0.022524327        69.51668       3.0610259      0.98123752       8.1985248      0.72043077      0.11477028     0.072850523       1.0068177       1.0046091         1.00367       1.0038519       1.0110494     0.011845149   2.1349447e-09      0.95339057      0.85331341       0.2766537      0.81943816       14.512941       1029.5598       1467.7601      -19.770364       -20.398229         0.62786406       2822.2916                 20.591275                 396.83875                                602.07087                      10.058908                   14.512941                  1467.7601       171.18724        139.27159
              1       1391.5871     0.022524327        69.51668       3.0610259      0.98123752       8.1985248      0.72043077      0.11477028     0.072850523       1.0068177       1.0046091         1.00367       1.0015434       1.0116912     0.011845149   2.1349447e-09      0.95339057      0.85331341       0.2766537      0.81943816       14.512941       1029.5598       1467.7601        -19.9412       -20.569064         0.62786406       2823.0566                 20.591275                 396.83875                                602.07087                      10.058908                   14.512941                  1467.7601       171.18724        140.03653
              2       1391.3265     0.022524327        69.51668       3.0610259      0.98123752       8.1985248      0.72043077      0.11477028     0.072850523       1.0068177       1.0046091         1.00367      0.99970539        1.007661     0.011845149   2.1349447e-09      0.95339057      0.85331341       0.2766537      0.81943816       14.512941       1029.5598       1467.7601      -20.735954       -21.363818         0.62786406       2824.1248                 20.591275                 396.83875                                602.07087                      10.058908                   14.512941                  1467.7601       171.18724        141.10478
              1       1391.1395     0.022524327        69.51668       3.0610259      0.98123752       8.1985248      0.72043077      0.11477028     0.072850523       1.0068177       1.0046091         1.00367       1.0037677       1.0054241     0.011845149   2.1349447e-09      0.95339057      0.85331341       0.2766537      0.81943816       14.512941       1029.5598       1467.7601       -20.66295       -21.290814         0.62786406        2823.605                 20.591275                 396.83875                                602.07087                      10.058908                   14.512941                  1467.7601       171.18724         140.5849
              1       1390.3734     0.022524327        69.51668       3.0610259      0.98123752       8.1985248      0.72043077      0.11477028     0.072850523       1.0058926       1.0039148       1.0061588       1.0044818       1.0068699     0.011845149   2.1349447e-09      0.95339057      0.85331341       0.2766537      0.81943816       14.512941       1030.1271       1467.7601      -21.618101       -22.245965         0.62786406       2823.9829                 20.658466                 396.83885                                 602.7285                      9.9012498                   14.512941                  1467.7601       171.74571        139.83714
              1       1390.7811     0.022524327        69.51668       3.0610259      0.98123752       8.1985248      0.72043077      0.11477028     0.072850523        1.006663       1.0039154        1.005868       1.0044082        1.006758     0.011845149   2.1349447e-09      0.95339057      0.85331341       0.2766537      0.81943816       14.512941       1029.4489       1467.7601      -20.874702       -21.502566         0.62786406       2823.3117                 20.602323                 396.83258                                601.98477                      10.029213                   14.512941                  1467.7601       171.71761        139.87219
              1       1391.2261     0.022524327        69.51668       3.0610259      0.98123752       8.1985248      0.72043077      0.11477028     0.072850523        1.006663       1.0040865       1.0063137       1.0055704       1.0073232     0.011845149   2.1349447e-09      0.95339057      0.85331341       0.2766537      0.81943816       14.512941       1029.4489       1467.7601      -20.435689       -21.063553         0.62786406       2823.3236                 20.602323                 396.83258                                601.98477                      10.029213                   14.512941                  1467.7601       171.49651        140.10518
              1       1391.2297     0.022524327        69.51668       3.0610259      0.98123752       8.1985248      0.72043077      0.11477028     0.072850523        1.006663       1.0040865       1.0063137       1.0055742       1.0073046     0.011845149   2.1349447e-09      0.95339057      0.85331341       0.2766537      0.81943816       14.512941       1029.4489       1467.7601      -20.437223       -21.065087         0.62786406       2823.3338                 20.602323                 396.83258                                601.98477                      10.029213                   14.512941                  1467.7601       171.49651         140.1154
              1       1394.0986     0.022524327        69.51668       3.0610259      0.98123752       8.1985248      0.72043077      0.11477028     0.072850523        1.006663       1.0051574       1.0093081       1.0041642       1.0141352     0.011845149   2.1349447e-09      0.95339057      0.85331341       0.2766537      0.81943816       14.512941       1029.4489       1467.7601      -18.842417       -19.470281         0.62786406       2825.8821                 20.602323                 396.83258                                601.98477                      10.029213                   14.512941                  1467.7601       173.16182        140.99838
              1       1395.0084     0.022524327        69.51668       3.0610259      0.98123752       8.1985248      0.72043077      0.11477028     0.072850523        1.006663       1.0044633        1.012443       1.0048108       1.0100636     0.011845149   2.1349447e-09      0.95339057      0.85331341       0.2766537      0.81943816       14.512941       1029.4489       1467.7601      -20.001535       -20.629399         0.62786406       2830.0199                 20.602323                 396.83258                                601.98477                      10.029213                   14.512941                  1467.7601       179.00824        139.28973
              1       1396.2892     0.022524327        69.51668       3.0610259      0.98123752       8.1985248      0.72043077      0.11477028     0.072850523       1.0059647       1.0044628       1.0127067        1.001035       1.0136927     0.011845149   2.1349447e-09      0.95339057      0.85331341       0.2766537      0.81943816       14.512941       1029.9796       1467.7601      -20.439001       -21.066865         0.62786406       2833.4564                 20.653125                 396.83885                                602.57578                      9.9118179                   14.512941                  1467.7601       179.62709        141.57672
              1       1392.9198     0.022524327        69.51668       3.0610259      0.98123752       8.1985248      0.72043077      0.11477028     0.072850523       1.0059647        1.002508       1.0058992       1.0042903       1.0130847     0.011845149   2.1349447e-09      0.95339057      0.85331341       0.2766537      0.81943816       14.512941       1029.9796       1467.7601      -20.920149       -21.548013         0.62786406         2827.68                 20.653125                 396.83885                                602.57578                      9.9118179                   14.512941                  1467.7601       175.17621        140.25119
              1        1392.669     0.022524327        69.51668       3.0610259      0.98123752       8.1985248      0.72043077      0.11477028     0.072850523       1.0056336       1.0032663       1.0086695       0.9982086       1.0082001     0.011845149   2.1349447e-09      0.95339057      0.85331341       0.2766537      0.81943816       14.512941       1030.8012       1467.7601      -22.344613       -22.972477         0.62786406       2830.0271                 20.677789                 396.83885                                603.41882                      9.8657172                   14.512941                  1467.7601       174.20082        142.75212
              1       1392.7286     0.022524327        69.51668       3.0610259      0.98123752       8.1985248      0.72043077      0.11477028     0.072850523       1.0055626       1.0032662       1.0086963      0.99821539       1.0082104     0.011845149   2.1349447e-09      0.95339057      0.85331341       0.2766537      0.81943816       14.512941       1031.0332       1467.7601      -22.407267       -23.035131         0.62786406       2830.2718                 20.683128                 396.84638                                603.64702                      9.8566318                   14.512941                  1467.7601       174.22446        142.74117
              1        1393.705     0.022525506        69.52885        3.060957      0.98120174       8.1950026      0.72062844      0.11484141     0.073411463       1.0047176       1.0033319       1.0083901      0.99868243       1.0085613     0.013383225   2.1347977e-09      0.95340445      0.85267551      0.27645899      0.81853739       14.634093       1035.1089       1467.6682      -23.056376       -23.686208          0.6298321       2833.5228                 20.754136                 396.84878                                607.74222                      9.7637589                   14.634093                  1467.6682       174.01804        142.09361
              1       1395.7586     0.022525506        69.52885        3.060957      0.98120174       8.1950026      0.72062844      0.11484141     0.073411463       1.0059711       1.0047346       1.0093048      0.99756906       1.0141712     0.013383225   2.1347977e-09      0.95340445      0.85267551      0.27645899      0.81853739       14.634093       1029.8693       1467.6682      -20.045959       -20.675791          0.6298321       2831.6092                 20.658642                 396.83885                                602.44964                      9.9221866                   14.634093                  1467.6682       173.38292         146.0547
              1       1392.0724     0.022525506        69.52885        3.060957      0.98120174       8.1950026      0.72062844      0.11484141     0.073411463       1.0059711       1.0047346       1.0093048       1.0050616       1.0104443     0.013383225   2.1347977e-09      0.95340445      0.85267551      0.27645899      0.81853739       14.634093       1029.8693       1467.6682      -20.425008        -21.05484          0.6298321       2824.9948                 20.658642                 396.83885                                602.44964                      9.9221866                   14.634093                  1467.6682       173.38292        139.44029
              1       1390.3446     0.022525506        69.52885        3.060957      0.98120174       8.1950026      0.72062844      0.11484141     0.073411463       1.0059711       1.0047258       1.0044267       1.0009329       1.0056128     0.013383225   2.1347977e-09      0.95340445      0.85267551      0.27645899      0.81853739       14.634093       1029.8693       1467.6682       -21.77734       -22.407172          0.6298321       2824.2439                 20.658642                 396.83885                                602.44964                      9.9221866                   14.634093                  1467.6682       170.93062        141.14172
              1       1389.8932     0.022525506        69.52885        3.060957      0.98120174       8.1950026      0.72062844      0.11484141     0.073411463       1.0059711       1.0044453       1.0056142       1.0021617       1.0086752     0.013383225   2.1347977e-09      0.95340445      0.85267551      0.27645899      0.81853739       14.634093       1029.8693       1467.6682      -21.411986       -22.041818          0.6298321       2822.6103                 20.658642                 396.83885                                602.44964                      9.9221866                   14.634093                  1467.6682       171.11424        139.32446
              1       1390.1435     0.022525506        69.52885        3.060957      0.98120174       8.1950026      0.72062844      0.11484141     0.073411463       1.0059711       1.0045952       1.0067807        1.001528       1.0064714     0.013383225   2.1347977e-09      0.95340445      0.85267551      0.27645899      0.81853739       14.634093       1029.8693       1467.6682      -21.710481       -22.340313          0.6298321       2823.7079                 20.658642                 396.83885                                602.44964                      9.9221866                   14.634093                  1467.6682       171.23282        140.30348
              1        1391.475     0.022525506        69.52885        3.060957      0.98120174       8.1950026      0.72062844      0.11484141     0.073411463       1.0059711       1.0045952       1.0067807       1.0026699       1.0130385     0.013383225   2.1347977e-09      0.95340445      0.85267551      0.27645899      0.81853739       14.634093       1029.8693       1467.6682       -20.37951       -21.009342          0.6298321        2823.709                 20.658642                 396.83885                                602.44964                      9.9221866                   14.634093                  1467.6682       171.23282        140.30466
              1       1393.8055     0.022525506        69.52885        3.060957      0.98120174       8.1950026      0.72062844      0.11484141     0.073411463       1.0059711       1.0045952       1.0067807       1.0041709       1.0000154     0.013383225   2.1347977e-09      0.95340445      0.85267551      0.27645899      0.81853739       14.634093       1029.8693       1467.6682      -21.733111       -22.362943          0.6298321       2831.0771                 20.658642                 396.83885                                602.44964                      9.9221866                   14.634093                  1467.6682       171.23282        147.67274
              1       1392.8624     0.022525506        69.52885        3.060957      0.98120174       8.1950026      0.72062844      0.11484141     0.073411463       1.0066276       1.0068538       1.0071937       1.0019005       1.0113669     0.013383225   2.1347977e-09      0.95340445      0.85267551      0.27645899      0.81853739       14.634093       1029.2362       1467.6682      -18.754433       -19.384265          0.6298321       2823.2337                 20.610652                 396.83063                                601.75449                      10.040448                   14.634093                  1467.6682       171.96042        139.73477
              1       1392.5266     0.022525506        69.52885        3.060957      0.98120174       8.1950026      0.72062844      0.11484141     0.073411463       1.0066276       1.0060688       1.0021852       0.9996968       1.0110733     0.013383225   2.1347977e-09      0.95340445      0.85267551      0.27645899      0.81853739       14.634093       1029.2362       1467.6682      -19.467619       -20.097452          0.6298321       2823.9885                 20.610652                 396.83063                                601.75449                      10.040448                   14.634093                  1467.6682       171.20593        141.24411
              1       1391.5882     0.022525506        69.52885        3.060957      0.98120174       8.1950026      0.72062844      0.11484141     0.073411463       1.0066276       1.0060688       1.0021852       1.0006264       1.0090751     0.013383225   2.1347977e-09      0.95340445      0.85267551      0.27645899      0.81853739       14.634093       1029.2362       1467.6682      -19.841051       -20.470883          0.6298321       2822.8585                 20.610652                 396.83063                                601.75449                      10.040448                   14.634093                  1467.6682       171.20593        140.11409
              1       1392.9363     0.022525506        69.52885        3.060957      0.98120174       8.1950026      0.72062844      0.11484141     0.073411463       1.0049125       1.0073494       1.0030026       1.0031335       1.0081347     0.013383225   2.1347977e-09      0.95340445      0.85267551      0.27645899      0.81853739       14.634093       1033.9228       1467.6682      -20.389141       -21.018973          0.6298321       2826.6508                  20.73899                 396.82549                                606.57571                      9.7825556                   14.634093                  1467.6682        171.1909        139.23489
              1       1392.5172     0.022525506        69.52885        3.060957      0.98120174       8.1950026      0.72062844      0.11484141     0.073411463       1.0049125       1.0067979       1.0052409       1.0018403       1.0101463     0.013383225   2.1347977e-09      0.95340445      0.85267551      0.27645899      0.81853739       14.634093       1033.9228       1467.6682      -20.634213       -21.264045          0.6298321       2826.3029                  20.73899                 396.82549                                606.57571                      9.7825556                   14.634093                  1467.6682       170.62288        139.45497
              1       1392.1883     0.022525506        69.52885        3.060957      0.98120174       8.1950026      0.72062844      0.11484141     0.073411463       1.0049125       1.0044514       1.0019918       1.0018431       1.0093917     0.013383225   2.1347977e-09      0.95340445      0.85267551      0.27645899      0.81853739       14.634093       1033.9228       1467.6682      -22.239909       -22.869741          0.6298321       2828.8565                  20.73899                 396.82549                                606.57571                      9.7825556                   14.634093                  1467.6682       173.23259        139.39891
              1       1392.2115     0.022525506        69.52885        3.060957      0.98120174       8.1950026      0.72062844      0.11484141     0.073411463       1.0048443       1.0044513       1.0020175       1.0027651       1.0067558     0.013383225   2.1347977e-09      0.95340445      0.85267551      0.27645899      0.81853739       14.634093       1034.3153       1467.6682      -22.590499       -23.220331          0.6298321        2829.604                 20.744282                 396.82549                                606.96978                      9.7757276                   14.634093                  1467.6682       173.20146        139.78503
              1       1394.6069     0.022525506        69.52885        3.060957      0.98120174       8.1950026      0.72062844      0.11484141     0.073411463       1.0048443       1.0044287       1.0107623      0.99890576       1.0087362     0.013383225   2.1347977e-09      0.95340445      0.85267551      0.27645899      0.81853739       14.634093       1034.3153       1467.6682      -22.471369       -23.101201          0.6298321       2834.1565                 20.744282                 396.82549                                606.96978                      9.7757276                   14.634093                  1467.6682       175.73485        141.80415
              1       1392.9379     0.022525506        69.52885        3.060957      0.98120174       8.1950026      0.72062844      0.11484141     0.073411463       1.0048443        1.003995        1.003377      0.99879353       1.0082445     0.013383225   2.1347977e-09      0.95340445      0.85267551      0.27645899      0.81853739       14.634093       1034.3153       1467.6682      -22.746883       -23.376715          0.6298321       2831.3695                 20.744282                 396.82549                                606.96978                      9.7757276                   14.634093                  1467.6682       172.75586        141.99608
              1       1391.8401     0.022525506        69.52885        3.060957      0.98120174       8.1950026      0.72062844      0.11484141     0.073411463       1.0048443        1.003995        1.003377       1.0015864       1.0066011     0.013383225   2.1347977e-09      0.95340445      0.85267551      0.27645899      0.81853739       14.634093       1034.3153       1467.6682      -22.951369       -23.581201          0.6298321        2829.583                 20.744282                 396.82549                                606.96978                      9.7757276                   14.634093                  1467.6682       172.75586        140.20959
              2       1391.8201     0.022525506        69.52885        3.060957      0.98120174       8.1950026      0.72062844      0.11484141     0.073411463       1.0048443       1.0056637       1.0024349       1.0026359       1.0076936     0.013383225   2.1347977e-09      0.95340445      0.85267551      0.27645899      0.81853739       14.634093       1034.3153       1467.6682      -21.798331       -22.428163          0.6298321       2827.2368                 20.744282                 396.82549                                606.96978                      9.7757276                   14.634093                  1467.6682       171.19589        139.42336
              1       1391.7155     0.022525506        69.52885        3.060957      0.98120174       8.1950026      0.72062844      0.11484141     0.073411463       1.0048443       1.0056613        1.002763       1.0018743       1.0077341     0.013383225   2.1347977e-09      0.95340445      0.85267551      0.27645899      0.81853739       14.634093       1034.3153       1467.6682      -21.879111       -22.508943          0.6298321       2827.1893                 20.744282                 396.82549                                606.96978                      9.7757276                   14.634093                  1467.6682       170.94032        139.63144
              1       1391.5576     0.022525506        69.52885        3.060957      0.98120174       8.1950026      0.72062844      0.11484141     0.073411463        1.004926       1.0056614       1.0027321       1.0018665       1.0077222     0.013383225   2.1347977e-09      0.95340445      0.85267551      0.27645899      0.81853739       14.634093       1033.8474       1467.6682      -21.817687       -22.447519          0.6298321       2826.7506                 20.737951                 396.82549                                606.50006                      9.7839292                   14.634093                  1467.6682       170.96288        139.63808
              1       1391.7422     0.022525506        69.52885        3.060957      0.98120174       8.1950026      0.72062844      0.11484141     0.073411463       1.0048311       1.0056613        1.002768       1.0018756        1.007736     0.013383225   2.1347977e-09      0.95340445      0.85267551      0.27645899      0.81853739       14.634093       1034.3928       1467.6682      -21.888906       -22.518738          0.6298321       2827.2621                 20.745304                 396.82549                                607.04753                      9.7744418                   14.634093                  1467.6682       170.93672        139.63037
              1       1391.1493     0.022525506        69.52885        3.060957      0.98120174       8.1950026      0.72062844      0.11484141     0.073411463       1.0056567       1.0056619       1.0024563       1.0043473       1.0095941     0.013383225   2.1347977e-09      0.95340445      0.85267551      0.27645899      0.81853739       14.634093        1030.682       1467.6682      -20.509772       -21.139604          0.6298321       2823.3181                 20.682147                 396.83885                                603.28692                       9.874103                   14.634093                  1467.6682       171.17918        139.15469
              1       1391.2846     0.022525506        69.52885        3.060957      0.98120174       8.1950026      0.72062844      0.11484141     0.073411463       1.0056567       1.0056619       1.0024563       1.0050436        1.008283     0.013383225   2.1347977e-09      0.95340445      0.85267551      0.27645899      0.81853739       14.634093        1030.682       1467.6682      -20.569335       -21.199167          0.6298321       2823.7078                 20.682147                 396.83885                                603.28692                       9.874103                   14.634093                  1467.6682       171.17918        139.54436
              1       1390.7347     0.022525506        69.52885        3.060957      0.98120174       8.1950026      0.72062844      0.11484141     0.073411463       1.0056567       1.0040575        1.005149       1.0051271       1.0080222     0.013383225   2.1347977e-09      0.95340445      0.85267551      0.27645899      0.81853739       14.634093        1030.682       1467.6682      -21.454796       -22.084628          0.6298321       2824.3791                 20.682147                 396.83885                                603.28692                       9.874103                   14.634093                  1467.6682       171.74228        139.65253
              1       1390.5882     0.022525506        69.52885        3.060957      0.98120174       8.1950026      0.72062844      0.11484141     0.073411463       1.0056567        1.004785       1.0048967       1.0051053       1.0081907     0.013383225   2.1347977e-09      0.95340445      0.85267551      0.27645899      0.81853739       14.634093        1030.682       1467.6682      -21.077128        -21.70696          0.6298321       2823.3307                 20.682147                 396.83885                                603.28692                       9.874103                   14.634093                  1467.6682       170.75139        139.59508
              1       1390.9656     0.022525506        69.52885        3.060957      0.98120174       8.1950026      0.72062844      0.11484141     0.073411463       1.0061201       1.0042132       1.0078386       1.0051266       1.0081424     0.013383225   2.1347977e-09      0.95340445      0.85267551      0.27645899      0.81853739       14.634093       1029.6053       1467.6682      -20.928334       -21.558166          0.6298321       2823.7879                 20.647623                 396.84359                                602.16716                      9.9469101                   14.634093                  1467.6682       172.26266        139.61774
              1       1392.1668     0.022525506        69.52885        3.060957      0.98120174       8.1950026      0.72062844      0.11484141     0.073411463       1.0049786       1.0042124       1.0082696       1.0052358       1.0083082     0.013383225   2.1347977e-09      0.95340445      0.85267551      0.27645899      0.81853739       14.634093       1033.5687       1467.6682      -21.888489       -22.518321          0.6298321       2828.1106                 20.733884                 396.83604                                606.20939                      9.7894108                   14.634093                  1467.6682       172.61476        139.62483
              1        1392.724     0.022525506        69.52885        3.060957      0.98120174       8.1950026      0.72062844      0.11484141     0.073411463       1.0049786       1.0033148       1.0032632       1.0051743       1.0078242     0.013383225   2.1347977e-09      0.95340445      0.85267551      0.27645899      0.81853739       14.634093       1033.5687       1467.6682      -22.353568         -22.9834          0.6298321       2830.1552                 20.733884                 396.83604                                606.20939                      9.7894108                   14.634093                  1467.6682        174.5471        139.73708
              2       1393.0076     0.022525506        69.52885        3.060957      0.98120174       8.1950026      0.72062844      0.11484141     0.073411463       1.0049786       1.0033148       1.0032632       1.0015514       1.0037835     0.013383225   2.1347977e-09      0.95340445      0.85267551      0.27645899      0.81853739       14.634093       1033.5687       1467.6682      -23.401594       -24.031426          0.6298321       2832.8184                 20.733884                 396.83604                                606.20939                      9.7894108                   14.634093                  1467.6682        174.5471        142.40027
              1       1392.5571     0.022525506        69.52885        3.060957      0.98120174       8.1950026      0.72062844      0.11484141     0.073411463       1.0049786       1.0044668       1.0024181       1.0050307       1.0056025     0.013383225   2.1347977e-09      0.95340445      0.85267551      0.27645899      0.81853739       14.634093       1033.5687       1467.6682      -22.174092       -22.803924          0.6298321       2829.4624                 20.733884                 396.83604                                606.20939                      9.7894108                   14.634093                  1467.6682       172.71742        140.87395
              1       1391.3752     0.022525506        69.52885        3.060957      0.98120174       8.1950026      0.72062844      0.11484141     0.073411463       1.0052379        1.004467       1.0023202       1.0018164       1.0065461     0.013383225   2.1347977e-09      0.95340445      0.85267551      0.27645899      0.81853739       14.634093       1032.2823       1467.6682      -22.399433       -23.029265          0.6298321       2827.5492                 20.713937                 396.83862                                604.91102                      9.8187316                   14.634093                  1467.6682       172.82292        140.14175
              1        1392.143     0.022525506        69.52885        3.060957      0.98120174       8.1950026      0.72062844      0.11484141     0.073411463       1.0048451       1.0044667       1.0024684       1.0008708       1.0067995     0.013383225   2.1347977e-09      0.95340445      0.85267551      0.27645899      0.81853739       14.634093       1034.3101       1467.6682      -22.747417       -23.377249          0.6298321       2829.7809                 20.744214                 396.82549                                 606.9646                      9.7758139                   14.634093                  1467.6682       172.66444        140.50406
              1       1391.3424     0.022525506        69.52885        3.060957      0.98120174       8.1950026      0.72062844      0.11484141     0.073411463       1.0056708       1.0044673       1.0021567       1.0004998       1.0063604     0.013383225   2.1347977e-09      0.95340445      0.85267551      0.27645899      0.81853739       14.634093       1030.6382       1467.6682      -22.119767       -22.749599          0.6298321       2826.9244                 20.681081                 396.83885                                603.24214                      9.8761499                   14.634093                  1467.6682        173.0065         140.9774
              1       1391.0883     0.022525506        69.52885        3.060957      0.98120174       8.1950026      0.72062844      0.11484141     0.073411463       1.0056708       1.0044673       1.0021567       1.0010821       1.0071691     0.013383225   2.1347977e-09      0.95340445      0.85267551      0.27645899      0.81853739       14.634093       1030.6382       1467.6682      -21.993419       -22.623252          0.6298321       2826.1633                 20.681081                 396.83885                                603.24214                      9.8761499                   14.634093                  1467.6682        173.0065        140.21637
              1       1392.1439     0.022525506        69.52885        3.060957      0.98120174       8.1950026      0.72062844      0.11484141     0.073411463       1.0069526       1.0044682       1.0016728       1.0009596       1.0069829     0.013383225   2.1347977e-09      0.95340445      0.85267551      0.27645899      0.81853739       14.634093       1029.4731       1467.6682      -20.729691       -21.359523          0.6298321       2825.7471                 20.587394                 396.84273                                601.93506                      10.107915                   14.634093                  1467.6682       173.60489        140.36688
              1       1392.8979     0.022525506        69.52885        3.060957      0.98120174       8.1950026      0.72062844      0.11484141     0.073411463       1.0069526       1.0047739       1.0017822       1.0018832       1.0123311     0.013383225   2.1347977e-09      0.95340445      0.85267551      0.27645899      0.81853739       14.634093       1029.4731       1467.6682      -19.530425       -20.160257          0.6298321       2824.8567                 20.587394                 396.84273                                601.93506                      10.107915                   14.634093                  1467.6682        172.9084         140.1729
              1       1392.5651     0.022525506        69.52885        3.060957      0.98120174       8.1950026      0.72062844      0.11484141     0.073411463       1.0069526       1.0047739       1.0017822       1.0003334       1.0048686     0.013383225   2.1347977e-09      0.95340445      0.85267551      0.27645899      0.81853739       14.634093       1029.4731       1467.6682      -20.829883       -21.459715          0.6298321       2826.7899                 20.587394                 396.84273                                601.93506                      10.107915                   14.634093                  1467.6682        172.9084        142.10614
              1       1391.8992     0.022525506        69.52885        3.060957      0.98120174       8.1950026      0.72062844      0.11484141     0.073411463       1.0065555       1.0047736       1.0019321       1.0003714       1.0049263     0.013383225   2.1347977e-09      0.95340445      0.85267551      0.27645899      0.81853739       14.634093       1029.2431       1467.6682      -21.253144       -21.882976          0.6298321       2826.3048                 20.615855                 396.83954                                601.76145                      10.026278                   14.634093                  1467.6682       172.72833        142.03107
              1       1391.4316     0.022525506        69.52885        3.060957      0.98120174       8.1950026      0.72062844      0.11484141     0.073411463       1.0055953       1.0047729       1.0022946       1.0008734       1.0049128     0.013383225   2.1347977e-09      0.95340445      0.85267551      0.27645899      0.81853739       14.634093       1030.8793       1467.6682      -22.172584       -22.802416          0.6298321       2827.2084                 20.686767                 396.83885                                603.48834                      9.8653768                   14.634093                  1467.6682       172.32542        141.70142
              1       1391.2828     0.022525506        69.52885        3.060957      0.98120174       8.1950026      0.72062844      0.11484141     0.073411463       1.0063494       1.0053881       1.0013104       1.0017246       1.0073872     0.013383225   2.1347977e-09      0.95340445      0.85267551      0.27645899      0.81853739       14.634093       1029.3398       1467.6682      -20.761947       -21.391779          0.6298321       2824.0894                 20.630813                 396.84601                                601.87563                      9.9873896                   14.634093                  1467.6682       172.63979        139.80756
              1       1391.8717     0.022525506        69.52885        3.060957      0.98120174       8.1950026      0.72062844      0.11484141     0.073411463       1.0063494       1.0067732       1.0021122       1.0006792       1.0062865     0.013383225   2.1347977e-09      0.95340445      0.85267551      0.27645899      0.81853739       14.634093       1029.3398       1467.6682      -20.030809       -20.660641          0.6298321        2823.805                 20.630813                 396.84601                                601.87563                      9.9873896                   14.634093                  1467.6682       171.27264        140.89024
              1       1391.9186     0.022525506        69.52885        3.060957      0.98120174       8.1950026      0.72062844      0.11484141     0.073411463       1.0063494       1.0067732       1.0021122       1.0005561       1.0062391     0.013383225   2.1347977e-09      0.95340445      0.85267551      0.27645899      0.81853739       14.634093       1029.3398       1467.6682      -20.040189       -20.670022          0.6298321       2823.9176                 20.630813                 396.84601                                601.87563                      9.9873896                   14.634093                  1467.6682       171.27264        141.00284
              1       1391.4837     0.022525506        69.52885        3.060957      0.98120174       8.1950026      0.72062844      0.11484141     0.073411463       1.0055155       1.0054893       1.0018433       1.0006571       1.0060095     0.013383225   2.1347977e-09      0.95340445      0.85267551      0.27645899      0.81853739       14.634093       1031.1554       1467.6682      -21.730035       -22.359867          0.6298321       2826.4274                 20.692802                 396.83885                                603.76939                      9.8543289                   14.634093                  1467.6682       171.90459        141.06522
              2       1391.1375     0.022525506        69.52885        3.060957      0.98120174       8.1950026      0.72062844      0.11484141     0.073411463       1.0055155       1.0054893       1.0018433       1.0034871       1.0079955     0.013383225   2.1347977e-09      0.95340445      0.85267551      0.27645899      0.81853739       14.634093       1031.1554       1467.6682      -21.176036       -21.805868          0.6298321       2824.6271                 20.692802                 396.83885                                603.76939                      9.8543289                   14.634093                  1467.6682       171.90459        139.26486
              1       1390.9311     0.022525506        69.52885        3.060957      0.98120174       8.1950026      0.72062844      0.11484141     0.073411463       1.0055155       1.0041248       1.0059482      0.99951434       1.0075362     0.013383225   2.1347977e-09      0.95340445      0.85267551      0.27645899      0.81853739       14.634093       1031.1554       1467.6682      -22.268046       -22.897878          0.6298321       2826.3983                 20.692802                 396.83885                                603.76939                      9.8543289                   14.634093                  1467.6682       171.59064        141.35008
              1        1391.956     0.022525506        69.52885        3.060957      0.98120174       8.1950026      0.72062844      0.11484141     0.073411463       1.0055155       1.0023153       1.0072498       1.0022764       1.0057139     0.013383225   2.1347977e-09      0.95340445      0.85267551      0.27645899      0.81853739       14.634093       1031.1554       1467.6682      -23.021216       -23.651048          0.6298321       2829.9545                 20.692802                 396.83885                                603.76939                      9.8543289                   14.634093                  1467.6682       176.00075        140.49615
              2       1391.4238     0.022525506        69.52885        3.060957      0.98120174       8.1950026      0.72062844      0.11484141     0.073411463       1.0055155       1.0026088       1.0066189       1.0033252        1.008803     0.013383225   2.1347977e-09      0.95340445      0.85267551      0.27645899      0.81853739       14.634093       1031.1554       1467.6682      -22.370977       -23.000809          0.6298321       2827.5896                 20.692802                 396.83885                                603.76939                      9.8543289                   14.634093                  1467.6682       175.03064        139.10132
              1       1391.7771     0.022525506        69.52885        3.060957      0.98120174       8.1950026      0.72062844      0.11484141     0.073411463       1.0057124       1.0027839       1.0066895        1.003197       1.0115691     0.013383225   2.1347977e-09      0.95340445      0.85267551      0.27645899      0.81853739       14.634093       1030.5137       1467.6682       -21.62928       -22.259112          0.6298321       2826.8128                 20.677958                 396.83885                                603.11463                      9.8822194                   14.634093                  1467.6682       174.53963        139.45723
              1       1390.2542     0.022525506        69.52885        3.060957      0.98120174       8.1950026      0.72062844      0.11484141     0.073411463       1.0058334       1.0046085       1.0058491       1.0011442       1.0097851     0.013383225   2.1347977e-09      0.95340445      0.85267551      0.27645899      0.81853739       14.634093       1030.1844       1467.6682      -21.349619       -21.979451          0.6298321       2823.2077                   20.6689                 396.83885                                602.77617                      9.9004346                   14.634093                  1467.6682       170.94051        139.78061
              2       1392.9308     0.022525506        69.52885        3.060957      0.98120174       8.1950026      0.72062844      0.11484141     0.073411463       1.0047713       1.0046078       1.0062501       1.0028871       1.0024924     0.013383225   2.1347977e-09      0.95340445      0.85267551      0.27645899      0.81853739       14.634093       1034.7669       1467.6682      -22.923831       -23.553663          0.6298321       2831.7094                 20.749955                 396.83985                                607.40835                      9.7687194                   14.634093                  1467.6682       171.02585        143.61438
              1       1394.7689     0.022525506        69.52885        3.060957      0.98120174       8.1950026      0.72062844      0.11484141     0.073411463       1.0054352       1.0080638       1.0063702        1.003863       1.0041576     0.013383225   2.1347977e-09      0.95340445      0.85267551      0.27645899      0.81853739       14.634093       1031.4546       1467.6682      -19.680593       -20.310425          0.6298321        2828.899                 20.698889                 396.83885                                604.07324                      9.8435864                   14.634093                  1467.6682       173.38292        141.75931
              1       1395.4978     0.022525506        69.52885        3.060957      0.98120174       8.1950026      0.72062844      0.11484141     0.073411463       1.0054172       1.0080638       1.0063769       1.0050734       1.0123811     0.013383225   2.1347977e-09      0.95340445      0.85267551      0.27645899      0.81853739       14.634093       1031.5245       1467.6682      -18.141274       -18.771106          0.6298321       2827.2781                 20.700254                 396.83885                                604.14416                      9.8412326                   14.634093                  1467.6682       173.38911        140.06229
              2       1393.2192     0.022525506        69.52885        3.060957      0.98120174       8.1950026      0.72062844      0.11484141     0.073411463       1.0056535       1.0070597       1.0020571       1.0050048       1.0118764     0.013383225   2.1347977e-09      0.95340445      0.85267551      0.27645899      0.81853739       14.634093       1030.6919       1467.6682      -18.908623       -19.538455          0.6298321       2824.2557                 20.682385                 396.83885                                603.29701                      9.8736474                   14.634093                  1467.6682       171.45013         139.8114
              1       1393.7761     0.022525506        69.52885        3.060957      0.98120174       8.1950026      0.72062844      0.11484141     0.073411463       1.0056535       1.0070597       1.0020571      0.99842775       1.0105653     0.013383225   2.1347977e-09      0.95340445      0.85267551      0.27645899      0.81853739       14.634093       1030.6919       1467.6682      -19.746909       -20.376741          0.6298321        2827.046                 20.682385                 396.83885                                603.29701                      9.8736474                   14.634093                  1467.6682       171.45013        142.60168
              1       1391.2293     0.022525506        69.52885        3.060957      0.98120174       8.1950026      0.72062844      0.11484141     0.073411463       1.0056535       1.0027813       1.0067568       1.0018957       1.0059211     0.013383225   2.1347977e-09      0.95340445      0.85267551      0.27645899      0.81853739       14.634093       1030.6919       1467.6682      -22.782535       -23.412367          0.6298321       2828.0236                 20.682385                 396.83885                                603.29701                      9.8736474                   14.634093                  1467.6682       174.55461        140.47485
              1       1392.6243     0.022525506        69.52885        3.060957      0.98120174       8.1950026      0.72062844      0.11484141     0.073411463       1.0056535       1.0027813       1.0067568        1.000521        1.002911     0.013383225   2.1347977e-09      0.95340445      0.85267551      0.27645899      0.81853739       14.634093       1030.6919       1467.6682      -23.116431       -23.746263          0.6298321       2831.4814                 20.682385                 396.83885                                603.29701                      9.8736474                   14.634093                  1467.6682       174.55461        143.93268
              1       1392.8797     0.022525506        69.52885        3.060957      0.98120174       8.1950026      0.72062844      0.11484141     0.073411463       1.0054609       1.0027812       1.0068295       1.0005191       1.0027499     0.013383225   2.1347977e-09      0.95340445      0.85267551      0.27645899      0.81853739       14.634093       1031.3563       1467.6682      -23.296374       -23.926207          0.6298321       2832.3522                 20.696936                 396.83885                                603.97353                      9.8469895                   14.634093                  1467.6682       174.56526        144.12839
              1       1392.3715     0.022525506        69.52885        3.060957      0.98120174       8.1950026      0.72062844      0.11484141     0.073411463       1.0058498       1.0061546       1.0022069        1.000326       1.0033032     0.013383225   2.1347977e-09      0.95340445      0.85267551      0.27645899      0.81853739       14.634093       1030.1433       1467.6682      -21.242149       -21.871981          0.6298321       2827.2273                 20.667669                 396.83885                                602.73381                      9.9029799                   14.634093                  1467.6682        171.1637        143.61807
              1       1391.7309     0.022525506        69.52885        3.060957      0.98120174       8.1950026      0.72062844      0.11484141     0.073411463       1.0058498       1.0061546       1.0022069       1.0046739       1.0106138     0.013383225   2.1347977e-09      0.95340445      0.85267551      0.27645899      0.81853739       14.634093       1030.1433       1467.6682      -19.740485       -20.370317          0.6298321       2822.9428                 20.667669                 396.83885                                602.73381                      9.9029799                   14.634093                  1467.6682        171.1637        139.33357
              1        1391.507     0.022525506        69.52885        3.060957      0.98120174       8.1950026      0.72062844      0.11484141     0.073411463       1.0058498       1.0059418        1.002299       1.0053343       1.0083474     0.013383225   2.1347977e-09      0.95340445      0.85267551      0.27645899      0.81853739       14.634093       1030.1433       1467.6682      -20.126111       -20.755943          0.6298321       2823.2662                 20.667669                 396.83885                                602.73381                      9.9029799                   14.634093                  1467.6682       171.15726        139.66338
              1       1391.5883     0.022525506        69.52885        3.060957      0.98120174       8.1950026      0.72062844      0.11484141     0.073411463       1.0058498       1.0059327       1.0022707       1.0050354       1.0059823     0.013383225   2.1347977e-09      0.95340445      0.85267551      0.27645899      0.81853739       14.634093       1030.1433       1467.6682      -20.529612       -21.159444          0.6298321       2824.2359                 20.667669                 396.83885                                602.73381                      9.9029799                   14.634093                  1467.6682       171.18509        140.60521
              1       1391.1268     0.022525506        69.52885        3.060957      0.98120174       8.1950026      0.72062844      0.11484141     0.073411463       1.0058498       1.0059327       1.0022707       1.0044632       1.0077941     0.013383225   2.1347977e-09      0.95340445      0.85267551      0.27645899      0.81853739       14.634093       1030.1433       1467.6682      -20.428292       -21.058124          0.6298321       2823.1101                 20.667669                 396.83885                                602.73381                      9.9029799                   14.634093                  1467.6682       171.18509        139.47945
              1       1391.1336     0.022525506        69.52885        3.060957      0.98120174       8.1950026      0.72062844      0.11484141     0.073411463       1.0060628       1.0059328       1.0021903       1.0044429       1.0077631     0.013383225   2.1347977e-09      0.95340445      0.85267551      0.27645899      0.81853739       14.634093       1029.6952       1467.6682      -20.234316       -20.864148          0.6298321       2822.7358                 20.651858                 396.83885                                602.26725                      9.9372417                   14.634093                  1467.6682       171.25436        139.48399
              1       1392.3731     0.022525506        69.52885        3.060957      0.98120174       8.1950026      0.72062844      0.11484141     0.073411463       1.0060628       1.0062896       1.0054916       1.0069407       1.0078768     0.013383225   2.1347977e-09      0.95340445      0.85267551      0.27645899      0.81853739       14.634093       1029.6952       1467.6682      -19.270063       -19.899895          0.6298321       2823.2862                 20.651858                 396.83885                                602.26725                      9.9372417                   14.634093                  1467.6682       170.34624        140.94255
              1       1391.1597     0.022525506        69.52885        3.060957      0.98120174       8.1950026      0.72062844      0.11484141     0.073411463       1.0060628       1.0062896       1.0054916       1.0050174       1.0082718     0.013383225   2.1347977e-09      0.95340445      0.85267551      0.27645899      0.81853739       14.634093       1029.6952       1467.6682      -19.780139       -20.409971          0.6298321       2821.8797                 20.651858                 396.83885                                602.26725                      9.9372417                   14.634093                  1467.6682       170.34624        139.53604
              1       1391.8874     0.022525506        69.52885        3.060957      0.98120174       8.1950026      0.72062844      0.11484141     0.073411463       1.0060628       1.0059026       1.0083141       1.0050736       1.0083217     0.013383225   2.1347977e-09      0.95340445      0.85267551      0.27645899      0.81853739       14.634093       1029.6952       1467.6682       -20.02031       -20.650142          0.6298321       2823.8155                 20.651858                 396.83885                                602.26725                      9.9372417                   14.634093                  1467.6682       172.27028        139.54776
              1       1392.0503     0.022525506        69.52885        3.060957      0.98120174       8.1950026      0.72062844      0.11484141     0.073411463       1.0060628       1.0059026       1.0083141       1.0047937       1.0102808     0.013383225   2.1347977e-09      0.95340445      0.85267551      0.27645899      0.81853739       14.634093       1029.6952       1467.6682      -19.744042       -20.373874          0.6298321       2823.5887                 20.651858                 396.83885                                602.26725                      9.9372417                   14.634093                  1467.6682       172.27028          139.321
              1       1394.7565     0.022525506        69.52885        3.060957      0.98120174       8.1950026      0.72062844      0.11484141     0.073411463       1.0047136       1.0059016       1.0088235       1.0060243       1.0051762     0.013383225   2.1347977e-09      0.95340445      0.85267551      0.27645899      0.81853739       14.634093       1035.1341       1467.6682      -21.324066       -21.953898          0.6298321       2832.1612                 20.754448                 396.84878                                607.76747                      9.7633961                   14.634093                  1467.6682       172.91849        141.80635
              1       1394.9547     0.022525506        69.52885        3.060957      0.98120174       8.1950026      0.72062844      0.11484141     0.073411463       1.0047136       1.0049653       1.0006936       1.0059119       1.0045203     0.013383225   2.1347977e-09      0.95340445      0.85267551      0.27645899      0.81853739       14.634093       1035.1341       1467.6682      -21.982796       -22.612628          0.6298321       2833.8751                 20.754448                 396.84878                                607.76747                      9.7633961                   14.634093                  1467.6682       174.11838        142.32036
              1       1393.8043     0.022525506        69.52885        3.060957      0.98120174       8.1950026      0.72062844      0.11484141     0.073411463       1.0052259       1.0049657       1.0005002       1.0053676       1.0044926     0.013383225   2.1347977e-09      0.95340445      0.85267551      0.27645899      0.81853739       14.634093       1032.3369       1467.6682      -21.729847       -22.359679          0.6298321       2831.0683                 20.714855                 396.83862                                604.96611                       9.817292                   14.634093                  1467.6682       174.42984        141.99934
              1       1393.6603     0.022525506        69.52885        3.060957      0.98120174       8.1950026      0.72062844      0.11484141     0.073411463       1.0052259       1.0049657       1.0005002       1.0056733       1.0054165     0.013383225   2.1347977e-09      0.95340445      0.85267551      0.27645899      0.81853739       14.634093       1032.3369       1467.6682      -21.559526       -22.189358          0.6298321       2830.4396                 20.714855                 396.83862                                604.96611                       9.817292                   14.634093                  1467.6682       174.42984        141.37064
              1       1395.9105     0.022525506        69.52885        3.060957      0.98120174       8.1950026      0.72062844      0.11484141     0.073411463       1.0052259       1.0043018       1.0135674       1.0026572       1.0060371     0.013383225   2.1347977e-09      0.95340445      0.85267551      0.27645899      0.81853739       14.634093       1032.3369       1467.6682      -22.457244       -23.087076          0.6298321       2836.7356                 20.714855                 396.83862                                604.96611                       9.817292                   14.634093                  1467.6682       181.89064        140.20578
              1       1392.7793     0.022525506        69.52885        3.060957      0.98120174       8.1950026      0.72062844      0.11484141     0.073411463       1.0049363       1.0071061       1.0024351       1.0018744       1.0065586     0.013383225   2.1347977e-09      0.95340445      0.85267551      0.27645899      0.81853739       14.634093       1033.7899       1467.6682      -20.941223       -21.571055          0.6298321        2827.441                 20.737152                 396.82549                                606.44228                      9.7849929                   14.634093                  1467.6682        171.2356        140.11325
              1       1392.4959     0.022525506        69.52885        3.060957      0.98120174       8.1950026      0.72062844      0.11484141     0.073411463        1.007447       1.0055068       1.0023704       1.0018488       1.0073199     0.013383225   2.1347977e-09      0.95340445      0.85267551      0.27645899      0.81853739       14.634093       1030.4918       1467.6682      -19.477073       -20.106905          0.6298321       2823.9459                 20.552609                 396.84414                                602.87326                       10.22183                   14.634093                  1467.6682       171.36998        139.78183
              1       1392.5329     0.022525506        69.52885        3.060957      0.98120174       8.1950026      0.72062844      0.11484141     0.073411463        1.007447       1.0031755       1.0053164       1.0033562       1.0081193     0.013383225   2.1347977e-09      0.95340445      0.85267551      0.27645899      0.81853739       14.634093       1030.4918       1467.6682      -20.290245       -20.920077          0.6298321       2825.6463                 20.552609                 396.84414                                602.87326                       10.22183                   14.634093                  1467.6682       173.62158        139.23061
              1       1392.0657     0.022525506        69.52885        3.060957      0.98120174       8.1950026      0.72062844      0.11484141     0.073411463        1.007447       1.0041295       1.0070306       1.0033616       1.0084465     0.013383225   2.1347977e-09      0.95340445      0.85267551      0.27645899      0.81853739       14.634093       1030.4918       1467.6682      -19.850896       -20.480729          0.6298321       2823.8331                 20.552609                 396.84414                                602.87326                       10.22183                   14.634093                  1467.6682       171.88139        139.15762
              1       1390.8562     0.022525506        69.52885        3.060957      0.98120174       8.1950026      0.72062844      0.11484141     0.073411463        1.005635       1.0050281       1.0049759       1.0054189       1.0092672     0.013383225   2.1347977e-09      0.95340445      0.85267551      0.27645899      0.81853739       14.634093       1030.7502       1467.6682      -20.704496       -21.334329          0.6298321       2823.1214                 20.683776                 396.83885                                603.35656                      9.8710002                   14.634093                  1467.6682       170.50848         139.5605
              1        1390.336     0.022525506        69.52885        3.060957      0.98120174       8.1950026      0.72062844      0.11484141     0.073411463        1.005635       1.0050281       1.0049759        1.001121       1.0058109     0.013383225   2.1347977e-09      0.95340445      0.85267551      0.27645899      0.81853739       14.634093       1030.7502       1467.6682      -21.894619       -22.524451          0.6298321       2824.4613                 20.683776                 396.83885                                603.35656                      9.8710002                   14.634093                  1467.6682       170.50848        140.90039
              1       1394.0067     0.022525506        69.52885        3.060957      0.98120174       8.1950026      0.72062844      0.11484141     0.073411463       1.0059473       1.0074851       1.0034833      0.99961598       1.0125874     0.013383225   2.1347977e-09      0.95340445      0.85267551      0.27645899      0.81853739       14.634093       1029.9193       1467.6682      -18.745326       -19.375158          0.6298321       2825.5041                 20.660414                 396.83885                                602.50169                      9.9183429                   14.634093                  1467.6682       171.23022        142.05228
              1       1392.0784     0.022525506        69.52885        3.060957      0.98120174       8.1950026      0.72062844      0.11484141     0.073411463       1.0059473       1.0057875       1.0037152      0.99966087       1.0121756     0.013383225   2.1347977e-09      0.95340445      0.85267551      0.27645899      0.81853739       14.634093       1029.9193       1467.6682      -20.094334       -20.724166          0.6298321       2824.3455                 20.660414                 396.83885                                602.50169                      9.9183429                   14.634093                  1467.6682       170.35658        141.76735
              1       1391.6869     0.022525506        69.52885        3.060957      0.98120174       8.1950026      0.72062844      0.11484141     0.073411463       1.0059473       1.0057875       1.0037152      0.99977395       1.0114558     0.013383225   2.1347977e-09      0.95340445      0.85267551      0.27645899      0.81853739       14.634093       1029.9193       1467.6682      -20.256825       -20.886657          0.6298321       2823.8875                 20.660414                 396.83885                                602.50169                      9.9183429                   14.634093                  1467.6682       170.35658        141.30934
              1       1392.5991     0.022525506        69.52885        3.060957      0.98120174       8.1950026      0.72062844      0.11484141     0.073411463       1.0060221        1.005374       1.0073975      0.99788619       1.0098309     0.013383225   2.1347977e-09      0.95340445      0.85267551      0.27645899      0.81853739       14.634093       1029.7689       1467.6682      -20.659205       -21.289037          0.6298321       2826.5165                 20.654862                 396.83885                                 602.3447                      9.9305081                   14.634093                  1467.6682       171.22304        143.22234
              1       1393.6122     0.022524395       69.526555       3.0610333      0.98117935       8.1922609       0.7204938      0.11456411     0.073687242       1.0060369       1.0046083       1.0111239      0.99914318        1.007011     0.013424163   2.1349606e-09      0.95340367      0.85281299      0.27659762       0.8188746       14.630255       1029.6872       1467.6518      -21.613315       -22.241292         0.62797642       2830.4511                  20.65866                 396.83954                                602.25285                      9.9361242                   14.630255                  1467.6518       176.35129        142.13055
              1       1393.6025     0.022524395       69.526555       3.0610333      0.98117935       8.1922609       0.7204938      0.11456411     0.073687242       1.0062626       1.0046084       1.0110387      0.99912161       1.0069783     0.013424163   2.1349606e-09      0.95340367      0.85281299      0.27659762       0.8188746       14.630255       1029.3522       1467.6518      -21.394608       -22.022585         0.62797642       2829.9942                 20.641961                 396.83954                                601.89682                      9.9739001                   14.630255                  1467.6518       176.19215        142.16771
              1        1393.447     0.022524395       69.526555       3.0610333      0.98117935       8.1922609       0.7204938      0.11456411     0.073687242       1.0062626       1.0047464       1.0106342      0.99886132       1.0078843     0.013424163   2.1349606e-09      0.95340367      0.85281299      0.27659762       0.8188746       14.630255       1029.3522       1467.6518      -21.182505       -21.810481         0.62797642        2829.259                 20.641961                 396.83954                                601.89682                      9.9739001                   14.630255                  1467.6518       175.43883        142.18588
              1       1392.6554     0.022524395       69.526555       3.0610333      0.98117935       8.1922609       0.7204938      0.11456411     0.073687242       1.0062626       1.0047464       1.0106342       1.0017911       1.0052768     0.013424163   2.1349606e-09      0.95340367      0.85281299      0.27659762       0.8188746       14.630255       1029.3522       1467.6518      -21.459755       -22.087731         0.62797642       2828.2304                 20.641961                 396.83954                                601.89682                      9.9739001                   14.630255                  1467.6518       175.43883        141.15724
              1       1392.4645     0.022524146       69.530891       3.0610094      0.98113945       8.2124848      0.72059226      0.11475204      0.07270954       1.0062306       1.0047166       1.0106231       1.0017791        1.005272     0.012963994   2.1349097e-09         0.95341      0.85293668      0.27649641      0.81884351       14.592672        1029.366       1467.6927      -21.509381       -22.136948         0.62756647       2827.9477                 20.634147                 396.89417                                601.85408                      9.9835906                   14.592672                  1467.6927       175.51978        140.77661
              1       1393.5114     0.022524146       69.530891       3.0610094      0.98113945       8.2124848      0.72059226      0.11475204      0.07270954        1.006142       1.0047165       1.0106566       1.0006707       1.0029986     0.012963994   2.1349097e-09         0.95341      0.85293668      0.27649641      0.81884351       14.592672       1029.4288       1467.6927      -21.842354        -22.46992         0.62756647       2830.7074                 20.640663                 396.89176                                601.92849                      9.9678492                   14.592672                  1467.6927       175.57938        143.41391
              1       1395.4369     0.022524146       69.530891       3.0610094      0.98113945       8.2124848      0.72059226      0.11475204      0.07270954       1.0045422       1.0047153       1.0112606       1.0010775       1.0031034     0.012963994   2.1349097e-09         0.95341      0.85293668      0.27649641      0.81884351       14.592672       1035.1677       1467.6927       -23.18664       -23.814207         0.62756647        2837.247                 20.762519                 396.90075                                607.74471                      9.7597675                   14.592672                  1467.6927       176.71741        143.07649
              1       1393.7489     0.022524146       69.530891       3.0610094      0.98113945       8.2124848      0.72059226      0.11475204      0.07270954       1.0062386       1.0047166       1.0106201       1.0005796       1.0026554     0.012963994   2.1349097e-09         0.95341      0.85293668      0.27649641      0.81884351       14.592672       1029.3614       1467.6927      -21.767778       -22.395345         0.62756647       2831.0335                 20.633559                 396.89417                                601.84862                      9.9850365                   14.592672                  1467.6927        175.5144         143.8723
              1       1390.0044     0.022524146       69.530891       3.0610094      0.98113945       8.2124848      0.72059226      0.11475204      0.07270954       1.0062386       1.0041556       1.0047528       1.0011198       1.0082961     0.012963994   2.1349097e-09         0.95341      0.85293668      0.27649641      0.81884351       14.592672       1029.3614       1467.6927      -21.437093       -22.064659         0.62756647        2822.883                 20.633559                 396.89417                                601.84862                      9.9850365                   14.592672                  1467.6927        171.4973        139.73895
              1       1390.0295     0.022524146       69.530891       3.0610094      0.98113945       8.2124848      0.72059226      0.11475204      0.07270954       1.0062386       1.0043087       1.0045881       1.0013813       1.0090805     0.012963994   2.1349097e-09         0.95341      0.85293668      0.27649641      0.81884351       14.592672       1029.3614       1467.6927      -21.219949       -21.847516         0.62756647       2822.4989                 20.633559                 396.89417                                601.84862                      9.9850365                   14.592672                  1467.6927       171.31693        139.53526
              1       1390.6081     0.022519577       69.548598       3.0609948      0.98134537       8.2289497      0.72050694      0.11429729     0.070976321       1.0062009       1.0043113       1.0045322       1.0050515       1.0058327     0.010424979   2.1348785e-09      0.95344316      0.85416131      0.27659007      0.82015806       14.530833       1029.7592        1467.664      -21.136074       -21.756503         0.62042909       2823.4884                 20.604737                 396.90871                                602.22042                      10.025384                   14.530833                   1467.664       170.66907        140.86526
              1       1390.1618     0.022519577       69.548598       3.0609948      0.98134537       8.2289497      0.72050694      0.11429729     0.070976321       1.0062009       1.0043113       1.0045322       1.0043031       1.0088394     0.010424979   2.1348785e-09      0.95344316      0.85416131      0.27659007      0.82015806       14.530833       1029.7592        1467.664      -20.892375       -21.512804         0.62042909       2822.1084                 20.604737                 396.90871                                602.22042                      10.025384                   14.530833                   1467.664       170.66907        139.48521
              1       1390.5839     0.022519577       69.548598       3.0609948      0.98134537       8.2289497      0.72050694      0.11429729     0.070976321       1.0062009       1.0056229       1.0022948        1.001671       1.0062893     0.010424979   2.1348785e-09      0.95344316      0.85416131      0.27659007      0.82015806       14.530833       1029.7592        1467.664      -20.923424       -21.543853         0.62042909       2823.0147                 20.604737                 396.90871                                602.22042                      10.025384                   14.530833                   1467.664       170.81082        140.24979
              1       1390.4091     0.022519577       69.548598       3.0609948      0.98134537       8.2289497      0.72050694      0.11429729     0.070976321       1.0050098       1.0043135       1.0082493       1.0019079       1.0064214     0.010424979   2.1348785e-09      0.95344316      0.85416131      0.27659007      0.82015806       14.530833       1031.9008        1467.664      -22.677575       -23.298004         0.62042909       2826.1733                 20.692842                 396.92333                                604.42629                      9.8582902                   14.530833                   1467.664       171.96599        140.11168
              1       1391.3688     0.022519577       69.548598       3.0609948      0.98134537       8.2289497      0.72050694      0.11429729     0.070976321       1.0050098       1.0036859       1.0016065       1.0018127       1.0059198     0.010424979   2.1348785e-09      0.95344316      0.85416131      0.27659007      0.82015806       14.530833       1031.9008        1467.664      -23.023856       -23.644286         0.62042909       2828.7853                 20.692842                 396.92333                                604.42629                      9.8582902                   14.530833                   1467.664       174.28726        140.40239
              2       1389.7651     0.022519577       69.548598       3.0609948      0.98134537       8.2289497      0.72050694      0.11429729     0.070976321       1.0050098       1.0049316       1.0052415        1.001843       1.0064195     0.010424979   2.1348785e-09      0.95344316      0.85416131      0.27659007      0.82015806       14.530833       1031.9008        1467.664      -22.366391        -22.98682         0.62042909        2824.263                 20.692842                 396.92333                                604.42629                      9.8582902                   14.530833                   1467.664       170.03607        140.13129
              1       1390.4513     0.022519577       69.548598       3.0609948      0.98134537       8.2289497      0.72050694      0.11429729     0.070976321       1.0055738       1.0035102       1.0028281       1.0017869       1.0058684     0.010424979   2.1348785e-09      0.95344316      0.85416131      0.27659007      0.82015806       14.530833       1030.2926        1467.664      -22.624591        -23.24502         0.62042909       2826.1519                 20.650548                 396.91762                                602.79694                      9.9274586                   14.530833                   1467.664       173.22472        140.43971
              1        1391.427     0.022519577       69.548598       3.0609948      0.98134537       8.2289497      0.72050694      0.11429729     0.070976321       1.0069846       1.0037663       1.0066717       1.0017186       1.0059544     0.010424979   2.1348785e-09      0.95344316      0.85416131      0.27659007      0.82015806       14.530833       1030.9687        1467.664      -21.099977       -21.720406         0.62042909       2825.0539                 20.549198                 396.92329                                603.31747                      10.178701                   14.530833                   1467.664       171.47849        140.41193
              1       1391.4171     0.022519577       69.548598       3.0609948      0.98134537       8.2289497      0.72050694      0.11429729     0.070976321       1.0069846       1.0037663       1.0066717       1.0017258       1.0060107     0.010424979   2.1348785e-09      0.95344316      0.85416131      0.27659007      0.82015806       14.530833       1030.9687        1467.664      -21.092982       -21.713412         0.62042909       2825.0202                 20.549198                 396.92329                                603.31747                      10.178701                   14.530833                   1467.664       171.47849        140.37817
              4       1391.5581     0.022519577       69.548598       3.0609948      0.98134537       8.2289497      0.72050694      0.11429729     0.070976321       1.0069846       1.0037663       1.0066717       1.0028058         1.00965     0.010424979   2.1348785e-09      0.95344316      0.85416131      0.27659007      0.82015806       14.530833       1030.9687        1467.664      -20.432426       -21.052855         0.62042909        2823.981                 20.549198                 396.92329                                603.31747                      10.178701                   14.530833                   1467.664       171.47849        139.33904
              1       1392.2069     0.022519577       69.548598       3.0609948      0.98134537       8.2289497      0.72050694      0.11429729     0.070976321       1.0069846       1.0037663       1.0066717       1.0030485       1.0115147     0.010424979   2.1348785e-09      0.95344316      0.85416131      0.27659007      0.82015806       14.530833       1030.9687        1467.664      -20.023826       -20.644255         0.62042909       2824.4615                 20.549198                 396.92329                                603.31747                      10.178701                   14.530833                   1467.664       171.47849         139.8195
              1       1392.0627     0.022519577       69.548598       3.0609948      0.98134537       8.2289497      0.72050694      0.11429729     0.070976321       1.0069846        1.003528       1.0055656      0.99957143       1.0057586     0.010424979   2.1348785e-09      0.95344316      0.85416131      0.27659007      0.82015806       14.530833       1030.9687        1467.664      -21.286919       -21.907348         0.62042909       2826.6992                 20.549198                 396.92329                                603.31747                      10.178701                   14.530833                   1467.664       171.71161        141.82411
              1       1392.0784     0.022519577       69.548598       3.0609948      0.98134537       8.2289497      0.72050694      0.11429729     0.070976321       1.0069846       1.0035019       1.0055526      0.99957184       1.0057514     0.010424979   2.1348785e-09      0.95344316      0.85416131      0.27659007      0.82015806       14.530833       1030.9687        1467.664      -21.297892       -21.918321         0.62042909       2826.7525                 20.549198                 396.92329                                603.31747                      10.178701                   14.530833                   1467.664       171.76122         141.8278
              1       1391.8195     0.022519577       69.548598       3.0609948      0.98134537       8.2289497      0.72050694      0.11429729     0.070976321       1.0069846       1.0039466       1.0030451       1.0034768       1.0071384     0.010424979   2.1348785e-09      0.95344316      0.85416131      0.27659007      0.82015806       14.530833       1030.9687        1467.664      -20.649503       -21.269932         0.62042909        2824.938                 20.549198                 396.92329                                603.31747                      10.178701                   14.530833                   1467.664       172.09229        139.68224
              1       1392.1023     0.022519577       69.548598       3.0609948      0.98134537       8.2289497      0.72050694      0.11429729     0.070976321       1.0040191       1.0035563       1.0052298       1.0037874       1.0075274     0.010424979   2.1348785e-09      0.95344316      0.85416131      0.27659007      0.82015806       14.530833       1037.3357        1467.664      -23.312772       -23.933201         0.62042909       2830.8302                 20.769446                 396.93448                                609.85136                      9.7804249                   14.530833                   1467.664       171.69954        139.60005
              1       1390.6784     0.022519577       69.548598       3.0609948      0.98134537       8.2289497      0.72050694      0.11429729     0.070976321        1.004618       1.0046479        1.003403       1.0036772       1.0076298     0.010424979   2.1348785e-09      0.95344316      0.85416131      0.27659007      0.82015806       14.530833       1033.6599        1467.664      -22.407141        -23.02757         0.62042909       2826.1711                  20.72281                 396.93615                                606.18011                      9.8208326                   14.530833                   1467.664        170.7659         139.5504
              1       1393.4385     0.022519577       69.548598       3.0609948      0.98134537       8.2289497      0.72050694      0.11429729     0.070976321        1.004618       1.0029299       1.0014682       1.0013992        1.003921     0.010424979   2.1348785e-09      0.95344316      0.85416131      0.27659007      0.82015806       14.530833       1033.6599        1467.664       -23.82247       -24.442899         0.62042909       2834.5219                  20.72281                 396.93615                                606.18011                      9.8208326                   14.530833                   1467.664       176.61423        142.05289
              1       1392.9547     0.022485937       69.485298       3.0615994      0.98241752       8.3508111      0.71926731      0.11406689     0.065821642       1.0043813       1.0064763       1.0007832       1.0029139       1.0067905    0.0099167144   2.1361697e-09      0.95342797       0.8571032      0.27780791      0.82479267       13.962614       1035.1791        1468.239      -21.716796       -22.307207         0.59041158       2829.3429                 20.568465                 397.29549                                607.27228                      10.042831                   13.962614                   1468.239       171.84041        140.12189
              1       1393.0078     0.022485937       69.485298       3.0615994      0.98241752       8.3508111      0.71926731      0.11406689     0.065821642         1.00484       1.0064767       1.0006101       1.0008595       1.0076129    0.0099167144   2.1361697e-09      0.95342797       0.8571032      0.27780791      0.82479267       13.962614       1034.4513        1468.239      -21.458443       -22.048855         0.59041158       2828.9324                 20.536589                 397.27198                                606.55971                      10.082978                   13.962614                   1468.239       172.02127        140.25833
              1       1395.6873     0.022485937       69.485298       3.0615994      0.98241752       8.3508111      0.71926731      0.11406689     0.065821642        1.004404       1.0064764       1.0007747       1.0048202       1.0010957    0.0099167144   2.1361697e-09      0.95342797       0.8571032      0.27780791      0.82479267       13.962614       1035.1291        1468.239      -21.760094       -22.350506         0.59041158       2834.8948                 20.566878                  397.2969                                607.22081                      10.044532                   13.962614                   1468.239       171.84909        145.71498
              1       1393.6781     0.022485937       69.485298       3.0615994      0.98241752       8.3508111      0.71926731      0.11406689     0.065821642        1.004404       1.0061891        1.006837       1.0030837       1.0025723    0.0099167144   2.1361697e-09      0.95342797       0.8571032      0.27780791      0.82479267       13.962614       1035.1291        1468.239       -22.25136       -22.841771         0.59041158       2831.8589                 20.566878                  397.2969                                607.22081                      10.044532                   13.962614                   1468.239       171.47868        143.04948
              1        1392.198     0.022485937       69.485298       3.0615994      0.98241752       8.3508111      0.71926731      0.11406689     0.065821642       1.0053183       1.0022693       1.0048572        1.004428       1.0070411    0.0099167144   2.1361697e-09      0.95342797       0.8571032      0.27780791      0.82479267       13.962614       1034.4804        1468.239      -22.725303       -23.315714         0.59041158       2829.8465                 20.504045                 397.28192                                606.55694                      10.137491                   13.962614                   1468.239       172.62228         140.5423
              1       1391.1209     0.022485937       69.485298       3.0615994      0.98241752       8.3508111      0.71926731      0.11406689     0.065821642       1.0053183       1.0036383       1.0060778       1.0028316        1.004871    0.0099167144   2.1361697e-09      0.95342797       0.8571032      0.27780791      0.82479267       13.962614       1034.4804        1468.239      -22.807991       -23.398403         0.59041158       2827.8578                 20.504045                 397.28192                                606.55694                      10.137491                   13.962614                   1468.239       170.16689        141.00893
              1       1391.7231     0.022485937       69.485298       3.0615994      0.98241752       8.3508111      0.71926731      0.11406689     0.065821642       1.0046887       1.0036378       1.0063155        1.005571       1.0080059    0.0099167144   2.1361697e-09      0.95342797       0.8571032      0.27780791      0.82479267       13.962614       1034.6052        1468.239      -22.359474       -22.949886         0.59041158       2828.1652                 20.547031                 397.27198                                 606.7178                      10.068421                   13.962614                   1468.239       170.24736        141.11104
              1       1390.5437     0.022485937       69.485298       3.0615994      0.98241752       8.3508111      0.71926731      0.11406689     0.065821642       1.0046887       1.0036378       1.0063155       1.0004079       1.0069531    0.0099167144   2.1361697e-09      0.95342797       0.8571032      0.27780791      0.82479267       13.962614       1034.6052        1468.239      -23.274081       -23.864492         0.59041158       2827.6356                 20.547031                 397.27198                                 606.7178                      10.068421                   13.962614                   1468.239       170.24736        140.58144
              1       1390.5865     0.022485937       69.485298       3.0615994      0.98241752       8.3508111      0.71926731      0.11406689     0.065821642       1.0046887       1.0036378       1.0063155       1.0019033       1.0088002    0.0099167144   2.1361697e-09      0.95342797       0.8571032      0.27780791      0.82479267       13.962614       1034.6052        1468.239      -22.913084       -23.503496         0.59041158       2826.9992                 20.547031                 397.27198                                 606.7178                      10.068421                   13.962614                   1468.239       170.24736        139.94507
              1        1392.028     0.022485937       69.485298       3.0615994      0.98241752       8.3508111      0.71926731      0.11406689     0.065821642       1.0046887       1.0049103       1.0037621      0.99794401       1.0049824    0.0099167144   2.1361697e-09      0.95342797       0.8571032      0.27780791      0.82479267       13.962614       1034.6052        1468.239      -22.791596       -23.382008         0.59041158       2829.6392                 20.547031                 397.27198                                 606.7178                      10.068421                   13.962614                   1468.239       169.40907        143.42336
              1       1397.7188     0.022485937       69.485298       3.0615994      0.98241752       8.3508111      0.71926731      0.11406689     0.065821642       1.0025749       1.0011974       1.0055449      0.99825215       1.0044138    0.0099167144   2.1361697e-09      0.95342797       0.8571032      0.27780791      0.82479267       13.962614       1044.9033        1468.239      -25.359321       -25.949733         0.59041158       2846.1562                 20.700546                 397.30743                                 616.8943                       10.00101                   13.962614                   1468.239       175.62869        143.42267
              1       1397.8918     0.022485937       69.485298       3.0615994      0.98241752       8.3508111      0.71926731      0.11406689     0.065821642       1.0025749        1.001214       1.0050726      0.99870007       1.0032551    0.0099167144   2.1361697e-09      0.95342797       0.8571032      0.27780791      0.82479267       13.962614       1044.9033        1468.239      -25.475017       -26.065429         0.59041158       2846.7337                 20.700546                 397.30743                                 616.8943                       10.00101                   13.962614                   1468.239       175.75797        143.87091
              1       1398.4383     0.022485937       69.485298       3.0615994      0.98241752       8.3508111      0.71926731      0.11406689     0.065821642       1.0025749        1.003323       1.0030535       1.0045111      0.99974381    0.0099167144   2.1361697e-09      0.95342797       0.8571032      0.27780791      0.82479267       13.962614       1044.9033        1468.239       -24.58026       -25.170671         0.59041158        2846.037                 20.700546                 397.30743                                 616.8943                       10.00101                   13.962614                   1468.239       171.35719        147.57498
              1       1392.4507     0.022485937       69.485298       3.0615994      0.98241752       8.3508111      0.71926731      0.11406689     0.065821642       1.0043986       1.0018771       1.0071059       1.0047152       1.0057372    0.0099167144   2.1361697e-09      0.95342797       0.8571032      0.27780791      0.82479267       13.962614        1035.141        1468.239      -23.623066       -24.213477         0.59041158       2832.1476                 20.567251                  397.2969                                607.23277                      10.044129                   13.962614                   1468.239       173.59171         141.2133
              1       1392.6479     0.022485937       69.485298       3.0615994      0.98241752       8.3508111      0.71926731      0.11406689     0.065821642       1.0043986       1.0018771       1.0071059       1.0012055        1.002492    0.0099167144   2.1361697e-09      0.95342797       0.8571032      0.27780791      0.82479267       13.962614        1035.141        1468.239      -24.391078       -24.981489         0.59041158        2834.078                 20.567251                  397.2969                                607.23277                      10.044129                   13.962614                   1468.239       173.59171        143.14366
              1       1391.2232     0.022485937       69.485298       3.0615994      0.98241752       8.3508111      0.71926731      0.11406689     0.065821642       1.0043986       1.0041146       1.0044953        1.001108       1.0029151    0.0099167144   2.1361697e-09      0.95342797       0.8571032      0.27780791      0.82479267       13.962614        1035.141        1468.239       -23.63024       -24.220651         0.59041158        2829.707                 20.567251                  397.2969                                607.23277                      10.044129                   13.962614                   1468.239       169.63159        142.73276
              1       1392.5435     0.022485937       69.485298       3.0615994      0.98241752       8.3508111      0.71926731      0.11406689     0.065821642       1.0033854       1.0044371       1.0048733        1.001197       1.0031427    0.0099167144   2.1361697e-09      0.95342797       0.8571032      0.27780791      0.82479267       13.962614       1039.1654        1468.239      -24.089874       -24.680286         0.59041158       2833.2668                 20.639982                 397.30169                                611.22699                      9.9967269                   13.962614                   1468.239       169.41208        142.48775
              1       1393.1589     0.022485937       69.485298       3.0615994      0.98241752       8.3508111      0.71926731      0.11406689     0.065821642       1.0031368       1.0044369       1.0049672       1.0012208       1.0031788    0.0099167144   2.1361697e-09      0.95342797       0.8571032      0.27780791      0.82479267       13.962614       1040.6845        1468.239      -24.216066       -24.806478         0.59041158       2834.7499                 20.658327                 397.30169                                 612.7305                       9.994038                   13.962614                   1468.239       169.41638        142.44745
              1       1393.9034     0.022485937       69.485298       3.0615994      0.98241752       8.3508111      0.71926731      0.11406689     0.065821642       1.0031368       1.0044369       1.0049672      0.99767629       1.0066134    0.0099167144   2.1361697e-09      0.95342797       0.8571032      0.27780791      0.82479267       13.962614       1040.6845        1468.239      -23.800933       -24.391345         0.59041158       2835.4086                 20.658327                 397.30169                                 612.7305                       9.994038                   13.962614                   1468.239       169.41638        143.10609
              1        1392.901     0.022485937       69.485298       3.0615994      0.98241752       8.3508111      0.71926731      0.11406689     0.065821642       1.0032381        1.004437       1.0049289      0.99883014       1.0062897    0.0099167144   2.1361697e-09      0.95342797       0.8571032      0.27780791      0.82479267       13.962614         1040.04        1468.239      -23.888737       -24.479149         0.59041158       2833.5795                 20.650825                 397.30169                                612.09275                      9.9947072                   13.962614                   1468.239       169.41426        141.92375
              1       1392.7131     0.022485937       69.485298       3.0615994      0.98241752       8.3508111      0.71926731      0.11406689     0.065821642       1.0048923       1.0044382       1.0043044      0.99672399       1.0067831    0.0099167144   2.1361697e-09      0.95342797       0.8571032      0.27780791      0.82479267       13.962614       1034.4159        1468.239      -22.518956       -23.109368         0.59041158       2830.4641                 20.532993                 397.27198                                606.52262                      10.088315                   13.962614                   1468.239       169.44995         144.3967
              1       1391.1523     0.022485937       69.485298       3.0615994      0.98241752       8.3508111      0.71926731      0.11406689     0.065821642       1.0048923       1.0044382       1.0043044       1.0012999       1.0104712    0.0099167144   2.1361697e-09      0.95342797       0.8571032      0.27780791      0.82479267       13.962614       1034.4159        1468.239      -22.141209        -22.73162         0.59041158        2826.587                 20.532993                 397.27198                                606.52262                      10.088315                   13.962614                   1468.239       169.44995        140.51959
              1       1391.5755     0.022485937       69.485298       3.0615994      0.98241752       8.3508111      0.71926731      0.11406689     0.065821642       1.0048923       1.0023945       1.0065483       1.0014003       1.0099949    0.0099167144   2.1361697e-09      0.95342797       0.8571032      0.27780791      0.82479267       13.962614       1034.4159        1468.239      -23.002468       -23.592879         0.59041158        2829.156                 20.532993                 397.27198                                606.52262                      10.088315                   13.962614                   1468.239       172.22495        140.31358
              1       1392.1225     0.022485937       69.485298       3.0615994      0.98241752       8.3508111      0.71926731      0.11406689     0.065821642       1.0038886       1.0023938       1.0069272       1.0014962       1.0101406    0.0099167144   2.1361697e-09      0.95342797       0.8571032      0.27780791      0.82479267       13.962614       1036.7166        1468.239      -23.673091       -24.263503         0.59041158       2831.5913                 20.603462                 397.28446                                608.81573                      10.012969                   13.962614                   1468.239       172.34056        140.33252
              1        1391.509     0.022531232       69.583619       3.0597847      0.98047318       8.1617045      0.71977246      0.11131988     0.068088737       1.0037912       1.0042356       1.0051329       0.9977629       1.0027505     0.005405268   2.1322967e-09      0.95346594      0.85559242      0.27738129       0.8227064       14.318143       1033.2808       1467.5447      -23.837556       -24.477633         0.64007691       2830.6931                 20.876077                 396.79017                                605.76192                      9.8526334                   14.318143                  1467.5447       169.56807        145.98146
              1       1391.0148     0.022531232       69.583619       3.0597847      0.98047318       8.1617045      0.71977246      0.11131988     0.068088737       1.0037912       1.0042356       1.0051329       1.0050474       1.0115694     0.005405268   2.1322967e-09      0.95346594      0.85559242      0.27738129       0.8227064       14.318143       1033.2808       1467.5447      -22.135149       -22.775226         0.64007691       2826.2999                 20.876077                 396.79017                                605.76192                      9.8526334                   14.318143                  1467.5447       169.56807         141.5882
              1       1391.1617     0.022531232       69.583619       3.0597847      0.98047318       8.1617045      0.71977246      0.11131988     0.068088737       1.0037912       1.0042356       1.0051329       1.0064151       1.0093852     0.005405268   2.1322967e-09      0.95346594      0.85559242      0.27738129       0.8227064       14.318143       1033.2808       1467.5447      -22.179293        -22.81937         0.64007691       2826.6821                 20.876077                 396.79017                                605.76192                      9.8526334                   14.318143                  1467.5447       169.56807         141.9704
              1       1391.5294     0.022531232       69.583619       3.0597847      0.98047318       8.1617045      0.71977246      0.11131988     0.068088737       1.0038723       1.0047351       1.0069461        1.006426       1.0095938     0.005405268   2.1322967e-09      0.95346594      0.85559242      0.27738129       0.8227064       14.318143       1032.7907       1467.5447      -21.839744       -22.479821         0.64007691       2826.7384                  20.86936                 396.79017                                605.27651                      9.8546802                   14.318143                  1467.5447       170.08061        142.00424
              2       1389.9086     0.022531232       69.583619       3.0597847      0.98047318       8.1617045      0.71977246      0.11131988     0.068088737       1.0056656       1.0047364        1.006269       1.0062545       1.0093334     0.005405268   2.1322967e-09      0.95346594      0.85559242      0.27738129       0.8227064       14.318143       1027.6052       1467.5447      -20.571255       -21.211332         0.64007691       2820.9598                 20.726199                 396.74588                                600.13786                      9.9953089                   14.318143                  1467.5447       169.67554        141.81619
              1       1391.1819     0.022530264       69.581093       3.0598312       0.9804953       8.1593181      0.71967689      0.11118599     0.068220702       1.0063263       1.0044158       1.0028297         1.00615        1.008997    0.0053774101   2.1323957e-09      0.95346456      0.85572956      0.27747817      0.82298197       14.308635       1028.6525       1467.5406      -20.192797       -20.831061         0.63826381       2822.7495                  20.67595                 396.75119                                601.12758                      10.097829                   14.308635                  1467.5406       170.42332        141.82437
              1       1389.8186     0.022530264       69.581093       3.0598312       0.9804953       8.1593181      0.71967689      0.11118599     0.068220702       1.0063263       1.0044833       1.0026412       1.0013504       1.0046666    0.0053774101   2.1323957e-09      0.95346456      0.85572956      0.27747817      0.82298197       14.308635       1028.6525       1467.5406      -21.612002       -22.250266         0.63826381       2822.8612                  20.67595                 396.75119                                601.12758                      10.097829                   14.308635                  1467.5406       170.50638        141.85306
              1       1388.3779     0.022530264       69.581093       3.0598312       0.9804953       8.1593181      0.71967689      0.11118599     0.068220702       1.0047745       1.0048204       1.0034737       1.0014946       1.0049892    0.0053774101   2.1323957e-09      0.95346456      0.85572956      0.27747817      0.82298197       14.308635       1029.1134       1467.5406      -22.776137       -23.414401         0.63826381       2822.3082                 20.796223                 396.78327                                601.62038                      9.9135243                   14.308635                  1467.5406       169.75002        141.59555
              1       1392.2489     0.022530264       69.581093       3.0598312       0.9804953       8.1593181      0.71967689      0.11118599     0.068220702       1.0047745       1.0038006       1.0018781      0.99588987       1.0079868    0.0053774101   2.1323957e-09      0.95346456      0.85572956      0.27747817      0.82298197       14.308635       1029.1134       1467.5406       -22.53301       -23.171273         0.63826381       2829.5637                 20.796223                 396.78327                                601.62038                      9.9135243                   14.308635                  1467.5406       172.17799        146.42313
              1       1392.3968     0.022530264       69.581093       3.0598312       0.9804953       8.1593181      0.71967689      0.11118599     0.068220702       1.0042163       1.0038002       1.0020888       1.0073763       1.0097596    0.0053774101   2.1323957e-09      0.95346456      0.85572956      0.27747817      0.82298197       14.308635       1031.2722       1467.5406      -21.706576        -22.34484         0.63826381       2828.2068                 20.841224                 396.80395                                603.74659                      9.8804489                   14.308635                  1467.5406       171.93446        143.15088
              1       1391.5113     0.022530264       69.581093       3.0598312       0.9804953       8.1593181      0.71967689      0.11118599     0.068220702       1.0042163        1.002591       1.0032726       1.0057349       1.0043722    0.0053774101   2.1323957e-09      0.95346456      0.85572956      0.27747817      0.82298197       14.308635       1031.2722       1467.5406      -23.389923       -24.028187         0.63826381       2829.8024                 20.841224                 396.80395                                603.74659                      9.8804489                   14.308635                  1467.5406       173.36449        143.31654
              1       1389.8107     0.022530264       69.581093       3.0598312       0.9804953       8.1593181      0.71967689      0.11118599     0.068220702       1.0042163        1.002591       1.0032726       1.0024933       1.0059088    0.0053774101   2.1323957e-09      0.95346456      0.85572956      0.27747817      0.82298197       14.308635       1031.2722       1467.5406         -23.902       -24.540264         0.63826381       2827.4254                 20.841224                 396.80395                                603.74659                      9.8804489                   14.308635                  1467.5406       173.36449        140.93951
              1       1389.2453     0.022530264       69.581093       3.0598312       0.9804953       8.1593181      0.71967689      0.11118599     0.068220702       1.0053624       1.0025918       1.0028399       1.0025686       1.0081216    0.0053774101   2.1323957e-09      0.95346456      0.85572956      0.27747817      0.82298197       14.308635       1027.9765       1467.5406      -22.720367        -23.35863         0.63826381       2823.9313                 20.749873                 396.75994                                600.49922                      9.9674194                   14.308635                  1467.5406         173.797        140.30867
              1       1387.9235     0.022530264       69.581093       3.0598312       0.9804953       8.1593181      0.71967689      0.11118599     0.068220702       1.0053624       1.0034733       1.0059764       1.0028086       1.0076971    0.0053774101   2.1323957e-09      0.95346456      0.85572956      0.27747817      0.82298197       14.308635       1027.9765       1467.5406      -22.454871       -23.093135         0.63826381       2820.7566                 20.749873                 396.75994                                600.49922                      9.9674194                   14.308635                  1467.5406       170.56848         140.3625
              1       1389.0741     0.022530264       69.581093       3.0598312       0.9804953       8.1593181      0.71967689      0.11118599     0.068220702       1.0053624       1.0044269       1.0012126       1.0022362       1.0060409    0.0053774101   2.1323957e-09      0.95346456      0.85572956      0.27747817      0.82298197       14.308635       1027.9765       1467.5406      -22.323226        -22.96149         0.63826381       2822.7946                 20.749873                 396.75994                                600.49922                      9.9674194                   14.308635                  1467.5406       172.08051        140.88846
              1       1390.5681     0.022530264       69.581093       3.0598312       0.9804953       8.1593181      0.71967689      0.11118599     0.068220702       1.0053624       1.0044269       1.0012126       1.0031924       1.0122129    0.0053774101   2.1323957e-09      0.95346456      0.85572956      0.27747817      0.82298197       14.308635       1027.9765       1467.5406       -21.12866       -21.766924         0.63826381       2823.3935                 20.749873                 396.75994                                600.49922                      9.9674194                   14.308635                  1467.5406       172.08051         141.4873
              1       1389.6246     0.022530264       69.581093       3.0598312       0.9804953       8.1593181      0.71967689      0.11118599     0.068220702       1.0053624        1.004209       1.0066032       1.0032873       1.0124384    0.0053774101   2.1323957e-09      0.95346456      0.85572956      0.27747817      0.82298197       14.308635       1027.9765       1467.5406       -21.16534       -21.803603         0.63826381       2821.5798                 20.749873                 396.75994                                600.49922                      9.9674194                   14.308635                  1467.5406       170.10901        141.64513
              1       1390.4465     0.022530264       69.581093       3.0598312       0.9804953       8.1593181      0.71967689      0.11118599     0.068220702       1.0053624       1.0026824       1.0075388      0.99750993       1.0088436    0.0053774101   2.1323957e-09      0.95346456      0.85572956      0.27747817      0.82298197       14.308635       1027.9765       1467.5406      -22.587808       -23.226072         0.63826381       2826.0687                 20.749873                 396.75994                                600.49922                      9.9674194                   14.308635                  1467.5406       172.36394        143.87906
              2       1389.7898     0.022530264       69.581093       3.0598312       0.9804953       8.1593181      0.71967689      0.11118599     0.068220702       1.0053624       1.0028148       1.0097229       1.0032977       1.0091074    0.0053774101   2.1323957e-09      0.95346456      0.85572956      0.27747817      0.82298197       14.308635       1027.9765       1467.5406      -22.386643       -23.024907         0.63826381        2824.353                 20.749873                 396.75994                                600.49922                      9.9674194                   14.308635                  1467.5406       174.17043        140.35689
              1       1388.8478     0.022530264       69.581093       3.0598312       0.9804953       8.1593181      0.71967689      0.11118599     0.068220702       1.0053624       1.0056017       1.0043231       1.0031406       1.0095228    0.0053774101   2.1323957e-09      0.95346456      0.85572956      0.27747817      0.82298197       14.308635       1027.9765       1467.5406      -21.035381       -21.673645         0.63826381       2819.7663                 20.749873                 396.75994                                600.49922                      9.9674194                   14.308635                  1467.5406       169.55092        140.38976
              1       1389.5801     0.022530264       69.581093       3.0598312       0.9804953       8.1593181      0.71967689      0.11118599     0.068220702       1.0060735       1.0033131       1.0082699        1.003198       1.0090669    0.0053774101   2.1323957e-09      0.95346456      0.85572956      0.27747817      0.82298197       14.308635       1028.1723       1467.5406        -21.5895       -22.227763         0.63826381       2822.3392                 20.695062                 396.75119                                600.66748                      10.058592                   14.308635                  1467.5406       171.97778         140.3399
              1       1388.6156     0.022530264       69.581093       3.0598312       0.9804953       8.1593181      0.71967689      0.11118599     0.068220702       1.0060735       1.0036157        1.006243       1.0023054       1.0077586    0.0053774101   2.1323957e-09      0.95346456      0.85572956      0.27747817      0.82298197       14.308635       1028.1723       1467.5406      -21.803111       -22.441374         0.63826381       2820.8375                 20.695062                 396.75119                                600.66748                      10.058592                   14.308635                  1467.5406       170.45146        140.36449
              2       1387.9002     0.022530264       69.581093       3.0598312       0.9804953       8.1593181      0.71967689      0.11118599     0.068220702       1.0051322        1.003615       1.0065984       1.0023954       1.0078952    0.0053774101   2.1323957e-09      0.95346456      0.85572956      0.27747817      0.82298197       14.308635       1028.2738       1467.5406      -22.616431       -23.254695         0.63826381       2821.0333                 20.767902                 396.75994                                600.80192                       9.943995                   14.308635                  1467.5406       170.57086        140.33946
              2       1388.5582     0.022530264       69.581093       3.0598312       0.9804953       8.1593181      0.71967689      0.11118599     0.068220702       1.0043805       1.0036953       1.0052924       1.0001349       1.0073956    0.0053774101   2.1323957e-09      0.95346456      0.85572956      0.27747817      0.82298197       14.308635       1030.5336       1467.5406      -23.370005       -24.008269         0.63826381       2823.8563                 20.827874                 396.80395                                 603.0134                      9.8883437                   14.308635                  1467.5406       170.24359        141.22997
              1       1389.0714     0.022530264       69.581093       3.0598312       0.9804953       8.1593181      0.71967689      0.11118599     0.068220702       1.0043805       1.0038197       1.0028557       1.0000914       1.0073002    0.0053774101   2.1323957e-09      0.95346456      0.85572956      0.27747817      0.82298197       14.308635       1030.5336       1467.5406      -23.331557       -23.969821         0.63826381       2824.8058                 20.827874                 396.80395                                 603.0134                      9.8883437                   14.308635                  1467.5406       171.14667        141.27638
              1       1390.6998     0.022530264       69.581093       3.0598312       0.9804953       8.1593181      0.71967689      0.11118599     0.068220702       1.0043805        1.005091        1.000062       1.0000143       1.0074725    0.0053774101   2.1323957e-09      0.95346456      0.85572956      0.27747817      0.82298197       14.308635       1030.5336       1467.5406      -22.678313       -23.316576         0.63826381       2826.7562                 20.827874                 396.80395                                 603.0134                      9.8883437                   14.308635                  1467.5406        173.0751        141.29832
              1       1389.6228     0.022530264       69.581093       3.0598312       0.9804953       8.1593181      0.71967689      0.11118599     0.068220702       1.0050173       1.0043353       1.0007886      0.99998777       1.0072414    0.0053774101   2.1323957e-09      0.95346456      0.85572956      0.27747817      0.82298197       14.308635       1028.4983       1467.5406      -22.627567        -23.26583         0.63826381       2824.5007                 20.776963                 396.76916                                601.01873                      9.9334141                   14.308635                  1467.5406       172.79469        141.35854
              1       1389.1272     0.022530264       69.581093       3.0598312       0.9804953       8.1593181      0.71967689      0.11118599     0.068220702       1.0058372       1.0037927        1.008152         1.00005       1.0073851    0.0053774101   2.1323957e-09      0.95346456      0.85572956      0.27747817      0.82298197       14.308635       1027.9381       1467.5406      -22.140633       -22.778897         0.63826381       2822.5356                 20.713113                 396.77277                                600.42703                      10.025153                   14.308635                  1467.5406       171.45979        141.28857
              1       1390.5888     0.022530264       69.581093       3.0598312       0.9804953       8.1593181      0.71967689      0.11118599     0.068220702       1.0066081       1.0037932       1.0078609       1.0026199       1.0046299    0.0053774101   2.1323957e-09      0.95346456      0.85572956      0.27747817      0.82298197       14.308635       1029.4392       1467.5406      -21.515817       -22.154081         0.63826381       2824.2092                   20.6549                 396.75119                                601.88729                      10.145786                   14.308635                  1467.5406       171.19878        141.72203
              1       1390.1226     0.022530264       69.581093       3.0598312       0.9804953       8.1593181      0.71967689      0.11118599     0.068220702       1.0066081       1.0045937       1.0044507       1.0025439       1.0046527    0.0053774101   2.1323957e-09      0.95346456      0.85572956      0.27747817      0.82298197       14.308635       1029.4392       1467.5406      -21.150587       -21.788851         0.63826381       2822.5463                   20.6549                 396.75119                                601.88729                      10.145786                   14.308635                  1467.5406       169.55501        141.70294
              1       1389.7896     0.022530264       69.581093       3.0598312       0.9804953       8.1593181      0.71967689      0.11118599     0.068220702       1.0066081       1.0035914       1.0054705       1.0020634       1.0083097    0.0053774101   2.1323957e-09      0.95346456      0.85572956      0.27747817      0.82298197       14.308635       1029.4392       1467.5406        -21.2128       -21.851063         0.63826381       2822.0048                   20.6549                 396.75119                                601.88729                      10.145786                   14.308635                  1467.5406       170.37192        140.34454
              2        1389.789     0.022530264       69.581093       3.0598312       0.9804953       8.1593181      0.71967689      0.11118599     0.068220702       1.0066081       1.0038112        1.004319       1.0012086       1.0070472    0.0053774101   2.1323957e-09      0.95346456      0.85572956      0.27747817      0.82298197       14.308635       1029.4392       1467.5406      -21.375197       -22.013461         0.63826381       2822.3283                   20.6549                 396.75119                                601.88729                      10.145786                   14.308635                  1467.5406       170.28352        140.75641
              1       1388.2652     0.022530264       69.581093       3.0598312       0.9804953       8.1593181      0.71967689      0.11118599     0.068220702       1.0058701       1.0038107       1.0045976       1.0012792       1.0071544    0.0053774101   2.1323957e-09      0.95346456      0.85572956      0.27747817      0.82298197       14.308635       1027.9625       1467.5406      -22.093444       -22.731708         0.63826381       2820.7172                  20.71059                 396.77277                                600.44951                       10.02962                   14.308635                  1467.5406       170.20093        140.70457
              1       1389.0412     0.022530264       69.581093       3.0598312       0.9804953       8.1593181      0.71967689      0.11118599     0.068220702       1.0058701       1.0038107       1.0045976      0.99953342       1.0092443    0.0053774101   2.1323957e-09      0.95346456      0.85572956      0.27747817      0.82298197       14.308635       1027.9625       1467.5406        -21.8044       -22.442664         0.63826381       2821.6912                  20.71059                 396.77277                                600.44951                       10.02962                   14.308635                  1467.5406       170.20093        141.67859
              1       1394.5658     0.022530264       69.581093       3.0598312       0.9804953       8.1593181      0.71967689      0.11118599     0.068220702       1.0064774        1.002544       1.0127973      0.99964606       1.0092774    0.0053774101   2.1323957e-09      0.95346456      0.85572956      0.27747817      0.82298197       14.308635       1029.0415       1467.5406      -21.648167        -22.28643         0.63826381       2832.4279                 20.664628                 396.75119                                 601.5027                      10.122997                   14.308635                  1467.5406       179.94661        141.59058
              1       1390.8802     0.022530264       69.581093       3.0598312       0.9804953       8.1593181      0.71967689      0.11118599     0.068220702       1.0064774       1.0024541       1.0073117      0.99955708       1.0089701    0.0053774101   2.1323957e-09      0.95346456      0.85572956      0.27747817      0.82298197       14.308635       1029.0415       1467.5406      -21.724385       -22.362649         0.63826381       2825.2092                 20.664628                 396.75119                                 601.5027                      10.122997                   14.308635                  1467.5406       172.69983        141.61862
              1       1392.3687     0.022530264       69.581093       3.0598312       0.9804953       8.1593181      0.71967689      0.11118599     0.068220702       1.0064089       1.0024541       1.0073376       1.0037203       1.0011199    0.0053774101   2.1323957e-09      0.95346456      0.85572956      0.27747817      0.82298197       14.308635       1028.8557       1467.5406      -22.206002       -22.844266         0.63826381       2829.1493                 20.669753                 396.75119                                601.32332                      10.111426                   14.308635                  1467.5406        172.7112        145.73322
              1       1390.5154     0.022530264       69.581093       3.0598312       0.9804953       8.1593181      0.71967689      0.11118599     0.068220702       1.0057491       1.0052543       1.0033748       1.0036457       1.0016963    0.0053774101   2.1323957e-09      0.95346456      0.85572956      0.27747817      0.82298197       14.308635       1027.8711       1467.5406      -21.646849       -22.285112         0.63826381       2824.3244                 20.719891                 396.75344                                600.38431                      10.013478                   14.308635                  1467.5406       169.68628         144.9178
              1       1389.1478     0.022530264       69.581093       3.0598312       0.9804953       8.1593181      0.71967689      0.11118599     0.068220702       1.0057491       1.0053348       1.0032714       1.0036715       1.0093091    0.0053774101   2.1323957e-09      0.95346456      0.85572956      0.27747817      0.82298197       14.308635       1027.8711       1467.5406      -20.802214       -21.440478         0.63826381          2819.9                 20.719891                 396.75344                                600.38431                      10.013478                   14.308635                  1467.5406       169.72887        140.45079
              1       1389.0359     0.022530264       69.581093       3.0598312       0.9804953       8.1593181      0.71967689      0.11118599     0.068220702       1.0057491       1.0053348       1.0032714       1.0037547       1.0057688    0.0053774101   2.1323957e-09      0.95346456      0.85572956      0.27747817      0.82298197       14.308635       1027.8711       1467.5406      -21.291877       -21.930141         0.63826381       2820.6555                 20.719891                 396.75344                                600.38431                      10.013478                   14.308635                  1467.5406       169.72887        141.20631
              1       1388.9628     0.022530264       69.581093       3.0598312       0.9804953       8.1593181      0.71967689      0.11118599     0.068220702       1.0045665       1.0050989       1.0062257       1.0039151        1.006012    0.0053774101   2.1323957e-09      0.95346456      0.85572956      0.27747817      0.82298197       14.308635       1029.7999       1467.5406      -22.346905       -22.985169         0.63826381       2822.6193                 20.812865                 396.79651                                602.29142                      9.8991353                   14.308635                  1467.5406       169.83467        141.13554
              1       1390.5359     0.022530264       69.581093       3.0598312       0.9804953       8.1593181      0.71967689      0.11118599     0.068220702       1.0045665       1.0068727       1.0037763       1.0037568       1.0066508    0.0053774101   2.1323957e-09      0.95346456      0.85572956      0.27747817      0.82298197       14.308635       1029.7999       1467.5406      -21.120746        -21.75901         0.63826381       2823.3133                 20.812865                 396.79651                                602.29142                      9.8991353                   14.308635                  1467.5406       170.85686        140.80736
              1       1389.0085      0.02254839       69.730794       3.0591252      0.97864174       8.2379335       0.7221174      0.11117347     0.066996226       1.0043763       1.0055991       1.0059935       1.0043166       1.0076786     0.010810592   2.1308908e-09      0.95362688      0.85097526      0.27509102      0.81488161       15.152423       1025.1511       1467.0354      -21.848541       -22.526137         0.67759552       2821.7141                 20.989064                 397.03611                                 597.3453                      9.7806575                   15.152423                  1467.0354       174.37115          140.004
              1       1389.8393      0.02254839       69.730794       3.0591252      0.97864174       8.2379335       0.7221174      0.11117347     0.066996226       1.0043763       1.0064352       1.0061697       1.0028091       1.0067017     0.010810592   2.1308908e-09      0.95362688      0.85097526      0.27509102      0.81488161       15.152423       1025.1511       1467.0354      -21.688853       -22.366449         0.67759552       2823.0562                 20.989064                 397.03611                                 597.3453                      9.7806575                   15.152423                  1467.0354       176.57661        139.14066
              3       1389.8196      0.02254839       69.730794       3.0591252      0.97864174       8.2379335       0.7221174      0.11117347     0.066996226       1.0043763       1.0058246       1.0082853        1.002859       1.0066591     0.010810592   2.1308908e-09      0.95362688      0.85097526      0.27509102      0.81488161       15.152423       1025.1511       1467.0354      -22.103112       -22.780707         0.67759552       2823.8455                 20.989064                 397.03611                                 597.3453                      9.7806575                   15.152423                  1467.0354       177.33667        139.16985
              1       1389.4709      0.02254839       69.730794       3.0591252      0.97864174       8.2379335       0.7221174      0.11117347     0.066996226       1.0043763       1.0058246       1.0082853       1.0004446       1.0053285     0.010810592   2.1308908e-09      0.95362688      0.85097526      0.27509102      0.81488161       15.152423       1025.1511       1467.0354      -22.451833       -23.129429         0.67759552       2823.8456                 20.989064                 397.03611                                 597.3453                      9.7806575                   15.152423                  1467.0354       177.33667        139.16994
              1       1388.6726      0.02254839       69.730794       3.0591252      0.97864174       8.2379335       0.7221174      0.11117347     0.066996226       1.0051959       1.0000993       1.0045993       1.0022826       1.0052615     0.010810592   2.1308908e-09      0.95362688      0.85097526      0.27509102      0.81488161       15.152423       1024.5227       1467.0354      -23.590797       -24.268393         0.67759552       2824.5267                 20.917766                 397.01143                                596.64302                       9.950467                   15.152423                  1467.0354       178.46245        139.35376
              1       1390.3974      0.02254839       69.730794       3.0591252      0.97864174       8.2379335       0.7221174      0.11117347     0.066996226       1.0051959       1.0000993       1.0045993      0.99733384       1.0019009     0.010810592   2.1308908e-09      0.95362688      0.85097526      0.27509102      0.81488161       15.152423       1024.5227       1467.0354      -23.771429       -24.449024         0.67759552       2828.3376                 20.917766                 397.01143                                596.64302                       9.950467                   15.152423                  1467.0354       178.46245         143.1647
              1       1387.6059      0.02254839       69.730794       3.0591252      0.97864174       8.2379335       0.7221174      0.11117347     0.066996226       1.0051959       1.0036725       1.0052206      0.99725779       1.0028252     0.010810592   2.1308908e-09      0.95362688      0.85097526      0.27509102      0.81488161       15.152423       1024.5227       1467.0354      -22.971155       -23.648751         0.67759552       2821.1542                 20.917766                 397.01143                                596.64302                       9.950467                   15.152423                  1467.0354       172.02512        142.41859
              1       1387.4968      0.02254839       69.730794       3.0591252      0.97864174       8.2379335       0.7221174      0.11117347     0.066996226       1.0039719       1.0036716       1.0056828       0.9973748        1.003003     0.010810592   2.1308908e-09      0.95362688      0.85097526      0.27509102      0.81488161       15.152423       1026.2954       1467.0354      -23.875049       -24.552644         0.67759552       2822.7436                 21.025058                 397.04763                                598.51193                      9.7107819                   15.152423                  1467.0354       172.09203        142.16837
              1       1388.4839      0.02254839       69.730794       3.0591252      0.97864174       8.2379335       0.7221174      0.11117347     0.066996226       1.0039719        1.002417       1.0017129      0.99927089        1.001627     0.010810592   2.1308908e-09      0.95362688      0.85097526      0.27509102      0.81488161       15.152423       1026.2954       1467.0354      -24.517433       -25.195028         0.67759552       2826.0026                 21.025058                 397.04763                                598.51193                      9.7107819                   15.152423                  1467.0354       175.37195        142.14749
              1       1390.0075      0.02254839       69.730794       3.0591252      0.97864174       8.2379335       0.7221174      0.11117347     0.066996226       1.0039719       1.0025284      0.99962869       1.0005362       1.0017185     0.010810592   2.1308908e-09      0.95362688      0.85097526      0.27509102      0.81488161       15.152423       1026.2954       1467.0354      -24.489976       -25.167572         0.67759552       2828.9949                 21.025058                 397.04763                                598.51193                      9.7107819                   15.152423                  1467.0354       178.76521        141.74649
              1       1387.7453      0.02254839       69.730794       3.0591252      0.97864174       8.2379335       0.7221174      0.11117347     0.066996226       1.0039719       1.0037655       1.0020216      0.99868987       1.0093391     0.010810592   2.1308908e-09      0.95362688      0.85097526      0.27509102      0.81488161       15.152423       1026.2954       1467.0354      -23.224833       -23.902429         0.67759552       2821.9402                 21.025058                 397.04763                                598.51193                      9.7107819                   15.152423                  1467.0354       173.52046        139.93654
              1       1386.9345      0.02254839       69.730794       3.0591252      0.97864174       8.2379335       0.7221174      0.11117347     0.066996226       1.0039719       1.0037655       1.0020216      0.99997108       1.0077226     0.010810592   2.1308908e-09      0.95362688      0.85097526      0.27509102      0.81488161       15.152423       1026.2954       1467.0354      -23.528293       -24.205888         0.67759552       2820.9256                 21.025058                 397.04763                                598.51193                      9.7107819                   15.152423                  1467.0354       173.52046        138.92195
              1       1386.9069      0.02254839       69.730794       3.0591252      0.97864174       8.2379335       0.7221174      0.11117347     0.066996226       1.0039875       1.0037655       1.0020157       1.0002392       1.0078457     0.010810592   2.1308908e-09      0.95362688      0.85097526      0.27509102      0.81488161       15.152423       1026.2414       1467.0354      -23.498817       -24.176412         0.67759552       2820.8115                 21.023659                 397.04763                                598.45681                      9.7133075                   15.152423                  1467.0354       173.52646        138.85585
              1       1386.9927      0.02254839       69.730794       3.0591252      0.97864174       8.2379335       0.7221174      0.11117347     0.066996226       1.0039875       1.0037655       1.0020157       1.0008828       1.0083972     0.010810592   2.1308908e-09      0.95362688      0.85097526      0.27509102      0.81488161       15.152423       1026.2414       1467.0354      -23.396165       -24.073761         0.67759552       2820.7778                 21.023659                 397.04763                                598.45681                      9.7133075                   15.152423                  1467.0354       173.52646        138.82214
              1       1390.6965      0.02254839       69.730794       3.0591252      0.97864174       8.2379335       0.7221174      0.11117347     0.066996226       1.0034809       1.0037651        1.002207       1.0067933       1.0054098     0.010810592   2.1308908e-09      0.95362688      0.85097526      0.27509102      0.81488161       15.152423       1028.4419       1467.0354      -22.964001       -23.641597         0.67759552        2827.321                 21.069437                 397.07365                                600.66042                      9.6383677                   15.152423                  1467.0354       173.33813        143.35318
              1       1388.9739      0.02254839       69.730794       3.0591252      0.97864174       8.2379335       0.7221174      0.11117347     0.066996226       1.0044565       1.0037658       1.0018386      0.99694151       1.0103961     0.010810592   2.1308908e-09      0.95362688      0.85097526      0.27509102      0.81488161       15.152423       1024.9864       1467.0354      -22.511143       -23.188739         0.67759552       2822.9701                 20.981991                 397.03035                                597.17848                      9.7956092                   15.152423                  1467.0354       173.71216        142.08366
              1       1389.6424      0.02254839       69.730794       3.0591252      0.97864174       8.2379335       0.7221174      0.11117347     0.066996226       1.0044565       1.0034412       1.0011439      0.99644427       1.0015549     0.010810592   2.1308908e-09      0.95362688      0.85097526      0.27509102      0.81488161       15.152423       1024.9864       1467.0354      -23.559133       -24.236728         0.67759552       2826.4032                 20.981991                 397.03035                                597.17848                      9.7956092                   15.152423                  1467.0354       174.78421         144.4447
              1        1388.854      0.02254839       69.730794       3.0591252      0.97864174       8.2379335       0.7221174      0.11117347     0.066996226       1.0044565       1.0034088       1.0017622        1.005889       1.0072119     0.010810592   2.1308908e-09      0.95362688      0.85097526      0.27509102      0.81488161       15.152423       1024.9864       1467.0354      -22.555731       -23.233326         0.67759552       2822.8195                 20.981991                 397.03035                                597.17848                      9.7956092                   15.152423                  1467.0354        174.0215        141.62373
              1       1388.5686      0.02254839       69.730794       3.0591252      0.97864174       8.2379335       0.7221174      0.11117347     0.066996226       1.0044565       1.0044361       1.0065425       1.0055105       1.0082424     0.010810592   2.1308908e-09      0.95362688      0.85097526      0.27509102      0.81488161       15.152423       1024.9864       1467.0354      -22.064385       -22.741981         0.67759552       2821.2659                 20.981991                 397.03035                                597.17848                      9.7956092                   15.152423                  1467.0354       172.92287        141.16879
              1       1387.7042      0.02254839       69.730794       3.0591252      0.97864174       8.2379335       0.7221174      0.11117347     0.066996226       1.0044565       1.0044361       1.0065425       1.0042139       1.0085032     0.010810592   2.1308908e-09      0.95362688      0.85097526      0.27509102      0.81488161       15.152423       1024.9864       1467.0354      -22.335784       -23.013379         0.67759552         2820.08                 20.981991                 397.03035                                597.17848                      9.7956092                   15.152423                  1467.0354       172.92287        139.98293
              1       1388.9141      0.02254839       69.730794       3.0591252      0.97864174       8.2379335       0.7221174      0.11117347     0.066996226       1.0044565       1.0044361       1.0065425      0.99648807       1.0096959     0.010810592   2.1308908e-09      0.95362688      0.85097526      0.27509102      0.81488161       15.152423       1024.9864       1467.0354      -22.264939       -22.942535         0.67759552        2822.358                 20.981991                 397.03035                                597.17848                      9.7956092                   15.152423                  1467.0354       172.92287        142.26088
              1       1389.0627      0.02254839       69.730794       3.0591252      0.97864174       8.2379335       0.7221174      0.11117347     0.066996226       1.0044565       1.0008462       1.0044776      0.99654054       1.0086924     0.010810592   2.1308908e-09      0.95362688      0.85097526      0.27509102      0.81488161       15.152423       1024.9864       1467.0354      -23.502038       -24.179634         0.67759552       2825.1294                 20.981991                 397.03035                                597.17848                      9.7956092                   15.152423                  1467.0354       176.15663        141.79852
              1       1388.0856      0.02254839       69.730794       3.0591252      0.97864174       8.2379335       0.7221174      0.11117347     0.066996226       1.0044565       1.0008462       1.0044776       1.0036054       1.0090479     0.010810592   2.1308908e-09      0.95362688      0.85097526      0.27509102      0.81488161       15.152423       1024.9864       1467.0354      -23.416808       -24.094404         0.67759552       2823.0049                 20.981991                 397.03035                                597.17848                      9.7956092                   15.152423                  1467.0354       176.15663        139.67398
              1       1389.0025      0.02254839       69.730794       3.0591252      0.97864174       8.2379335       0.7221174      0.11117347     0.066996226       1.0044565       1.0056395       1.0041539       1.0034841       1.0102279     0.010810592   2.1308908e-09      0.95362688      0.85097526      0.27509102      0.81488161       15.152423       1024.9864       1467.0354      -21.495832       -22.173427         0.67759552       2820.9967                 20.981991                 397.03035                                597.17848                      9.7956092                   15.152423                  1467.0354       173.78995        140.03252
              1        1386.439      0.02254839       69.730794       3.0591252      0.97864174       8.2379335       0.7221174      0.11117347     0.066996226       1.0044565       1.0028206       1.0071233      0.99994121       1.0096291     0.010810592   2.1308908e-09      0.95362688      0.85097526      0.27509102      0.81488161       15.152423       1024.9864       1467.0354      -23.234211       -23.911806         0.67759552       2819.3464                 20.981991                 397.03035                                597.17848                      9.7956092                   15.152423                  1467.0354        172.7706        139.40157
              1        1387.672      0.02254839       69.730794       3.0591252      0.97864174       8.2379335       0.7221174      0.11117347     0.066996226       1.0044565       1.0004867       1.0057084      0.99997412       1.0089729     0.010810592   2.1308908e-09      0.95362688      0.85097526      0.27509102      0.81488161       15.152423       1024.9864       1467.0354      -23.778599       -24.456195         0.67759552       2822.9012                 20.981991                 397.03035                                597.17848                      9.7956092                   15.152423                  1467.0354       176.57256        139.15443
              1       1388.0364      0.02254839       69.730794       3.0591252      0.97864174       8.2379335       0.7221174      0.11117347     0.066996226       1.0047614       1.0004102       1.0046957      0.99993191       1.0088629     0.010810592   2.1308908e-09      0.95362688      0.85097526      0.27509102      0.81488161       15.152423       1024.5682       1467.0354      -23.576032       -24.253627         0.67759552       2823.2248                 20.955294                  397.0184                                596.73878                      9.8557491                   15.152423                  1467.0354       177.33185        139.13695
              1         1388.68      0.02254839       69.730794       3.0591252      0.97864174       8.2379335       0.7221174      0.11117347     0.066996226       1.0047614      0.99990023       1.0089509       1.0008438       1.0087677     0.010810592   2.1308908e-09      0.95362688      0.85097526      0.27509102      0.81488161       15.152423       1024.5682       1467.0354      -23.583166       -24.260762         0.67759552       2824.5263                 20.955294                  397.0184                                596.73878                      9.8557491                   15.152423                  1467.0354       178.86455        138.90572
              1       1389.1227      0.02254839       69.730794       3.0591252      0.97864174       8.2379335       0.7221174      0.11117347     0.066996226       1.0047614      0.99990023       1.0089509       1.0028356       1.0034442     0.010810592   2.1308908e-09      0.95362688      0.85097526      0.27509102      0.81488161       15.152423       1024.5682       1467.0354      -24.016412       -24.694008         0.67759552       2826.2782                 20.955294                  397.0184                                596.73878                      9.8557491                   15.152423                  1467.0354       178.86455        140.65764
              1       1386.7892      0.02254839       69.730794       3.0591252      0.97864174       8.2379335       0.7221174      0.11117347     0.066996226       1.0047614       1.0022454        1.008612       1.0032123       1.0065479     0.010810592   2.1308908e-09      0.95362688      0.85097526      0.27509102      0.81488161       15.152423       1024.5682       1467.0354      -23.386951       -24.064546         0.67759552       2820.3523                 20.955294                  397.0184                                596.73878                      9.8557491                   15.152423                  1467.0354       174.23013        139.36617
              1       1386.4217      0.02254839       69.730794       3.0591252      0.97864174       8.2379335       0.7221174      0.11117347     0.066996226       1.0050701       1.0038311       1.0041297       1.0030719       1.0066723     0.010810592   2.1308908e-09      0.95362688      0.85097526      0.27509102      0.81488161       15.152423       1024.4686       1467.0354      -22.615205         -23.2928         0.67759552       2818.0739                 20.928578                 397.01143                                596.60668                      9.9219398                   15.152423                  1467.0354       172.14764        139.26981
              1       1388.0684      0.02254839       69.730794       3.0591252      0.97864174       8.2379335       0.7221174      0.11117347     0.066996226       1.0050701       1.0038311       1.0041297        1.005595       1.0075113     0.010810592   2.1308908e-09      0.95362688      0.85097526      0.27509102      0.81488161       15.152423       1024.4686       1467.0354      -21.960282       -22.637877         0.67759552       2820.0574                 20.928578                 397.01143                                596.60668                      9.9219398                   15.152423                  1467.0354       172.14764         141.2533
              1       1390.1073      0.02254839       69.730794       3.0591252      0.97864174       8.2379335       0.7221174      0.11117347     0.066996226       1.0050701       1.0038311       1.0041297       1.0072509       1.0094291     0.010810592   2.1308908e-09      0.95362688      0.85097526      0.27509102      0.81488161       15.152423       1024.4686       1467.0354      -21.125369       -21.802965         0.67759552       2822.4653                 20.928578                 397.01143                                596.60668                      9.9219398                   15.152423                  1467.0354       172.14764        143.66124
              1       1387.6546      0.02254839       69.730794       3.0591252      0.97864174       8.2379335       0.7221174      0.11117347     0.066996226       1.0050701       1.0038311       1.0041297       1.0048262       1.0085457     0.010810592   2.1308908e-09      0.95362688      0.85097526      0.27509102      0.81488161       15.152423       1024.4686       1467.0354      -22.001863       -22.679459         0.67759552        2819.313                 20.928578                 397.01143                                596.60668                      9.9219398                   15.152423                  1467.0354       172.14764        140.50888
              1        1388.751      0.02254839       69.730794       3.0591252      0.97864174       8.2379335       0.7221174      0.11117347     0.066996226       1.0052558       1.0038313       1.0040596       1.0061128       1.0075753     0.010810592   2.1308908e-09      0.95362688      0.85097526      0.27509102      0.81488161       15.152423       1024.5693       1467.0354       -21.64735       -22.324946         0.67759552       2820.7967                 20.912645                 397.01378                                596.67858                      9.9643323                   15.152423                  1467.0354       172.16788        141.87167
              1       1389.0304      0.02254839       69.730794       3.0591252      0.97864174       8.2379335       0.7221174      0.11117347     0.066996226       1.0041918       1.0038305       1.0044613       1.0013247       1.0137902     0.010810592   2.1308908e-09      0.95362688      0.85097526      0.27509102      0.81488161       15.152423       1025.6107       1467.0354       -22.07884       -22.756436         0.67759552       2822.2185                 21.005417                 397.04763                                597.81006                      9.7476387                   15.152423                  1467.0354       172.07466        142.34526
              1       1390.3856      0.02254839       69.730794       3.0591252      0.97864174       8.2379335       0.7221174      0.11117347     0.066996226       1.0041918      0.99979541        1.004951      0.99680472       1.0081857     0.010810592   2.1308908e-09      0.95362688      0.85097526      0.27509102      0.81488161       15.152423       1025.6107       1467.0354      -23.847132       -24.524727         0.67759552       2828.4655                 21.005417                 397.04763                                597.81006                      9.7476387                   15.152423                  1467.0354       179.31923        141.34767
              1       1390.1639      0.02254839       69.730794       3.0591252      0.97864174       8.2379335       0.7221174      0.11117347     0.066996226       1.0041918      0.99979541        1.004951      0.99982581       1.0111812     0.010810592   2.1308908e-09      0.95362688      0.85097526      0.27509102      0.81488161       15.152423       1025.6107       1467.0354      -23.550787       -24.228383         0.67759552       2827.4295                 21.005417                 397.04763                                597.81006                      9.7476387                   15.152423                  1467.0354       179.31923        140.31168
              3       1386.7194      0.02254839       69.730794       3.0591252      0.97864174       8.2379335       0.7221174      0.11117347     0.066996226       1.0050946       1.0021711       1.0083365       1.0027517       1.0067296     0.010810592   2.1308908e-09      0.95362688      0.85097526      0.27509102      0.81488161       15.152423        1024.475       1467.0354       -23.18782       -23.865415         0.67759552       2819.8144                  20.92647                 397.01143                                596.60966                      9.9274221                   15.152423                  1467.0354       174.04002        139.11154
              1       1389.5166      0.02254839       69.730794       3.0591252      0.97864174       8.2379335       0.7221174      0.11117347     0.066996226       1.0050946       1.0014274       1.0121377        1.002336        1.005115     0.010810592   2.1308908e-09      0.95362688      0.85097526      0.27509102      0.81488161       15.152423        1024.475       1467.0354      -23.569884        -24.24748         0.67759552       2826.1729                  20.92647                 397.01143                                596.60966                      9.9274221                   15.152423                  1467.0354       180.07535        139.43475
              1       1386.0638      0.02254839       69.730794       3.0591252      0.97864174       8.2379335       0.7221174      0.11117347     0.066996226       1.0050946       1.0022519       1.0060415       1.0022147       1.0050044     0.010810592   2.1308908e-09      0.95362688      0.85097526      0.27509102      0.81488161       15.152423        1024.475       1467.0354      -23.425634        -24.10323         0.67759552       2818.9789                  20.92647                 397.01143                                596.60966                      9.9274221                   15.152423                  1467.0354       172.87061        139.44548
              1       1386.4422      0.02254839       69.730794       3.0591252      0.97864174       8.2379335       0.7221174      0.11117347     0.066996226       1.0050946       1.0022519       1.0060415       1.0034413       1.0058112     0.010810592   2.1308908e-09      0.95362688      0.85097526      0.27509102      0.81488161       15.152423        1024.475       1467.0354      -23.171026       -23.848621         0.67759552       2819.2264                  20.92647                 397.01143                                596.60966                      9.9274221                   15.152423                  1467.0354       172.87061        139.69304
              1       1388.4955     0.022545906       69.730559       3.0590262      0.97901091       8.2656754      0.72235378      0.11196371     0.065739793        1.003203       1.0022132       1.0066451       1.0008069       1.0020195     0.010745903   2.1306798e-09      0.95363168       0.8510238      0.27484005      0.81455627       15.102478       1030.4359       1467.1456       -25.00076       -25.672293         0.67153257       2826.9925                 21.022097                 397.11921                                602.66779                      9.6268022                   15.102478                  1467.1456       173.32004        140.98845
              1       1389.1176     0.022545906       69.730559       3.0590262      0.97901091       8.2656754      0.72235378      0.11196371     0.065739793        1.003203       1.0022132       1.0066451      0.99747923       1.0025685     0.010745903   2.1306798e-09      0.95363168       0.8510238      0.27484005      0.81455627       15.102478       1030.4359       1467.1456      -24.835486       -25.507018         0.67153257       2827.9062                 21.022097                 397.11921                                602.66779                      9.6268022                   15.102478                  1467.1456       173.32004        141.90216
              1       1388.5865     0.022545906       69.730559       3.0590262      0.97901091       8.2656754      0.72235378      0.11196371     0.065739793        1.003203       1.0022132       1.0066451       0.9979286       1.0035155     0.010745903   2.1306798e-09      0.95363168       0.8510238      0.27484005      0.81455627       15.102478       1030.4359       1467.1456      -24.832163       -25.503695         0.67153257       2826.8373                 21.022097                 397.11921                                602.66779                      9.6268022                   15.102478                  1467.1456       173.32004        140.83325
              1       1388.0313     0.022545906       69.730559       3.0590262      0.97901091       8.2656754      0.72235378      0.11196371     0.065739793       1.0042884       1.0036195       1.0073464      0.99694375       1.0051236     0.010745903   2.1306798e-09      0.95363168       0.8510238      0.27484005      0.81455627       15.102478       1026.4577       1467.1456      -23.469283       -24.140816         0.67153257       2823.0012                  20.92681                 397.12547                                598.60067                      9.8047621                   15.102478                  1467.1456       173.35657        140.93884
              1        1388.182     0.022545906       69.730559       3.0590262      0.97901091       8.2656754      0.72235378      0.11196371     0.065739793       1.0042884        1.003693       1.0075907      0.99694603       1.0051547     0.010745903   2.1306798e-09      0.95363168       0.8510238      0.27484005      0.81455627       15.102478       1026.4577       1467.1456      -23.436727        -24.10826         0.67153257       2823.2375                  20.92681                 397.12547                                598.60067                      9.8047621                   15.102478                  1467.1456       173.60565         140.9261
              1       1389.1777     0.022545906       69.730559       3.0590262      0.97901091       8.2656754      0.72235378      0.11196371     0.065739793       1.0042884        1.003605        1.008442      0.99634127       1.0075598     0.010745903   2.1306798e-09      0.95363168       0.8510238      0.27484005      0.81455627       15.102478       1026.4577       1467.1456      -23.082451       -23.753984         0.67153257       2824.5203                  20.92681                 397.12547                                598.60067                      9.8047621                   15.102478                  1467.1456       174.43195        141.38252
              1       1387.5313     0.022545906       69.730559       3.0590262      0.97901091       8.2656754      0.72235378      0.11196371     0.065739793       1.0042884        1.003605        1.008442      0.99991121       1.0039901     0.010745903   2.1306798e-09      0.95363168       0.8510238      0.27484005      0.81455627       15.102478       1026.4577       1467.1456      -23.804301       -24.475834         0.67153257       2822.6712                  20.92681                 397.12547                                598.60067                      9.8047621                   15.102478                  1467.1456       174.43195        139.53346
              1       1388.3011     0.022545906       69.730559       3.0590262      0.97901091       8.2656754      0.72235378      0.11196371     0.065739793       1.0042884        1.003605        1.008442      0.99742202       1.0046915     0.010745903   2.1306798e-09      0.95363168       0.8510238      0.27484005      0.81455627       15.102478       1026.4577       1467.1456      -23.582055       -24.253588         0.67153257       2823.7663                  20.92681                 397.12547                                598.60067                      9.8047621                   15.102478                  1467.1456       174.43195        140.62856
              1       1389.3373     0.022545906       69.730559       3.0590262      0.97901091       8.2656754      0.72235378      0.11196371     0.065739793       1.0051388       1.0029959       1.0097792      0.99738302       1.0045019     0.010745903   2.1306798e-09      0.95363168       0.8510238      0.27484005      0.81455627       15.102478       1026.1019       1467.1456       -23.17556       -23.847093         0.67153257       2825.0258                 20.854793                 397.11091                                598.14565                      9.9905216                   15.102478                  1467.1456       175.92744        140.74837
              1       1389.3029     0.022545906       69.730559       3.0590262      0.97901091       8.2656754      0.72235378      0.11196371     0.065739793       1.0051388       1.0029959       1.0097792      0.99730253        1.006178     0.010745903   2.1306798e-09      0.95363168       0.8510238      0.27484005      0.81455627       15.102478       1026.1019       1467.1456       -22.99561       -23.667142         0.67153257        2824.597                 20.854793                 397.11091                                598.14565                      9.9905216                   15.102478                  1467.1456       175.92744        140.31964
              1       1387.7456     0.022545906       69.730559       3.0590262      0.97901091       8.2656754      0.72235378      0.11196371     0.065739793       1.0042653       1.0028445       1.0097283       1.0006998        1.004959     0.010745903   2.1306798e-09      0.95363168       0.8510238      0.27484005      0.81455627       15.102478        1026.501       1467.1456      -23.998613       -24.670146         0.67153257       2823.4884                 20.928799                 397.12547                                598.64644                      9.8002793                   15.102478                  1467.1456       175.81877        138.92052
              2        1389.063     0.022545906       69.730559       3.0590262      0.97901091       8.2656754      0.72235378      0.11196371     0.065739793        1.004389       1.0037488       0.9993141       1.0004938       1.0046286     0.010745903   2.1306798e-09      0.95363168       0.8510238      0.27484005      0.81455627       15.102478       1026.2957       1467.1456      -23.617817       -24.289349         0.67153257       2825.3616                 20.918174                 397.13074                                 598.4222                      9.8246145                   15.102478                  1467.1456       177.73071         139.0871
              1        1389.635     0.022545906       69.730559       3.0590262      0.97901091       8.2656754      0.72235378      0.11196371     0.065739793        1.004389       1.0037488       0.9993141       1.0034343       1.0057217     0.010745903   2.1306798e-09      0.95363168       0.8510238      0.27484005      0.81455627       15.102478       1026.2957       1467.1456      -23.224305       -23.895838         0.67153257       2825.7186                 20.918174                 397.13074                                 598.4222                      9.8246145                   15.102478                  1467.1456       177.73071        139.44406
              1        1387.215     0.022545906       69.730559       3.0590262      0.97901091       8.2656754      0.72235378      0.11196371     0.065739793        1.004389       1.0038372       1.0068741       1.0029761       1.0051024     0.010745903   2.1306798e-09      0.95363168       0.8510238      0.27484005      0.81455627       15.102478       1026.2957       1467.1456      -23.323336       -23.994868         0.67153257       2821.0766                 20.918174                 397.13074                                 598.4222                      9.8246145                   15.102478                  1467.1456       173.12294        139.40987
              1       1387.3121     0.022545906       69.730559       3.0590262      0.97901091       8.2656754      0.72235378      0.11196371     0.065739793        1.004389       1.0038372       1.0068741       1.0033383       1.0064659     0.010745903   2.1306798e-09      0.95363168       0.8510238      0.27484005      0.81455627       15.102478       1026.2957       1467.1456      -23.117388        -23.78892         0.67153257        2820.859                 20.918174                 397.13074                                 598.4222                      9.8246145                   15.102478                  1467.1456       173.12294        139.19229
              1       1387.0189     0.022545906       69.730559       3.0590262      0.97901091       8.2656754      0.72235378      0.11196371     0.065739793        1.004389       1.0038372       1.0068741       1.0026288       1.0062025     0.010745903   2.1306798e-09      0.95363168       0.8510238      0.27484005      0.81455627       15.102478       1026.2957       1467.1456      -23.253958       -23.925491         0.67153257       2820.5457                 20.918174                 397.13074                                 598.4222                      9.8246145                   15.102478                  1467.1456       173.12294        138.87894
              1       1387.7394     0.022545906       69.730559       3.0590262      0.97901091       8.2656754      0.72235378      0.11196371     0.065739793       1.0054746        1.003838       1.0064642       1.0017079       1.0071357     0.010745903   2.1306798e-09      0.95363168       0.8510238      0.27484005      0.81455627       15.102478       1026.6414       1467.1456      -22.378302       -23.049834         0.67153257       2820.2354                 20.826981                 397.11707                                598.62235                      10.075013                   15.102478                  1467.1456       172.86894        138.47699
              1        1386.932     0.022545906       69.730559       3.0590262      0.97901091       8.2656754      0.72235378      0.11196371     0.065739793       1.0041352       1.0037852       1.0069463       1.0018368        1.007316     0.010745903   2.1306798e-09      0.95363168       0.8510238      0.27484005      0.81455627       15.102478        1026.765       1467.1456      -23.394309       -24.065841         0.67153257       2820.6526                 20.940025                 397.11232                                598.93702                      9.7756127                   15.102478                  1467.1456        173.1422         138.4973
              3       1386.9363     0.022545906       69.730559       3.0590262      0.97901091       8.2656754      0.72235378      0.11196371     0.065739793       1.0043709       1.0012174       1.0056041       1.0018555       1.0065756     0.010745903   2.1306798e-09      0.95363168       0.8510238      0.27484005      0.81455627       15.102478        1026.318       1467.1456      -24.043185       -24.714718         0.67153257        2821.959                 20.919724                 397.12547                                 598.4518                      9.8210052                   15.102478                  1467.1456       174.83513         138.5578
              1       1386.3975     0.022545906       69.730559       3.0590262      0.97901091       8.2656754      0.72235378      0.11196371     0.065739793       1.0043709       1.0035192       1.0035208       1.0011759       1.0056066     0.010745903   2.1306798e-09      0.95363168       0.8510238      0.27484005      0.81455627       15.102478        1026.318       1467.1456      -23.600237       -24.271769         0.67153257       2819.9954                 20.919724                 397.12547                                 598.4518                      9.8210052                   15.102478                  1467.1456       172.74644        138.68292
              2       1386.8823     0.022545906       69.730559       3.0590262      0.97901091       8.2656754      0.72235378      0.11196371     0.065739793       1.0043709       1.0041852       1.0028128       1.0012783       1.0064657     0.010745903   2.1306798e-09      0.95363168       0.8510238      0.27484005      0.81455627       15.102478        1026.318       1467.1456      -23.210812       -23.882344         0.67153257       2820.1862                 20.919724                 397.12547                                 598.4518                      9.8210052                   15.102478                  1467.1456       173.13152         138.4886
              1       1386.9156     0.022545906       69.730559       3.0590262      0.97901091       8.2656754      0.72235378      0.11196371     0.065739793        1.004151       1.0041851       1.0028958       1.0012993       1.0064977     0.010745903   2.1306798e-09      0.95363168       0.8510238      0.27484005      0.81455627       15.102478       1026.7283       1467.1456      -23.355532       -24.027065         0.67153257       2820.5423                 20.938658                 397.11232                                598.89872                      9.7785587                   15.102478                  1467.1456       173.08058        138.48534
              1       1386.7506     0.022545906       69.730559       3.0590262      0.97901091       8.2656754      0.72235378      0.11196371     0.065739793        1.004151       1.0016577       1.0075485       1.0014377       1.0061082     0.010745903   2.1306798e-09      0.95363168       0.8510238      0.27484005      0.81455627       15.102478       1026.7283       1467.1456      -24.212962       -24.884494         0.67153257       2821.9271                 20.938658                 397.11232                                598.89872                      9.7785587                   15.102478                  1467.1456       174.37869        138.57205
              1        1386.764     0.022545906       69.730559       3.0590262      0.97901091       8.2656754      0.72235378      0.11196371     0.065739793        1.004839       1.0016582       1.0072888       1.0010856       1.0056702     0.010745903   2.1306798e-09      0.95363168       0.8510238      0.27484005      0.81455627       15.102478       1025.9488       1467.1456      -23.788958        -24.46049         0.67153257        2821.106                  20.87992                 397.11496                                598.03355                      9.9204031                   15.102478                  1467.1456       174.24998        138.65907
              1       1388.7938     0.022545906       69.730559       3.0590262      0.97901091       8.2656754      0.72235378      0.11196371     0.065739793       1.0059877       1.0016591        1.006855       1.0009757       1.0055033     0.010745903   2.1306798e-09      0.95363168       0.8510238      0.27484005      0.81455627       15.102478       1028.1792       1467.1456       -22.81705       -23.488582         0.67153257       2823.2218                  20.78518                 397.11253                                 600.0652                      10.216254                   15.102478                  1467.1456       174.08553        138.70898
              1       1389.3595     0.022545906       69.730559       3.0590262      0.97901091       8.2656754      0.72235378      0.11196371     0.065739793       1.0059877       1.0016591        1.006855       1.0002791       1.0028026     0.010745903   2.1306798e-09      0.95363168       0.8510238      0.27484005      0.81455627       15.102478       1028.1792       1467.1456      -23.050942       -23.722475         0.67153257       2824.8209                  20.78518                 397.11253                                 600.0652                      10.216254                   15.102478                  1467.1456       174.08553        140.30811
              1       1389.1486     0.022545906       69.730559       3.0590262      0.97901091       8.2656754      0.72235378      0.11196371     0.065739793       1.0059877       1.0029938       1.0055078      0.99791241       1.0044331     0.010745903   2.1306798e-09      0.95363168       0.8510238      0.27484005      0.81455627       15.102478       1028.1792       1467.1456      -22.488152       -23.159684         0.67153257       2823.2734                  20.78518                 397.11253                                 600.0652                      10.216254                   15.102478                  1467.1456        172.5202          140.326
              1         1390.97     0.022545906       69.730559       3.0590262      0.97901091       8.2656754      0.72235378      0.11196371     0.065739793       1.0059877         1.00188       1.0030343      0.99913841       1.0111308     0.010745903   2.1306798e-09      0.95363168       0.8510238      0.27484005      0.81455627       15.102478       1028.1792       1467.1456      -21.893248       -22.564781         0.67153257       2825.7265                  20.78518                 397.11253                                 600.0652                      10.216254                   15.102478                  1467.1456       174.95689        140.34232
              1       1390.1749     0.022545906       69.730559       3.0590262      0.97901091       8.2656754      0.72235378      0.11196371     0.065739793       1.0059877         1.00188       1.0030343       1.0023628       1.0096447     0.010745903   2.1306798e-09      0.95363168       0.8510238      0.27484005      0.81455627       15.102478       1028.1792       1467.1456      -22.065287        -22.73682         0.67153257       2824.4803                  20.78518                 397.11253                                 600.0652                      10.216254                   15.102478                  1467.1456       174.95689        139.09615
              1       1389.5881     0.022545906       69.730559       3.0590262      0.97901091       8.2656754      0.72235378      0.11196371     0.065739793       1.0059877       1.0019838       1.0030142        1.001428       1.0086232     0.010745903   2.1306798e-09      0.95363168       0.8510238      0.27484005      0.81455627       15.102478       1028.1792       1467.1456      -22.307432       -22.978964         0.67153257       2823.7911                  20.78518                 397.11253                                 600.0652                      10.216254                   15.102478                  1467.1456       174.77573        138.58815
              1       1389.5275     0.022545906       69.730559       3.0590262      0.97901091       8.2656754      0.72235378      0.11196371     0.065739793       1.0059877       1.0019838       1.0030142       1.0021982       1.0077468     0.010745903   2.1306798e-09      0.95363168       0.8510238      0.27484005      0.81455627       15.102478       1028.1792       1467.1456      -22.373895       -23.045427         0.67153257       2823.8027                  20.78518                 397.11253                                 600.0652                      10.216254                   15.102478                  1467.1456       174.77573        138.59978
              1       1387.3987     0.022545906       69.730559       3.0590262      0.97901091       8.2656754      0.72235378      0.11196371     0.065739793       1.0044315       1.0019827       1.0036017       0.9980735       1.0072374     0.010745903   2.1306798e-09      0.95363168       0.8510238      0.27484005      0.81455627       15.102478       1026.2353       1467.1456      -23.771328       -24.442861         0.67153257         2822.34                 20.914531                 397.13074                                598.35681                      9.8331805                   15.102478                  1467.1456       174.27583        139.58087
              1       1387.7107     0.022545906       69.730559       3.0590262      0.97901091       8.2656754      0.72235378      0.11196371     0.065739793       1.0042348       1.0019825        1.003676       1.0034403       1.0036009     0.010745903   2.1306798e-09      0.95363168       0.8510238      0.27484005      0.81455627       15.102478       1026.5477       1467.1456        -24.0791       -24.750633         0.67153257       2823.5796                 20.931426                 397.11232                                598.70953                      9.7944106                   15.102478                  1467.1456       174.22118        140.56265
              1       1386.9209     0.022545906       69.730559       3.0590262      0.97901091       8.2656754      0.72235378      0.11196371     0.065739793       1.0042348       1.0035397        1.006297       1.0019609       1.0033727     0.010745903   2.1306798e-09      0.95363168       0.8510238      0.27484005      0.81455627       15.102478       1026.5477       1467.1456      -23.814585       -24.486118         0.67153257       2821.4709                 20.931426                 397.11232                                598.70953                      9.7944106                   15.102478                  1467.1456        172.6701          140.005
              1       1387.0016     0.022545906       69.730559       3.0590262      0.97901091       8.2656754      0.72235378      0.11196371     0.065739793        1.004181       1.0035397       1.0063173       1.0004008       1.0093292     0.010745903   2.1306798e-09      0.95363168       0.8510238      0.27484005      0.81455627       15.102478       1026.6609       1467.1456      -23.226442       -23.897974         0.67153257       2820.4562                 20.936066                 397.11232                                598.82829                      9.7841897                   15.102478                  1467.1456       172.67918        138.86804
              1       1387.6887     0.022545906       69.730559       3.0590262      0.97901091       8.2656754      0.72235378      0.11196371     0.065739793        1.004181       1.0040756       1.0050702       1.0005817       1.0105963     0.010745903   2.1306798e-09      0.95363168       0.8510238      0.27484005      0.81455627       15.102478       1026.6609       1467.1456      -22.756482       -23.428014         0.67153257       2820.8903                 20.936066                 397.11232                                598.82829                      9.7841897                   15.102478                  1467.1456        172.5247        139.45667
              1       1387.8321     0.022545906       69.730559       3.0590262      0.97901091       8.2656754      0.72235378      0.11196371     0.065739793       1.0049362       1.0040761       1.0047851       1.0005095       1.0104866     0.010745903   2.1306798e-09      0.95363168       0.8510238      0.27484005      0.81455627       15.102478       1025.9667       1467.1456      -22.229271       -22.900804         0.67153257       2820.1227                 20.871742                 397.11496                                598.03744                      9.9425887                   15.102478                  1467.1456       172.50316        139.40472
              2       1387.8478     0.022545906       69.730559       3.0590262      0.97901091       8.2656754      0.72235378      0.11196371     0.065739793       1.0049362       1.0040761       1.0047851      0.99955819       1.0102109     0.010745903   2.1306798e-09      0.95363168       0.8510238      0.27484005      0.81455627       15.102478       1025.9667       1467.1456      -22.284861       -22.956393         0.67153257       2820.2653                 20.871742                 397.11496                                598.03744                      9.9425887                   15.102478                  1467.1456       172.50316        139.54738
              1       1387.3509     0.022545906       69.730559       3.0590262      0.97901091       8.2656754      0.72235378      0.11196371     0.065739793       1.0049362       1.0016451       1.0073429       1.0005248       1.0030254     0.010745903   2.1306798e-09      0.95363168       0.8510238      0.27484005      0.81455627       15.102478       1025.9667       1467.1456      -23.955307        -24.62684         0.67153257       2822.6124                 20.871742                 397.11496                                598.03744                      9.9425887                   15.102478                  1467.1456       174.29369        140.10391
              1       1388.4733     0.022545906       69.730559       3.0590262      0.97901091       8.2656754      0.72235378      0.11196371     0.065739793       1.0057049       1.0039842       1.0044083         1.00272       1.0045054     0.010745903   2.1306798e-09      0.95363168       0.8510238      0.27484005      0.81455627       15.102478       1027.2186       1467.1456       -22.28727       -22.958802         0.67153257       2821.5211                 20.808119                  397.1105                                599.16336                      10.136602                   15.102478                  1467.1456       172.48244        139.57199
              1       1388.9652     0.022545906       69.730559       3.0590262      0.97901091       8.2656754      0.72235378      0.11196371     0.065739793       1.0057049       1.0039842       1.0044083       1.0033767        1.003642     0.010745903   2.1306798e-09      0.95363168       0.8510238      0.27484005      0.81455627       15.102478       1027.2186       1467.1456      -22.254521       -22.926053         0.67153257       2822.4395                 20.808119                  397.1105                                599.16336                      10.136602                   15.102478                  1467.1456       172.48244        140.49043
              1       1388.3455     0.022545906       69.730559       3.0590262      0.97901091       8.2656754      0.72235378      0.11196371     0.065739793       1.0057049       1.0039842       1.0044083       1.0018024       1.0083645     0.010745903   2.1306798e-09      0.95363168       0.8510238      0.27484005      0.81455627       15.102478       1027.2186       1467.1456      -21.920341       -22.591873         0.67153257       2820.5317                 20.808119                  397.1105                                599.16336                      10.136602                   15.102478                  1467.1456       172.48244        138.58258
              1       1387.0627     0.022545906       69.730559       3.0590262      0.97901091       8.2656754      0.72235378      0.11196371     0.065739793       1.0048263       1.0039835         1.00474       0.9989747       1.0079116     0.010745903   2.1306798e-09      0.95363168       0.8510238      0.27484005      0.81455627       15.102478       1025.9488       1467.1456      -22.785076       -23.456609         0.67153257       2819.6955                 20.880986                 397.11496                                598.03533                      9.9175556                   15.102478                  1467.1456        172.4624        139.03618
              1        1387.887     0.022545906       69.730559       3.0590262      0.97901091       8.2656754      0.72235378      0.11196371     0.065739793       1.0048263       1.0039835         1.00474       0.9968953       1.0057251     0.010745903   2.1306798e-09      0.95363168       0.8510238      0.27484005      0.81455627       15.102478       1025.9488       1467.1456      -22.854161       -23.525693         0.67153257       2821.4822                 20.880986                 397.11496                                598.03533                      9.9175556                   15.102478                  1467.1456        172.4624        140.82294
              1       1386.9169     0.022545906       69.730559       3.0590262      0.97901091       8.2656754      0.72235378      0.11196371     0.065739793       1.0048263       1.0039835         1.00474       1.0004652       1.0035317     0.010745903   2.1306798e-09      0.95363168       0.8510238      0.27484005      0.81455627       15.102478       1025.9488       1467.1456      -23.279935       -23.951468         0.67153257       2820.3937                 20.880986                 397.11496                                598.03533                      9.9175556                   15.102478                  1467.1456        172.4624        139.73442
              1       1387.0034     0.022545906       69.730559       3.0590262      0.97901091       8.2656754      0.72235378      0.11196371     0.065739793       1.0039392         1.00361       1.0033374       1.0005302       1.0034772     0.010745903   2.1306798e-09      0.95363168       0.8510238      0.27484005      0.81455627       15.102478       1027.2953       1467.1456      -24.061635       -24.733168         0.67153257       2822.1301                 20.957048                 397.11687                                599.48119                      9.7402364                   15.102478                  1467.1456       172.81978        139.76694
              1       1387.2659     0.022545906       69.730559       3.0590262      0.97901091       8.2656754      0.72235378      0.11196371     0.065739793       1.0039392         1.00361       1.0033374      0.99807755       1.0059044     0.010745903   2.1306798e-09      0.95363168       0.8510238      0.27484005      0.81455627       15.102478       1027.2953       1467.1456      -23.761525       -24.433057         0.67153257       2822.0549                 20.957048                 397.11687                                599.48119                      9.7402364                   15.102478                  1467.1456       172.81978        139.69174
              1       1386.8621     0.022545906       69.730559       3.0590262      0.97901091       8.2656754      0.72235378      0.11196371     0.065739793       1.0039392       1.0028985       1.0050713      0.99812356       1.0058168     0.010745903   2.1306798e-09      0.95363168       0.8510238      0.27484005      0.81455627       15.102478       1027.2953       1467.1456      -24.032829       -24.704361         0.67153257       2821.7898                 20.957048                 397.11687                                599.48119                      9.7402364                   15.102478                  1467.1456       172.57054        139.67583
              2       1386.4358     0.022545906       69.730559       3.0590262      0.97901091       8.2656754      0.72235378      0.11196371     0.065739793       1.0039392       1.0028985       1.0050713       1.0021067       1.0060477     0.010745903   2.1306798e-09      0.95363168       0.8510238      0.27484005      0.81455627       15.102478       1027.2953       1467.1456      -23.984168         -24.6557         0.67153257         2820.84                 20.957048                 397.11687                                599.48119                      9.7402364                   15.102478                  1467.1456       172.57054        138.72604
              1       1386.8822     0.022545906       69.730559       3.0590262      0.97901091       8.2656754      0.72235378      0.11196371     0.065739793        1.004028       1.0038544       1.0051241       0.9991194       1.0077107     0.010745903   2.1306798e-09      0.95363168       0.8510238      0.27484005      0.81455627       15.102478        1027.034       1467.1456      -23.443296       -24.114828         0.67153257       2820.6509                 20.949316                 397.10999                                 599.2187                      9.7560033                   15.102478                  1467.1456       172.43567         138.9332
              1       1386.8725     0.022545906       69.730559       3.0590262      0.97901091       8.2656754      0.72235378      0.11196371     0.065739793        1.004028       1.0039361       1.0045539       1.0026697        1.005852     0.010745903   2.1306798e-09      0.95363168       0.8510238      0.27484005      0.81455627       15.102478        1027.034       1467.1456      -23.488875       -24.160407         0.67153257       2820.7227                 20.949316                 397.10999                                 599.2187                      9.7560033                   15.102478                  1467.1456       172.45329        138.98734
              1       1387.1821     0.022545906       69.730559       3.0590262      0.97901091       8.2656754      0.72235378      0.11196371     0.065739793       1.0037275       1.0039359       1.0046674       1.0026984       1.0058956     0.010745903   2.1306798e-09      0.95363168       0.8510238      0.27484005      0.81455627       15.102478        1028.015       1467.1456      -23.666768       -24.338301         0.67153257       2821.6977                 20.975569                 397.12273                                600.21226                      9.7044781                   15.102478                  1467.1456        172.4469        138.98769
              1       1388.4717     0.022545906       69.730559       3.0590262      0.97901091       8.2656754      0.72235378      0.11196371     0.065739793       1.0053905       1.0040634       1.0034684       1.0039697       1.0053927     0.010745903   2.1306798e-09      0.95363168       0.8510238      0.27484005      0.81455627       15.102478       1026.4724       1467.1456      -22.240553       -22.912085         0.67153257       2821.4246                 20.833913                 397.11707                                598.46815                      10.053256                   15.102478                  1467.1456       172.75821        139.94592
              1       1389.8583     0.022545906       69.730559       3.0590262      0.97901091       8.2656754      0.72235378      0.11196371     0.065739793       1.0048303         1.00397      0.99960426       1.0039577       1.0052393     0.010745903   2.1306798e-09      0.95363168       0.8510238      0.27484005      0.81455627       15.102478       1025.9488       1467.1456      -22.758015       -23.429548         0.67153257       2825.2327                 20.880649                 397.11496                                598.03471                      9.9184538                   15.102478                  1467.1456       177.03619        139.99965
              2       1388.8825     0.022545906       69.730559       3.0590262      0.97901091       8.2656754      0.72235378      0.11196371     0.065739793       1.0037869       1.0039693      0.99999822      0.99963163       1.0049138     0.010745903   2.1306798e-09      0.95363168       0.8510238      0.27484005      0.81455627       15.102478       1027.7995       1467.1456      -23.894053       -24.565586         0.67153257        2825.553                 20.970359                 397.12273                                599.99216                      9.7142517                   15.102478                  1467.1456       176.35852        139.14696
              2       1388.6687     0.022545906       69.730559       3.0590262      0.97901091       8.2656754      0.72235378      0.11196371     0.065739793       1.0037869       1.0038164        1.000233      0.99963923       1.0048878     0.010745903   2.1306798e-09      0.95363168       0.8510238      0.27484005      0.81455627       15.102478       1027.7995       1467.1456      -23.962707        -24.63424         0.67153257       2825.2627                 20.970359                 397.12273                                599.99216                      9.7142517                   15.102478                  1467.1456       176.05981        139.15533
              1        1390.092     0.022545906       69.730559       3.0590262      0.97901091       8.2656754      0.72235378      0.11196371     0.065739793       1.0043456       1.0038168       1.0000221       1.0051143       1.0055478     0.010745903   2.1306798e-09      0.95363168       0.8510238      0.27484005      0.81455627       15.102478       1026.3585       1467.1456      -22.888403       -23.559936         0.67153257       2825.9608                 20.921899                 397.12547                                598.49513                      9.8159751                   15.102478                  1467.1456       176.40422        140.95006
              1       1389.1787     0.022545906       69.730559       3.0590262      0.97901091       8.2656754      0.72235378      0.11196371     0.065739793       1.0043456       1.0038168       1.0000221      0.99844689       1.0031996     0.010745903   2.1306798e-09      0.95363168       0.8510238      0.27484005      0.81455627       15.102478       1026.3585       1467.1456      -23.671606       -24.343139         0.67153257       2825.7007                 20.921899                 397.12547                                598.49513                      9.8159751                   15.102478                  1467.1456       176.40422        140.68988
              1       1387.0639     0.022545906       69.730559       3.0590262      0.97901091       8.2656754      0.72235378      0.11196371     0.065739793       1.0050704       1.0022103       1.0078638       1.0017662       1.0065298     0.010745903   2.1306798e-09      0.95363168       0.8510238      0.27484005      0.81455627       15.102478       1026.0394       1467.1456      -23.339482       -24.011015         0.67153257       2820.8068                 20.860499                  397.1108                                598.09401                      9.9740888                   15.102478                  1467.1456       173.97365         138.5457
              1       1387.7522     0.022545906       69.730559       3.0590262      0.97901091       8.2656754      0.72235378      0.11196371     0.065739793       1.0050704       1.0032924        1.007349      0.99890596       1.0028018     0.010745903   2.1306798e-09      0.95363168       0.8510238      0.27484005      0.81455627       15.102478       1026.0394       1467.1456      -23.385469       -24.057001         0.67153257       2822.2754                 20.860499                  397.1108                                598.09401                      9.9740888                   15.102478                  1467.1456       173.25108         140.7368
              2       1387.1611     0.022545906       69.730559       3.0590262      0.97901091       8.2656754      0.72235378      0.11196371     0.065739793       1.0050704       1.0032924        1.007349      0.99973868       1.0076298     0.010745903   2.1306798e-09      0.95363168       0.8510238      0.27484005      0.81455627       15.102478       1026.0394       1467.1456      -22.937005       -23.608538         0.67153257       2820.1962                 20.860499                  397.1108                                598.09401                      9.9740888                   15.102478                  1467.1456       173.25108        138.65764
              1       1387.5059     0.022545906       69.730559       3.0590262      0.97901091       8.2656754      0.72235378      0.11196371     0.065739793       1.0054633       1.0031022       1.0057042      0.99877789       1.0070042     0.010745903   2.1306798e-09      0.95363168       0.8510238      0.27484005      0.81455627       15.102478       1026.6174       1467.1456      -22.724705       -23.396237         0.67153257       2820.4612                 20.827906                 397.11707                                598.60039                      10.072081                   15.102478                  1467.1456       172.50447         139.0912
              1       1386.6855     0.022545906       69.730559       3.0590262      0.97901091       8.2656754      0.72235378      0.11196371     0.065739793       1.0040146       1.0031012       1.0062512      0.99891638       1.0072146     0.010745903   2.1306798e-09      0.95363168       0.8510238      0.27484005      0.81455627       15.102478       1027.0708       1467.1456      -23.803173       -24.474706         0.67153257       2820.9773                 20.950485                 397.10999                                599.25675                      9.7535873                   15.102478                  1467.1456       172.64714        139.01129
              1       1386.5389     0.022545906       69.730559       3.0590262      0.97901091       8.2656754      0.72235378      0.11196371     0.065739793        1.004576       1.0031016       1.0060392      0.99886271        1.007133     0.010745903   2.1306798e-09      0.95363168       0.8510238      0.27484005      0.81455627       15.102478       1026.0595       1467.1456      -23.425291       -24.096824         0.67153257       2819.9283                 20.902193                 397.11496                                598.17934                       9.863051                   15.102478                  1467.1456        172.5799         139.0408
              1       1386.3332     0.022545906       69.730559       3.0590262      0.97901091       8.2656754      0.72235378      0.11196371     0.065739793        1.004576       1.0025489       1.0055501       1.0000467         1.00407     0.010745903   2.1306798e-09      0.95363168       0.8510238      0.27484005      0.81455627       15.102478       1026.0595       1467.1456      -23.955439       -24.626972         0.67153257       2820.5773                 20.902193                 397.11496                                598.17934                       9.863051                   15.102478                  1467.1456       172.81429        139.45535
              1       1386.6437     0.022545906       69.730559       3.0590262      0.97901091       8.2656754      0.72235378      0.11196371     0.065739793        1.004576       1.0024211       1.0074591       1.0000816       1.0041372     0.010745903   2.1306798e-09      0.95363168       0.8510238      0.27484005      0.81455627       15.102478       1026.0595       1467.1456      -23.985412       -24.656945         0.67153257       2821.2583                 20.902193                 397.11496                                598.17934                       9.863051                   15.102478                  1467.1456       173.54124        139.40939
              1       1387.0003     0.022545906       69.730559       3.0590262      0.97901091       8.2656754      0.72235378      0.11196371     0.065739793        1.004576       1.0024211       1.0074591       1.0029864       1.0076191     0.010745903   2.1306798e-09      0.95363168       0.8510238      0.27484005      0.81455627       15.102478       1026.0595       1467.1456      -23.377142       -24.048675         0.67153257        2820.755                 20.902193                 397.11496                                598.17934                       9.863051                   15.102478                  1467.1456       173.54124        138.90611
              1       1387.4005     0.022545906       69.730559       3.0590262      0.97901091       8.2656754      0.72235378      0.11196371     0.065739793        1.004576       1.0024211       1.0074591       1.0038678       1.0074839     0.010745903   2.1306798e-09      0.95363168       0.8510238      0.27484005      0.81455627       15.102478       1026.0595       1467.1456      -23.246625       -23.918158         0.67153257       2821.2942                 20.902193                 397.11496                                598.17934                       9.863051                   15.102478                  1467.1456       173.54124         139.4453
              1       1386.9209     0.022545906       69.730559       3.0590262      0.97901091       8.2656754      0.72235378      0.11196371     0.065739793       1.0049145       1.0024213       1.0073313       1.0025759       1.0067508     0.010745903   2.1306798e-09      0.95363168       0.8510238      0.27484005      0.81455627       15.102478         1025.96       1467.1456      -23.294725       -23.966258         0.67153257       2820.4313                  20.87356                 397.11496                                598.03387                      9.9376044                   15.102478                  1467.1456        173.4621        138.76115
              2       1386.9732     0.022545906       69.730559       3.0590262      0.97901091       8.2656754      0.72235378      0.11196371     0.065739793       1.0049145       1.0018931       1.0070503        1.002584       1.0066043     0.010745903   2.1306798e-09      0.95363168       0.8510238      0.27484005      0.81455627       15.102478         1025.96       1467.1456      -23.438791       -24.110324         0.67153257        2820.824                  20.87356                 397.11496                                598.03387                      9.9376044                   15.102478                  1467.1456       173.83134        138.78455
              2       1388.5594     0.022545906       69.730559       3.0590262      0.97901091       8.2656754      0.72235378      0.11196371     0.065739793       1.0049145       1.0050521       1.0036942       1.0028448       1.0091566     0.010745903   2.1306798e-09      0.95363168       0.8510238      0.27484005      0.81455627       15.102478         1025.96       1467.1456      -21.804262       -22.475795         0.67153257       2820.7272                  20.87356                 397.11496                                598.03387                      9.9376044                   15.102478                  1467.1456       173.41811        139.10106
              1        1390.072     0.022545906       69.730559       3.0590262      0.97901091       8.2656754      0.72235378      0.11196371     0.065739793       1.0049145       1.0038707        1.000501      0.99945952       1.0003537     0.010745903   2.1306798e-09      0.95363168       0.8510238      0.27484005      0.81455627       15.102478         1025.96       1467.1456      -23.375361       -24.046894         0.67153257       2826.8947                  20.87356                 397.11496                                598.03387                      9.9376044                   15.102478                  1467.1456       175.61664        143.07002
              2       1387.8659     0.022545906       69.730559       3.0590262      0.97901091       8.2656754      0.72235378      0.11196371     0.065739793        1.004232       1.0038702       1.0007587      0.99973611       1.0058736     0.010745903   2.1306798e-09      0.95363168       0.8510238      0.27484005      0.81455627       15.102478       1026.5533       1467.1456      -23.555295       -24.226828         0.67153257       2822.8424                 20.931664                 397.11232                                598.71538                      9.7938825                   15.102478                  1467.1456       175.24419        138.79686
              1       1386.9019     0.022545906       69.730559       3.0590262      0.97901091       8.2656754      0.72235378      0.11196371     0.065739793        1.004232       1.0029985       1.0082675      0.99988194       1.0060459     0.010745903   2.1306798e-09      0.95363168       0.8510238      0.27484005      0.81455627       15.102478       1026.5533       1467.1456      -23.869878        -24.54141         0.67153257       2821.5435                 20.931664                 397.11232                                598.71538                      9.7938825                   15.102478                  1467.1456       174.02863        138.71355
              1       1386.6825     0.022545906       69.730559       3.0590262      0.97901091       8.2656754      0.72235378      0.11196371     0.065739793        1.004232       1.0015111       1.0071935       1.0008848       1.0064382     0.010745903   2.1306798e-09      0.95363168       0.8510238      0.27484005      0.81455627       15.102478       1026.5533       1467.1456      -24.177135       -24.848668         0.67153257       2821.7192                 20.931664                 397.11232                                598.71538                      9.7938825                   15.102478                  1467.1456       174.43396        138.48395
              1       1386.7221     0.022545906       69.730559       3.0590262      0.97901091       8.2656754      0.72235378      0.11196371     0.065739793       1.0041518        1.001511       1.0072238       1.0008924       1.0064498     0.010745903   2.1306798e-09      0.95363168       0.8510238      0.27484005      0.81455627       15.102478       1026.7264       1467.1456      -24.229183       -24.900716         0.67153257       2821.9025                 20.938588                 397.11232                                598.89677                      9.7787108                   15.102478                  1467.1456       174.44606        138.48195
              1       1388.9598     0.022545906       69.730559       3.0590262      0.97901091       8.2656754      0.72235378      0.11196371     0.065739793       1.0041518        1.001414       1.0040362       1.0028223       1.0114543     0.010745903   2.1306798e-09      0.95363168       0.8510238      0.27484005      0.81455627       15.102478       1026.7264       1467.1456      -23.219502       -23.891035         0.67153257       2824.3586                 20.938588                 397.11232                                598.89677                      9.7787108                   15.102478                  1467.1456       175.10754        140.27663
              1       1388.4128     0.022545906       69.730559       3.0590262      0.97901091       8.2656754      0.72235378      0.11196371     0.065739793       1.0041518        1.001414       1.0040362      0.99886876       1.0103266     0.010745903   2.1306798e-09      0.95363168       0.8510238      0.27484005      0.81455627       15.102478       1026.7264       1467.1456       -23.61767       -24.289203         0.67153257        2824.061                 20.938588                 397.11232                                598.89677                      9.7787108                   15.102478                  1467.1456       175.10754        139.97897
              1       1389.6434     0.022545906       69.730559       3.0590262      0.97901091       8.2656754      0.72235378      0.11196371     0.065739793       1.0039079       1.0018978         1.00338      0.99937481      0.99936671     0.010745903   2.1306798e-09      0.95363168       0.8510238      0.27484005      0.81455627       15.102478       1027.3971       1467.1456      -24.713043       -25.384575         0.67153257       2828.7129                 20.959774                 397.12273                                599.57978                      9.7347955                   15.102478                  1467.1456       174.60904        144.45869
              1        1388.231     0.022545906       69.730559       3.0590262      0.97901091       8.2656754      0.72235378      0.11196371     0.065739793       1.0039079       1.0018978         1.00338       1.0014986       1.0015994     0.010745903   2.1306798e-09      0.95363168       0.8510238      0.27484005      0.81455627       15.102478       1027.3971       1467.1456      -24.646629       -25.318162         0.67153257       2825.7553                 20.959774                 397.12273                                599.57978                      9.7347955                   15.102478                  1467.1456       174.60904        141.50111
              1       1388.4854     0.022545906       69.730559       3.0590262      0.97901091       8.2656754      0.72235378      0.11196371     0.065739793       1.0039079       1.0048167       1.0063006       1.0014766       1.0024798     0.010745903   2.1306798e-09      0.95363168       0.8510238      0.27484005      0.81455627       15.102478       1027.3971       1467.1456      -23.525443       -24.196975         0.67153257       2824.0216                 20.959774                 397.12273                                599.57978                      9.7347955                   15.102478                  1467.1456       173.75273         140.6237
              1       1387.9334     0.022545906       69.730559       3.0590262      0.97901091       8.2656754      0.72235378      0.11196371     0.065739793       1.0039079       1.0036887       1.0085904       1.0012869       1.0038539     0.010745903   2.1306798e-09      0.95363168       0.8510238      0.27484005      0.81455627       15.102478       1027.3971       1467.1456       -23.98912       -24.660653         0.67153257        2823.845                 20.959774                 397.12273                                599.57978                      9.7347955                   15.102478                  1467.1456       174.66989        139.52994
              1       1387.9733     0.022545906       69.730559       3.0590262      0.97901091       8.2656754      0.72235378      0.11196371     0.065739793       1.0039079       1.0036899       1.0086544       1.0012879       1.0038575     0.010745903   2.1306798e-09      0.95363168       0.8510238      0.27484005      0.81455627       15.102478       1027.3971       1467.1456      -23.988309       -24.659841         0.67153257       2823.9231                 20.959774                 397.12273                                599.57978                      9.7347955                   15.102478                  1467.1456       174.75024        139.52774
              1       1388.4931     0.022545906       69.730559       3.0590262      0.97901091       8.2656754      0.72235378      0.11196371     0.065739793       1.0039079       1.0023476       1.0026614      0.99677879       1.0055501     0.010745903   2.1306798e-09      0.95363168       0.8510238      0.27484005      0.81455627       15.102478       1027.3971       1467.1456      -24.071677       -24.743209         0.67153257       2825.1295                 20.959774                 397.12273                                599.57978                      9.7347955                   15.102478                  1467.1456       174.49187        140.99245
              1       1388.0241     0.022545906       69.730559       3.0590262      0.97901091       8.2656754      0.72235378      0.11196371     0.065739793       1.0039079       1.0030241       1.0084804      0.99772395       1.0067217     0.010745903   2.1306798e-09      0.95363168       0.8510238      0.27484005      0.81455627       15.102478       1027.3971       1467.1456      -23.862647        -24.53418         0.67153257       2823.7735                 20.959774                 397.12273                                599.57978                      9.7347955                   15.102478                  1467.1456       174.25304        139.87534
              1       1387.0351     0.022545906       69.730559       3.0590262      0.97901091       8.2656754      0.72235378      0.11196371     0.065739793       1.0039079       1.0040808       1.0054864      0.99987143       1.0078891     0.010745903   2.1306798e-09      0.95363168       0.8510238      0.27484005      0.81455627       15.102478       1027.3971       1467.1456      -23.412272       -24.083805         0.67153257       2820.8947                 20.959774                 397.12273                                599.57978                      9.7347955                   15.102478                  1467.1456       172.60907        138.64044
              1       1387.5279     0.022545906       69.730559       3.0590262      0.97901091       8.2656754      0.72235378      0.11196371     0.065739793        1.003832       1.0040807        1.005515         1.00055       1.0095179     0.010745903   2.1306798e-09      0.95363168       0.8510238      0.27484005      0.81455627       15.102478       1027.6436       1467.1456      -23.183978       -23.855511         0.67153257       2821.4237                 20.966406                 397.12273                                599.83264                      9.7218178                   15.102478                  1467.1456       172.61681        138.91524
              1       1387.0067     0.022545906       69.730559       3.0590262      0.97901091       8.2656754      0.72235378      0.11196371     0.065739793        1.003832       1.0030618       1.0047367        1.002967       1.0078387     0.010745903   2.1306798e-09      0.95363168       0.8510238      0.27484005      0.81455627       15.102478       1027.6436       1467.1456        -23.6532       -24.324732         0.67153257       2821.3197                 20.966406                 397.12273                                599.83264                      9.7218178                   15.102478                  1467.1456       172.52066        138.90738
              1        1387.161     0.022545906       69.730559       3.0590262      0.97901091       8.2656754      0.72235378      0.11196371     0.065739793        1.003832       1.0034819       1.0042936       1.0030645        1.007781     0.010745903   2.1306798e-09      0.95363168       0.8510238      0.27484005      0.81455627       15.102478       1027.6436       1467.1456       -23.49441       -24.165942         0.67153257       2821.3108                 20.966406                 397.12273                                599.83264                      9.7218178                   15.102478                  1467.1456       172.46634        138.95279
              1       1388.7157     0.022545906       69.730559       3.0590262      0.97901091       8.2656754      0.72235378      0.11196371     0.065739793        1.003832       1.0034819       1.0042936      0.99689465       1.0018101     0.010745903   2.1306798e-09      0.95363168       0.8510238      0.27484005      0.81455627       15.102478       1027.6436       1467.1456      -24.029909       -24.701442         0.67153257       2825.4912                 20.966406                 397.12273                                599.83264                      9.7218178                   15.102478                  1467.1456       172.46634        143.13321
              1       1388.3312     0.022545906       69.730559       3.0590262      0.97901091       8.2656754      0.72235378      0.11196371     0.065739793        1.003832       1.0034819       1.0042936      0.99780675       1.0015046     0.010745903   2.1306798e-09      0.95363168       0.8510238      0.27484005      0.81455627       15.102478       1027.6436       1467.1456      -24.159352       -24.830885         0.67153257        2824.981                 20.966406                 397.12273                                599.83264                      9.7218178                   15.102478                  1467.1456       172.46634        142.62303
              1       1388.2283     0.022545906       69.730559       3.0590262      0.97901091       8.2656754      0.72235378      0.11196371     0.065739793        1.003832       1.0013617       1.0051955      0.99740239        1.003873     0.010745903   2.1306798e-09      0.95363168       0.8510238      0.27484005      0.81455627       15.102478       1027.6436       1467.1456      -24.561342       -25.232875         0.67153257       2825.5793                 20.966406                 397.12273                                599.83264                      9.7218178                   15.102478                  1467.1456       174.63145        141.05615
              1       1387.4908     0.022545906       69.730559       3.0590262      0.97901091       8.2656754      0.72235378      0.11196371     0.065739793       1.0038771        1.002582       1.0052356      0.99736953       1.0041741     0.010745903   2.1306798e-09      0.95363168       0.8510238      0.27484005      0.81455627       15.102478       1027.4948       1467.1456      -24.238991       -24.910524         0.67153257       2823.4595                 20.962464                 397.12273                                599.68012                      9.7294879                   15.102478                  1467.1456        172.7953        140.92131
              1       1387.8196     0.022545906       69.730559       3.0590262      0.97901091       8.2656754      0.72235378      0.11196371     0.065739793       1.0057411       1.0025834       1.0045319      0.99987442       1.0061082     0.010745903   2.1306798e-09      0.95363168       0.8510238      0.27484005      0.81455627       15.102478       1027.3263       1467.1456      -22.787447        -23.45898         0.67153257       2821.2142                 20.805175                  397.1105                                599.26404                      10.146535                   15.102478                  1467.1456        172.9369        138.70293
              1       1387.3632     0.022545906       69.730559       3.0590262      0.97901091       8.2656754      0.72235378      0.11196371     0.065739793       1.0053153       1.0025831       1.0046926       1.0008287       1.0090345     0.010745903   2.1306798e-09      0.95363168       0.8510238      0.27484005      0.81455627       15.102478       1026.3413       1467.1456      -22.728314       -23.399846         0.67153257        2820.183                  20.84013                 397.11707                                598.34999                      10.034143                   15.102478                  1467.1456       172.88965        138.70392
              1       1387.3472     0.022545906       69.730559       3.0590262      0.97901091       8.2656754      0.72235378      0.11196371     0.065739793       1.0050299       1.0025828       1.0048004        1.000277       1.0099932     0.010745903   2.1306798e-09      0.95363168       0.8510238      0.27484005      0.81455627       15.102478       1026.0098       1467.1456      -22.807107        -23.47864         0.67153257       2820.3086                 20.863887                  397.1108                                598.07068                      9.9644731                   15.102478                  1467.1456       172.86293        139.18774
              1       1387.8406     0.022545906       69.730559       3.0590262      0.97901091       8.2656754      0.72235378      0.11196371     0.065739793       1.0050299       1.0025828       1.0048004       1.0030528       1.0102241     0.010745903   2.1306798e-09      0.95363168       0.8510238      0.27484005      0.81455627       15.102478       1026.0098       1467.1456      -22.533716       -23.205249         0.67153257       2820.7486                 20.863887                  397.1108                                598.07068                      9.9644731                   15.102478                  1467.1456       172.86293         139.6277
              1       1386.4574     0.022545906       69.730559       3.0590262      0.97901091       8.2656754      0.72235378      0.11196371     0.065739793       1.0050299       1.0025828       1.0048004       1.0005485       1.0056595     0.010745903   2.1306798e-09      0.95363168       0.8510238      0.27484005      0.81455627       15.102478       1026.0098       1467.1456       -23.44328       -24.114812         0.67153257       2819.8014                 20.863887                  397.1108                                598.07068                      9.9644731                   15.102478                  1467.1456       172.86293        138.68059
              1       1387.2479     0.022548897       69.736488       3.0588619      0.97895666       8.2756342       0.7226384      0.11245708     0.065097836       1.0050041       1.0025655       1.0047888       1.0005391       1.0056392     0.010559035   2.1303297e-09      0.95363341      0.85069348       0.2745493       0.8138093       15.110666       1027.0053       1467.1931      -23.464071       -24.142932         0.67886029       2821.4239                 20.858991                 397.11738                                599.06154                      9.9673803                   15.110666                  1467.1931       173.74187        138.37303
              3       1387.2439     0.022548897       69.736488       3.0588619      0.97895666       8.2756342       0.7226384      0.11245708     0.065097836       1.0050041       1.0025655       1.0047888       1.0005824       1.0057925     0.010559035   2.1303297e-09      0.95363341      0.85069348       0.2745493       0.8138093       15.110666       1027.0053       1467.1931      -23.446285       -24.125146         0.67886029       2821.3804                 20.858991                 397.11738                                599.06154                      9.9673803                   15.110666                  1467.1931       173.74187        138.32947
              1         1387.27     0.022548897       69.736488       3.0588619      0.97895666       8.2756342       0.7226384      0.11245708     0.065097836       1.0050041       1.0025655       1.0047888       1.0009933        1.005459     0.010559035   2.1303297e-09      0.95363341      0.85069348       0.2745493       0.8138093       15.110666       1027.0053       1467.1931      -23.465731       -24.144591         0.67886029       2821.4715                 20.858991                 397.11738                                599.06154                      9.9673803                   15.110666                  1467.1931       173.74187        138.42062
              1       1387.8402     0.022548897       69.736488       3.0588619      0.97895666       8.2756342       0.7226384      0.11245708     0.065097836       1.0050041       1.0026641       1.0045125       1.0026505       1.0041747     0.010559035   2.1303297e-09      0.95363341      0.85069348       0.2745493       0.8138093       15.110666       1027.0053       1467.1931      -23.404365       -24.083226         0.67886029       2822.4892                 20.858991                 397.11738                                599.06154                      9.9673803                   15.110666                  1467.1931       173.72601        139.45413
              2       1392.6479     0.022548897       69.736488       3.0588619      0.97895666       8.2756342       0.7226384      0.11245708     0.065097836       1.0067007       1.0026654       1.0038719       1.0024883       1.0039283     0.010559035   2.1303297e-09      0.95363341      0.85069348       0.2745493       0.8138093       15.110666       1033.1947       1467.1931      -21.854849       -22.533709         0.67886029       2829.0056                 20.721561                 397.12382                                604.88375                      10.465557                   15.110666                  1467.1931       173.98114        139.52602
              1       1390.3411     0.022541484       69.721182       3.0591435      0.97902214       8.2983274      0.72222373      0.11204789     0.064511005       1.0060829         1.00165       1.0051085       1.0026852       1.0039866     0.010450193   2.1309299e-09       0.9536283      0.85143964      0.27496513       0.8151397       14.969113       1030.2353       1467.2676      -22.718081       -23.379348         0.66126665       2826.1183                 20.757066                 397.18454                                602.00478                      10.288909                   14.969113                  1467.2676       173.87708        139.76924
              1       1387.0026     0.022541484       69.721182       3.0591435      0.97902214       8.2983274      0.72222373      0.11204789     0.064511005       1.0037051       1.0022286       1.0079621       1.0007436        1.003734     0.010450193   2.1309299e-09       0.9536283      0.85143964      0.27496513       0.8151397       14.969113       1027.5724       1467.2676      -24.638865       -25.300132         0.66126665        2823.283                 20.955367                 397.20972                                599.67484                      9.7324536                   14.969113                  1467.2676       174.11868        139.35526
              1       1388.0014     0.022541484       69.721182       3.0591435      0.97902214       8.2983274      0.72222373      0.11204789     0.064511005       1.0044648       1.0022291       1.0076753       1.0026419       1.0103495     0.010450193   2.1309299e-09       0.9536283      0.85143964      0.27496513       0.8151397       14.969113       1026.3578       1467.2676      -23.101387       -23.762654         0.66126665       2822.2056                 20.890068                 397.19839                                 598.3935                      9.8758561                   14.969113                  1467.2676       173.89503        139.71603
              1       1389.3493     0.022541484       69.721182       3.0591435      0.97902214       8.2983274      0.72222373      0.11204789     0.064511005       1.0044648       1.0020787       1.0080538       1.0059567       1.0055333     0.010450193   2.1309299e-09       0.9536283      0.85143964      0.27496513       0.8151397       14.969113       1026.3578       1467.2676      -23.154132       -23.815399         0.66126665       2825.0069                 20.890068                 397.19839                                 598.3935                      9.8758561                   14.969113                  1467.2676       174.28133        142.13103
              1       1387.3706     0.022541484       69.721182       3.0591435      0.97902214       8.2983274      0.72222373      0.11204789     0.064511005       1.0044648       1.0020787       1.0080538      0.99976409        1.002402     0.010450193   2.1309299e-09       0.9536283      0.85143964      0.27496513       0.8151397       14.969113       1026.3578       1467.2676      -24.267844        -24.92911         0.66126665       2823.2769                 20.890068                 397.19839                                 598.3935                      9.8758561                   14.969113                  1467.2676       174.28133        140.40105
              1       1391.8585     0.022541484       69.721182       3.0591435      0.97902214       8.2983274      0.72222373      0.11204789     0.064511005       1.0044648       1.0032315       1.0120686      0.99729563       1.0087258     0.010450193   2.1309299e-09       0.9536283      0.85143964      0.27496513       0.8151397       14.969113       1026.3578       1467.2676      -23.082011       -23.743278         0.66126665       2829.8811                 20.890068                 397.19839                                 598.3935                      9.8758561                   14.969113                  1467.2676       180.95198        140.33459
              1       1392.8161     0.022541484       69.721182       3.0591435      0.97902214       8.2983274      0.72222373      0.11204789     0.064511005       1.0045325       1.0013358       1.0119425       1.0002964      0.99824424     0.010450193   2.1309299e-09       0.9536283      0.85143964      0.27496513       0.8151397       14.969113        1026.345       1467.2676      -24.384665       -25.045931         0.66126665       2834.4015                  20.88434                 397.19839                                598.37207                      9.8902043                   14.969113                  1467.2676       180.25903        145.56079
              1       1389.8409     0.022541484       69.721182       3.0591435      0.97902214       8.2983274      0.72222373      0.11204789     0.064511005       1.0045325       1.0013358       1.0119425      0.99906103       1.0045874     0.010450193   2.1309299e-09       0.9536283      0.85143964      0.27496513       0.8151397       14.969113        1026.345       1467.2676      -24.195055       -24.856322         0.66126665       2828.0718                  20.88434                 397.19839                                598.37207                      9.8902043                   14.969113                  1467.2676       180.25903        139.23108
              1       1388.0855     0.022541484       69.721182       3.0591435      0.97902214       8.2983274      0.72222373      0.11204789     0.064511005       1.0045325       1.0024399       1.0098782      0.99900003       1.0047559     0.010450193   2.1309299e-09       0.9536283      0.85143964      0.27496513       0.8151397       14.969113        1026.345       1467.2676      -23.945627       -24.606893         0.66126665       2824.0622                  20.88434                 397.19839                                598.37207                      9.8902043                   14.969113                  1467.2676       176.29181        139.18864
              1       1387.2764     0.022541484       69.721182       3.0591435      0.97902214       8.2983274      0.72222373      0.11204789     0.064511005       1.0047761       1.0039437       1.0066075        1.001626       1.0059502     0.010450193   2.1309299e-09       0.9536283      0.85143964      0.27496513       0.8151397       14.969113       1026.4263       1467.2676       -23.06917       -23.730437         0.66126665       2820.6911                 20.863845                 397.19847                                598.42003                      9.9439737                   14.969113                  1467.2676       173.45775         138.5703
              1       1387.3054     0.022541484       69.721182       3.0591435      0.97902214       8.2983274      0.72222373      0.11204789     0.064511005       1.0047761       1.0039437       1.0066075      0.99927657       1.0056699     0.010450193   2.1309299e-09       0.9536283      0.85143964      0.27496513       0.8151397       14.969113       1026.4263       1467.2676      -23.152582       -23.813849         0.66126665        2820.916                 20.863845                 397.19847                                598.42003                      9.9439737                   14.969113                  1467.2676       173.45775        138.79527
              1       1388.0918     0.022541484       69.721182       3.0591435      0.97902214       8.2983274      0.72222373      0.11204789     0.064511005       1.0046149       1.0007315       1.0034171       0.9993156       1.0047225     0.010450193   2.1309299e-09       0.9536283      0.85143964      0.27496513       0.8151397       14.969113       1026.3502       1467.2676      -24.202524       -24.863791         0.66126665       2824.5887                 20.877387                 397.19839                                598.36638                      9.9080164                   14.969113                  1467.2676       176.92438        139.07744
              1       1386.9457     0.022541484       69.721182       3.0591435      0.97902214       8.2983274      0.72222373      0.11204789     0.064511005       1.0046149       1.0012335       1.0068621      0.99936071       1.0050267     0.010450193   2.1309299e-09       0.9536283      0.85143964      0.27496513       0.8151397       14.969113       1026.3502       1467.2676      -24.121151       -24.782418         0.66126665       2822.1336                 20.877387                 397.19839                                598.36638                      9.9080164                   14.969113                  1467.2676       174.59862        138.94814
              1       1387.9654     0.022541484       69.721182       3.0591435      0.97902214       8.2983274      0.72222373      0.11204789     0.064511005        1.005285       1.0028359       1.0025228      0.99919002       1.0051172     0.010450193   2.1309299e-09       0.9536283      0.85143964      0.27496513       0.8151397       14.969113       1027.2311       1467.2676      -23.213306       -23.874573         0.66126665       2822.3573                 20.821625                 397.19175                                599.15074                      10.067014                   14.969113                  1467.2676       173.90887        138.98064
              3       1387.5144     0.022541484       69.721182       3.0591435      0.97902214       8.2983274      0.72222373      0.11204789     0.064511005        1.005285       1.0022671       1.0038953       1.0000887       1.0069683     0.010450193   2.1309299e-09       0.9536283      0.85143964      0.27496513       0.8151397       14.969113       1027.2311       1467.2676      -23.179015       -23.840282         0.66126665       2821.3869                 20.821625                 397.19175                                599.15074                      10.067014                   14.969113                  1467.2676       173.49577        138.42331
              1        1390.795     0.022541484       69.721182       3.0591435      0.97902214       8.2983274      0.72222373      0.11204789     0.064511005       1.0063345       1.0022678       1.0034991      0.99998842       1.0068158     0.010450193   2.1309299e-09       0.9536283      0.85143964      0.27496513       0.8151397       14.969113       1031.6176       1467.2676      -22.223327       -22.884593         0.66126665       2826.0366                 20.737075                 397.17869                                603.33562                      10.366202                   14.969113                  1467.2676       173.73767        138.44463
              1        1394.159     0.022541484       69.721182       3.0591435      0.97902214       8.2983274      0.72222373      0.11204789     0.064511005       1.0063345       1.0022678       1.0034991       1.0004973       1.0137478     0.010450193   2.1309299e-09       0.9536283      0.85143964      0.27496513       0.8151397       14.969113       1031.6176       1467.2676      -20.868671       -21.529937         0.66126665       2830.0554                 20.737075                 397.17869                                603.33562                      10.366202                   14.969113                  1467.2676       173.73767        142.46347
              1       1389.8914     0.022541484       69.721182       3.0591435      0.97902214       8.2983274      0.72222373      0.11204789     0.064511005       1.0041156       1.0022662       1.0043368       1.0007095       1.0140701     0.010450193   2.1309299e-09       0.9536283      0.85143964      0.27496513       0.8151397       14.969113       1026.6967       1467.2676      -22.632954        -23.29422         0.66126665       2825.0488                 20.919862                 397.22607                                598.74487                      9.8059043                   14.969113                  1467.2676       173.28992        142.82544
              1       1387.0562     0.022541484       69.721182       3.0591435      0.97902214       8.2983274      0.72222373      0.11204789     0.064511005       1.0036337       1.0022659       1.0045187       1.0024734       1.0083655     0.010450193   2.1309299e-09       0.9536283      0.85143964      0.27496513       0.8151397       14.969113       1027.7984       1467.2676      -24.003285       -24.664552         0.66126665       2822.1191                 20.961594                 397.22253                                599.89362                      9.7206566                   14.969113                  1467.2676       173.22455        138.85942
              1       1387.4664     0.022541484       69.721182       3.0591435      0.97902214       8.2983274      0.72222373      0.11204789     0.064511005       1.0038645       1.0022661       1.0044316       1.0037241       1.0084525     0.010450193   2.1309299e-09       0.9536283      0.85143964      0.27496513       0.8151397       14.969113       1027.1584       1467.2676      -23.658747       -24.320014         0.66126665       2822.2503                  20.94152                 397.20972                                599.24735                      9.7598402                   14.969113                  1467.2676       173.25443        139.60072
              1       1387.4144     0.022565329       69.730483       3.0591806      0.97760705       8.1988036      0.72231037      0.11084245     0.070818228       1.0041147       1.0023266       1.0046303       1.0039924       1.0079168     0.013718644   2.1310088e-09      0.95359163      0.84883279       0.2749117      0.81256504       15.436954       1025.7547       1466.8391      -23.451811       -24.176438          0.7246276       2821.7325                 21.182792                 396.94632                                 597.9899                      9.6356955                   15.436954                  1466.8391       174.07303        139.62868
              1       1388.6684     0.022565329       69.730483       3.0591806      0.97760705       8.1988036      0.72231037      0.11084245     0.070818228       1.0041147       1.0023266       1.0046303      0.99983961       1.0000142     0.013718644   2.1310088e-09      0.95359163      0.84883279       0.2749117      0.81256504       15.436954       1025.7547       1466.8391      -24.439405       -25.164032          0.7246276       2826.2155                 21.182792                 396.94632                                 597.9899                      9.6356955                   15.436954                  1466.8391       174.07303        144.11171
              1       1386.2594     0.022565329       69.730483       3.0591806      0.97760705       8.1988036      0.72231037      0.11084245     0.070818228       1.0045812       1.0023269       1.0044542       1.0026523       1.0057796     0.013718644   2.1310088e-09      0.95359163      0.84883279       0.2749117      0.81256504       15.436954       1024.0863       1466.8391       -23.62498       -24.349608          0.7246276       2819.7688                 21.138886                 396.93986                                 596.2843                      9.7232791                   15.436954                  1466.8391       174.15544         139.2509
              1       1386.2358     0.022565329       69.730483       3.0591806      0.97760705       8.1988036      0.72231037      0.11084245     0.070818228       1.0045812       1.0023269       1.0044542       1.0025793       1.0057765     0.013718644   2.1310088e-09      0.95359163      0.84883279       0.2749117      0.81256504       15.436954       1024.0863       1466.8391      -23.634787       -24.359415          0.7246276       2819.7413                 21.138886                 396.93986                                 596.2843                      9.7232791                   15.436954                  1466.8391       174.15544        139.22342
              1       1385.7381     0.022565329       69.730483       3.0591806      0.97760705       8.1988036      0.72231037      0.11084245     0.070818228       1.0045812       1.0027034       1.0055895       1.0013885       1.0054386     0.013718644   2.1310088e-09      0.95359163      0.84883279       0.2749117      0.81256504       15.436954       1024.0863       1466.8391      -23.682629       -24.407256          0.7246276       2818.8415                 21.138886                 396.93986                                 596.2843                      9.7232791                   15.436954                  1466.8391       173.40149        139.07762
              1       1386.2346     0.022565329       69.730483       3.0591806      0.97760705       8.1988036      0.72231037      0.11084245     0.070818228       1.0045812        1.003833       1.0065303       1.0023082       1.0060256     0.013718644   2.1310088e-09      0.95359163      0.84883279       0.2749117      0.81256504       15.436954       1024.0863       1466.8391      -23.124466       -23.849093          0.7246276       2818.7181                 21.138886                 396.93986                                 596.2843                      9.7232791                   15.436954                  1466.8391       173.30893        139.04672
              1       1386.2342     0.022565329       69.730483       3.0591806      0.97760705       8.1988036      0.72231037      0.11084245     0.070818228       1.0045812       1.0038674       1.0064394       1.0023059       1.0060294     0.013718644   2.1310088e-09      0.95359163      0.84883279       0.2749117      0.81256504       15.436954       1024.0863       1466.8391       -23.10957       -23.834197          0.7246276       2818.6876                 21.138886                 396.93986                                 596.2843                      9.7232791                   15.436954                  1466.8391       173.28035         139.0448
              1        1386.547     0.022565329       69.730483       3.0591806      0.97760705       8.1988036      0.72231037      0.11084245     0.070818228       1.0045812       1.0017614       1.0068812       1.0017321       1.0090203     0.013718644   2.1310088e-09      0.95359163      0.84883279       0.2749117      0.81256504       15.436954       1024.0863       1466.8391      -23.399782        -24.12441          0.7246276       2819.8936                 21.138886                 396.93986                                 596.2843                      9.7232791                   15.436954                  1466.8391       174.69034        138.84081
              1       1388.1189     0.022565329       69.730483       3.0591806      0.97760705       8.1988036      0.72231037      0.11084245     0.070818228       1.0059759       1.0008574       1.0059196       1.0016134       1.0085692     0.013718644   2.1310088e-09      0.95359163      0.84883279       0.2749117      0.81256504       15.436954       1023.4749       1466.8391      -22.438262        -23.16289          0.7246276       2821.1143                 21.011426                 396.92308                                595.48239                      10.057958                   15.436954                  1466.8391       176.62875        138.73463
              1       1386.5771     0.022565329       69.730483       3.0591806      0.97760705       8.1988036      0.72231037      0.11084245     0.070818228       1.0056524       1.0029004       1.0070577        1.001526       1.0088631     0.013718644   2.1310088e-09      0.95359163      0.84883279       0.2749117      0.81256504       15.436954       1023.0404       1466.8391      -22.271048       -22.995676          0.7246276       2817.6964                 21.040477                   396.932                                595.09723                      9.9706571                   15.436954                  1466.8391       173.59395        138.78595
              1       1386.4395     0.022565329       69.730483       3.0591806      0.97760705       8.1988036      0.72231037      0.11084245     0.070818228       1.0056524       1.0029004       1.0070577       1.0010238       1.0084521     0.013718644   2.1310088e-09      0.95359163      0.84883279       0.2749117      0.81256504       15.436954       1023.0404       1466.8391      -22.370128       -23.094755          0.7246276       2817.6192                 21.040477                   396.932                                595.09723                      9.9706571                   15.436954                  1466.8391       173.59395        138.70882
              2       1387.3175     0.022565329       69.730483       3.0591806      0.97760705       8.1988036      0.72231037      0.11084245     0.070818228        1.004784       1.0038328       1.0093384       1.0000792       1.0059514     0.013718644   2.1310088e-09      0.95359163      0.84883279       0.2749117      0.81256504       15.436954       1023.6136       1466.8391      -23.112969       -23.837597          0.7246276       2820.8609                 21.120003                 396.96024                                595.76821                      9.7651828                   15.436954                  1466.8391       175.94246        139.02872
              1       1385.8382     0.022565329       69.730483       3.0591806      0.97760705       8.1988036      0.72231037      0.11084245     0.070818228        1.004784       1.0034966       1.0066759       1.0003074       1.0058618     0.013718644   2.1310088e-09      0.95359163      0.84883279       0.2749117      0.81256504       15.436954       1023.6136       1466.8391      -23.257671       -23.982299          0.7246276       2818.1917                 21.120003                 396.96024                                595.76821                      9.7651828                   15.436954                  1466.8391        173.3022        138.99977
              1       1386.7534     0.022565329       69.730483       3.0591806      0.97760705       8.1988036      0.72231037      0.11084245     0.070818228        1.004784       1.0012522       1.0078173       1.0021491       1.0051706     0.013718644   2.1310088e-09      0.95359163      0.84883279       0.2749117      0.81256504       15.436954       1023.6136       1466.8391      -23.809744       -24.534371          0.7246276       2821.1264                 21.120003                 396.96024                                595.76821                      9.7651828                   15.436954                  1466.8391       175.90622        139.33041
              2       1386.6255     0.022565329       69.730483       3.0591806      0.97760705       8.1988036      0.72231037      0.11084245     0.070818228        1.004784       1.0012522       1.0078173      0.99974761       1.0064873     0.013718644   2.1310088e-09      0.95359163      0.84883279       0.2749117      0.81256504       15.436954       1023.6136       1466.8391      -23.777492        -24.50212          0.7246276       2820.8059                 21.120003                 396.96024                                595.76821                      9.7651828                   15.436954                  1466.8391       175.90622        139.00995
              1       1389.1906     0.022589495       69.942029       3.0567318      0.97680151       8.1308835      0.72440017      0.10666834     0.067420353       1.0044046      0.99991373       1.0084214      0.99968202       1.0053631    0.0088443232   2.1257968e-09      0.95382254      0.84625713      0.27296427      0.80722502       16.424305       1025.3434       1466.2198      -24.184011       -24.992807         0.80879538       2826.7491                 21.239526                 396.78864                                597.53788                      9.7773875                   16.424305                  1466.2198       180.49573        138.26591
              1       1389.4497     0.022589495       69.942029       3.0567318      0.97680151       8.1308835      0.72440017      0.10666834     0.067420353       1.0055717       1.0030049        1.008554      0.99927699       1.0094922    0.0088443232   2.1257968e-09      0.95382254      0.84625713      0.27296427      0.80722502       16.424305        1024.571       1466.2198      -22.160637       -22.969433         0.80879538       2823.2206                 21.128142                 396.77096                                596.54734                      10.124551                   16.424305                  1466.2198       177.32004         138.6855
              1       1388.7962     0.022589495       69.942029       3.0567318      0.97680151       8.1308835      0.72440017      0.10666834     0.067420353       1.0055717       1.0030049        1.008554       1.0011367       1.0043279    0.0088443232   2.1257968e-09      0.95382254      0.84625713      0.27296427      0.80722502       16.424305        1024.571       1466.2198      -22.816745       -23.625541         0.80879538       2823.2258                 21.128142                 396.77096                                596.54734                      10.124551                   16.424305                  1466.2198       177.32004        138.69072
              1       1387.9726     0.022589495       69.942029       3.0567318      0.97680151       8.1308835      0.72440017      0.10666834     0.067420353       1.0055717       1.0029519       1.0050722       1.0010801       1.0041339    0.0088443232   2.1257968e-09      0.95382254      0.84625713      0.27296427      0.80722502       16.424305        1024.571       1466.2198      -22.852937       -23.661733         0.80879538       2821.6512                 21.128142                 396.77096                                596.54734                      10.124551                   16.424305                  1466.2198       175.65051         138.7856
              1       1388.5256     0.022589495       69.942029       3.0567318      0.97680151       8.1308835      0.72440017      0.10666834     0.067420353       1.0055717       1.0029519       1.0050722       1.0004114       1.0096553    0.0088443232   2.1257968e-09      0.95382254      0.84625713      0.27296427      0.80722502       16.424305        1024.571       1466.2198      -22.157417       -22.966212         0.80879538        2821.366                 21.128142                 396.77096                                596.54734                      10.124551                   16.424305                  1466.2198       175.65051        138.50046
              1       1389.6079     0.022589495       69.942029       3.0567318      0.97680151       8.1308835      0.72440017      0.10666834     0.067420353       1.0055717       1.0021798       1.0056498      0.99588936       1.0068478    0.0088443232   2.1257968e-09      0.95382254      0.84625713      0.27296427      0.80722502       16.424305        1024.571       1466.2198      -22.400955       -23.209751         0.80879538       2824.0177                 21.128142                 396.77096                                596.54734                      10.124551                   16.424305                  1466.2198       176.00232        140.80028
              1       1388.4203     0.022589495       69.942029       3.0567318      0.97680151       8.1308835      0.72440017      0.10666834     0.067420353       1.0055717       1.0021798       1.0056498       1.0018549       1.0029522    0.0088443232   2.1257968e-09      0.95382254      0.84625713      0.27296427      0.80722502       16.424305        1024.571       1466.2198      -23.095856       -23.904652         0.80879538       2823.0322                 21.128142                 396.77096                                596.54734                      10.124551                   16.424305                  1466.2198       176.00232        139.81485
              1       1388.4602     0.022589495       69.942029       3.0567318      0.97680151       8.1308835      0.72440017      0.10666834     0.067420353       1.0055717        1.002775       1.0045138       1.0018217       1.0030419    0.0088443232   2.1257968e-09      0.95382254      0.84625713      0.27296427      0.80722502       16.424305        1024.571       1466.2198      -22.929964       -23.738759         0.80879538       2822.7803                 21.128142                 396.77096                                596.54734                      10.124551                   16.424305                  1466.2198       175.83426        139.73094
              1       1391.3541     0.022589495       69.942029       3.0567318      0.97680151       8.1308835      0.72440017      0.10666834     0.067420353       1.0055717       1.0044711       0.9994244      0.99990834       1.0079698    0.0088443232   2.1257968e-09      0.95382254      0.84625713      0.27296427      0.80722502       16.424305        1024.571       1466.2198      -21.815906       -22.624701         0.80879538         2826.34                 21.128142                 396.77096                                596.54734                      10.124551                   16.424305                  1466.2198       181.08757         138.0374
              2       1389.8667     0.022589495       69.942029       3.0567318      0.97680151       8.1308835      0.72440017      0.10666834     0.067420353       1.0040475       1.0040814       1.0093079       1.0006481       1.0061612    0.0088443232   2.1257968e-09      0.95382254      0.84625713      0.27296427      0.80722502       16.424305       1026.4955       1466.2198      -23.405526       -24.214321         0.80879538       2826.5445                  21.27445                 396.79222                                598.74247                       9.686396                   16.424305                  1466.2198       179.41391        137.99097
              1       1387.6454     0.022589495       69.942029       3.0567318      0.97680151       8.1308835      0.72440017      0.10666834     0.067420353       1.0040475       1.0022262       1.0045279      0.99977601       1.0056999    0.0088443232   2.1257968e-09      0.95382254      0.84625713      0.27296427      0.80722502       16.424305       1026.4955       1466.2198      -24.116542       -24.925337         0.80879538       2823.5239                  21.27445                 396.79222                                598.74247                       9.686396                   16.424305                  1466.2198       176.23064        138.15366
              1       1389.2563     0.022589495       69.942029       3.0567318      0.97680151       8.1308835      0.72440017      0.10666834     0.067420353       1.0035608       1.0040588       1.0031765      0.99975273       1.0061485    0.0088443232   2.1257968e-09      0.95382254      0.84625713      0.27296427      0.80722502       16.424305       1028.7577       1466.2198      -23.722385        -24.53118         0.80879538       2825.9573                 21.322687                 396.79205                                601.06905                      9.5739206                   16.424305                  1466.2198       176.49014        138.06543
              1       1388.8389     0.022589495       69.942029       3.0567318      0.97680151       8.1308835      0.72440017      0.10666834     0.067420353       1.0035608       1.0035307       1.0043098      0.99894139       1.0055865    0.0088443232   2.1257968e-09      0.95382254      0.84625713      0.27296427      0.80722502       16.424305       1028.7577       1466.2198      -23.981159       -24.789955         0.80879538       2825.6401                 21.322687                 396.79205                                601.06905                      9.5739206                   16.424305                  1466.2198       175.80995        138.42839
              1       1390.3814     0.022589495       69.942029       3.0567318      0.97680151       8.1308835      0.72440017      0.10666834     0.067420353       1.0031169       1.0035304       1.0044774      0.99843006       1.0079129    0.0088443232   2.1257968e-09      0.95382254      0.84625713      0.27296427      0.80722502       16.424305       1031.5334       1466.2198      -23.888007       -24.696802         0.80879538       2828.5387                 21.367332                 396.80097                                603.88206                       9.483019                   16.424305                  1466.2198        175.7692         138.5921
              1        1389.727     0.022589495       69.942029       3.0567318      0.97680151       8.1308835      0.72440017      0.10666834     0.067420353        1.003284       1.0035305       1.0044143      0.99935839       1.0034326    0.0088443232   2.1257968e-09      0.95382254      0.84625713      0.27296427      0.80722502       16.424305        1030.413       1466.2198      -24.334188       -25.142983         0.80879538       2828.1224                 21.350457                 396.80097                                602.74569                       9.515924                   16.424305                  1466.2198       175.78342        139.28185
              1       1390.6207     0.022589495       69.942029       3.0567318      0.97680151       8.1308835      0.72440017      0.10666834     0.067420353        1.003284       1.0037653       1.0045014      0.99676661       1.0056975    0.0088443232   2.1257968e-09      0.95382254      0.84625713      0.27296427      0.80722502       16.424305        1030.413       1466.2198        -23.7943       -24.603095         0.80879538         2828.83                 21.350457                 396.80097                                602.74569                       9.515924                   16.424305                  1466.2198       175.85419        139.91869
              1       1398.5832     0.022589495       69.942029       3.0567318      0.97680151       8.1308835      0.72440017      0.10666834     0.067420353       1.0028563        1.003765       1.0046629        1.002061       1.0178306    0.0088443232   2.1257968e-09      0.95382254      0.84625713      0.27296427      0.80722502       16.424305       1033.4768       1466.2198      -21.457864       -22.266659         0.80879538       2840.0822                 21.393811                 396.80673                                 605.8414                       9.434869                   16.424305                  1466.2198       175.83195        148.12933
              1       1394.2492     0.022589495       69.942029       3.0567318      0.97680151       8.1308835      0.72440017      0.10666834     0.067420353       1.0028563        1.003765       1.0046629      0.99731055       1.0126175    0.0088443232   2.1257968e-09      0.95382254      0.84625713      0.27296427      0.80722502       16.424305       1033.4768       1466.2198      -22.885433       -23.694229         0.80879538       2834.2692                 21.393811                 396.80673                                 605.8414                       9.434869                   16.424305                  1466.2198       175.83195        142.31636
              1       1392.6524     0.022589495       69.942029       3.0567318      0.97680151       8.1308835      0.72440017      0.10666834     0.067420353       1.0065302       1.0037677       1.0032758      0.99821714       1.0110278    0.0088443232   2.1257968e-09      0.95382254      0.84625713      0.27296427      0.80722502       16.424305       1027.3478       1466.2198      -20.581651       -21.390446         0.80879538       2826.4681                 21.039851                 396.75758                                599.08408                      10.466287                   16.424305                  1466.2198       176.31294        140.16328
              1       1391.7659     0.022589495       69.942029       3.0567318      0.97680151       8.1308835      0.72440017      0.10666834     0.067420353       1.0065302       1.0037677       1.0032758       1.0015141       1.0101205    0.0088443232   2.1257968e-09      0.95382254      0.84625713      0.27296427      0.80722502       16.424305       1027.3478       1466.2198      -20.785145       -21.593941         0.80879538       2825.1021                 21.039851                 396.75758                                599.08408                      10.466287                   16.424305                  1466.2198       176.31294        138.79729
              2       1391.1348     0.022589495       69.942029       3.0567318      0.97680151       8.1308835      0.72440017      0.10666834     0.067420353       1.0065302       1.0035261       1.0042498      0.99883032       1.0089888    0.0088443232   2.1257968e-09      0.95382254      0.84625713      0.27296427      0.80722502       16.424305       1027.3478       1466.2198       -21.11054       -21.919335         0.80879538       2824.4906                 21.039851                 396.75758                                599.08408                      10.466287                   16.424305                  1466.2198       175.82582         138.6729
              1        1390.643     0.022589495       69.942029       3.0567318      0.97680151       8.1308835      0.72440017      0.10666834     0.067420353       1.0065302       1.0035261       1.0042498      0.99895427       1.0043774    0.0088443232   2.1257968e-09      0.95382254      0.84625713      0.27296427      0.80722502       16.424305       1027.3478       1466.2198      -21.700449       -22.509245         0.80879538       2824.6869                 21.039851                 396.75758                                599.08408                      10.466287                   16.424305                  1466.2198       175.82582        138.86917
              1       1387.6429     0.022589495       69.942029       3.0567318      0.97680151       8.1308835      0.72440017      0.10666834     0.067420353       1.0043799       1.0035246       1.0050616      0.99915982       1.0046897    0.0088443232   2.1257968e-09      0.95382254      0.84625713      0.27296427      0.80722502       16.424305        1025.409       1466.2198      -23.560683       -24.369478         0.80879538       2822.4071                 21.241928                 396.78864                                597.60754                      9.7708643                   16.424305                  1466.2198       175.70015        138.65392
              1       1390.6077     0.022589495       69.942029       3.0567318      0.97680151       8.1308835      0.72440017      0.10666834     0.067420353       1.0043799       1.0035246       1.0050616      0.99986317       1.0134299    0.0088443232   2.1257968e-09      0.95382254      0.84625713      0.27296427      0.80722502       16.424305        1025.409       1466.2198      -22.079527       -22.888323         0.80879538       2825.3745                 21.241928                 396.78864                                597.60754                      9.7708643                   16.424305                  1466.2198       175.70015        141.62131
              1       1388.7622     0.022589495       69.942029       3.0567318      0.97680151       8.1308835      0.72440017      0.10666834     0.067420353       1.0043799       1.0030501        1.008738       1.0018936       1.0085355    0.0088443232   2.1257968e-09      0.95382254      0.84625713      0.27296427      0.80722502       16.424305        1025.409       1466.2198        -23.1814       -23.990195         0.80879538       2823.8873                 21.241928                 396.78864                                597.60754                      9.7708643                   16.424305                  1466.2198       177.54456        138.28967
              2       1389.5314     0.022589495       69.942029       3.0567318      0.97680151       8.1308835      0.72440017      0.10666834     0.067420353       1.0059119       1.0030512       1.0081596       1.0017471        1.008313    0.0088443232   2.1257968e-09      0.95382254      0.84625713      0.27296427      0.80722502       16.424305       1025.2133       1466.2198      -21.968341       -22.777136         0.80879538       2822.9996                 21.096473                 396.77332                                597.10345                      10.240044                   16.424305                  1466.2198       176.94609        138.19614
              1       1387.9371     0.022589495       69.942029       3.0567318      0.97680151       8.1308835      0.72440017      0.10666834     0.067420353       1.0049291       1.0036377       1.0051305       1.0017704       1.0084258    0.0088443232   2.1257968e-09      0.95382254      0.84625713      0.27296427      0.80722502       16.424305       1024.4208       1466.2198        -22.5829       -23.391695         0.80879538       2821.0399                 21.188951                 396.77195                                596.53593                      9.9239973                   16.424305                  1466.2198       175.74847        138.22656
              1       1387.9583     0.022589495       69.942029       3.0567318      0.97680151       8.1308835      0.72440017      0.10666834     0.067420353       1.0049291       1.0036377       1.0051305       1.0027749       1.0057514    0.0088443232   2.1257968e-09      0.95382254      0.84625713      0.27296427      0.80722502       16.424305       1024.4208       1466.2198      -22.828355       -23.637151         0.80879538       2821.5733                 21.188951                 396.77195                                596.53593                      9.9239973                   16.424305                  1466.2198       175.74847        138.75998
              2       1388.5457     0.022589495       69.942029       3.0567318      0.97680151       8.1308835      0.72440017      0.10666834     0.067420353       1.0049291       1.0036377       1.0051305      0.99706297       1.0041172    0.0088443232   2.1257968e-09      0.95382254      0.84625713      0.27296427      0.80722502       16.424305       1024.4208       1466.2198      -22.957957       -23.766752         0.80879538       2823.0073                 21.188951                 396.77195                                596.53593                      9.9239973                   16.424305                  1466.2198       175.74847        140.19394
              1       1388.9347     0.022589495       69.942029       3.0567318      0.97680151       8.1308835      0.72440017      0.10666834     0.067420353       1.0046622       1.0036375       1.0052312       1.0043538       1.0075342    0.0088443232   2.1257968e-09      0.95382254      0.84625713      0.27296427      0.80722502       16.424305       1024.7752       1466.2198      -22.530042       -23.338837         0.80879538       2822.9294                 21.214585                  396.7812                                  596.932                      9.8474547                   16.424305                  1466.2198       175.75284        139.75728
              1       1387.5427     0.022589495       69.942029       3.0567318      0.97680151       8.1308835      0.72440017      0.10666834     0.067420353       1.0046622        1.003655       1.0050942       1.0014292       1.0052599    0.0088443232   2.1257968e-09      0.95382254      0.84625713      0.27296427      0.80722502       16.424305       1024.7752       1466.2198      -23.217659       -24.026455         0.80879538       2821.5207                 21.214585                  396.7812                                  596.932                      9.8474547                   16.424305                  1466.2198       175.75616        138.34526
              1       1388.6828     0.022589495       69.942029       3.0567318      0.97680151       8.1308835      0.72440017      0.10666834     0.067420353       1.0046622       1.0047217       1.0031216       1.0013706       1.0054238    0.0088443232   2.1257968e-09      0.95382254      0.84625713      0.27296427      0.80722502       16.424305       1024.7752       1466.2198      -22.708745        -23.51754         0.80879538       2822.7831                 21.214585                  396.7812                                  596.932                      9.8474547                   16.424305                  1466.2198       177.08881        138.27501
              1       1389.6912     0.022589495       69.942029       3.0567318      0.97680151       8.1308835      0.72440017      0.10666834     0.067420353       1.0046622       1.0049405       1.0035233       1.0035728       1.0064068    0.0088443232   2.1257968e-09      0.95382254      0.84625713      0.27296427      0.80722502       16.424305       1024.7752       1466.2198      -22.211292       -23.020087         0.80879538        2823.805                 21.214585                  396.7812                                  596.932                      9.8474547                   16.424305                  1466.2198        177.2252        139.16049
              1       1389.4529     0.022589495       69.942029       3.0567318      0.97680151       8.1308835      0.72440017      0.10666834     0.067420353       1.0046622        1.004711       1.0055513       1.0036121       1.0064548    0.0088443232   2.1257968e-09      0.95382254      0.84625713      0.27296427      0.80722502       16.424305       1024.7752       1466.2198      -22.321494       -23.130289         0.80879538       2823.5488                 21.214585                  396.7812                                  596.932                      9.8474547                   16.424305                  1466.2198       176.94612        139.18333
              1       1390.4509     0.022589495       69.942029       3.0567318      0.97680151       8.1308835      0.72440017      0.10666834     0.067420353       1.0046622       1.0056179        1.004399       1.0031483       1.0060207    0.0088443232   2.1257968e-09      0.95382254      0.84625713      0.27296427      0.80722502       16.424305       1024.7752       1466.2198      -21.930076       -22.738871         0.80879538       2824.7619                 21.214585                  396.7812                                  596.932                      9.8474547                   16.424305                  1466.2198       178.41438        138.92821
              1       1390.7262     0.022589495       69.942029       3.0567318      0.97680151       8.1308835      0.72440017      0.10666834     0.067420353       1.0046622       1.0056179        1.004399       1.0035135       1.0049041    0.0088443232   2.1257968e-09      0.95382254      0.84625713      0.27296427      0.80722502       16.424305       1024.7752       1466.2198      -21.985135        -22.79393         0.80879538       2825.4226                 21.214585                  396.7812                                  596.932                      9.8474547                   16.424305                  1466.2198       178.41438        139.58896
              1       1389.6763     0.022589495       69.942029       3.0567318      0.97680151       8.1308835      0.72440017      0.10666834     0.067420353       1.0046622       1.0007702       1.0105566       1.0013568       1.0086142    0.0088443232   2.1257968e-09      0.95382254      0.84625713      0.27296427      0.80722502       16.424305       1024.7752       1466.2198      -23.491633       -24.300428         0.80879538        2826.336                 21.214585                  396.7812                                  596.932                      9.8474547                   16.424305                  1466.2198       180.74358        138.17308
              1       1390.2941     0.022589495       69.942029       3.0567318      0.97680151       8.1308835      0.72440017      0.10666834     0.067420353       1.0046622       0.9997058       1.0102449       0.9994036       1.0039275    0.0088443232   2.1257968e-09      0.95382254      0.84625713      0.27296427      0.80722502       16.424305       1024.7752       1466.2198      -24.112673       -24.921468         0.80879538       2828.8135                 21.214585                  396.7812                                  596.932                      9.8474547                   16.424305                  1466.2198       182.43085        138.96336
              1       1389.7248     0.022589495       69.942029       3.0567318      0.97680151       8.1308835      0.72440017      0.10666834     0.067420353       1.0046622        1.003602       1.0007135      0.99754786       1.0055951    0.0088443232   2.1257968e-09      0.95382254      0.84625713      0.27296427      0.80722502       16.424305       1024.7752       1466.2198      -23.106149       -23.914945         0.80879538       2825.6619                 21.214585                  396.7812                                  596.932                      9.8474547                   16.424305                  1466.2198       178.99268        139.24991
              1       1390.0987     0.022589495       69.942029       3.0567318      0.97680151       8.1308835      0.72440017      0.10666834     0.067420353       1.0040972       1.0036016       1.0009268       1.0030265       1.0081431    0.0088443232   2.1257968e-09      0.95382254      0.84625713      0.27296427      0.80722502       16.424305       1026.3098       1466.2198      -23.092979       -23.901775         0.80879538       2826.3834                 21.269565                 396.79222                                598.54939                      9.6986312                   16.424305                  1466.2198       178.67931        138.75026
              2       1388.6447     0.022589495       69.942029       3.0567318      0.97680151       8.1308835      0.72440017      0.10666834     0.067420353       1.0040972        1.003491       1.0052598      0.99712002       1.0060357    0.0088443232   2.1257968e-09      0.95382254      0.84625713      0.27296427      0.80722502       16.424305       1026.3098       1466.2198      -23.440699       -24.249494         0.80879538       2824.1709                 21.269565                 396.79222                                598.54939                      9.6986312                   16.424305                  1466.2198       175.69078         139.5262
              1       1390.8587     0.022589495       69.942029       3.0567318      0.97680151       8.1308835      0.72440017      0.10666834     0.067420353       1.0040972       1.0006969       1.0044553      0.99795047       1.0002956    0.0088443232   2.1257968e-09      0.95382254      0.84625713      0.27296427      0.80722502       16.424305       1026.3098       1466.2198      -24.536098       -25.344894         0.80879538       2830.7896                 21.269565                 396.79222                                598.54939                      9.6986312                   16.424305                  1466.2198       178.96625        142.86943
              2       1390.1502     0.022589495       69.942029       3.0567318      0.97680151       8.1308835      0.72440017      0.10666834     0.067420353       1.0040972       1.0008176       1.0086317      0.99763572        1.001627    0.0088443232   2.1257968e-09      0.95382254      0.84625713      0.27296427      0.80722502       16.424305       1026.3098       1466.2198      -24.467276       -25.276071         0.80879538       2829.2349                 21.269565                 396.79222                                598.54939                      9.6986312                   16.424305                  1466.2198       178.69394        141.58711
              1       1389.3775     0.022589495       69.942029       3.0567318      0.97680151       8.1308835      0.72440017      0.10666834     0.067420353       1.0040972       1.0008176       1.0086317      0.99829452       1.0029241    0.0088443232   2.1257968e-09      0.95382254      0.84625713      0.27296427      0.80722502       16.424305       1026.3098       1466.2198      -24.477926       -25.286721         0.80879538       2827.7108                 21.269565                 396.79222                                598.54939                      9.6986312                   16.424305                  1466.2198       178.69394        140.06299
              1       1390.3642     0.022589495       69.942029       3.0567318      0.97680151       8.1308835      0.72440017      0.10666834     0.067420353       1.0040972       1.0003371       1.0072677      0.99643256       1.0077803    0.0088443232   2.1257968e-09      0.95382254      0.84625713      0.27296427      0.80722502       16.424305       1026.3098       1466.2198      -23.773483       -24.582278         0.80879538       2828.2754                 21.269565                 396.79222                                598.54939                      9.6986312                   16.424305                  1466.2198       179.06404        140.25748
              1       1391.5958     0.022589495       69.942029       3.0567318      0.97680151       8.1308835      0.72440017      0.10666834     0.067420353       1.0040972       1.0010813       1.0035843      0.99648436       1.0110278    0.0088443232   2.1257968e-09      0.95382254      0.84625713      0.27296427      0.80722502       16.424305       1026.3098       1466.2198      -23.146117       -23.954912         0.80879538       2829.4839                 21.269565                 396.79222                                598.54939                      9.6986312                   16.424305                  1466.2198       178.77614        141.75386
              1       1388.9436     0.022589495       69.942029       3.0567318      0.97680151       8.1308835      0.72440017      0.10666834     0.067420353       1.0043259       1.0010814       1.0034979        0.997999       1.0054862    0.0088443232   2.1257968e-09      0.95382254      0.84625713      0.27296427      0.80722502       16.424305       1025.5594       1466.2198      -24.064967       -24.873762         0.80879538       2826.0172                 21.247186                 396.78864                                597.76686                      9.7567248                   16.424305                  1466.2198       178.86024        138.95345
              1       1388.8298     0.022589495       69.942029       3.0567318      0.97680151       8.1308835      0.72440017      0.10666834     0.067420353       1.0043259       1.0010814       1.0034979       1.0000076       1.0032532    0.0088443232   2.1257968e-09      0.95382254      0.84625713      0.27296427      0.80722502       16.424305       1025.5594       1466.2198      -24.348883       -25.157679         0.80879538       2826.3573                 21.247186                 396.78864                                597.76686                      9.7567248                   16.424305                  1466.2198       178.86024        139.29356
              1        1388.909     0.022589495       69.942029       3.0567318      0.97680151       8.1308835      0.72440017      0.10666834     0.067420353       1.0038935       1.0010811       1.0036612       1.0001008       1.0049556    0.0088443232   2.1257968e-09      0.95382254      0.84625713      0.27296427      0.80722502       16.424305       1027.1247       1466.2198      -24.500855        -25.30965         0.80879538       2826.8196                 21.289641                 396.79222                                599.39346                      9.6493433                   16.424305                  1466.2198       178.70337        138.34755
              1       1389.1681     0.022589495       69.942029       3.0567318      0.97680151       8.1308835      0.72440017      0.10666834     0.067420353       1.0038935        1.000311       1.0065043       1.0009372       1.0043334    0.0088443232   2.1257968e-09      0.95382254      0.84625713      0.27296427      0.80722502       16.424305       1027.1247       1466.2198      -24.593562       -25.402357         0.80879538       2827.5232                 21.289641                 396.79222                                599.39346                      9.6493433                   16.424305                  1466.2198        179.1001         138.6544
              1       1389.0823     0.022589495       69.942029       3.0567318      0.97680151       8.1308835      0.72440017      0.10666834     0.067420353       1.0038935        1.000311       1.0065043       1.0012835       1.0055348    0.0088443232   2.1257968e-09      0.95382254      0.84625713      0.27296427      0.80722502       16.424305       1027.1247       1466.2198      -24.462332       -25.271127         0.80879538       2827.0894                 21.289641                 396.79222                                599.39346                      9.6493433                   16.424305                  1466.2198        179.1001        138.22054
              1        1389.008     0.022589495       69.942029       3.0567318      0.97680151       8.1308835      0.72440017      0.10666834     0.067420353       1.0038935        1.000311       1.0065043       1.0003754       1.0063677    0.0088443232   2.1257968e-09      0.95382254      0.84625713      0.27296427      0.80722502       16.424305       1027.1247       1466.2198      -24.405916       -25.214711         0.80879538       2826.8278                 21.289641                 396.79222                                599.39346                      9.6493433                   16.424305                  1466.2198        179.1001          137.959
              1       1389.6591     0.022589495       69.942029       3.0567318      0.97680151       8.1308835      0.72440017      0.10666834     0.067420353       1.0038935       1.0002895       1.0064702      0.99917177       1.0088339    0.0088443232   2.1257968e-09      0.95382254      0.84625713      0.27296427      0.80722502       16.424305       1027.1247       1466.2198      -24.038439       -24.847234         0.80879538       2827.3951                 21.289641                 396.79222                                599.39346                      9.6493433                   16.424305                  1466.2198       179.15862        138.46774
              2       1389.2204     0.022589495       69.942029       3.0567318      0.97680151       8.1308835      0.72440017      0.10666834     0.067420353       1.0038935       1.0002895       1.0064702       1.0016967         1.00519    0.0088443232   2.1257968e-09      0.95382254      0.84625713      0.27296427      0.80722502       16.424305       1027.1247       1466.2198      -24.467485        -25.27628         0.80879538       2827.3758                 21.289641                 396.79222                                599.39346                      9.6493433                   16.424305                  1466.2198       179.15862        138.44846
              1       1389.3826     0.022589495       69.942029       3.0567318      0.97680151       8.1308835      0.72440017      0.10666834     0.067420353       1.0038935       1.0010008       1.0087837      0.99804626       1.0041291    0.0088443232   2.1257968e-09      0.95382254      0.84625713      0.27296427      0.80722502       16.424305       1027.1247       1466.2198      -24.486764       -25.295559         0.80879538       2827.7388                 21.289641                 396.79222                                599.39346                      9.6493433                   16.424305                  1466.2198       178.52229         139.4478
              1       1389.8187     0.022589495       69.942029       3.0567318      0.97680151       8.1308835      0.72440017      0.10666834     0.067420353          1.0033       1.0021635        1.007729      0.99805598       1.0045784    0.0088443232   2.1257968e-09      0.95382254      0.84625713      0.27296427      0.80722502       16.424305       1030.3108       1466.2198      -24.587841       -25.396636         0.80879538        2828.813                 21.348846                 396.80097                                 602.6418                      9.5191575                   16.424305                  1466.2198       176.62843        139.22977
              1       1389.8535     0.022589495       69.942029       3.0567318      0.97680151       8.1308835      0.72440017      0.10666834     0.067420353          1.0033       1.0020555       1.0079785      0.99839467       1.0041017    0.0088443232   2.1257968e-09      0.95382254      0.84625713      0.27296427      0.80722502       16.424305       1030.3108       1466.2198      -24.682114       -25.490909         0.80879538       2829.0712                 21.348846                 396.80097                                 602.6418                      9.5191575                   16.424305                  1466.2198       176.85417        139.26215
              1       1391.1359     0.022589495       69.942029       3.0567318      0.97680151       8.1308835      0.72440017      0.10666834     0.067420353       1.0068125        1.002058       1.0066524        1.001058       1.0059102    0.0088443232   2.1257968e-09      0.95382254      0.84625713      0.27296427      0.80722502       16.424305       1028.7504       1466.2198       -21.70481       -22.513605         0.80879538       2825.6815                 21.014385                 396.75668                                600.40277                      10.576568                   16.424305                  1466.2198       176.20712         138.0799
              1       1387.3779     0.022589495       69.942029       3.0567318      0.97680151       8.1308835      0.72440017      0.10666834     0.067420353       1.0046364       1.0020564       1.0074739        1.001266       1.0062262    0.0088443232   2.1257968e-09      0.95382254      0.84625713      0.27296427      0.80722502       16.424305       1024.8212       1466.2198      -23.649975        -24.45877         0.80879538       2822.0558                  21.21707                  396.7812                                596.98269                      9.8402802                   16.424305                  1466.2198       176.53862        138.05191
              1       1388.3888     0.022589495       69.942029       3.0567318      0.97680151       8.1308835      0.72440017      0.10666834     0.067420353       1.0046364       1.0020564       1.0074739      0.99860838       1.0019634    0.0088443232   2.1257968e-09      0.95382254      0.84625713      0.27296427      0.80722502       16.424305       1024.8212       1466.2198      -23.971956       -24.780751         0.80879538       2824.7214                  21.21707                  396.7812                                596.98269                      9.8402802                   16.424305                  1466.2198       176.53862        140.71748
              1       1388.0994     0.022589495       69.942029       3.0567318      0.97680151       8.1308835      0.72440017      0.10666834     0.067420353       1.0046364       1.0020564       1.0074739       1.0032934       1.0054005    0.0088443232   2.1257968e-09      0.95382254      0.84625713      0.27296427      0.80722502       16.424305       1024.8212       1466.2198      -23.511537       -24.320332         0.80879538       2823.2219                  21.21707                  396.7812                                596.98269                      9.8402802                   16.424305                  1466.2198       176.53862        139.21796
              1        1388.722     0.022589495       69.942029       3.0567318      0.97680151       8.1308835      0.72440017      0.10666834     0.067420353       1.0052805       1.0019589       1.0023746        1.001845       1.0048929    0.0088443232   2.1257968e-09      0.95382254      0.84625713      0.27296427      0.80722502       16.424305       1024.3284       1466.2198      -23.256308       -24.065103         0.80879538       2823.9566                 21.155539                 396.76846                                596.37357                       10.03083                   16.424305                  1466.2198       178.36462        138.61955
              1       1388.8836     0.022589495       69.942029       3.0567318      0.97680151       8.1308835      0.72440017      0.10666834     0.067420353       1.0052805       1.0019589       1.0023746       1.0022989       1.0047593    0.0088443232   2.1257968e-09      0.95382254      0.84625713      0.27296427      0.80722502       16.424305       1024.3284       1466.2198      -23.221863       -24.030658         0.80879538        2824.211                 21.155539                 396.76846                                596.37357                       10.03083                   16.424305                  1466.2198       178.36462        138.87393
              1       1389.2482     0.022589495       69.942029       3.0567318      0.97680151       8.1308835      0.72440017      0.10666834     0.067420353       1.0052805       1.0042153       1.0060676       1.0008787       1.0100692    0.0088443232   2.1257968e-09      0.95382254      0.84625713      0.27296427      0.80722502       16.424305       1024.3284       1466.2198      -21.814936       -22.623732         0.80879538       2822.1262                 21.155539                 396.76846                                596.37357                       10.03083                   16.424305                  1466.2198       176.45868        138.69508
              1       1389.9135     0.022589495       69.942029       3.0567318      0.97680151       8.1308835      0.72440017      0.10666834     0.067420353       1.0052805       1.0024637       1.0054566       1.0031276       1.0120046    0.0088443232   2.1257968e-09      0.95382254      0.84625713      0.27296427      0.80722502       16.424305       1024.3284       1466.2198      -21.837278       -22.646073         0.80879538       2823.5016                 21.155539                 396.76846                                596.37357                       10.03083                   16.424305                  1466.2198       175.80894        140.72021
              1       1392.3462     0.022589495       69.942029       3.0567318      0.97680151       8.1308835      0.72440017      0.10666834     0.067420353       1.0052947       1.0024101       1.0065336      0.99853134       1.0150136    0.0088443232   2.1257968e-09      0.95382254      0.84625713      0.27296427      0.80722502       16.424305       1024.3335       1466.2198       -21.25974       -22.068535         0.80879538       2827.2119                 21.154194                 396.76846                                596.37557                      10.035301                   16.424305                  1466.2198       175.95403         144.2803
              1       1390.0358     0.022589495       69.942029       3.0567318      0.97680151       8.1308835      0.72440017      0.10666834     0.067420353       1.0052947       1.0020319       1.0109674      0.99867072       1.0036539    0.0088443232   2.1257968e-09      0.95382254      0.84625713      0.27296427      0.80722502       16.424305       1024.3335       1466.2198      -23.368849       -24.177644         0.80879538       2826.8094                 21.154194                 396.76846                                596.37557                      10.035301                   16.424305                  1466.2198       180.44913        139.38268
              1       1390.2672     0.022589495       69.942029       3.0567318      0.97680151       8.1308835      0.72440017      0.10666834     0.067420353       1.0047644       1.0020316       1.0111676      0.99754947       1.0072622    0.0088443232   2.1257968e-09      0.95382254      0.84625713      0.27296427      0.80722502       16.424305       1024.6147       1466.2198      -23.317976       -24.126772         0.80879538       2827.1704                  21.20474                  396.7812                                596.75243                      9.8763023                   16.424305                  1466.2198       180.79361        139.11804
              1       1389.7778     0.022589495       69.942029       3.0567318      0.97680151       8.1308835      0.72440017      0.10666834     0.067420353       1.0047644       1.0004385       1.0098282      0.99756573       1.0067949    0.0088443232   2.1257968e-09      0.95382254      0.84625713      0.27296427      0.80722502       16.424305       1024.6147       1466.2198       -23.60069       -24.409485         0.80879538        2826.757                  21.20474                  396.7812                                596.75243                      9.8763023                   16.424305                  1466.2198       180.40813        139.09018
              1       1390.8182     0.022589495       69.942029       3.0567318      0.97680151       8.1308835      0.72440017      0.10666834     0.067420353       1.0047644      0.99974943       1.0076954       1.0017762       1.0008368    0.0088443232   2.1257968e-09      0.95382254      0.84625713      0.27296427      0.80722502       16.424305       1024.6147       1466.2198      -24.106768       -24.915563         0.80879538         2829.85                  21.20474                  396.7812                                596.75243                      9.8763023                   16.424305                  1466.2198       180.69476        141.89648
              1       1391.5438     0.022589495       69.942029       3.0567318      0.97680151       8.1308835      0.72440017      0.10666834     0.067420353       1.0047644      0.99945013        1.005575       1.0016933       1.0007283    0.0088443232   2.1257968e-09      0.95382254      0.84625713      0.27296427      0.80722502       16.424305       1024.6147       1466.2198      -24.102196       -24.910991         0.80879538        2831.292                  21.20474                  396.7812                                596.75243                      9.8763023                   16.424305                  1466.2198       182.03888        141.99438
              1       1391.5787     0.022589495       69.942029       3.0567318      0.97680151       8.1308835      0.72440017      0.10666834     0.067420353       1.0047644      0.99945013        1.005575       1.0040441       1.0092683    0.0088443232   2.1257968e-09      0.95382254      0.84625713      0.27296427      0.80722502       16.424305       1024.6147       1466.2198      -22.960069       -23.768864         0.80879538       2829.0775                  21.20474                  396.7812                                596.75243                      9.8763023                   16.424305                  1466.2198       182.03888        139.77988
              1       1392.1912     0.022589495       69.942029       3.0567318      0.97680151       8.1308835      0.72440017      0.10666834     0.067420353       1.0047644       1.0004141       1.0016085       1.0039549        1.009303    0.0088443232   2.1257968e-09      0.95382254      0.84625713      0.27296427      0.80722502       16.424305       1024.6147       1466.2198      -22.978936       -23.787731         0.80879538       2830.3404                  21.20474                  396.7812                                596.75243                      9.8763023                   16.424305                  1466.2198       183.36606        139.71556
              1       1391.1411     0.022589495       69.942029       3.0567318      0.97680151       8.1308835      0.72440017      0.10666834     0.067420353       1.0047644       1.0004141       1.0016085       1.0023627        1.008354    0.0088443232   2.1257968e-09      0.95382254      0.84625713      0.27296427      0.80722502       16.424305       1024.6147       1466.2198      -23.386936       -24.195731         0.80879538       2829.0562                  21.20474                  396.7812                                596.75243                      9.8763023                   16.424305                  1466.2198       183.36606        138.43137
              1       1388.0994     0.022589495       69.942029       3.0567318      0.97680151       8.1308835      0.72440017      0.10666834     0.067420353       1.0047644       1.0029833       1.0027944       1.0008627       1.0086222    0.0088443232   2.1257968e-09      0.95382254      0.84625713      0.27296427      0.80722502       16.424305       1024.6147       1466.2198       -22.97891       -23.787705         0.80879538       2822.1567                  21.20474                  396.7812                                596.75243                      9.8763023                   16.424305                  1466.2198        176.7814        138.11653
              3       1387.9414     0.022589495       69.942029       3.0567318      0.97680151       8.1308835      0.72440017      0.10666834     0.067420353       1.0047644       1.0012899       1.0070901       1.0026205       1.0057455    0.0088443232   2.1257968e-09      0.95382254      0.84625713      0.27296427      0.80722502       16.424305       1024.6147       1466.2198      -23.620097       -24.428893         0.80879538       2823.1231                  21.20474                  396.7812                                596.75243                      9.8763023                   16.424305                  1466.2198       177.19159        138.67276
              1       1388.5239     0.022589495       69.942029       3.0567318      0.97680151       8.1308835      0.72440017      0.10666834     0.067420353       1.0047644       1.0021381        1.009278       1.0026363       1.0060709    0.0088443232   2.1257968e-09      0.95382254      0.84625713      0.27296427      0.80722502       16.424305       1024.6147       1466.2198      -23.420109       -24.228904         0.80879538       2823.8881                  21.20474                  396.7812                                596.75243                      9.8763023                   16.424305                  1466.2198       178.03073        138.59859
              1        1387.558     0.022589495       69.942029       3.0567318      0.97680151       8.1308835      0.72440017      0.10666834     0.067420353       1.0047644       1.0026478       1.0038013       1.0015228       1.0075356    0.0088443232   2.1257968e-09      0.95382254      0.84625713      0.27296427      0.80722502       16.424305       1024.6147       1466.2198      -23.210942       -24.019737         0.80879538       2821.5379                  21.20474                  396.7812                                596.75243                      9.8763023                   16.424305                  1466.2198       176.24431        138.03481
              1       1388.4002     0.022589495       69.942029       3.0567318      0.97680151       8.1308835      0.72440017      0.10666834     0.067420353       1.0047644       1.0030448       1.0021672      0.99959425       1.0033003    0.0088443232   2.1257968e-09      0.95382254      0.84625713      0.27296427      0.80722502       16.424305       1024.6147       1466.2198      -23.572975        -24.38177         0.80879538       2823.9463                  21.20474                  396.7812                                596.75243                      9.8763023                   16.424305                  1466.2198        177.3692        139.31831
              1       1389.3531     0.022589495       69.942029       3.0567318      0.97680151       8.1308835      0.72440017      0.10666834     0.067420353       1.0047644       1.0030443       1.0020464       1.0014777       1.0106047    0.0088443232   2.1257968e-09      0.95382254      0.84625713      0.27296427      0.80722502       16.424305       1024.6147       1466.2198      -22.562188       -23.370983         0.80879538       2823.8305                  21.20474                  396.7812                                596.75243                      9.8763023                   16.424305                  1466.2198       177.50481        139.06697
              1        1388.099     0.022589495       69.942029       3.0567318      0.97680151       8.1308835      0.72440017      0.10666834     0.067420353       1.0047644       1.0030443       1.0020464      0.99995455       1.0065815    0.0088443232   2.1257968e-09      0.95382254      0.84625713      0.27296427      0.80722502       16.424305       1024.6147       1466.2198      -23.270416       -24.079212         0.80879538       2822.7387                  21.20474                  396.7812                                596.75243                      9.8763023                   16.424305                  1466.2198       177.50481         137.9752
              1        1389.339     0.022589495       69.942029       3.0567318      0.97680151       8.1308835      0.72440017      0.10666834     0.067420353       1.0047644       1.0030443       1.0020464       1.0019586       1.0103725    0.0088443232   2.1257968e-09      0.95382254      0.84625713      0.27296427      0.80722502       16.424305       1024.6147       1466.2198      -22.567288       -23.376083         0.80879538       2823.8126                  21.20474                  396.7812                                596.75243                      9.8763023                   16.424305                  1466.2198       177.50481         139.0491
              1       1389.8937     0.022589495       69.942029       3.0567318      0.97680151       8.1308835      0.72440017      0.10666834     0.067420353       1.0047644       1.0018651       1.0061974       1.0011012        1.012973    0.0088443232   2.1257968e-09      0.95382254      0.84625713      0.27296427      0.80722502       16.424305       1024.6147       1466.2198       -22.37965       -23.188446         0.80879538       2824.5466                  21.20474                  396.7812                                596.75243                      9.8763023                   16.424305                  1466.2198       176.30777        140.98012
              1       1387.1569     0.022589495       69.942029       3.0567318      0.97680151       8.1308835      0.72440017      0.10666834     0.067420353       1.0047644       1.0018651       1.0061974       1.0006067       1.0064427    0.0088443232   2.1257968e-09      0.95382254      0.84625713      0.27296427      0.80722502       16.424305       1024.6147       1466.2198      -23.600071       -24.408866         0.80879538       2821.5139                  21.20474                  396.7812                                596.75243                      9.8763023                   16.424305                  1466.2198       176.30777        137.94739
              1       1389.2446     0.022589495       69.942029       3.0567318      0.97680151       8.1308835      0.72440017      0.10666834     0.067420353       1.0047644       1.0014164       1.0016485       1.0014261       1.0055272    0.0088443232   2.1257968e-09      0.95382254      0.84625713      0.27296427      0.80722502       16.424305       1024.6147       1466.2198      -23.744213       -24.553008         0.80879538       2825.9777                  21.20474                  396.7812                                596.75243                      9.8763023                   16.424305                  1466.2198       180.46312        138.25584
              2       1388.3916     0.022573837       69.889114       3.0575817      0.97730021       8.1018721      0.72300264      0.10517777     0.069908432       1.0047135       1.0014898       1.0017667       1.0014898       1.0056812     0.009452407   2.1276042e-09      0.95378464      0.84807197      0.27437049      0.81103722       16.186499       1023.0765       1466.1448      -23.806857       -24.558834         0.75197709       2824.3968                 21.193974                 396.67288                                595.41559                      9.7940664                   16.186499                  1466.1448       179.31505        139.67397
              1       1386.2604     0.022573837       69.889114       3.0575817      0.97730021       8.1018721      0.72300264      0.10517777     0.069908432       1.0047135       1.0035263       1.0038492       1.0014752       1.0062978     0.009452407   2.1276042e-09      0.95378464      0.84807197      0.27437049      0.81103722       16.186499       1023.0765       1466.1448      -23.170536       -23.922513         0.75197709       2818.8619                 21.193974                 396.67288                                595.41559                      9.7940664                   16.186499                  1466.1448       173.96931        139.48477
              1       1393.4381     0.022573837       69.889114       3.0575817      0.97730021       8.1018721      0.72300264      0.10517777     0.069908432       1.0047135       1.0023075       1.0122816      0.99664148      0.99917819     0.009452407   2.1276042e-09      0.95378464      0.84807197      0.27437049      0.81103722       16.186499       1023.0765       1466.1448      -23.708588       -24.460566         0.75197709       2834.2934                 21.193974                 396.67288                                595.41559                      9.7940664                   16.186499                  1466.1448       180.79074         148.0948
              1       1389.7246     0.022573837       69.889114       3.0575817      0.97730021       8.1018721      0.72300264      0.10517777     0.069908432       1.0047135       1.0008438       1.0017547        1.000653       1.0033275     0.009452407   2.1276042e-09      0.95378464      0.84807197      0.27437049      0.81103722       16.186499       1023.0765       1466.1448      -24.135667       -24.887644         0.75197709       2827.7205                 21.193974                 396.67288                                595.41559                      9.7940664                   16.186499                  1466.1448       181.30276        141.00992
              1       1389.5489     0.022573837       69.889114       3.0575817      0.97730021       8.1018721      0.72300264      0.10517777     0.069908432       1.0047135       1.0010563       1.0112444       1.0014616       1.0022103     0.009452407   2.1276042e-09      0.95378464      0.84807197      0.27437049      0.81103722       16.186499       1023.0765       1466.1448      -24.129361       -24.881338         0.75197709       2827.3566                 21.193974                 396.67288                                595.41559                      9.7940664                   16.186499                  1466.1448        179.8912        142.05754
              1       1390.5361     0.022573837       69.889114       3.0575817      0.97730021       8.1018721      0.72300264      0.10517777     0.069908432       1.0046506       1.0050093        1.009139       1.0006962        1.000884     0.009452407   2.1276042e-09      0.95378464      0.84807197      0.27437049      0.81103722       16.186499       1023.2336       1466.1448      -22.924212       -23.676189         0.75197709       2826.9206                 21.199982                 396.66745                                595.58626                      9.7799502                   16.186499                  1466.1448       177.84215        143.51349
              1       1390.3623     0.022573837       69.889114       3.0575817      0.97730021       8.1018721      0.72300264      0.10517777     0.069908432       1.0046506      0.99959507       1.0077272       1.0037048       1.0030269     0.009452407   2.1276042e-09      0.95378464      0.84807197      0.27437049      0.81103722       16.186499       1023.2336       1466.1448      -23.901486       -24.653464         0.75197709       2828.5276                 21.199982                 396.66745                                595.58626                      9.7799502                   16.186499                  1466.1448       180.68771        142.27492
              1       1389.8258     0.022573837       69.889114       3.0575817      0.97730021       8.1018721      0.72300264      0.10517777     0.069908432       1.0046506      0.99959507       1.0077272      0.99966371       1.0024775     0.009452407   2.1276042e-09      0.95378464      0.84807197      0.27437049      0.81103722       16.186499       1023.2336       1466.1448      -24.267711       -25.019688         0.75197709       2828.1871                 21.199982                 396.66745                                595.58626                      9.7799502                   16.186499                  1466.1448       180.68771        141.93445
              1       1390.0039     0.022573837       69.889114       3.0575817      0.97730021       8.1018721      0.72300264      0.10517777     0.069908432       1.0046506      0.99959507       1.0077272      0.99898637       1.0024347     0.009452407   2.1276042e-09      0.95378464      0.84807197      0.27437049      0.81103722       16.186499       1023.2336       1466.1448      -24.247022       -24.998999         0.75197709       2828.5019                 21.199982                 396.66745                                595.58626                      9.7799502                   16.186499                  1466.1448       180.68771        142.24922
              2       1391.4384     0.022573837       69.889114       3.0575817      0.97730021       8.1018721      0.72300264      0.10517777     0.069908432       1.0054634       1.0019331       1.0023083       1.0025887       1.0144591     0.009452407   2.1276042e-09      0.95378464      0.84807197      0.27437049      0.81103722       16.186499       1022.1667       1466.1448      -21.328337       -22.080314         0.75197709       2825.5335                 21.123329                 396.67294                                594.39112                      9.9793466                   16.186499                  1466.1448       177.41936         143.6161
              1       1391.3112     0.022573837       69.889114       3.0575817      0.97730021       8.1018721      0.72300264      0.10517777     0.069908432       1.0054126       1.0039307       1.0102137       1.0051857       1.0020569     0.009452407   2.1276042e-09      0.95378464      0.84807197      0.27437049      0.81103722       16.186499       1022.1687       1466.1448      -22.158905       -22.910882         0.75197709       2826.9402                 21.128068                 396.67294                                594.40187                      9.9657848                   16.186499                  1466.1448       177.82626        144.61395
              1       1389.3787     0.022573837       69.889114       3.0575817      0.97730021       8.1018721      0.72300264      0.10517777     0.069908432       1.0054126       1.0039307       1.0102137       1.0020301        1.002571     0.009452407   2.1276042e-09      0.95378464      0.84807197      0.27437049      0.81103722       16.186499       1022.1687       1466.1448      -22.701134       -23.453111         0.75197709       2824.1597                 21.128068                 396.67294                                594.40187                      9.9657848                   16.186499                  1466.1448       177.82626        141.83347
              1       1388.8812     0.022573837       69.889114       3.0575817      0.97730021       8.1018721      0.72300264      0.10517777     0.069908432        1.005174       1.0039305       1.0103038       1.0006946       1.0032546     0.009452407   2.1276042e-09      0.95378464      0.84807197      0.27437049      0.81103722       16.186499       1022.2998       1466.1448      -22.955844       -23.707821         0.75197709       2823.6741                 21.150391                 396.67911                                594.56621                      9.9041075                   16.186499                  1466.1448       177.97751        141.06549
              1       1387.7375     0.022573837       69.889114       3.0575817      0.97730021       8.1018721      0.72300264      0.10517777     0.069908432        1.005174       1.0033912       1.0098301       1.0004411       1.0081111     0.009452407   2.1276042e-09      0.95378464      0.84807197      0.27437049      0.81103722       16.186499       1022.2998       1466.1448      -22.660173        -23.41215         0.75197709       2820.7954                 21.150391                 396.67911                                594.56621                      9.9041075                   16.186499                  1466.1448       176.75861        139.40572
              1       1386.8365     0.022573837       69.889114       3.0575817      0.97730021       8.1018721      0.72300264      0.10517777     0.069908432        1.005174       1.0030266        1.008721       1.0004315       1.0079625     0.009452407   2.1276042e-09      0.95378464      0.84807197      0.27437049      0.81103722       16.186499       1022.2998       1466.1448      -22.812963        -23.56494         0.75197709        2819.299                 21.150391                 396.67911                                594.56621                      9.9041075                   16.186499                  1466.1448       175.27342        139.39447
              1       1386.7072     0.022573837       69.889114       3.0575817      0.97730021       8.1018721      0.72300264      0.10517777     0.069908432        1.005174       1.0029677       1.0088238        1.000822       1.0067015     0.009452407   2.1276042e-09      0.95378464      0.84807197      0.27437049      0.81103722       16.186499       1022.2998       1466.1448      -22.995375       -23.747353         0.75197709       2819.4051                 21.150391                 396.67911                                594.56621                      9.9041075                   16.186499                  1466.1448       175.37918        139.39485
              1       1386.8325     0.022573837       69.889114       3.0575817      0.97730021       8.1018721      0.72300264      0.10517777     0.069908432       1.0055505       1.0015309        1.004922       1.0007583       1.0060928     0.009452407   2.1276042e-09      0.95378464      0.84807197      0.27437049      0.81103722       16.186499       1022.1842       1466.1448      -23.107568       -23.859545         0.75197709       2819.8801                 21.115235                 396.67354                                594.39252                        10.0029                   16.186499                  1466.1448       175.83195        139.53262
              1       1386.8377     0.022573837       69.889114       3.0575817      0.97730021       8.1018721      0.72300264      0.10517777     0.069908432       1.0055505       1.0015309        1.004922       1.0005645       1.0060527     0.009452407   2.1276042e-09      0.95378464      0.84807197      0.27437049      0.81103722       16.186499       1022.1842       1466.1448      -23.118537       -23.870514         0.75197709       2819.9124                 21.115235                 396.67354                                594.39252                        10.0029                   16.186499                  1466.1448       175.83195        139.56497
              1       1386.6824     0.022573837       69.889114       3.0575817      0.97730021       8.1018721      0.72300264      0.10517777     0.069908432       1.0046412       1.0012562       1.0060432        1.000671       1.0061567     0.009452407   2.1276042e-09      0.95378464      0.84807197      0.27437049      0.81103722       16.186499       1023.2589       1466.1448      -23.887208       -24.639185         0.75197709       2821.1392                 21.200874                 396.66745                                 595.6127                       9.777875                   16.186499                  1466.1448       176.02504          139.524
              1       1386.6864     0.022573837       69.889114       3.0575817      0.97730021       8.1018721      0.72300264      0.10517777     0.069908432       1.0052524       1.0012566       1.0058125       1.0006125       1.0060679     0.009452407   2.1276042e-09      0.95378464      0.84807197      0.27437049      0.81103722       16.186499       1022.2423       1466.1448      -23.415491       -24.167468         0.75197709       2820.2039                 21.143031                 396.68381                                594.49143                      9.9240405                   16.186499                  1466.1448        176.0757        139.55457
              1       1386.8296     0.022573837       69.889114       3.0575817      0.97730021       8.1018721      0.72300264      0.10517777     0.069908432       1.0052524       1.0042445       1.0061126       1.0004221       1.0039933     0.009452407   2.1276042e-09      0.95378464      0.84807197      0.27437049      0.81103722       16.186499       1022.2423       1466.1448      -22.704715       -23.456692         0.75197709       2819.0686                 21.143031                 396.68381                                594.49143                      9.9240405                   16.186499                  1466.1448       173.94449        140.55054
              1       1387.2898     0.022573837       69.889114       3.0575817      0.97730021       8.1018721      0.72300264      0.10517777     0.069908432       1.0042239       1.0028629       1.0086384       0.9992558       1.0055395     0.009452407   2.1276042e-09      0.95378464      0.84807197      0.27437049      0.81103722       16.186499       1024.6866       1466.1448      -23.881206       -24.633183         0.75197709       2822.3419                 21.241037                 396.66507                                597.09035                      9.6901225                   16.186499                  1466.1448       175.19969        140.12436
              1       1388.8379     0.022573837       69.889114       3.0575817      0.97730021       8.1018721      0.72300264      0.10517777     0.069908432       1.0044397       1.0028631        1.008557      0.99602569       1.0063664     0.009452407   2.1276042e-09      0.95378464      0.84807197      0.27437049      0.81103722       16.186499       1023.8736       1466.1448      -23.260461       -24.012438         0.75197709       2824.1966                 21.220201                 396.66507                                596.25402                      9.7342714                   16.186499                  1466.1448       175.12178        142.87001
              1       1389.1938     0.022573837       69.889114       3.0575817      0.97730021       8.1018721      0.72300264      0.10517777     0.069908432       1.0041743       1.0028629       1.0086572      0.99605105        1.006405     0.009452407   2.1276042e-09      0.95378464      0.84807197      0.27437049      0.81103722       16.186499       1024.8957       1466.1448      -23.443716       -24.195693         0.75197709        2825.275                 21.245849                 396.66507                                597.30448                      9.6803464                   16.186499                  1466.1448        175.2179        142.83005
              1       1388.3745     0.022573837       69.889114       3.0575817      0.97730021       8.1018721      0.72300264      0.10517777     0.069908432       1.0041743       1.0010604       1.0067221      0.99876535       1.0026915     0.009452407   2.1276042e-09      0.95378464      0.84807197      0.27437049      0.81103722       16.186499       1024.8957       1466.1448      -24.505107       -25.257084         0.75197709       2825.7592                 21.245849                 396.66507                                597.30448                      9.6803464                   16.186499                  1466.1448       176.39977        142.13239
              1       1388.0308     0.022573837       69.889114       3.0575817      0.97730021       8.1018721      0.72300264      0.10517777     0.069908432       1.0041743       1.0010604       1.0067221       1.0008763       1.0098509     0.009452407   2.1276042e-09      0.95378464      0.84807197      0.27437049      0.81103722       16.186499       1024.8957       1466.1448      -23.674382       -24.426359         0.75197709       2823.4103                 21.245849                 396.66507                                597.30448                      9.6803464                   16.186499                  1466.1448       176.39977        139.78348
              1       1390.7294     0.022573837       69.889114       3.0575817      0.97730021       8.1018721      0.72300264      0.10517777     0.069908432       1.0056063       1.0010614       1.0061814       1.0062258        1.002517     0.009452407   2.1276042e-09      0.95378464      0.84807197      0.27437049      0.81103722       16.186499       1022.2084       1466.1448      -22.469568       -23.221546         0.75197709       2826.3979                 21.110061                 396.67354                                594.40654                      10.018213                   16.186499                  1466.1448       176.44049        145.41777
              1         1390.34     0.022573837       69.889114       3.0575817      0.97730021       8.1018721      0.72300264      0.10517777     0.069908432       1.0056063      0.99999817       1.0052123       1.0035453       1.0026855     0.009452407   2.1276042e-09      0.95378464      0.84807197      0.27437049      0.81103722       16.186499       1022.2084       1466.1448      -23.173451       -23.925428         0.75197709       2827.0269                 21.110061                 396.67354                                594.40654                      10.018213                   16.186499                  1466.1448        180.0087        142.47858
              1       1389.8622     0.022573837       69.889114       3.0575817      0.97730021       8.1018721      0.72300264      0.10517777     0.069908432       1.0056063       1.0025343       1.0017324      0.99949095       1.0121922     0.009452407   2.1276042e-09      0.95378464      0.84807197      0.27437049      0.81103722       16.186499       1022.2084       1466.1448      -21.783922       -22.535899         0.75197709       2823.2922                 21.110061                 396.67354                                594.40654                      10.018213                   16.186499                  1466.1448       177.06288        141.68964
              1       1388.2427     0.022573837       69.889114       3.0575817      0.97730021       8.1018721      0.72300264      0.10517777     0.069908432       1.0056063       1.0030759       1.0100603       1.0009568       1.0089581     0.009452407   2.1276042e-09      0.95378464      0.84807197      0.27437049      0.81103722       16.186499       1022.2084       1466.1448      -22.245924       -22.997901         0.75197709       2820.9773                 21.110061                 396.67354                                594.40654                      10.018213                   16.186499                  1466.1448       176.95528        139.48236
              1       1389.6967     0.022573837       69.889114       3.0575817      0.97730021       8.1018721      0.72300264      0.10517777     0.069908432       1.0056063       1.0012666       1.0014323       1.0019116       1.0090079     0.009452407   2.1276042e-09      0.95378464      0.84807197      0.27437049      0.81103722       16.186499       1022.2084       1466.1448      -22.606034       -23.358011         0.75197709       2824.6054                 21.110061                 396.67354                                594.40654                      10.018213                   16.186499                  1466.1448       180.52637        139.53941
              1       1389.0545     0.022573837       69.889114       3.0575817      0.97730021       8.1018721      0.72300264      0.10517777     0.069908432       1.0056063      0.99998505       1.0066735       1.0020296       1.0089601     0.009452407   2.1276042e-09      0.95378464      0.84807197      0.27437049      0.81103722       16.186499       1022.2084       1466.1448      -22.691743        -23.44372         0.75197709       2823.4925                 21.110061                 396.67354                                594.40654                      10.018213                   16.186499                  1466.1448       179.40269        139.55016
              1       1389.6887     0.022573837       69.889114       3.0575817      0.97730021       8.1018721      0.72300264      0.10517777     0.069908432       1.0058538       1.0039157       1.0004084       1.0037486       1.0077362     0.009452407   2.1276042e-09      0.95378464      0.84807197      0.27437049      0.81103722       16.186499       1022.4496       1466.1448      -21.560034       -22.312011         0.75197709       2822.4974                 21.087229                 396.68197                                594.59216                      10.088202                   16.186499                  1466.1448       177.55069        140.16586
              1       1392.5384     0.022573837       69.889114       3.0575817      0.97730021       8.1018721      0.72300264      0.10517777     0.069908432       1.0069775       1.0039166      0.99998409       1.0021122       1.0084356     0.009452407   2.1276042e-09      0.95378464      0.84807197      0.27437049      0.81103722       16.186499        1026.061       1466.1448      -20.536996       -21.288973         0.75197709       2826.1508                  20.98583                 396.66765                                 597.9588                      10.448715                   16.186499                  1466.1448       178.28647        139.47205
              1       1388.6632     0.022573837       69.889114       3.0575817      0.97730021       8.1018721      0.72300264      0.10517777     0.069908432       1.0051963       1.0039153       1.0006566        1.002872       1.0088444     0.009452407   2.1276042e-09      0.95378464      0.84807197      0.27437049      0.81103722       16.186499         1022.28       1466.1448      -22.111612       -22.863589         0.75197709       2821.5497                 21.148299                 396.67911                                594.54291                      9.9097326                   16.186499                  1466.1448       177.14969        139.78868
              3       1387.9197     0.022573837       69.889114       3.0575817      0.97730021       8.1018721      0.72300264      0.10517777     0.069908432       1.0054864       1.0038132       1.0015326       1.0000261       1.0036878     0.009452407   2.1276042e-09      0.95378464      0.84807197      0.27437049      0.81103722       16.186499       1022.1687       1466.1448       -22.72341       -23.475387         0.75197709       2821.2863                 21.121197                 396.67294                                594.38907                      9.9855026                   16.186499                  1466.1448       175.95085        140.83546
              1       1388.0748     0.022573837       69.889114       3.0575817      0.97730021       8.1018721      0.72300264      0.10517777     0.069908432       1.0054864       1.0053202        1.005456       1.0000548       1.0042678     0.009452407   2.1276042e-09      0.95378464      0.84807197      0.27437049      0.81103722       16.186499       1022.1687       1466.1448      -21.915023          -22.667         0.75197709       2819.9797                 21.121197                 396.67294                                594.38907                      9.9855026                   16.186499                  1466.1448       175.03284        140.44687
              1       1387.9661     0.022573837       69.889114       3.0575817      0.97730021       8.1018721      0.72300264      0.10517777     0.069908432       1.0054864       1.0053202        1.005456       1.0013529       1.0078546     0.009452407   2.1276042e-09      0.95378464      0.84807197      0.27437049      0.81103722       16.186499       1022.1687       1466.1448      -21.458366       -22.210343         0.75197709        2818.849                 21.121197                 396.67294                                594.38907                      9.9855026                   16.186499                  1466.1448       175.03284        139.31619
              1       1388.1449     0.022573837       69.889114       3.0575817      0.97730021       8.1018721      0.72300264      0.10517777     0.069908432       1.0054864       1.0054472       1.0033006        1.001314       1.0077744     0.009452407   2.1276042e-09      0.95378464      0.84807197      0.27437049      0.81103722       16.186499       1022.1687       1466.1448      -21.396842       -22.148819         0.75197709       2819.0836                 21.121197                 396.67294                                594.38907                      9.9855026                   16.186499                  1466.1448       175.27161        139.31195
              1       1388.1046     0.022573837       69.889114       3.0575817      0.97730021       8.1018721      0.72300264      0.10517777     0.069908432        1.005509       1.0054472       1.0032921       1.0010814       1.0074299     0.009452407   2.1276042e-09      0.95378464      0.84807197      0.27437049      0.81103722       16.186499       1022.1724       1466.1448      -21.440315       -22.192292         0.75197709       2819.0898                 21.119095                 396.67294                                594.38873                       9.991606                   16.186499                  1466.1448       175.27484        139.31128
              1       1388.8035     0.022573837       69.889114       3.0575817      0.97730021       8.1018721      0.72300264      0.10517777     0.069908432       1.0059268       1.0054475       1.0031343       1.0004202       1.0079418     0.009452407   2.1276042e-09      0.95378464      0.84807197      0.27437049      0.81103722       16.186499       1022.5574       1466.1448       -21.00801       -21.759987         0.75197709        2819.623                 21.080523                 396.68197                                594.68542                      10.109514                   16.186499                  1466.1448       175.33905        139.39523
              1       1389.8102     0.022573837       69.889114       3.0575817      0.97730021       8.1018721      0.72300264      0.10517777     0.069908432       1.0037991       1.0057206       1.0038222      0.99899789        1.007823     0.009452407   2.1276042e-09      0.95378464      0.84807197      0.27437049      0.81103722       16.186499       1026.7565       1466.1448      -22.491347       -23.243324         0.75197709       2824.6032                 21.282524                 396.67241                                599.19074                      9.6108712                   16.186499                  1466.1448       175.57388        139.94147
              1       1389.3276     0.022573837       69.889114       3.0575817      0.97730021       8.1018721      0.72300264      0.10517777     0.069908432       1.0056871       1.0057219       1.0031094      0.99838067       1.0077455     0.009452407   2.1276042e-09      0.95378464      0.84807197      0.27437049      0.81103722       16.186499       1022.2702       1466.1448      -21.028957       -21.780934         0.75197709       2820.7131                  21.10259                 396.68197                                594.44499                      10.040682                   16.186499                  1466.1448       175.76811        140.34346
              1       1389.4341     0.022573837       69.889114       3.0575817      0.97730021       8.1018721      0.72300264      0.10517777     0.069908432       1.0056871       1.0057219       1.0031094       1.0036421       1.0055091     0.009452407   2.1276042e-09      0.95378464      0.84807197      0.27437049      0.81103722       16.186499       1022.2702       1466.1448      -21.045429       -21.797406         0.75197709        2820.959                  21.10259                 396.68197                                594.44499                      10.040682                   16.186499                  1466.1448       175.76811        140.58936
              1       1389.6614     0.022573837       69.889114       3.0575817      0.97730021       8.1018721      0.72300264      0.10517777     0.069908432       1.0056871       1.0000314       1.0074835       1.0038523       1.0043155     0.009452407   2.1276042e-09      0.95378464      0.84807197      0.27437049      0.81103722       16.186499       1022.2702       1466.1448      -22.936156       -23.688133         0.75197709       2825.1951                  21.10259                 396.68197                                594.44499                      10.040682                   16.186499                  1466.1448       179.20949        141.38411
              1       1389.7646     0.022573837       69.889114       3.0575817      0.97730021       8.1018721      0.72300264      0.10517777     0.069908432       1.0056871       1.0025122       1.0030964       1.0052055       1.0108646     0.009452407   2.1276042e-09      0.95378464      0.84807197      0.27437049      0.81103722       16.186499       1022.2702       1466.1448      -21.341115       -22.093092         0.75197709       2822.2115                  21.10259                 396.68197                                594.44499                      10.040682                   16.186499                  1466.1448       175.44586        142.16411
              1       1389.3431     0.022573837       69.889114       3.0575817      0.97730021       8.1018721      0.72300264      0.10517777     0.069908432       1.0052318       1.0025119       1.0032683        1.005249       1.0109307     0.009452407   2.1276042e-09      0.95378464      0.84807197      0.27437049      0.81103722       16.186499       1022.2567       1466.1448      -21.713988       -22.465965         0.75197709       2822.1142                 21.144963                 396.68381                                594.50911                      9.9187682                   16.186499                  1466.1448       175.28398        142.24225
              1       1388.6792     0.022573837       69.889114       3.0575817      0.97730021       8.1018721      0.72300264      0.10517777     0.069908432       1.0058187       1.0033217       1.0052698       1.0038253       1.0113728     0.009452407   2.1276042e-09      0.95378464      0.84807197      0.27437049      0.81103722       16.186499       1022.4041       1466.1448      -21.159787       -21.911764         0.75197709       2819.6779                 21.090454                 396.68197                                594.55362                      10.078078                   16.186499                  1466.1448       173.59886        141.34361
              1       1387.3211     0.022573837       69.889114       3.0575817      0.97730021       8.1018721      0.72300264      0.10517777     0.069908432       1.0058187       1.0033217       1.0052698      0.99833999       1.0041096     0.009452407   2.1276042e-09      0.95378464      0.84807197      0.27437049      0.81103722       16.186499       1022.4041       1466.1448      -22.518178       -23.270155         0.75197709       2819.6786                 21.090454                 396.68197                                594.55362                      10.078078                   16.186499                  1466.1448       173.59886        141.34435
              1       1387.9409     0.022573837       69.889114       3.0575817      0.97730021       8.1018721      0.72300264      0.10517777     0.069908432       1.0058187       1.0033217       1.0052698       0.9973133       1.0037661     0.009452407   2.1276042e-09      0.95378464      0.84807197      0.27437049      0.81103722       16.186499       1022.4041       1466.1448      -22.433089       -23.185066         0.75197709        2820.748                 21.090454                 396.68197                                594.55362                      10.078078                   16.186499                  1466.1448       173.59886        142.41373
              1       1386.9068     0.022573837       69.889114       3.0575817      0.97730021       8.1018721      0.72300264      0.10517777     0.069908432       1.0059597       1.0033218       1.0052165       1.0000187       1.0051703     0.009452407   2.1276042e-09      0.95378464      0.84807197      0.27437049      0.81103722       16.186499       1022.6118       1466.1448      -22.360518       -23.112495         0.75197709       2818.5347                  21.07751                 396.68197                                 594.7331                      10.119199                   16.186499                  1466.1448       173.60361        139.98804
              1       1386.6465     0.022573837       69.889114       3.0575817      0.97730021       8.1018721      0.72300264      0.10517777     0.069908432       1.0042144       1.0033206       1.0058755       1.0022857       1.0069329     0.009452407   2.1276042e-09      0.95378464      0.84807197      0.27437049      0.81103722       16.186499        1024.726       1466.1448      -23.450161       -24.202138         0.75197709       2820.1934                 21.241959                 396.66507                                597.13077                      9.6882375                   16.186499                  1466.1448       173.61256        139.52351
              2       1386.1371     0.022573837       69.889114       3.0575817      0.97730021       8.1018721      0.72300264      0.10517777     0.069908432       1.0049755       1.0033211       1.0055881       1.0003815       1.0083277     0.009452407   2.1276042e-09      0.95378464      0.84807197      0.27437049      0.81103722       16.186499       1022.5377       1466.1448      -22.815024       -23.567001         0.75197709       2817.9043                 21.169098                 396.66715                                594.84628                      9.8552147                   16.186499                  1466.1448       173.59058        139.44469
              1         1388.96     0.022573837       69.889114       3.0575817      0.97730021       8.1018721      0.72300264      0.10517777     0.069908432       1.0049755       1.0033211       1.0055881       0.9963404       1.0012285     0.009452407   2.1276042e-09      0.95378464      0.84807197      0.27437049      0.81103722       16.186499       1022.5377       1466.1448      -23.128269       -23.880246         0.75197709       2824.1766                 21.169098                 396.66715                                594.84628                      9.8552147                   16.186499                  1466.1448       173.59058        145.71696
              1       1388.8675     0.022573837       69.889114       3.0575817      0.97730021       8.1018721      0.72300264      0.10517777     0.069908432       1.0049755       1.0033211       1.0055881      0.99700188       1.0005748     0.009452407   2.1276042e-09      0.95378464      0.84807197      0.27437049      0.81103722       16.186499       1022.5377       1466.1448      -23.248646       -24.000623         0.75197709       2824.2322                 21.169098                 396.66715                                594.84628                      9.8552147                   16.186499                  1466.1448       173.59058         145.7726
              1       1387.5994     0.022573837       69.889114       3.0575817      0.97730021       8.1018721      0.72300264      0.10517777     0.069908432         1.00549       1.0033215       1.0053939      0.99808728       1.0099104     0.009452407   2.1276042e-09      0.95378464      0.84807197      0.27437049      0.81103722       16.186499       1022.1692       1466.1448      -22.023948       -22.775925         0.75197709       2819.2467                 21.120863                 396.67294                                 594.3889                      9.9864716                   16.186499                  1466.1448       173.59155        141.15472
              1       1386.8216     0.022573837       69.889114       3.0575817      0.97730021       8.1018721      0.72300264      0.10517777     0.069908432         1.00549       1.0014871       1.0052432       1.0013452       1.0073793     0.009452407   2.1276042e-09      0.95378464      0.84807197      0.27437049      0.81103722       16.186499       1022.1692       1466.1448      -22.973853        -23.72583         0.75197709       2819.5908                 21.120863                 396.67294                                 594.3889                      9.9864716                   16.186499                  1466.1448       175.77341        139.31696
              1       1386.0948     0.022583938       69.917177        3.057149      0.97687981       8.0594217       0.7231243      0.10471295      0.06982056       1.0054934       1.0023337       1.0074501       1.0014066       1.0076481    0.0067769736    2.126684e-09      0.95380107      0.84833176      0.27426163       0.8111247       16.268367       1021.3236       1465.9971      -22.713033       -23.500703         0.78766957       2817.6156                 21.189202                 396.59589                                593.60985                      9.9286342                   16.268367                  1465.9971        174.5735        139.45309
              1       1386.7997     0.022583938       69.917177        3.057149      0.97687981       8.0594217       0.7231243      0.10471295      0.06982056       1.0054934       1.0023582       1.0073094      0.99813553       1.0040861    0.0067769736    2.126684e-09      0.95380107      0.84833176      0.27426163       0.8111247       16.268367       1021.3236       1465.9971      -23.064914       -23.852583         0.78766957       2819.7292                 21.189202                 396.59589                                593.60985                      9.9286342                   16.268367                  1465.9971       174.48793        141.65228
              1       1388.8356     0.022583938       69.917177        3.057149      0.97687981       8.0594217       0.7231243      0.10471295      0.06982056       1.0061486       1.0023587        1.007062      0.99626222        1.004427    0.0067769736    2.126684e-09      0.95380107      0.84833176      0.27426163       0.8111247       16.268367       1022.0001       1465.9971       -22.16684        -22.95451         0.78766957       2822.0049                 21.127488                 396.59558                                594.16645                      10.110626                   16.268367                  1465.9971       174.38966        143.34964
              1       1393.6434     0.022583938       69.917177        3.057149      0.97687981       8.0594217       0.7231243      0.10471295      0.06982056       1.0047775      0.99963497       1.0140875      0.99820972       1.0022232    0.0067769736    2.126684e-09      0.95380107      0.84833176      0.27426163       0.8111247       16.268367       1022.2284       1465.9971      -24.072606       -24.860276         0.78766957        2835.432                 21.258163                 396.59349                                594.61965                      9.7571444                   16.268367                  1465.9971       187.87822        143.05992
              1       1393.3757     0.022583938       69.917177        3.057149      0.97687981       8.0594217       0.7231243      0.10471295      0.06982056       1.0047775      0.99963497       1.0140875      0.99824626       1.0028464    0.0067769736    2.126684e-09      0.95380107      0.84833176      0.27426163       0.8111247       16.268367       1022.2284       1465.9971      -24.045926       -24.833596         0.78766957       2834.8433                 21.258163                 396.59349                                594.61965                      9.7571444                   16.268367                  1465.9971       187.87822        142.47116
              1       1389.8463     0.022584079       69.817397       3.0572025      0.97738331       8.0767292      0.72253766      0.10746611     0.068791285       1.0048143       1.0007166       1.0081645      0.99958046       1.0142654    0.0058131506   2.1267976e-09      0.95366864      0.84938932      0.27476925       0.8128871       15.562946       1022.2565       1466.5315       -22.21945       -23.007642           0.788192       2824.1315                  21.15264                 396.63601                                 594.7471                      9.7207295                   15.562946                  1466.5315       176.56302         143.2175
              1       1390.3613     0.022584079       69.817397       3.0572025      0.97738331       8.0767292      0.72253766      0.10746611     0.068791285       1.0048143       1.0007166       1.0081645      0.99882887      0.99791462    0.0058131506   2.1267976e-09      0.95366864      0.84938932      0.27476925       0.8128871       15.562946       1022.2565       1466.5315      -24.073829       -24.862021           0.788192       2828.8703                  21.15264                 396.63601                                 594.7471                      9.7207295                   15.562946                  1466.5315       176.56302         147.9563
              1       1389.9161     0.022584079       69.817397       3.0572025      0.97738331       8.0767292      0.72253766      0.10746611     0.068791285       1.0040408       1.0006695       1.0081037       1.0008561      0.99901168    0.0058131506   2.1267976e-09      0.95366864      0.84938932      0.27476925       0.8128871       15.562946       1024.8514       1466.5315      -24.673144       -25.461336           0.788192       2829.1785                 21.226211                 396.61035                                597.43241                      9.5824149                   15.562946                  1466.5315       176.65112        145.58153
              1       1390.6878     0.022584079       69.817397       3.0572025      0.97738331       8.0767292      0.72253766      0.10746611     0.068791285       1.0040408       1.0006695       1.0081037       1.0055988       1.0123333    0.0058131506   2.1267976e-09      0.95366864      0.84938932      0.27476925       0.8128871       15.562946       1024.8514       1466.5315       -22.48413       -23.272322           0.788192       2826.3439                 21.226211                 396.61035                                597.43241                      9.5824149                   15.562946                  1466.5315       176.65112         142.7469
              1       1390.4047     0.022584079       69.817397       3.0572025      0.97738331       8.0767292      0.72253766      0.10746611     0.068791285       1.0055852       1.0006706       1.0075206       1.0063735       1.0115941    0.0058131506   2.1267976e-09      0.95366864      0.84938932      0.27476925       0.8128871       15.562946       1021.6459       1466.5315      -21.231988        -22.02018           0.788192       2823.2733                 21.081147                 396.62896                                594.04379                       9.892032                   15.562946                  1466.5315       176.43317        143.09978
              1       1390.1583     0.022584079       69.817397       3.0572025      0.97738331       8.0767292      0.72253766      0.10746611     0.068791285       1.0055852       1.0031836       1.0088887       1.0003869      0.99756565    0.0058131506   2.1267976e-09      0.95366864      0.84938932      0.27476925       0.8128871       15.562946       1021.6459       1466.5315      -22.913289       -23.701481           0.788192       2826.1431                 21.081147                 396.62896                                594.04379                       9.892032                   15.562946                  1466.5315       174.25031        148.15242
              2        1390.526     0.022584079       69.817397       3.0572025      0.97738331       8.0767292      0.72253766      0.10746611     0.068791285       1.0055852       1.0069872       1.0051055      0.99819702       1.0089924    0.0058131506   2.1267976e-09      0.95366864      0.84938932      0.27476925       0.8128871       15.562946       1021.6459       1466.5315      -19.978256       -20.766448           0.788192       2821.0085                 21.081147                 396.62896                                594.04379                       9.892032                   15.562946                  1466.5315       177.07033        140.19781
              1       1389.9417     0.022584079       69.817397       3.0572025      0.97738331       8.0767292      0.72253766      0.10746611     0.068791285       1.0055852       1.0069872       1.0051055       1.0014315       1.0093741    0.0058131506   2.1267976e-09      0.95366864      0.84938932      0.27476925       0.8128871       15.562946       1021.6459       1466.5315      -19.941724       -20.729916           0.788192       2819.7669                 21.081147                 396.62896                                594.04379                       9.892032                   15.562946                  1466.5315       177.07033        138.95615
              1       1389.5256     0.022584079       69.817397       3.0572025      0.97738331       8.0767292      0.72253766      0.10746611     0.068791285       1.0046315       1.0069865       1.0054655      0.99927743       1.0069568    0.0058131506   2.1267976e-09      0.95366864      0.84938932      0.27476925       0.8128871       15.562946        1022.693       1466.5315      -21.133086       -21.921278           0.788192       2821.3174                 21.169853                 396.63601                                595.20213                      9.6850094                   15.562946                  1466.5315       177.29185        139.23808
              1       1390.3268     0.022584079       69.817397       3.0572025      0.97738331       8.0767292      0.72253766      0.10746611     0.068791285       1.0054645       1.0069871       1.0051511      0.99778985       1.0077586    0.0058131506   2.1267976e-09      0.95366864      0.84938932      0.27476925       0.8128871       15.562946       1021.6175       1466.5315      -20.240049       -21.028241           0.788192       2821.1336                  21.09223                  396.6379                                594.02439                      9.8630067                   15.562946                  1466.5315       177.09599        140.32562
              1       1392.2449     0.022584079       69.817397       3.0572025      0.97738331       8.0767292      0.72253766      0.10746611     0.068791285       1.0054645       1.0072116       1.0077605      0.99782778       1.0079501    0.0058131506   2.1267976e-09      0.95366864      0.84938932      0.27476925       0.8128871       15.562946       1021.6175       1466.5315      -20.038585       -20.826777           0.788192       2824.5669                  21.09223                  396.6379                                594.02439                      9.8630067                   15.562946                  1466.5315       180.54568        140.30922
              1       1387.3169     0.022584079       69.817397       3.0572025      0.97738331       8.0767292      0.72253766      0.10746611     0.068791285       1.0054645       1.0050621       1.0019779      0.99778365       1.0071132    0.0058131506   2.1267976e-09      0.95366864      0.84938932      0.27476925       0.8128871       15.562946       1021.6175       1466.5315      -21.618735       -22.406927           0.788192       2817.8712                  21.09223                  396.6379                                594.02439                      9.8630067                   15.562946                  1466.5315       173.84296        140.31622
              3        1387.929     0.022584079       69.817397       3.0572025      0.97738331       8.0767292      0.72253766      0.10746611     0.068791285       1.0054645       1.0058694       1.0037721      0.99779395       1.0074079    0.0058131506   2.1267976e-09      0.95366864      0.84938932      0.27476925       0.8128871       15.562946       1021.6175       1466.5315      -21.089138        -21.87733           0.788192       2818.0362                  21.09223                  396.6379                                594.02439                      9.8630067                   15.562946                  1466.5315       174.02014        140.30411
              1       1386.8281     0.022584079       69.817397       3.0572025      0.97738331       8.0767292      0.72253766      0.10746611     0.068791285       1.0054645       1.0005773       1.0070693      0.99861453       1.0057998    0.0058131506   2.1267976e-09      0.95366864      0.84938932      0.27476925       0.8128871       15.562946       1021.6175       1466.5315      -23.258517       -24.046709           0.788192       2820.1732                  21.09223                  396.6379                                594.02439                      9.8630067                   15.562946                  1466.5315       176.60201        139.85921
              1       1386.6341     0.022568926       69.783639       3.0576519      0.97807666       8.1223938      0.72180318        0.107283     0.067229199       1.0044265       1.0011478       1.0102794      0.99939719       1.0039238    0.0042531039   2.1277537e-09      0.95365492      0.85134559      0.27549231      0.81583063       15.214076       1022.8645       1466.7217      -24.288598       -25.024485         0.73588661       2821.8454                 21.078373                 396.76765                                595.27695                      9.7415327                   15.214076                  1466.7217       176.40274        140.64235
              2        1385.476     0.022568926       69.783639       3.0576519      0.97807666       8.1223938      0.72180318        0.107283     0.067229199       1.0044265       1.0012977       1.0091169       1.0012618       1.0055153    0.0042531039   2.1277537e-09      0.95365492      0.85134559      0.27549231      0.81583063       15.214076       1022.8645       1466.7217      -24.095647       -24.831534         0.73588661       2819.1434                 21.078373                 396.76765                                595.27695                      9.7415327                   15.214076                  1466.7217       174.83475         139.5083
              1       1385.4643     0.022568926       69.783639       3.0576519      0.97807666       8.1223938      0.72180318        0.107283     0.067229199       1.0044265       1.0013002        1.009096       1.0012614       1.0055148    0.0042531039   2.1277537e-09      0.95365492      0.85134559      0.27549231      0.81583063       15.214076       1022.8645       1466.7217      -24.095357       -24.831243         0.73588661       2819.1193                 21.078373                 396.76765                                595.27695                      9.7415327                   15.214076                  1466.7217       174.81055        139.50844
              2       1386.5727     0.022568926       69.783639       3.0576519      0.97807666       8.1223938      0.72180318        0.107283     0.067229199       1.0044265       1.0002726       1.0042799       1.0012062       1.0050083    0.0042531039   2.1277537e-09      0.95365492      0.85134559      0.27549231      0.81583063       15.214076       1022.8645       1466.7217      -24.238956       -24.974843         0.73588661       2821.6234                 21.078373                 396.76765                                595.27695                      9.7415327                   15.214076                  1466.7217       177.11501        139.70808
              1       1384.9571     0.022568926       69.783639       3.0576519      0.97807666       8.1223938      0.72180318        0.107283     0.067229199       1.0044265       1.0025939       1.0087138       1.0005356       1.0049552    0.0042531039   2.1277537e-09      0.95365492      0.85134559      0.27549231      0.81583063       15.214076       1022.8645       1466.7217      -23.903254        -24.63914         0.73588661       2817.7206                 21.078373                 396.76765                                595.27695                      9.7415327                   15.214076                  1466.7217        173.1514        139.76894
              1       1384.9002     0.022568926       69.783639       3.0576519      0.97807666       8.1223938      0.72180318        0.107283     0.067229199       1.0048738       1.0025942       1.0085449       1.0004928       1.0048903    0.0042531039   2.1277537e-09      0.95365492      0.85134559      0.27549231      0.81583063       15.214076       1022.2377       1466.7217      -23.577492       -24.313379         0.73588661       2816.9554                 21.037829                 396.73276                                594.64631                      9.8208393                   15.214076                  1466.7217       172.97742        139.80449
              1       1384.9306     0.022568926       69.783639       3.0576519      0.97807666       8.1223938      0.72180318        0.107283     0.067229199       1.0048738       1.0025942       1.0085449       1.0014392       1.0074358    0.0042531039   2.1277537e-09      0.95365492      0.85134559      0.27549231      0.81583063       15.214076       1022.2377       1466.7217      -23.235323       -23.971209         0.73588661       2816.3319                 21.037829                 396.73276                                594.64631                      9.8208393                   15.214076                  1466.7217       172.97742        139.18092
              1       1385.3006     0.022568926       69.783639       3.0576519      0.97807666       8.1223938      0.72180318        0.107283     0.067229199       1.0048738       1.0025942       1.0085449      0.99991983       1.0088008    0.0042531039   2.1277537e-09      0.95365492      0.85134559      0.27549231      0.81583063       15.214076       1022.2377       1466.7217      -23.076858       -23.812744         0.73588661       2816.7549                 21.037829                 396.73276                                594.64631                      9.8208393                   15.214076                  1466.7217       172.97742        139.60399
              1       1385.2094     0.022568926       69.783639       3.0576519      0.97807666       8.1223938      0.72180318        0.107283     0.067229199       1.0048738       1.0025942       1.0085449       1.0013178       1.0087776    0.0042531039   2.1277537e-09      0.95365492      0.85134559      0.27549231      0.81583063       15.214076       1022.2377       1466.7217      -23.037806       -23.773693         0.73588661       2816.4944                 21.037829                 396.73276                                594.64631                      9.8208393                   15.214076                  1466.7217       172.97742        139.34349
              1       1384.5701     0.022568926       69.783639       3.0576519      0.97807666       8.1223938      0.72180318        0.107283     0.067229199       1.0042417       1.0028101       1.0077931       1.0009162       1.0061522    0.0042531039   2.1277537e-09      0.95365492      0.85134559      0.27549231      0.81583063       15.214076        1023.306       1466.7217      -23.827051       -24.562938         0.73588661       2816.7943                   21.0953                 396.76742                                595.73119                      9.7120465                   15.214076                  1466.7217       172.22435        139.32823
              1       1384.1103     0.022568926       69.783639       3.0576519      0.97807666       8.1223938      0.72180318        0.107283     0.067229199       1.0042417       1.0029367       1.0056845       1.0008781       1.0060743    0.0042531039   2.1277537e-09      0.95365492      0.85134559      0.27549231      0.81583063       15.214076        1023.306       1466.7217      -23.797353       -24.533239         0.73588661       2815.8153                   21.0953                 396.76742                                595.73119                      9.7120465                   15.214076                  1466.7217       171.22452        139.34901
              1        1385.053     0.022568926       69.783639       3.0576519      0.97807666       8.1223938      0.72180318        0.107283     0.067229199       1.0042417       1.0047617       1.0045799       1.0008157       1.0064726    0.0042531039   2.1277537e-09      0.95365492      0.85134559      0.27549231      0.81583063       15.214076        1023.306       1466.7217      -22.972166       -23.708053         0.73588661       2816.0504                   21.0953                 396.76742                                595.73119                      9.7120465                   15.214076                  1466.7217       171.53569        139.27293
              1       1385.5032     0.022568926       69.783639       3.0576519      0.97807666       8.1223938      0.72180318        0.107283     0.067229199       1.0034071       1.0028907        1.005891       1.0021915       1.0056281    0.0042531039   2.1277537e-09      0.95365492      0.85134559      0.27549231      0.81583063       15.214076       1026.7197       1466.7217       -24.27231       -25.008197         0.73588661        2819.551                 21.172915                 396.74602                                599.19777                      9.6029658                   15.214076                  1466.7217       171.27876        139.61673
              1       1385.7194     0.022568926       69.783639       3.0576519      0.97807666       8.1223938      0.72180318        0.107283     0.067229199       1.0034071       1.0031807       1.0036321       1.0021469       1.0055832    0.0042531039   2.1277537e-09      0.95365492      0.85134559      0.27549231      0.81583063       15.214076       1026.7197       1466.7217      -24.184039       -24.919926         0.73588661        2819.807                 21.172915                 396.74602                                599.19777                      9.6029658                   15.214076                  1466.7217        171.5313        139.62018
              1        1395.743     0.022579598       69.889396       3.0570614      0.97727634       8.1376892      0.72317417      0.10660659     0.066972814       1.0032688      0.99730058       1.0132244       1.0011444       1.0025753      0.00742906   2.1264976e-09      0.95377322      0.84876202      0.27416669      0.81139561       15.915642        1026.115       1466.3253      -24.693107       -25.465013          0.7719061       2840.8723                 21.274889                 396.79118                                598.46326                      9.5856837                   15.915642                  1466.3253       191.85558        140.66078
              1       1393.1263     0.022579598       69.889396       3.0570614      0.97727634       8.1376892      0.72317417      0.10660659     0.066972814       1.0032688      0.99809557       1.0122587       1.0011091       1.0027236      0.00742906   2.1264976e-09      0.95377322      0.84876202      0.27416669      0.81139561       15.915642        1026.115       1466.3253      -24.890977       -25.662883          0.7719061       2836.0345                 21.274889                 396.79118                                598.46326                      9.5856837                   15.915642                  1466.3253       187.14622        140.53232
              1       1392.4035     0.022579598       69.889396       3.0570614      0.97727634       8.1376892      0.72317417      0.10660659     0.066972814       1.0032688      0.99816653       1.0119258      0.99968477        1.007648      0.00742906   2.1264976e-09      0.95377322      0.84876202      0.27416669      0.81139561       15.915642        1026.115       1466.3253      -24.450592       -25.222499          0.7719061       2833.7082                 21.274889                 396.79118                                598.46326                      9.5856837                   15.915642                  1466.3253       186.40697        138.94533
              1       1390.8986     0.022579598       69.889396       3.0570614      0.97727634       8.1376892      0.72317417      0.10660659     0.066972814       1.0043794      0.99816734       1.0115065      0.99957861       1.0074867      0.00742906   2.1264976e-09      0.95377322      0.84876202      0.27416669      0.81139561       15.915642       1022.3364       1466.3253      -23.792424        -24.56433          0.7719061       2829.3821                 21.167724                 396.78544                                594.57441                      9.8088265                   15.915642                  1466.3253       185.85136        138.95346
              1       1391.3071     0.022579598       69.889396       3.0570614      0.97727634       8.1376892      0.72317417      0.10660659     0.066972814       1.0043794      0.99773031       1.0104478      0.99957158       1.0073226      0.00742906   2.1264976e-09      0.95377322      0.84876202      0.27416669      0.81139561       15.915642       1022.3364       1466.3253       -23.71566       -24.487566          0.7719061       2830.0455                 21.167724                 396.78544                                594.57441                      9.8088265                   15.915642                  1466.3253       186.52821        138.93994
              2       1388.9162     0.022579598       69.889396       3.0570614      0.97727634       8.1376892      0.72317417      0.10660659     0.066972814       1.0043794        1.000198       1.0124662      0.99954546       1.0080435      0.00742906   2.1264976e-09      0.95377322      0.84876202      0.27416669      0.81139561       15.915642       1022.3364       1466.3253      -23.894308       -24.666214          0.7719061       2825.6211                 21.167724                 396.78544                                594.57441                      9.8088265                   15.915642                  1466.3253       181.99174          139.052
              1       1390.2944     0.022579598       69.889396       3.0570614      0.97727634       8.1376892      0.72317417      0.10660659     0.066972814       1.0037355      0.99926334       1.0105945      0.99863094       1.0006315      0.00742906   2.1264976e-09      0.95377322      0.84876202      0.27416669      0.81139561       15.915642       1024.0201       1466.3253      -24.851237       -25.623144          0.7719061       2830.2913                  21.22937                 396.79118                                596.32859                      9.6709867                   15.915642                  1466.3253       181.17638        142.85393
              2       1388.2009     0.022579598       69.889396       3.0570614      0.97727634       8.1376892      0.72317417      0.10660659     0.066972814       1.0043316       1.0005348       1.0119233      0.99896933       1.0075339      0.00742906   2.1264976e-09      0.95377322      0.84876202      0.27416669      0.81139561       15.915642       1022.4128       1466.3253      -23.967765       -24.739671          0.7719061       2824.3374                 21.172255                 396.78544                                 594.6573                      9.7977974                   15.915642                  1466.3253       180.50694        139.17671
              1       1392.0295     0.022579598       69.889396       3.0570614      0.97727634       8.1376892      0.72317417      0.10660659     0.066972814       1.0043316       1.0005348       1.0119233       1.0020956       1.0143886      0.00742906   2.1264976e-09      0.95377322      0.84876202      0.27416669      0.81139561       15.915642       1022.4128       1466.3253      -22.463595       -23.235501          0.7719061       2828.9862                 21.172255                 396.78544                                 594.6573                      9.7977974                   15.915642                  1466.3253       180.50694        143.82556
              1        1389.851     0.022579598       69.889396       3.0570614      0.97727634       8.1376892      0.72317417      0.10660659     0.066972814       1.0043316       1.0032718       1.0078704       1.0019621       1.0148615      0.00742906   2.1264976e-09      0.95377322      0.84876202      0.27416669      0.81139561       15.915642       1022.4128       1466.3253      -21.767341       -22.539248          0.7719061       2823.2367                 21.172255                 396.78544                                 594.6573                      9.7977974                   15.915642                  1466.3253       174.16182         144.4212
              1       1386.8817     0.022579598       69.889396       3.0570614      0.97727634       8.1376892      0.72317417      0.10660659     0.066972814       1.0043316       1.0032718       1.0078704       1.0001372       1.0112188      0.00742906   2.1264976e-09      0.95377322      0.84876202      0.27416669      0.81139561       15.915642       1022.4128       1466.3253      -22.761096       -23.533002          0.7719061       2819.2856                 21.172255                 396.78544                                 594.6573                      9.7977974                   15.915642                  1466.3253       174.16182        140.47011
              1        1384.826     0.022579598       69.889396       3.0570614      0.97727634       8.1376892      0.72317417      0.10660659     0.066972814       1.0048922       1.0030926       1.0044391       1.0006087         1.00514      0.00742906   2.1264976e-09      0.95377322      0.84876202      0.27416669      0.81139561       15.915642       1022.0329       1466.3253      -23.342805       -24.114712          0.7719061       2816.3376                 21.119549                 396.81784                                594.16029                      9.9352685                   15.915642                  1466.3253       172.96725        139.09648
              1       1384.6586     0.022579598       69.889396       3.0570614      0.97727634       8.1376892      0.72317417      0.10660659     0.066972814       1.0040899        1.003092        1.004742       1.0006854       1.0052565      0.00742906   2.1264976e-09      0.95377322      0.84876202      0.27416669      0.81139561       15.915642       1022.9231       1466.3253      -23.905613       -24.677519          0.7719061       2817.1285                 21.195281                 396.79118                                595.19265                      9.7439705                   15.915642                  1466.3253       172.90318        139.06129
              1       1385.2137     0.022579598       69.889396       3.0570614      0.97727634       8.1376892      0.72317417      0.10660659     0.066972814       1.0040899       1.0027244       1.0042335       1.0027511       1.0047899      0.00742906   2.1264976e-09      0.95377322      0.84876202      0.27416669      0.81139561       15.915642       1022.9231       1466.3253      -23.892674        -24.66458          0.7719061       2818.2127                 21.195281                 396.79118                                595.19265                      9.7439705                   15.915642                  1466.3253       173.14357        139.90517
              1       1387.6985     0.022579598       69.889396       3.0570614      0.97727634       8.1376892      0.72317417      0.10660659     0.066972814       1.0027016       1.0027234       1.0047577       1.0023893       1.0075887      0.00742906   2.1264976e-09      0.95377322      0.84876202      0.27416669      0.81139561       15.915642       1029.6845       1466.3253      -24.365632       -25.137539          0.7719061       2824.1284                 21.331121                 396.81539                                602.03932                      9.4986231                   15.915642                  1466.3253       172.98161        139.22137
              1       1386.5209     0.022579598       69.889396       3.0570614      0.97727634       8.1376892      0.72317417      0.10660659     0.066972814       1.0054574       1.0027785       1.0036578       1.0019965       1.0026384      0.00742906   2.1264976e-09      0.95377322      0.84876202      0.27416669      0.81139561       15.915642       1022.6607       1466.3253      -23.071672       -23.843578          0.7719061       2819.1852                 21.067392                 396.79303                                594.70866                      10.091625                   15.915642                  1466.3253       173.39981        140.88376
              1       1386.1173     0.022579598       69.889396       3.0570614      0.97727634       8.1376892      0.72317417      0.10660659     0.066972814       1.0054574       1.0027785       1.0036578       1.0025445       1.0056764      0.00742906   2.1264976e-09      0.95377322      0.84876202      0.27416669      0.81139561       15.915642       1022.6607       1466.3253      -22.770981       -23.542887          0.7719061       2817.7767                 21.067392                 396.79303                                594.70866                      10.091625                   15.915642                  1466.3253       173.39981        139.47523
              1        1386.584     0.022575008       69.874635       3.0573873      0.97724731       8.1311436      0.72265222       0.1059754     0.067950928       1.0054977       1.0027901       1.0036756       1.0024957       1.0057644    0.0082411393   2.1271907e-09      0.95376309      0.84928874      0.27469393      0.81267944       15.865067       1022.6369       1466.2646      -22.744669       -23.500606         0.75593795       2818.6574                 21.085986                  396.7718                                 594.6842                      10.094905                   15.865067                  1466.2646       173.72488        140.16594
              1       1387.7925     0.022575008       69.874635       3.0573873      0.97724731       8.1311436      0.72265222       0.1059754     0.067950928       1.0039764       1.0014564       1.0012656       1.0026237       1.0054976    0.0082411393   2.1271907e-09      0.95376309      0.84928874      0.27469393      0.81267944       15.865067        1023.167       1466.2646      -24.224479       -24.980417         0.75593795        2824.034                  21.22941                 396.74504                                595.45901                      9.7335261                   15.865067                  1466.2646       178.42885        140.30852
              1       1389.4529     0.022575008       69.874635       3.0573873      0.97724731       8.1311436      0.72265222       0.1059754     0.067950928       1.0039764      0.99999447       1.0115295       1.0003596       1.0017398    0.0082411393   2.1271907e-09      0.95376309      0.84928874      0.27469393      0.81267944       15.865067        1023.167       1466.2646      -24.767135       -25.523073         0.75593795       2828.4401                  21.22941                 396.74504                                595.45901                      9.7335261                   15.865067                  1466.2646       180.98593        142.15755
              1       1386.7339     0.022575008       69.874635       3.0573873      0.97724731       8.1311436      0.72265222       0.1059754     0.067950928        1.004842       1.0003621       1.0074949      0.99968018       1.0031218    0.0082411393   2.1271907e-09      0.95376309      0.84928874      0.27469393      0.81267944       15.865067       1021.9133       1466.2646      -24.086347       -24.842285         0.75593795       2821.6405                 21.146928                 396.76203                                594.08111                      9.9232727                   15.865067                  1466.2646       176.54857        141.04893
              1       1388.3503     0.022575008       69.874635       3.0573873      0.97724731       8.1311436      0.72265222       0.1059754     0.067950928        1.004842       1.0003621       1.0074949       1.0051785       1.0050893    0.0082411393   2.1271907e-09      0.95376309      0.84928874      0.27469393      0.81267944       15.865067       1021.9133       1466.2646      -23.270949       -24.026887         0.75593795       2823.2425                 21.146928                 396.76203                                594.08111                      9.9232727                   15.865067                  1466.2646       176.54857        142.65091
              1       1388.8011     0.022575008       69.874635       3.0573873      0.97724731       8.1311436      0.72265222       0.1059754     0.067950928        1.004842       1.0003621       1.0074949       1.0036582       1.0114333    0.0082411393   2.1271907e-09      0.95376309      0.84928874      0.27469393      0.81267944       15.865067       1021.9133       1466.2646      -22.612517       -23.368455         0.75593795       2822.8273                 21.146928                 396.76203                                594.08111                      9.9232727                   15.865067                  1466.2646       176.54857        142.23572
              1       1391.6822     0.022575008       69.874635       3.0573873      0.97724731       8.1311436      0.72265222       0.1059754     0.067950928        1.004842       1.0003621       1.0074949       1.0008111       1.0158037    0.0082411393   2.1271907e-09      0.95376309      0.84928874      0.27469393      0.81267944       15.865067       1021.9133       1466.2646      -21.802001       -22.557939         0.75593795       2826.9684                 21.146928                 396.76203                                594.08111                      9.9232727                   15.865067                  1466.2646       176.54857        146.37683
              2       1387.5364     0.022575008       69.874635       3.0573873      0.97724731       8.1311436      0.72265222       0.1059754     0.067950928        1.004842       1.0003621       1.0074949      0.99727167       1.0080632    0.0082411393   2.1271907e-09      0.95376309      0.84928874      0.27469393      0.81267944       15.865067       1021.9133       1466.2646      -23.381408       -24.137346         0.75593795       2821.8356                 21.146928                 396.76203                                594.08111                      9.9232727                   15.865067                  1466.2646       176.54857        141.24408
              1       1386.9682     0.022575008       69.874635       3.0573873      0.97724731       8.1311436      0.72265222       0.1059754     0.067950928        1.004842       1.0005549       1.0065407       0.9999017       1.0098775    0.0082411393   2.1271907e-09      0.95376309      0.84928874      0.27469393      0.81267944       15.865067       1021.9133       1466.2646      -23.248037       -24.003975         0.75593795       2820.4325                 21.146928                 396.76203                                594.08111                      9.9232727                   15.865067                  1466.2646       175.99449        140.39505
              1         1387.08     0.022575008       69.874635       3.0573873      0.97724731       8.1311436      0.72265222       0.1059754     0.067950928        1.004842       1.0005549       1.0065407      0.99757777       1.0032545    0.0082411393   2.1271907e-09      0.95376309      0.84928874      0.27469393      0.81267944       15.865067       1021.9133       1466.2646      -23.925542        -24.68148         0.75593795       2822.0112                 21.146928                 396.76203                                594.08111                      9.9232727                   15.865067                  1466.2646       175.99449        141.97369
              1        1386.471     0.022575008       69.874635       3.0573873      0.97724731       8.1311436      0.72265222       0.1059754     0.067950928        1.004842       1.0005549       1.0065407      0.99920485       1.0081152    0.0082411393   2.1271907e-09      0.95376309      0.84928874      0.27469393      0.81267944       15.865067       1021.9133       1466.2646      -23.532565       -24.288503         0.75593795       2820.0072                 21.146928                 396.76203                                594.08111                      9.9232727                   15.865067                  1466.2646       175.99449        139.96974
              1       1385.7226     0.022575008       69.874635       3.0573873      0.97724731       8.1311436      0.72265222       0.1059754     0.067950928        1.004842       1.0023628        1.003074       1.0004205       1.0042441    0.0082411393   2.1271907e-09      0.95376309      0.84928874      0.27469393      0.81267944       15.865067       1021.9133       1466.2646      -23.703422        -24.45936         0.75593795       2818.8521                 21.146928                 396.76203                                594.08111                      9.9232727                   15.865067                  1466.2646       174.53493        140.27422
              1       1386.3951     0.022575008       69.874635       3.0573873      0.97724731       8.1311436      0.72265222       0.1059754     0.067950928       1.0053169       1.0023631       1.0028947       1.0003751       1.0041751    0.0082411393   2.1271907e-09      0.95376309      0.84928874      0.27469393      0.81267944       15.865067       1022.2963       1466.2646      -23.323756       -24.079694         0.75593795       2819.4377                 21.102663                  396.7718                                594.37669                      10.045187                   15.865067                  1466.2646       174.70013        140.31158
              1       1388.2697     0.022575008       69.874635       3.0573873      0.97724731       8.1311436      0.72265222       0.1059754     0.067950928        1.005364       1.0036936       1.0043441      0.99931065       1.0118466    0.0082411393   2.1271907e-09      0.95376309      0.84928874      0.27469393      0.81267944       15.865067       1022.3745       1466.2646      -21.664793       -22.420731         0.75593795        2819.869                 21.098311                  396.7718                                594.44644                       10.05796                   15.865067                  1466.2646       173.38158        141.98326
              1       1390.0128     0.022575008       69.874635       3.0573873      0.97724731       8.1311436      0.72265222       0.1059754     0.067950928       1.0028266       1.0036917       1.0053021      0.99953949       1.0122199    0.0082411393   2.1271907e-09      0.95376309      0.84928874      0.27469393      0.81267944       15.865067        1028.835       1466.2646      -23.249698       -24.005636         0.75593795       2826.5249                 21.342704                  396.7993                                601.14628                      9.5467472                   15.865067                  1466.2646       173.33026        142.22998
              1       1388.5802     0.022575008       69.874635       3.0573873      0.97724731       8.1311436      0.72265222       0.1059754     0.067950928       1.0028266       1.0012268       1.0083851      0.99843407       1.0038896    0.0082411393   2.1271907e-09      0.95376309      0.84928874      0.27469393      0.81267944       15.865067        1028.835       1466.2646       -25.13722       -25.893157         0.75593795       2827.4348                 21.342704                  396.7993                                601.14628                      9.5467472                   15.865067                  1466.2646       175.44102         141.0291
              1       1387.3296     0.022575008       69.874635       3.0573873      0.97724731       8.1311436      0.72265222       0.1059754     0.067950928       1.0031241        1.001227       1.0082728      0.99988375       1.0043787    0.0082411393   2.1271907e-09      0.95376309      0.84928874      0.27469393      0.81267944       15.865067       1026.9434       1466.2646      -25.017787       -25.773725         0.75593795       2824.6948                 21.312996                 396.79186                                599.25061                      9.5878913                   15.865067                  1466.2646       175.36261        140.25923
              1       1386.5888     0.022575008       69.874635       3.0573873      0.97724731       8.1311436      0.72265222       0.1059754     0.067950928       1.0034607       1.0012273       1.0081457      0.99985158       1.0043298    0.0082411393   2.1271907e-09      0.95376309      0.84928874      0.27469393      0.81267944       15.865067        1025.169       1466.2646      -24.844264       -25.600202         0.75593795       2822.8661                  21.27972                  396.7853                                 597.4635                      9.6404938                   15.865067                  1466.2646       175.27895        140.28853
              1       1386.8328     0.022575008       69.874635       3.0573873      0.97724731       8.1311436      0.72265222       0.1059754     0.067950928       1.0035789       1.0016186       1.0052304      0.99929504        1.001659    0.0082411393   2.1271907e-09      0.95376309      0.84928874      0.27469393      0.81267944       15.865067       1024.6396       1466.2646      -24.855355       -25.611293         0.75593795       2823.3762                 21.268112                  396.7853                                596.92567                      9.6604916                   15.865067                  1466.2646       174.21936        142.38763
              1       1386.5156     0.022575008       69.874635       3.0573873      0.97724731       8.1311436      0.72265222       0.1059754     0.067950928       1.0048415       1.0016195       1.0047537      0.99917434       1.0014757    0.0082411393   2.1271907e-09      0.95376309      0.84928874      0.27469393      0.81267944       15.865067       1021.9133       1466.2646      -24.005541       -24.761479         0.75593795       2821.0423                 21.146976                 396.76203                                594.08119                       9.923148                   15.865067                  1466.2646       174.39168        142.60759
              1       1386.0108     0.022575008       69.874635       3.0573873      0.97724731       8.1311436      0.72265222       0.1059754     0.067950928       1.0042227       1.0028427       1.0043289      0.99919297       1.0018369    0.0082411393   2.1271907e-09      0.95376309      0.84928874      0.27469393      0.81267944       15.865067       1022.5482       1466.2646      -24.140425       -24.896363         0.75593795       2820.3024                 21.205705                 396.74504                                594.81423                      9.7832323                   15.865067                  1466.2646       173.37927        142.24527
              1       1387.8292     0.022575008       69.874635       3.0573873      0.97724731       8.1311436      0.72265222       0.1059754     0.067950928       1.0042227       1.0028427       1.0043289      0.99507034       1.0036411    0.0082411393   2.1271907e-09      0.95376309      0.84928874      0.27469393      0.81267944       15.865067       1022.5482       1466.2646      -23.460366       -24.216304         0.75593795       2822.5792                 21.205705                 396.74504                                594.81423                      9.7832323                   15.865067                  1466.2646       173.37927        144.52205
              3       1387.9085     0.022575008       69.874635       3.0573873      0.97724731       8.1311436      0.72265222       0.1059754     0.067950928       1.0046204        1.002843       1.0041787      0.99503233       1.0035833    0.0082411393   2.1271907e-09      0.95376309      0.84928874      0.27469393      0.81267944       15.865067       1021.9863       1466.2646      -23.173568       -23.929506         0.75593795       2822.1641                 21.167823                 396.75007                                594.19769                      9.8706884                   15.865067                  1466.2646       173.43893        144.60919
              1       1387.6457     0.022575008       69.874635       3.0573873      0.97724731       8.1311436      0.72265222       0.1059754     0.067950928       1.0046204        1.002843       1.0041787      0.99839586       1.0120463    0.0082411393   2.1271907e-09      0.95376309      0.84928874      0.27469393      0.81267944       15.865067       1021.9863       1466.2646      -22.470455       -23.226393         0.75593795       2820.2322                 21.167823                 396.75007                                594.19769                      9.8706884                   15.865067                  1466.2646       173.43893        142.67738
              1       1386.9718     0.022575008       69.874635       3.0573873      0.97724731       8.1311436      0.72265222       0.1059754     0.067950928       1.0046204        1.002843       1.0041787      0.99718542       1.0097767    0.0082411393   2.1271907e-09      0.95376309      0.84928874      0.27469393      0.81267944       15.865067       1021.9863       1466.2646       -22.80637       -23.562308         0.75593795       2819.5563                 21.167823                 396.75007                                594.19769                      9.8706884                   15.865067                  1466.2646       173.43893        142.00143
              1       1387.3202     0.022575008       69.874635       3.0573873      0.97724731       8.1311436      0.72265222       0.1059754     0.067950928       1.0044439       1.0025186       1.0052906      0.99611171       1.0092431    0.0082411393   2.1271907e-09      0.95376309      0.84928874      0.27469393      0.81267944       15.865067        1022.172       1466.2646      -22.948442        -23.70438         0.75593795       2820.5373                 21.184568                 396.75007                                594.40656                      9.8307976                   15.865067                  1466.2646       173.30721        142.92845
              1       1386.8893     0.022575008       69.874635       3.0573873      0.97724731       8.1311436      0.72265222       0.1059754     0.067950928       1.0044439       1.0004226       1.0049679       1.0017639       1.0029878    0.0082411393   2.1271907e-09      0.95376309      0.84928874      0.27469393      0.81267944       15.865067        1022.172       1466.2646      -24.312513       -25.068451         0.75593795       2822.4036                 21.184568                 396.75007                                594.40656                      9.8307976                   15.865067                  1466.2646       176.80307        141.29892
              1       1387.1883     0.022575008       69.874635       3.0573873      0.97724731       8.1311436      0.72265222       0.1059754     0.067950928       1.0044439       1.0008655       1.0096354      0.99779207       1.0072747    0.0082411393   2.1271907e-09      0.95376309      0.84928874      0.27469393      0.81267944       15.865067        1022.172       1466.2646       -23.82088       -24.576818         0.75593795       2822.0184                 21.184568                 396.75007                                594.40656                      9.8307976                   15.865067                  1466.2646        177.0428        140.67392
              1       1389.5362     0.022610284       70.163924       3.0557157      0.97368283       8.2378926      0.72538401      0.10243002     0.059828408       1.0046605       1.0008605       1.0077951      0.99751969       1.0067594    0.0058996114   2.1236378e-09      0.95407192      0.84613508      0.27209954      0.80582916       17.025319       1026.1402       1465.6985        -23.5592       -24.456342         0.89714192       2826.1907                 21.548019                 397.11767                                597.03216                      10.442305                   17.025319                  1465.6985       178.15994        139.16684
              1       1391.1152     0.022610284       70.163924       3.0557157      0.97368283       8.2378926      0.72538401      0.10243002     0.059828408       1.0046605       1.0008605       1.0077951      0.99348955       1.0016781    0.0058996114   2.1236378e-09      0.95407192      0.84613508      0.27209954      0.80582916       17.025319       1026.1402       1465.6985      -23.066134       -23.963276         0.89714192       2828.3626                 21.548019                 397.11767                                597.03216                      10.442305                   17.025319                  1465.6985       178.15994        141.33867
              1       1389.1645     0.022610284       70.163924       3.0557157      0.97368283       8.2378926      0.72538401      0.10243002     0.059828408       1.0046605       1.0008605       1.0077951      0.99676349       1.0026971    0.0058996114   2.1236378e-09      0.95407192      0.84613508      0.27209954      0.80582916       17.025319       1026.1402       1465.6985      -23.815396       -24.712538         0.89714192       2825.9598                 21.548019                 397.11767                                597.03216                      10.442305                   17.025319                  1465.6985       178.15994         138.9359
              1       1389.1458     0.022610284       70.163924       3.0557157      0.97368283       8.2378926      0.72538401      0.10243002     0.059828408       1.0046605       1.0007147       1.0079506      0.99933291       1.0022124    0.0058996114   2.1236378e-09      0.95407192      0.84613508      0.27209954      0.80582916       17.025319       1026.1402       1465.6985      -24.099418        -24.99656         0.89714192       2826.4904                 21.548019                 397.11767                                597.03216                      10.442305                   17.025319                  1465.6985       178.13051        139.49597
              1       1390.9297     0.022610284       70.163924       3.0557157      0.97368283       8.2378926      0.72538401      0.10243002     0.059828408       1.0046605       1.0003992       1.0094666      0.99674745      0.99894537    0.0058996114   2.1236378e-09      0.95407192      0.84613508      0.27209954      0.80582916       17.025319       1026.1402       1465.6985      -23.903389        -24.80053         0.89714192       2829.6662                 21.548019                 397.11767                                597.03216                      10.442305                   17.025319                  1465.6985       179.45021        141.35205
              1       1387.3837     0.022610284       70.163924       3.0557157      0.97368283       8.2378926      0.72538401      0.10243002     0.059828408       1.0036734      0.99913322       1.0077156      0.99718011      0.99859443    0.0058996114   2.1236378e-09      0.95407192      0.84613508      0.27209954      0.80582916       17.025319       1021.9681       1465.6985      -24.585562       -25.482704         0.89714192       2823.9384                 21.655819                 397.13286                                593.09849                      10.080969                   17.025319                  1465.6985       177.56232        141.68417
              2       1387.4194     0.022610284       70.163924       3.0557157      0.97368283       8.2378926      0.72538401      0.10243002     0.059828408       1.0036734      0.99913322       1.0077156      0.99531363      0.99974822    0.0058996114   2.1236378e-09      0.95407192      0.84613508      0.27209954      0.80582916       17.025319       1021.9681       1465.6985      -24.256178        -25.15332         0.89714192       2823.3511                 21.655819                 397.13286                                593.09849                      10.080969                   17.025319                  1465.6985       177.56232        141.09688
              1       1387.0589     0.022610284       70.163924       3.0557157      0.97368283       8.2378926      0.72538401      0.10243002     0.059828408       1.0037226       1.0001351       1.0035346        1.001681       1.0044011    0.0058996114   2.1236378e-09      0.95407192      0.84613508      0.27209954      0.80582916       17.025319       1022.1009       1465.6985      -24.559806       -25.456948         0.89714192       2823.2374                 21.650386                 397.13413                                 593.2187                      10.097677                   17.025319                  1465.6985        177.6088        140.80392
              2       1386.9256     0.022610284       70.163924       3.0557157      0.97368283       8.2378926      0.72538401      0.10243002     0.059828408       1.0037226       0.9992545       1.0060587       1.0007819       1.0070993    0.0058996114   2.1236378e-09      0.95407192      0.84613508      0.27209954      0.80582916       17.025319       1022.1009       1465.6985      -24.291313       -25.188454         0.89714192       2822.4338                 21.650386                 397.13413                                 593.2187                      10.097677                   17.025319                  1465.6985        177.0885        140.52063
              1        1386.182     0.022610284       70.163924       3.0557157      0.97368283       8.2378926      0.72538401      0.10243002     0.059828408       1.0037226      0.99911958       1.0044838      0.99705384       1.0037191    0.0058996114   2.1236378e-09      0.95407192      0.84613508      0.27209954      0.80582916       17.025319       1022.1009       1465.6985      -24.424956       -25.322098         0.89714192       2821.2139                 21.650386                 397.13413                                 593.2187                      10.097677                   17.025319                  1465.6985       177.70058        138.68863
              1       1386.6701     0.022610284       70.163924       3.0557157      0.97368283       8.2378926      0.72538401      0.10243002     0.059828408       1.0038635      0.99911968       1.0044305      0.99761716       1.0057848    0.0058996114   2.1236378e-09      0.95407192      0.84613508      0.27209954      0.80582916       17.025319       1022.5231       1465.6985      -24.228139       -25.125281         0.89714192       2821.7964                 21.634826                 397.13414                                593.60776                      10.146372                   17.025319                  1465.6985       177.73248        138.81703
              2       1387.2276     0.022610284       70.163924       3.0557157      0.97368283       8.2378926      0.72538401      0.10243002     0.059828408       1.0039613      0.99894281       1.0077847      0.99630364       1.0012585    0.0058996114   2.1236378e-09      0.95407192      0.84613508      0.27209954      0.80582916       17.025319       1022.8666       1465.6985      -24.251439        -25.14858         0.89714192       2822.9581                 21.624065                 397.14577                                593.91594                      10.180792                   17.025319                  1465.6985       177.71634        139.65137
              2       1385.9372     0.022610284       70.163924       3.0557157      0.97368283       8.2378926      0.72538401      0.10243002     0.059828408       1.0031246       0.9989422       1.0081006      0.99976488       1.0063967    0.0058996114   2.1236378e-09      0.95407192      0.84613508      0.27209954      0.80582916       17.025319       1021.0754       1465.6985      -24.691068        -25.58821         0.89714192       2821.2566                 21.716985                 397.15902                                592.29603                      9.9034087                   17.025319                  1465.6985       177.89084         139.5665
              1       1385.8348     0.022610284       70.163924       3.0557157      0.97368283       8.2378926      0.72538401      0.10243002     0.059828408       1.0031246       0.9989422       1.0081006      0.99642895       1.0015569    0.0058996114   2.1236378e-09      0.95407192      0.84613508      0.27209954      0.80582916       17.025319       1021.0754       1465.6985       -24.74032       -25.637462         0.89714192       2821.1502                 21.716985                 397.15902                                592.29603                      9.9034087                   17.025319                  1465.6985       177.89084         139.4601
              1       1386.0686     0.022603757       70.119106       3.0561027      0.97446637       8.2271128      0.72508511      0.10354194     0.061485303       1.0031848      0.99896786       1.0080384      0.99985926       1.0073543    0.0085696314   2.1244598e-09      0.95402647      0.84620831      0.27236708        0.806295       16.933232       1021.1451       1465.7437      -24.569274       -25.437097         0.86782279       2821.2757                 21.612382                  397.1109                                592.54101                      9.8807819                   16.933232                  1465.7437       177.78545        139.66823
              1       1385.4388     0.022603757       70.119106       3.0561027      0.97446637       8.2271128      0.72508511      0.10354194     0.061485303       1.0031848        1.001018       1.0053994      0.99976585       1.0077291    0.0085696314   2.1244598e-09      0.95402647      0.84620831      0.27236708        0.806295       16.933232       1021.1451       1465.7437      -24.516535       -25.384358         0.86782279       2819.9107                 21.612382                  397.1109                                592.54101                      9.8807819                   16.933232                  1465.7437       176.28377        139.80495
              1       1386.1098     0.022603757       70.119106       3.0561027      0.97446637       8.2271128      0.72508511      0.10354194     0.061485303       1.0031848        1.001018       1.0053994      0.99721873       1.0088486    0.0085696314   2.1244598e-09      0.95402647      0.84620831      0.27236708        0.806295       16.933232       1021.1451       1465.7437      -24.150469       -25.018292         0.86782279       2820.5206                 21.612382                  397.1109                                592.54101                      9.8807819                   16.933232                  1465.7437       176.28377        140.41487
              1         1386.02     0.022603757       70.119106       3.0561027      0.97446637       8.2271128      0.72508511      0.10354194     0.061485303       1.0030503       1.0010179       1.0054502        1.000769       1.0085256    0.0085696314   2.1244598e-09      0.95402647      0.84620831      0.27236708        0.806295       16.933232       1021.2268       1465.7437      -24.447857       -25.315679         0.86782279       2820.9357                 21.627108                 397.11866                                592.63944                      9.8415445                   16.933232                  1465.7437       176.28293        140.74908
              1        1388.785     0.022603757       70.119106       3.0561027      0.97446637       8.2271128      0.72508511      0.10354194     0.061485303       1.0024406        1.001082       1.0055783      0.99333749      0.99882171    0.0085696314   2.1244598e-09      0.95402647      0.84620831      0.27236708        0.806295       16.933232       1022.3216       1465.7437      -24.296442       -25.164265         0.86782279       2826.1628                 21.694462                 397.11144                                593.83926                      9.6764178                   16.933232                  1465.7437       176.31123        144.85307
              1       1385.8575     0.022603757       70.119106       3.0561027      0.97446637       8.2271128      0.72508511      0.10354194     0.061485303       1.0024406        1.001082       1.0055783        1.001841       1.0033634    0.0085696314   2.1244598e-09      0.95402647      0.84620831      0.27236708        0.806295       16.933232       1022.3216       1465.7437      -25.219411       -26.087234         0.86782279       2822.1537                 21.694462                 397.11144                                593.83926                      9.6764178                   16.933232                  1465.7437       176.31123        140.84399
              2       1386.2182     0.022603757       70.119106       3.0561027      0.97446637       8.2271128      0.72508511      0.10354194     0.061485303       1.0024406       1.0004342          1.0081       1.0012285       1.0016807    0.0085696314   2.1244598e-09      0.95402647      0.84620831      0.27236708        0.806295       16.933232       1022.3216       1465.7437      -25.400897       -26.268719         0.86782279       2823.2381                 21.694462                 397.11144                                593.83926                      9.6764178                   16.933232                  1465.7437       177.13188        141.10773
              1       1385.6026     0.022603757       70.119106       3.0561027      0.97446637       8.2271128      0.72508511      0.10354194     0.061485303       1.0024406       1.0004342          1.0081       1.0002458       1.0026888    0.0085696314   2.1244598e-09      0.95402647      0.84620831      0.27236708        0.806295       16.933232       1022.3216       1465.7437       -25.39516       -26.262983         0.86782279       2821.9955                 21.694462                 397.11144                                593.83926                      9.6764178                   16.933232                  1465.7437       177.13188         139.8651
              1       1385.6218     0.022603757       70.119106       3.0561027      0.97446637       8.2271128      0.72508511      0.10354194     0.061485303       1.0024406       1.0004342          1.0081       1.0001202       1.0023856    0.0085696314   2.1244598e-09      0.95402647      0.84620831      0.27236708        0.806295       16.933232       1022.3216       1465.7437      -25.410853       -26.278676         0.86782279       2822.0654                 21.694462                 397.11144                                593.83926                      9.6764178                   16.933232                  1465.7437       177.13188        139.93498
              1       1385.4275     0.022603757       70.119106       3.0561027      0.97446637       8.2271128      0.72508511      0.10354194     0.061485303       1.0024406      0.99991674        1.007313       1.0001196       1.0022156    0.0085696314   2.1244598e-09      0.95402647      0.84620831      0.27236708        0.806295       16.933232       1022.3216       1465.7437      -25.428347        -26.29617         0.86782279       2821.7118                 21.694462                 397.11144                                593.83926                      9.6764178                   16.933232                  1465.7437       176.69232        140.02095
              3       1385.1224     0.022603757       70.119106       3.0561027      0.97446637       8.2271128      0.72508511      0.10354194     0.061485303       1.0031593      0.99991726       1.0070417       1.0000509       1.0021112    0.0085696314   2.1244598e-09      0.95402647      0.84620831      0.27236708        0.806295       16.933232       1021.1622       1465.7437      -25.110963       -25.978785         0.86782279       2820.4668                 21.615176                 397.11866                                592.55509                      9.8732507                   16.933232                  1465.7437       176.58849        140.03918
              1       1385.1077     0.022603757       70.119106       3.0561027      0.97446637       8.2271128      0.72508511      0.10354194     0.061485303       1.0030655       0.9999172       1.0070771       1.0000599       1.0021249    0.0085696314   2.1244598e-09      0.95402647      0.84620831      0.27236708        0.806295       16.933232       1021.2154       1465.7437      -25.157101       -26.024924         0.86782279       2820.5295                 21.625446                 397.11866                                592.62534                      9.8459179                   16.933232                  1465.7437       176.60063        140.03662
              1       1385.5364     0.022603757       70.119106       3.0561027      0.97446637       8.2271128      0.72508511      0.10354194     0.061485303       1.0030655      0.99908382       1.0064644       1.0000698        1.001885    0.0085696314   2.1244598e-09      0.95402647      0.84620831      0.27236708        0.806295       16.933232       1021.2154       1465.7437      -25.119917        -25.98774         0.86782279       2821.3126                 21.625446                 397.11866                                592.62534                      9.8459179                   16.933232                  1465.7437       177.24347        140.17688
              1       1385.9343     0.022603757       70.119106       3.0561027      0.97446637       8.2271128      0.72508511      0.10354194     0.061485303       1.0030655      0.99908382       1.0064644      0.99729469        1.000412    0.0085696314   2.1244598e-09      0.95402647      0.84620831      0.27236708        0.806295       16.933232       1021.2154       1465.7437      -24.970531       -25.838353         0.86782279       2821.8096                 21.625446                 397.11866                                592.62534                      9.8459179                   16.933232                  1465.7437       177.24347        140.67384
              1       1385.8248     0.022603757       70.119106       3.0561027      0.97446637       8.2271128      0.72508511      0.10354194     0.061485303       1.0030655      0.99924955       1.0071153       0.9973015       1.0004871    0.0085696314   2.1244598e-09      0.95402647      0.84620831      0.27236708        0.806295       16.933232       1021.2154       1465.7437      -24.986149       -25.853972         0.86782279        2821.622                 21.625446                 397.11866                                592.62534                      9.8459179                   16.933232                  1465.7437        177.1181         140.6116
              1       1385.3011     0.022603757       70.119106       3.0561027      0.97446637       8.2271128      0.72508511      0.10354194     0.061485303       1.0030655      0.99924955       1.0071153      0.99799937       1.0017722    0.0085696314   2.1244598e-09      0.95402647      0.84620831      0.27236708        0.806295       16.933232       1021.2154       1465.7437      -25.040018       -25.907841         0.86782279       2820.6822                 21.625446                 397.11866                                592.62534                      9.8459179                   16.933232                  1465.7437        177.1181        139.67183
              1       1387.2489     0.022603757       70.119106       3.0561027      0.97446637       8.2271128      0.72508511      0.10354194     0.061485303       1.0024067      0.99829711       1.0051073      0.99825535       1.0002664    0.0085696314   2.1244598e-09      0.95402647      0.84620831      0.27236708        0.806295       16.933232       1022.4198       1465.7437      -25.251407       -26.119229         0.86782279       2825.0007                 21.698237                 397.11144                                593.94229                      9.6678498                   16.933232                  1465.7437       179.13742        140.76651
              2       1385.6653     0.022603757       70.119106       3.0561027      0.97446637       8.2271128      0.72508511      0.10354194     0.061485303       1.0024067       1.0000801       1.0075164      0.99825228       1.0008366    0.0085696314   2.1244598e-09      0.95402647      0.84620831      0.27236708        0.806295       16.933232       1022.4198       1465.7437      -25.405936       -26.273758         0.86782279       2822.1425                 21.698237                 397.11144                                593.94229                      9.6678498                   16.933232                  1465.7437       176.74112        140.30463
              2       1385.7304     0.022603757       70.119106       3.0561027      0.97446637       8.2271128      0.72508511      0.10354194     0.061485303       1.0027259       1.0003997       1.0037608       1.0006422        1.001391    0.0085696314   2.1244598e-09      0.95402647      0.84620831      0.27236708        0.806295       16.933232       1021.6433       1465.7437      -25.320187       -26.188009         0.86782279       2822.1012                 21.662815                  397.1056                                593.12382                      9.7510973                   16.933232                  1465.7437       176.93365        140.84727
              1       1386.3797     0.022603757       70.119106       3.0561027      0.97446637       8.2271128      0.72508511      0.10354194     0.061485303       1.0027295       1.0003997       1.0037595      0.99528986       1.0010208    0.0085696314   2.1244598e-09      0.95402647      0.84620831      0.27236708        0.806295       16.933232       1021.6368       1465.7437      -24.787092       -25.654915         0.86782279       2822.3336                 21.662426                  397.1056                                593.11668                      9.7520481                   16.933232                  1465.7437       176.93457        141.08533
              1       1386.6162     0.022603757       70.119106       3.0561027      0.97446637       8.2271128      0.72508511      0.10354194     0.061485303       1.0027295       1.0003997       1.0037595      0.99518501       1.0005162    0.0085696314   2.1244598e-09      0.95402647      0.84620831      0.27236708        0.806295       16.933232       1021.6368       1465.7437      -24.769661       -25.637483         0.86782279       2822.7717                 21.662426                  397.1056                                593.11668                      9.7520481                   16.933232                  1465.7437       176.93457        141.52344
              1        1388.478     0.022603757       70.119106       3.0561027      0.97446637       8.2271128      0.72508511      0.10354194     0.061485303       1.0044967        1.000401       1.0030923      0.99520937       1.0018112    0.0085696314   2.1244598e-09      0.95402647      0.84620831      0.27236708        0.806295       16.933232        1023.582       1465.7437      -23.725294       -24.593117         0.86782279       2824.4065                 21.471684                 397.08072                                594.71336                      10.316272                   16.933232                  1465.7437       177.47557          140.672
              1       1387.5287     0.022603757       70.119106       3.0561027      0.97446637       8.2271128      0.72508511      0.10354194     0.061485303       1.0044967       1.0007614       1.0037343      0.99933179       1.0074236    0.0085696314   2.1244598e-09      0.95402647      0.84620831      0.27236708        0.806295       16.933232        1023.582       1465.7437      -23.769827       -24.637649         0.86782279       2822.5971                 21.471684                 397.08072                                594.71336                      10.316272                   16.933232                  1465.7437       176.81592        139.52219
              1       1388.0867     0.022603757       70.119106       3.0561027      0.97446637       8.2271128      0.72508511      0.10354194     0.061485303       1.0044967       1.0007614       1.0037343      0.99787917      0.99948792    0.0085696314   2.1244598e-09      0.95402647      0.84620831      0.27236708        0.806295       16.933232        1023.582       1465.7437      -24.188212       -25.056035         0.86782279       2824.5498                 21.471684                 397.08072                                594.71336                      10.316272                   16.933232                  1465.7437       176.81592        141.47495
              2       1387.7214     0.022603757       70.119106       3.0561027      0.97446637       8.2271128      0.72508511      0.10354194     0.061485303       1.0044967       1.0007614       1.0037343       1.0008599       1.0015629    0.0085696314   2.1244598e-09      0.95402647      0.84620831      0.27236708        0.806295       16.933232        1023.582       1465.7437      -24.260801       -25.128624         0.86782279       2823.9645                 21.471684                 397.08072                                594.71336                      10.316272                   16.933232                  1465.7437       176.81592        140.88962
              1       1387.5924     0.022603757       70.119106       3.0561027      0.97446637       8.2271128      0.72508511      0.10354194     0.061485303       1.0041175       1.0007612       1.0038775       1.0001949       1.0093127    0.0085696314   2.1244598e-09      0.95402647      0.84620831      0.27236708        0.806295       16.933232       1022.2767       1465.7437      -23.742144       -24.609967         0.86782279       2822.6691                 21.511759                 397.08072                                593.50362                      10.180595                   16.933232                  1465.7437       176.72791        140.98756
              1       1390.8746     0.022603757       70.119106       3.0561027      0.97446637       8.2271128      0.72508511      0.10354194     0.061485303       1.0041175       1.0011342       1.0021932       1.0007155       1.0125976    0.0085696314   2.1244598e-09      0.95402647      0.84620831      0.27236708        0.806295       16.933232       1022.2767       1465.7437      -23.010237       -23.878059         0.86782279       2827.7696                 21.511759                 397.08072                                593.50362                      10.180595                   16.933232                  1465.7437       178.10269        144.71332
              3       1386.8569     0.022603757       70.119106       3.0561027      0.97446637       8.2271128      0.72508511      0.10354194     0.061485303       1.0041175       1.0011342       1.0021932      0.99981837       1.0029376    0.0085696314   2.1244598e-09      0.95402647      0.84620831      0.27236708        0.806295       16.933232       1022.2767       1465.7437      -24.441805       -25.309628         0.86782279       2822.5974                 21.511759                 397.08072                                593.50362                      10.180595                   16.933232                  1465.7437       178.10269        139.54108
              1       1386.5433     0.022603757       70.119106       3.0561027      0.97446637       8.2271128      0.72508511      0.10354194     0.061485303       1.0041175       1.0015937       1.0030901      0.99982216       1.0030989    0.0085696314   2.1244598e-09      0.95402647      0.84620831      0.27236708        0.806295       16.933232       1022.2767       1465.7437      -24.362987        -25.23081         0.86782279       2821.8126                 21.511759                 397.08072                                593.50362                      10.180595                   16.933232                  1465.7437       177.37549        139.48349
              1       1387.9055     0.022603757       70.119106       3.0561027      0.97446637       8.2271128      0.72508511      0.10354194     0.061485303       1.0041175       1.0018025        1.002402      0.99687046       1.0079658    0.0085696314   2.1244598e-09      0.95402647      0.84620831      0.27236708        0.806295       16.933232       1022.2767       1465.7437      -23.572035       -24.439858         0.86782279       2822.9551                 21.511759                 397.08072                                593.50362                      10.180595                   16.933232                  1465.7437       178.04599        139.95555
              1       1387.1247     0.022603757       70.119106       3.0561027      0.97446637       8.2271128      0.72508511      0.10354194     0.061485303       1.0034425        1.001802       1.0026569      0.99643577       1.0082258    0.0085696314   2.1244598e-09      0.95402647      0.84620831      0.27236708        0.806295       16.933232       1021.1738       1465.7437      -23.868398       -24.736221         0.86782279       2821.9861                 21.584303                  397.1109                                592.51982                      9.9587731                   16.933232                  1465.7437       177.82451        140.31088
              1       1386.3649     0.022603757       70.119106       3.0561027      0.97446637       8.2271128      0.72508511      0.10354194     0.061485303       1.0036678      0.99850518       1.0079042       0.9996137       1.0023974    0.0085696314   2.1244598e-09      0.95402647      0.84620831      0.27236708        0.806295       16.933232       1021.3623       1465.7437      -24.693651       -25.561474         0.86782279        2822.117                 21.559931                 397.09131                                592.68109                      10.029971                   16.933232                  1465.7437       178.39346        139.68434
              1       1386.3812     0.022603757       70.119106       3.0561027      0.97446637       8.2271128      0.72508511      0.10354194     0.061485303       1.0036678      0.99850518       1.0079042      0.99762946       1.0021991    0.0085696314   2.1244598e-09      0.95402647      0.84620831      0.27236708        0.806295       16.933232       1021.3623       1465.7437      -24.566604       -25.434427         0.86782279       2821.8956                 21.559931                 397.09131                                592.68109                      10.029971                   16.933232                  1465.7437       178.39346        139.46297
              1       1386.6175     0.022603757       70.119106       3.0561027      0.97446637       8.2271128      0.72508511      0.10354194     0.061485303       1.0036678       1.0028048       1.0054307      0.99748442       1.0031442    0.0085696314   2.1244598e-09      0.95402647      0.84620831      0.27236708        0.806295       16.933232       1021.3623       1465.7437      -24.188355       -25.056177         0.86782279       2821.6118                 21.559931                 397.09131                                592.68109                      10.029971                   16.933232                  1465.7437       178.46634         139.1062
              1       1388.1782     0.022603757       70.119106       3.0561027      0.97446637       8.2271128      0.72508511      0.10354194     0.061485303       1.0036678       1.0028048       1.0054307      0.99900945       1.0096638    0.0085696314   2.1244598e-09      0.95402647      0.84620831      0.27236708        0.806295       16.933232       1021.3623       1465.7437      -23.531013       -24.398836         0.86782279       2823.4184                 21.559931                 397.09131                                592.68109                      10.029971                   16.933232                  1465.7437       178.46634        140.91283
              1       1389.3118     0.022603757       70.119106       3.0561027      0.97446637       8.2271128      0.72508511      0.10354194     0.061485303       1.0022371        1.002692       1.0080978      0.99918425       1.0099541    0.0085696314   2.1244598e-09      0.95402647      0.84620831      0.27236708        0.806295       16.933232       1022.9678       1465.7437      -24.195232       -25.063054         0.86782279       2827.0142                 21.717182                 397.10915                                594.51552                      9.6259438                   16.933232                  1465.7437       180.17326        141.19618
              1       1387.7899     0.022603757       70.119106       3.0561027      0.97446637       8.2271128      0.72508511      0.10354194     0.061485303       1.0022371        1.002692       1.0080978      0.99906276       1.0066769    0.0085696314   2.1244598e-09      0.95402647      0.84620831      0.27236708        0.806295       16.933232       1022.9678       1465.7437      -24.705562       -25.573385         0.86782279        2824.991                 21.717182                 397.10915                                594.51552                      9.6259438                   16.933232                  1465.7437       180.17326        139.17299
              1       1386.7882     0.022603757       70.119106       3.0561027      0.97446637       8.2271128      0.72508511      0.10354194     0.061485303       1.0022371       1.0021306        1.007702      0.99906975       1.0065161    0.0085696314   2.1244598e-09      0.95402647      0.84620831      0.27236708        0.806295       16.933232       1022.9678       1465.7437      -24.876346       -25.744168         0.86782279       2823.3291                 21.717182                 397.10915                                594.51552                      9.6259438                   16.933232                  1465.7437       178.55861        139.12579
              1       1386.9343     0.022603757       70.119106       3.0561027      0.97446637       8.2271128      0.72508511      0.10354194     0.061485303       1.0021049       1.0021305       1.0077519      0.99911122       1.0061532    0.0085696314   2.1244598e-09      0.95402647      0.84620831      0.27236708        0.806295       16.933232       1023.4788       1465.7437      -24.967674       -25.835496         0.86782279       2823.8039                 21.732018                 397.12341                                  595.029                      9.5944059                   16.933232                  1465.7437       178.60579        139.04237
              1       1387.4603     0.022603757       70.119106       3.0561027      0.97446637       8.2271128      0.72508511      0.10354194     0.061485303       1.0021049       0.9999376       1.0105594       1.0007191       1.0049221    0.0085696314   2.1244598e-09      0.95402647      0.84620831      0.27236708        0.806295       16.933232       1023.4788       1465.7437      -25.355387        -26.22321         0.86782279       2825.6313                 21.732018                 397.12341                                  595.029                      9.5944059                   16.933232                  1465.7437       179.83475        139.64081
              1       1388.8944     0.022603757       70.119106       3.0561027      0.97446637       8.2271128      0.72508511      0.10354194     0.061485303       1.0034192      0.99993855       1.0100632       0.9933163       1.0017748    0.0085696314   2.1244598e-09      0.95402647      0.84620831      0.27236708        0.806295       16.933232        1021.162       1465.7437      -23.878821       -24.746643         0.86782279       2825.5465                 21.586831                  397.1109                                 592.5127                      9.9515766                   16.933232                  1465.7437       179.12839        142.57918
              1       1388.3341     0.022603757       70.119106       3.0561027      0.97446637       8.2271128      0.72508511      0.10354194     0.061485303       1.0034192      0.99993855       1.0100632      0.99463244       1.0000921    0.0085696314   2.1244598e-09      0.95402647      0.84620831      0.27236708        0.806295       16.933232        1021.162       1465.7437      -24.301918       -25.169741         0.86782279       2825.2719                 21.586831                  397.1109                                 592.5127                      9.9515766                   16.933232                  1465.7437       179.12839        142.30463
              1       1386.2204     0.022603757       70.119106       3.0561027      0.97446637       8.2271128      0.72508511      0.10354194     0.061485303       1.0034927       0.9999386       1.0100354      0.99808821       1.0048281    0.0085696314   2.1244598e-09      0.95402647      0.84620831      0.27236708        0.806295       16.933232       1021.2101       1465.7437      -24.664735       -25.532558         0.86782279       2821.7703                 21.578855                 397.11556                                592.54126                      9.9744024                   16.933232                  1465.7437       179.09126        138.79208
              1       1386.2334     0.022603757       70.119106       3.0561027      0.97446637       8.2271128      0.72508511      0.10354194     0.061485303       1.0034927       0.9999386       1.0100354      0.99929455       1.0049207    0.0085696314   2.1244598e-09      0.95402647      0.84620831      0.27236708        0.806295       16.933232       1021.2101       1465.7437      -24.734506       -25.602328         0.86782279       2821.9358                 21.578855                 397.11556                                592.54126                      9.9744024                   16.933232                  1465.7437       179.09126        138.95757
              1        1387.357     0.022603757       70.119106       3.0561027      0.97446637       8.2271128      0.72508511      0.10354194     0.061485303       1.0020067      0.99993753       1.0105965      0.99943661       1.0051365    0.0085696314   2.1244598e-09      0.95402647      0.84620831      0.27236708        0.806295       16.933232       1023.8863       1465.7437      -25.372242       -26.240065         0.86782279       2825.4584                 21.743081                 397.12341                                595.44824                      9.5716197                   16.933232                  1465.7437       179.89075        139.00441
              1       1387.0916     0.022603757       70.119106       3.0561027      0.97446637       8.2271128      0.72508511      0.10354194     0.061485303       1.0022121       1.0018083       1.0042637      0.99462313       1.0032823    0.0085696314   2.1244598e-09      0.95402647      0.84620831      0.27236708        0.806295       16.933232       1023.0714       1465.7437      -24.559984       -25.427807         0.86782279       2823.3032                  21.71998                 397.12341                                594.60807                      9.6199087                   16.933232                  1465.7437       176.95143         140.6035
              1       1388.4019     0.022603757       70.119106       3.0561027      0.97446637       8.2271128      0.72508511      0.10354194     0.061485303        1.001453       1.0018077       1.0045503       1.0007715       1.0005325    0.0085696314   2.1244598e-09      0.95402647      0.84620831      0.27236708        0.806295       16.933232       1026.8056       1465.7437      -25.584172       -26.451995         0.86782279       2827.9722                 21.806166                 397.12924                                598.41686                      9.4533679                   16.933232                  1465.7437       176.88745        141.60219
              1       1387.8291     0.022603757       70.119106       3.0561027      0.97446637       8.2271128      0.72508511      0.10354194     0.061485303        1.001453       1.0018077       1.0045503      0.99733051        1.001152    0.0085696314   2.1244598e-09      0.95402647      0.84620831      0.27236708        0.806295       16.933232       1026.8056       1465.7437      -25.412324       -26.280147         0.86782279       2826.4828                 21.806166                 397.12924                                598.41686                      9.4533679                   16.933232                  1465.7437       176.88745        140.11282
              1        1387.852     0.022603757       70.119106       3.0561027      0.97446637       8.2271128      0.72508511      0.10354194     0.061485303        1.001453       1.0018398       1.0045212      0.99732925       1.0011585    0.0085696314   2.1244598e-09      0.95402647      0.84620831      0.27236708        0.806295       16.933232       1026.8056       1465.7437      -25.405515       -26.273338         0.86782279       2826.5151                 21.806166                 397.12924                                598.41686                      9.4533679                   16.933232                  1465.7437       176.92397        140.10861
              1       1389.5668     0.022603757       70.119106       3.0561027      0.97446637       8.2271128      0.72508511      0.10354194     0.061485303        1.001453       1.0018398       1.0045212       1.0035503         1.00611    0.0085696314   2.1244598e-09      0.95402647      0.84620831      0.27236708        0.806295       16.933232       1026.8056       1465.7437      -24.929325       -25.797148         0.86782279       2828.9922                 21.806166                 397.12924                                598.41686                      9.4533679                   16.933232                  1465.7437       176.92397        142.58569
              1       1388.5241     0.022603757       70.119106       3.0561027      0.97446637       8.2271128      0.72508511      0.10354194     0.061485303        1.001453      0.99991685       1.0064817       1.0019608       1.0078733    0.0085696314   2.1244598e-09      0.95402647      0.84620831      0.27236708        0.806295       16.933232       1026.8056       1465.7437      -25.101002       -25.968825         0.86782279       2827.2503                 21.806166                 397.12924                                598.41686                      9.4533679                   16.933232                  1465.7437        176.4532        141.31451
              1       1388.7422     0.022603757       70.119106       3.0561027      0.97446637       8.2271128      0.72508511      0.10354194     0.061485303        1.001453       1.0013268       1.0044185       1.0018924       1.0081182    0.0085696314   2.1244598e-09      0.95402647      0.84620831      0.27236708        0.806295       16.933232       1026.8056       1465.7437      -24.973073       -25.840895         0.86782279       2827.4306                 21.806166                 397.12924                                598.41686                      9.4533679                   16.933232                  1465.7437       176.57184        141.37617
              1       1389.3261     0.022603757       70.119106       3.0561027      0.97446637       8.2271128      0.72508511      0.10354194     0.061485303        1.001453       0.9991382       1.0044695      0.99718374       0.9986936    0.0085696314   2.1244598e-09      0.95402647      0.84620831      0.27236708        0.806295       16.933232       1026.8056       1465.7437      -25.529048       -26.396871         0.86782279       2829.7103                 21.806166                 397.12924                                598.41686                      9.4533679                   16.933232                  1465.7437       177.84328        142.38446
              1        1389.959     0.022603757       70.119106       3.0561027      0.97446637       8.2271128      0.72508511      0.10354194     0.061485303        1.001453       1.0031751       1.0059626      0.99621167       1.0068733    0.0085696314   2.1244598e-09      0.95402647      0.84620831      0.27236708        0.806295       16.933232       1026.8056       1465.7437      -24.420231       -25.288054         0.86782279       2828.7585                 21.806166                 397.12924                                598.41686                      9.4533679                   16.933232                  1465.7437       179.54578        139.73013
              1       1389.5677     0.022603757       70.119106       3.0561027      0.97446637       8.2271128      0.72508511      0.10354194     0.061485303        1.001453       1.0035742       1.0036097      0.99744563       1.0050917    0.0085696314   2.1244598e-09      0.95402647      0.84620831      0.27236708        0.806295       16.933232       1026.8056       1465.7437      -24.666371       -25.534193         0.86782279       2828.4682                 21.806166                 397.12924                                598.41686                      9.4533679                   16.933232                  1465.7437       180.11832        138.86737
              1       1388.3208     0.022603757       70.119106       3.0561027      0.97446637       8.2271128      0.72508511      0.10354194     0.061485303       1.0029081       1.0035752       1.0030603      0.99835253      0.99967236    0.0085696314   2.1244598e-09      0.95402647      0.84620831      0.27236708        0.806295       16.933232        1021.363       1465.7437      -24.497048       -25.364871         0.86782279       2825.6357                 21.642732                 397.11031                                592.80883                       9.801154                   16.933232                  1465.7437       180.27046        141.32526
              1       1388.1369     0.022603757       70.119106       3.0561027      0.97446637       8.2271128      0.72508511      0.10354194     0.061485303       1.0024923       1.0035749       1.0032173      0.99884229       1.0005618    0.0085696314   2.1244598e-09      0.95402647      0.84620831      0.27236708        0.806295       16.933232       1022.1793       1465.7437      -24.708887        -25.57671         0.86782279       2825.6915                 21.688711                 397.11144                                593.68951                      9.6896088                   16.933232                  1465.7437       180.21652        140.61877
              1       1387.8361     0.022603757       70.119106       3.0561027      0.97446637       8.2271128      0.72508511      0.10354194     0.061485303       1.0024923       1.0035749       1.0032173      0.99759184        1.006326    0.0085696314   2.1244598e-09      0.95402647      0.84620831      0.27236708        0.806295       16.933232       1022.1793       1465.7437      -24.222698        -25.09052         0.86782279       2824.1175                 21.688711                 397.11144                                593.68951                      9.6896088                   16.933232                  1465.7437       180.21652        139.04483
              1        1387.592     0.022603757       70.119106       3.0561027      0.97446637       8.2271128      0.72508511      0.10354194     0.061485303       1.0024923       1.0035749       1.0032173      0.99755039       1.0049376    0.0085696314   2.1244598e-09      0.95402647      0.84620831      0.27236708        0.806295       16.933232       1022.1793       1465.7437      -24.365656       -25.233479         0.86782279       2823.9153                 21.688711                 397.11144                                593.68951                      9.6896088                   16.933232                  1465.7437       180.21652        138.84261
              1       1385.3415     0.022603757       70.119106       3.0561027      0.97446637       8.2271128      0.72508511      0.10354194     0.061485303       1.0024923      0.99917797       1.0056863       0.9976977        1.003968    0.0085696314   2.1244598e-09      0.95402647      0.84620831      0.27236708        0.806295       16.933232       1022.1793       1465.7437      -25.137175       -26.004998         0.86782279       2820.9573                 21.688711                 397.11144                                593.68951                      9.6896088                   16.933232                  1465.7437       177.21414        138.88696
              1       1384.9816     0.022603757       70.119106       3.0561027      0.97446637       8.2271128      0.72508511      0.10354194     0.061485303       1.0024923       1.0003369       1.0045115      0.99765017       1.0041963    0.0085696314   2.1244598e-09      0.95402647      0.84620831      0.27236708        0.806295       16.933232       1022.1793       1465.7437      -25.145287        -26.01311         0.86782279       2820.2539                 21.688711                 397.11144                                593.68951                      9.6896088                   16.933232                  1465.7437        176.5361        138.86156
              1       1385.1112     0.022603757       70.119106       3.0561027      0.97446637       8.2271128      0.72508511      0.10354194     0.061485303       1.0024923       1.0005642       1.0039023      0.99763455       1.0042214    0.0085696314   2.1244598e-09      0.95402647      0.84620831      0.27236708        0.806295       16.933232       1022.1793       1465.7437      -25.130078       -25.997901         0.86782279       2820.4826                 21.688711                 397.11144                                593.68951                      9.6896088                   16.933232                  1465.7437        176.7657        138.86075
              1       1385.3064     0.022603757       70.119106       3.0561027      0.97446637       8.2271128      0.72508511      0.10354194     0.061485303       1.0024923       1.0005642       1.0039023      0.99977093       1.0059079    0.0085696314   2.1244598e-09      0.95402647      0.84620831      0.27236708        0.806295       16.933232       1022.1793       1465.7437      -25.105948        -25.97377         0.86782279       2820.8247                 21.688711                 397.11144                                593.68951                      9.6896088                   16.933232                  1465.7437        176.7657        139.20285
              1       1385.6819     0.022603757       70.119106       3.0561027      0.97446637       8.2271128      0.72508511      0.10354194     0.061485303       1.0024923       1.0005642       1.0039023      0.99618093       1.0024367    0.0085696314   2.1244598e-09      0.95402647      0.84620831      0.27236708        0.806295       16.933232       1022.1793       1465.7437      -25.019529       -25.887352         0.86782279       2821.4028                 21.688711                 397.11144                                593.68951                      9.6896088                   16.933232                  1465.7437        176.7657        139.78093
              1       1386.2004     0.022603757       70.119106       3.0561027      0.97446637       8.2271128      0.72508511      0.10354194     0.061485303       1.0035802       1.0017132       1.0072359      0.99812723       1.0072459    0.0085696314   2.1244598e-09      0.95402647      0.84620831      0.27236708        0.806295       16.933232       1021.2612       1465.7437       -24.17988       -25.047703         0.86782279       2820.7607                 21.569383                 397.09131                                592.59851                      10.001965                   16.933232                  1465.7437       177.50995        139.31262
              1       1384.8717     0.022595592       69.978851        3.056887      0.97565751       8.1604928      0.72344864      0.10443179     0.065344627       1.0038355       1.0008832       1.0044557      0.99821836       1.0070265    0.0088346816   2.1261267e-09      0.95385867      0.84797624      0.27395096      0.81032543       16.244159       1020.6887       1465.9671      -24.220662       -25.053843         0.83318035       2818.1847                 21.435105                 396.86449                                 592.5916                       9.797505                   16.244159                  1465.9671       175.40982        139.87494
              1       1387.7315     0.022595592       69.978851        3.056887      0.97565751       8.1604928      0.72344864      0.10443179     0.065344627       1.0038355        1.002497      0.99914995      0.99885833       1.0032213    0.0088346816   2.1261267e-09      0.95385867      0.84797624      0.27395096      0.81032543       16.244159       1020.6887       1465.9671      -24.332896       -25.166077         0.83318035       2824.1288                 21.435105                 396.86449                                 592.5916                       9.797505                   16.244159                  1465.9671       180.94038        140.28844
              1        1389.728     0.022595592       69.978851        3.056887      0.97565751       8.1604928      0.72344864      0.10443179     0.065344627        1.003882       1.0057481       1.0063273      0.99889485       1.0043998    0.0088346816   2.1261267e-09      0.95385867      0.84797624      0.27395096      0.81032543       16.244159       1020.6462       1465.9671      -22.732116       -23.565296         0.83318035       2824.9203                 21.430301                 396.86449                                592.54258                      9.8088405                   16.244159                  1465.9671       182.24969        139.81308
              1       1387.0652     0.022595592       69.978851        3.056887      0.97565751       8.1604928      0.72344864      0.10443179     0.065344627        1.003882       1.0044365       1.0067199      0.99893308       1.0040928    0.0088346816   2.1261267e-09      0.95385867      0.84797624      0.27395096      0.81032543       16.244159       1020.6462       1465.9671      -23.500938       -24.334118         0.83318035       2821.1323                 21.430301                 396.86449                                592.54258                      9.8088405                   16.244159                  1465.9671       178.36914        139.90565
              1       1386.4045     0.022595592       69.978851        3.056887      0.97565751       8.1604928      0.72344864      0.10443179     0.065344627       1.0036869       1.0043413       1.0037758      0.99890388       1.0039407    0.0088346816   2.1261267e-09      0.95385867      0.84797624      0.27395096      0.81032543       16.244159       1020.8772       1465.9671      -23.675466       -24.508646         0.83318035         2820.16                 21.450535                 396.86806                                592.79664                      9.7620155                   16.244159                  1465.9671       177.10709        139.96437
              2       1386.4316     0.022595592       69.978851        3.056887      0.97565751       8.1604928      0.72344864      0.10443179     0.065344627       1.0036869       1.0043627       1.0038354      0.99890435       1.0039491    0.0088346816   2.1261267e-09      0.95385867      0.84797624      0.27395096      0.81032543       16.244159       1020.8772       1465.9671      -23.664523       -24.497703         0.83318035       2820.1923                 21.450535                 396.86806                                592.79664                      9.7620155                   16.244159                  1465.9671       177.14262        139.96115
              1        1389.208     0.022595592       69.978851        3.056887      0.97565751       8.1604928      0.72344864      0.10443179     0.065344627       1.0036869       1.0019568       1.0016261       1.0055105       1.0019281    0.0088346816   2.1261267e-09      0.95385867      0.84797624      0.27395096      0.81032543       16.244159       1020.8772       1465.9671       -23.89824        -24.73142         0.83318035       2826.2124                 21.450535                 396.86806                                592.79664                      9.7620155                   16.244159                  1465.9671        177.0396        146.08426
              1       1387.3454     0.022595592       69.978851        3.056887      0.97565751       8.1604928      0.72344864      0.10443179     0.065344627       1.0046335       1.0019574       1.0012687       1.0022655       1.0026527    0.0088346816   2.1261267e-09      0.95385867      0.84797624      0.27395096      0.81032543       16.244159       1020.9658       1465.9671      -23.862418       -24.695598         0.83318035       2822.4156                 21.353426                 396.86344                                592.73973                       10.00917                   16.244159                  1465.9671       177.53525        141.70334
              2       1386.7561     0.022595592       69.978851        3.056887      0.97565751       8.1604928      0.72344864      0.10443179     0.065344627       1.0046335      0.99927815       1.0071418      0.99768845       1.0067412    0.0088346816   2.1261267e-09      0.95385867      0.84797624      0.27395096      0.81032543       16.244159       1020.9658       1465.9671      -23.677761       -24.510941         0.83318035       2820.8678                 21.353426                 396.86344                                592.73973                       10.00917                   16.244159                  1465.9671       177.63947        140.05127
              1       1385.6852     0.022595592       69.978851        3.056887      0.97565751       8.1604928      0.72344864      0.10443179     0.065344627       1.0046335       1.0007147       1.0050914      0.99761966       1.0069934    0.0088346816   2.1261267e-09      0.95385867      0.84797624      0.27395096      0.81032543       16.244159       1020.9658       1465.9671      -23.637556       -24.470736         0.83318035       2818.6456                 21.353426                 396.86344                                592.73973                       10.00917                   16.244159                  1465.9671       175.33563        140.13292
              1       1385.7467     0.022595592       69.978851        3.056887      0.97565751       8.1604928      0.72344864      0.10443179     0.065344627       1.0046335       1.0007147       1.0050914      0.99730871       1.0067003    0.0088346816   2.1261267e-09      0.95385867      0.84797624      0.27395096      0.81032543       16.244159       1020.9658       1465.9671      -23.636414       -24.469594         0.83318035       2818.7662                 21.353426                 396.86344                                592.73973                       10.00917                   16.244159                  1465.9671       175.33563        140.25356
              1       1385.5404     0.022595592       69.978851        3.056887      0.97565751       8.1604928      0.72344864      0.10443179     0.065344627       1.0040234       1.0007143       1.0053217       1.0028877       1.0069854    0.0088346816   2.1261267e-09      0.95385867      0.84797624      0.27395096      0.81032543       16.244159       1020.5615       1465.9671      -23.994882       -24.828063         0.83318035       2819.0706                 21.415697                 396.86449                                592.43713                       9.844141                   16.244159                  1465.9671       175.26488        141.03296
              1       1388.2956     0.022595592       69.978851        3.056887      0.97565751       8.1604928      0.72344864      0.10443179     0.065344627       1.0040234       1.0007143       1.0053217      0.99447061       1.0097999    0.0088346816   2.1261267e-09      0.95385867      0.84797624      0.27395096      0.81032543       16.244159       1020.5615       1465.9671      -22.996486       -23.829667         0.83318035       2822.5843                 21.415697                 396.86449                                592.43713                       9.844141                   16.244159                  1465.9671       175.26488        144.54665
              1       1387.4548     0.022595592       69.978851        3.056887      0.97565751       8.1604928      0.72344864      0.10443179     0.065344627       1.0040234       1.0007143       1.0053217      0.99423348       1.0073072    0.0088346816   2.1261267e-09      0.95385867      0.84797624      0.27395096      0.81032543       16.244159       1020.5615       1465.9671      -23.333473       -24.166653         0.83318035       2821.5765                 21.415697                 396.86449                                592.43713                       9.844141                   16.244159                  1465.9671       175.26488        143.53883
              2       1388.2059     0.022595592       69.978851        3.056887      0.97565751       8.1604928      0.72344864      0.10443179     0.065344627       1.0040234       1.0014505       1.0104234       1.0045528       1.0059048    0.0088346816   2.1261267e-09      0.95385867      0.84797624      0.27395096      0.81032543       16.244159       1020.5615       1465.9671      -23.730844       -24.564024         0.83318035       2823.8735                 21.415697                 396.86449                                592.43713                       9.844141                   16.244159                  1465.9671       178.29503        142.80573
              1       1386.6731     0.022595592       69.978851        3.056887      0.97565751       8.1604928      0.72344864      0.10443179     0.065344627       1.0040234       1.0004216        1.010422      0.99686822       1.0054684    0.0088346816   2.1261267e-09      0.95385867      0.84797624      0.27395096      0.81032543       16.244159       1020.5615       1465.9671      -24.155638       -24.988818         0.83318035       2821.6575                 21.415697                 396.86449                                592.43713                       9.844141                   16.244159                  1465.9671       178.40691        140.47781
              1       1387.0305     0.022593865       69.994751       3.0569975      0.97562438        8.159923      0.72357271      0.10377804     0.065665661       1.0040308       1.0004158       1.0104654       0.9968557       1.0054504     0.008905934   2.1263616e-09      0.95388316      0.84772162      0.27384519      0.80992572       16.388893       1020.7698       1465.8924       -24.15811       -24.984254         0.82614445       2822.3773                 21.432438                 396.86449                                592.63893                      9.8339709                   16.388893                  1465.8924       178.73956        140.58661
              1       1385.4103     0.022593865       69.994751       3.0569975      0.97562438        8.159923      0.72357271      0.10377804     0.065665661       1.0040545       1.0015893       1.0069258      0.99676641       1.0055567     0.008905934   2.1263616e-09      0.95388316      0.84772162      0.27384519      0.80992572       16.388893       1020.7549       1465.8924      -23.986891       -24.813035         0.82614445       2818.7943                 21.429992                 396.86449                                592.62047                      9.8399863                   16.388893                  1465.8924       175.11359        140.64452
              1       1385.3788     0.022593865       69.994751       3.0569975      0.97562438        8.159923      0.72357271      0.10377804     0.065665661       1.0040474       1.0015749       1.0067801      0.99676496       1.0055464     0.008905934   2.1263616e-09      0.95388316      0.84772162      0.27384519      0.80992572       16.388893       1020.7592       1465.8924      -23.994821       -24.820965         0.82614445       2818.7473                 21.430716                 396.86449                                592.62574                      9.8382013                   16.388893                  1465.8924       175.06067        140.64618
              1       1385.1651     0.022593865       69.994751       3.0569975      0.97562438        8.159923      0.72357271      0.10377804     0.065665661       1.0040474       1.0015749       1.0067801       1.0006075       1.0081074     0.008905934   2.1263616e-09      0.95388316      0.84772162      0.27384519      0.80992572       16.388893       1020.7592       1465.8924      -23.914424       -24.740569         0.82614445        2818.159                 21.430716                 396.86449                                592.62574                      9.8382013                   16.388893                  1465.8924       175.06067        140.05792
              1       1385.0145     0.022593865       69.994751       3.0569975      0.97562438        8.159923      0.72357271      0.10377804     0.065665661       1.0040474       1.0015749       1.0067801      0.99777682       1.0036042     0.008905934   2.1263616e-09      0.95388316      0.84772162      0.27384519      0.80992572       16.388893       1020.7592       1465.8924      -24.299922       -25.126067         0.82614445       2818.6288                 21.430716                 396.86449                                592.62574                      9.8382013                   16.388893                  1465.8924       175.06067        140.52773
              1       1387.3345     0.022593865       69.994751       3.0569975      0.97562438        8.159923      0.72357271      0.10377804     0.065665661       1.0045381      0.99912393       1.0054972      0.99777093        1.002864     0.008905934   2.1263616e-09      0.95388316      0.84772162      0.27384519      0.80992572       16.388893       1020.8621       1465.8924      -24.102725        -24.92887         0.82614445       2822.8745                 21.380355                 396.86344                                592.64854                      9.9698042                   16.388893                  1465.8924        178.8269        140.90416
              1       1386.9042     0.022593865       69.994751       3.0569975      0.97562438        8.159923      0.72357271      0.10377804     0.065665661       1.0045381        1.001061       1.0015252      0.99958505       1.0070129     0.008905934   2.1263616e-09      0.95388316      0.84772162      0.27384519      0.80992572       16.388893       1020.8621       1465.8924      -23.814117       -24.640262         0.82614445       2821.4367                 21.380355                 396.86344                                592.64854                      9.9698042                   16.388893                  1465.8924        178.6297        139.66357
              1       1386.5745     0.022593865       69.994751       3.0569975      0.97562438        8.159923      0.72357271      0.10377804     0.065665661       1.0045381       1.0032394       1.0021954      0.99972343       1.0074475     0.008905934   2.1263616e-09      0.95388316      0.84772162      0.27384519      0.80992572       16.388893       1020.8621       1465.8924      -23.236583       -24.062727         0.82614445       2819.6221                 21.380355                 396.86344                                592.64854                      9.9698042                   16.388893                  1465.8924       176.72649        139.75224
              1       1386.2808     0.022593865       69.994751       3.0569975      0.97562438        8.159923      0.72357271      0.10377804     0.065665661       1.0045381       1.0032394       1.0021954       1.0001045       1.0050647     0.008905934   2.1263616e-09      0.95388316      0.84772162      0.27384519      0.80992572       16.388893       1020.8621       1465.8924      -23.520267       -24.346412         0.82614445       2819.6021                 21.380355                 396.86344                                592.64854                      9.9698042                   16.388893                  1465.8924       176.72649        139.73218
              1        1384.867     0.022593865       69.994751       3.0569975      0.97562438        8.159923      0.72357271      0.10377804     0.065665661       1.0033017       1.0020758       1.0056417       1.0003003       1.0051086     0.008905934   2.1263616e-09      0.95388316      0.84772162      0.27384519      0.80992572       16.388893       1022.1468       1465.8924      -24.633152       -25.459297         0.82614445       2819.0003                 21.508723                 396.85605                                594.11808                      9.6639724                   16.388893                  1465.8924       174.81398        139.75824
              1       1385.7885     0.022593865       69.994751       3.0569975      0.97562438        8.159923      0.72357271      0.10377804     0.065665661       1.0041946       1.0020764       1.0053045      0.99755053       1.0012699     0.008905934   2.1263616e-09      0.95388316      0.84772162      0.27384519      0.80992572       16.388893       1020.6899       1465.8924      -24.182543       -25.008688         0.82614445       2819.9421                 21.415532                 396.84897                                592.54909                      9.8762725                   16.388893                  1465.8924       174.81425        142.15672
              1       1385.6599     0.022593865       69.994751       3.0569975      0.97562438        8.159923      0.72357271      0.10377804     0.065665661       1.0038596       1.0020762        1.005431      0.99758256       1.0013186     0.008905934   2.1263616e-09      0.95388316      0.84772162      0.27384519      0.80992572       16.388893       1020.9315       1465.8924       -24.40117       -25.227315         0.82614445       2820.1221                 21.450193                 396.86216                                592.82775                      9.7913722                   16.388893                  1465.8924       174.80963        142.09972
              1       1385.5061     0.022593865       69.994751       3.0569975      0.97562438        8.159923      0.72357271      0.10377804     0.065665661       1.0038596       1.0020762        1.005431        0.998226       1.0012426     0.008905934   2.1263616e-09      0.95388316      0.84772162      0.27384519      0.80992572       16.388893       1020.9315       1465.8924      -24.469898       -25.296042         0.82614445       2819.9519                 21.450193                 396.86216                                592.82775                      9.7913722                   16.388893                  1465.8924       174.80963        141.92953
              1       1385.5903     0.022593865       69.994751       3.0569975      0.97562438        8.159923      0.72357271      0.10377804     0.065665661       1.0038596       1.0012211       1.0053602      0.99824549       1.0010255     0.008905934   2.1263616e-09      0.95388316      0.84772162      0.27384519      0.80992572       16.388893       1020.9315       1465.8924      -24.632892       -25.459037         0.82614445       2820.4463                 21.450193                 396.86216                                592.82775                      9.7913722                   16.388893                  1465.8924       175.11151        142.12202
              1       1387.5766     0.022593865       69.994751       3.0569975      0.97562438        8.159923      0.72357271      0.10377804     0.065665661       1.0038596       1.0013024       1.0056389      0.99474505       1.0007629     0.008905934   2.1263616e-09      0.95388316      0.84772162      0.27384519      0.80992572       16.388893       1020.9315       1465.8924      -24.017407       -24.843552         0.82614445       2823.1881                 21.450193                 396.86216                                592.82775                      9.7913722                   16.388893                  1465.8924       175.01622        144.95908
              1       1388.8643     0.022593865       69.994751       3.0569975      0.97562438        8.159923      0.72357271      0.10377804     0.065665661       1.0030757       1.0034734       1.0050836      0.99475335       1.0013747     0.008905934   2.1263616e-09      0.95388316      0.84772162      0.27384519      0.80992572       16.388893       1022.9523       1465.8924       -23.86613       -24.692275         0.82614445       2825.4609                 21.532739                 396.86654                                594.93565                      9.6173455                   16.388893                  1465.8924       175.80913         144.4182
              1       1390.9306     0.022593865       69.994751       3.0569975      0.97562438        8.159923      0.72357271      0.10377804     0.065665661       1.0030757       1.0046868       1.0037516      0.99476788       1.0090668     0.008905934   2.1263616e-09      0.95388316      0.84772162      0.27384519      0.80992572       16.388893       1022.9523       1465.8924      -22.559978       -23.386122         0.82614445       2826.9811                 21.532739                 396.86654                                594.93565                      9.6173455                   16.388893                  1465.8924       178.04529        143.70229
              1       1388.1846     0.022593865       69.994751       3.0569975      0.97562438        8.159923      0.72357271      0.10377804     0.065665661       1.0030757       1.0046868       1.0037516      0.99739948       1.0053475     0.008905934   2.1263616e-09      0.95388316      0.84772162      0.27384519      0.80992572       16.388893       1022.9523       1465.8924      -23.578367       -24.404511         0.82614445        2823.526                 21.532739                 396.86654                                594.93565                      9.6173455                   16.388893                  1465.8924       178.04529        140.24713
              1       1388.0937     0.022593865       69.994751       3.0569975      0.97562438        8.159923      0.72357271      0.10377804     0.065665661       1.0028633       1.0046867       1.0038318      0.99921352        1.004736     0.008905934   2.1263616e-09      0.95388316      0.84772162      0.27384519      0.80992572       16.388893       1023.8783       1465.8924      -23.890073       -24.716218         0.82614445       2823.9676                 21.555459                  396.8874                                595.85933                      9.5761566                   16.388893                  1465.8924       178.03619        139.77176
              1        1386.932     0.022593865       69.994751       3.0569975      0.97562438        8.159923      0.72357271      0.10377804     0.065665661       1.0028633       1.0038846       1.0039435      0.99923477       1.0045416     0.008905934   2.1263616e-09      0.95388316      0.84772162      0.27384519      0.80992572       16.388893       1023.8783       1465.8924      -24.289869       -25.116013         0.82614445       2822.4437                 21.555459                  396.8874                                595.85933                      9.5761566                   16.388893                  1465.8924       176.46227        139.82182
              1       1386.6447     0.022593865       69.994751       3.0569975      0.97562438        8.159923      0.72357271      0.10377804     0.065665661       1.0035134       1.0038851       1.0036981       1.0010079       1.0025793     0.008905934   2.1263616e-09      0.95388316      0.84772162      0.27384519      0.80992572       16.388893       1021.5594       1465.8924      -24.079555       -24.905699         0.82614445       2821.4486                 21.486386                 396.85605                                593.50669                      9.7102519                   16.388893                  1465.8924       176.52226        141.08563
              1       1387.0923     0.022593865       69.994751       3.0569975      0.97562438        8.159923      0.72357271      0.10377804     0.065665661       1.0035134       1.0038851       1.0036981      0.99734366       1.0079248     0.008905934   2.1263616e-09      0.95388316      0.84772162      0.27384519      0.80992572       16.388893       1021.5594       1465.8924      -23.398561       -24.224705         0.82614445       2820.9817                 21.486386                 396.85605                                593.50669                      9.7102519                   16.388893                  1465.8924       176.52226        140.61873
              1       1386.8878     0.022593865       69.994751       3.0569975      0.97562438        8.159923      0.72357271      0.10377804     0.065665661       1.0035134       1.0035732       1.0036984      0.99613264       1.0049055     0.008905934   2.1263616e-09      0.95388316      0.84772162      0.27384519      0.80992572       16.388893       1021.5594       1465.8924      -23.698336        -24.52448         0.82614445       2821.1722                 21.486386                 396.85605                                593.50669                      9.7102519                   16.388893                  1465.8924       176.09367        141.23784
              1       1384.8958     0.022593865       69.994751       3.0569975      0.97562438        8.159923      0.72357271      0.10377804     0.065665661       1.0035134       1.0017992       1.0039273      0.99886874       1.0051955     0.008905934   2.1263616e-09      0.95388316      0.84772162      0.27384519      0.80992572       16.388893       1021.5594       1465.8924      -24.539306        -25.36545         0.82614445       2818.8701                 21.486386                 396.85605                                593.50669                      9.7102519                   16.388893                  1465.8924       175.30722        139.72226
              2       1384.6482     0.022593865       69.994751       3.0569975      0.97562438        8.159923      0.72357271      0.10377804     0.065665661       1.0035134       1.0016284       1.0055981      0.99956637        1.003987     0.008905934   2.1263616e-09      0.95388316      0.84772162      0.27384519      0.80992572       16.388893       1021.5594       1465.8924      -24.703878       -25.530022         0.82614445       2818.7042                 21.486386                 396.85605                                593.50669                      9.7102519                   16.388893                  1465.8924       174.86078        140.00272
              1       1384.6911     0.022593865       69.994751       3.0569975      0.97562438        8.159923      0.72357271      0.10377804     0.065665661       1.0035145       1.0016284       1.0055977      0.99925913       1.0063526     0.008905934   2.1263616e-09      0.95388316      0.84772162      0.27384519      0.80992572       16.388893       1021.5566       1465.8924      -24.462897       -25.289042         0.82614445        2818.308                 21.486266                 396.85605                                 593.5038                      9.7105087                   16.388893                  1465.8924       174.86079        139.60931
              1       1384.7584     0.022593865       69.994751       3.0569975      0.97562438        8.159923      0.72357271      0.10377804     0.065665661       1.0035145       1.0016284       1.0055977      0.99931032        1.006776     0.008905934   2.1263616e-09      0.95388316      0.84772162      0.27384519      0.80992572       16.388893       1021.5566       1465.8924      -24.412131       -25.238275         0.82614445        2818.341                 21.486266                 396.85605                                 593.5038                      9.7105087                   16.388893                  1465.8924       174.86079        139.64233
              1        1385.086     0.022593865       69.994751       3.0569975      0.97562438        8.159923      0.72357271      0.10377804     0.065665661       1.0035145       1.0020038       1.0050661       1.0013918       1.0034603     0.008905934   2.1263616e-09      0.95388316      0.84772162      0.27384519      0.80992572       16.388893       1021.5566       1465.8924      -24.621204       -25.447348         0.82614445       2819.4143                 21.486266                 396.85605                                 593.5038                      9.7105087                   16.388893                  1465.8924       174.83916        140.73724
              3       1385.0075     0.022593865       69.994751       3.0569975      0.97562438        8.159923      0.72357271      0.10377804     0.065665661       1.0035145       1.0020038       1.0050661      0.99963672       1.0076223     0.008905934   2.1263616e-09      0.95388316      0.84772162      0.27384519      0.80992572       16.388893       1021.5566       1465.8924      -24.229625       -25.055769         0.82614445       2818.4743                 21.486266                 396.85605                                 593.5038                      9.7105087                   16.388893                  1465.8924       174.83916        139.79727
              1       1386.2727     0.022593865       69.994751       3.0569975      0.97562438        8.159923      0.72357271      0.10377804     0.065665661       1.0051164       1.0018489        1.006084      0.99951433       1.0074349     0.008905934   2.1263616e-09      0.95388316      0.84772162      0.27384519      0.80992572       16.388893        1022.021       1465.8924      -23.180836       -24.006981         0.82614445        2818.907                  21.32193                 396.86344                                593.69351                      10.142121                   16.388893                  1465.8924       174.85295        139.75175
              1       1386.2771     0.022593865       69.994751       3.0569975      0.97562438        8.159923      0.72357271      0.10377804     0.065665661       1.0051164       1.0018489        1.006084       0.9995316       1.0074544     0.008905934   2.1263616e-09      0.95388316      0.84772162      0.27384519      0.80992572       16.388893        1022.021       1465.8924      -23.178503       -24.004647         0.82614445       2818.9111                  21.32193                 396.86344                                593.69351                      10.142121                   16.388893                  1465.8924       174.85295        139.75587
              1       1392.5765     0.022593865       69.994751       3.0569975      0.97562438        8.159923      0.72357271      0.10377804     0.065665661       1.0051164        1.003985      0.99744993      0.99888409       1.0086702     0.008905934   2.1263616e-09      0.95388316      0.84772162      0.27384519      0.80992572       16.388893        1022.021       1465.8924      -22.275289       -23.101433         0.82614445       2829.7036                  21.32193                 396.86344                                593.69351                      10.142121                   16.388893                  1465.8924       185.12178        140.27953
              1       1394.4277     0.022593865       69.994751       3.0569975      0.97562438        8.159923      0.72357271      0.10377804     0.065665661       1.0051164       1.0047861      0.99659765      0.99885056       1.0088259     0.008905934   2.1263616e-09      0.95388316      0.84772162      0.27384519      0.80992572       16.388893        1022.021       1465.8924      -21.857282       -22.683427         0.82614445       2832.5701                  21.32193                 396.86344                                593.69351                      10.142121                   16.388893                  1465.8924       187.90419        140.36359
              1       1387.7236     0.022593865       69.994751       3.0569975      0.97562438        8.159923      0.72357271      0.10377804     0.065665661       1.0051164       1.0014302       1.0018675      0.99885194       1.0077179     0.008905934   2.1263616e-09      0.95388316      0.84772162      0.27384519      0.80992572       16.388893        1022.021       1465.8924      -23.189716        -24.01586         0.82614445       2821.8266                  21.32193                 396.86344                                593.69351                      10.142121                   16.388893                  1465.8924       177.60944        139.91484
              1       1388.4015     0.022593865       69.994751       3.0569975      0.97562438        8.159923      0.72357271      0.10377804     0.065665661       1.0051164       1.0015173       1.0016928      0.99934112       1.0094077     0.008905934   2.1263616e-09      0.95388316      0.84772162      0.27384519      0.80992572       16.388893        1022.021       1465.8924      -22.923616        -23.74976         0.82614445       2822.6502                  21.32193                 396.86344                                593.69351                      10.142121                   16.388893                  1465.8924       177.74942        140.59846
              2       1387.3537     0.022593865       69.994751       3.0569975      0.97562438        8.159923      0.72357271      0.10377804     0.065665661       1.0051164       1.0022796        1.006053      0.99939514       1.0098243     0.008905934   2.1263616e-09      0.95388316      0.84772162      0.27384519      0.80992572       16.388893        1022.021       1465.8924      -22.688705       -23.514849         0.82614445       2820.0847                  21.32193                 396.86344                                593.69351                      10.142121                   16.388893                  1465.8924       174.92461        140.85783
              1       1387.5949     0.022593865       69.994751       3.0569975      0.97562438        8.159923      0.72357271      0.10377804     0.065665661       1.0051164        1.001955       1.0046815      0.99972242      0.99979653     0.008905934   2.1263616e-09      0.95388316      0.84772162      0.27384519      0.80992572       16.388893        1022.021       1465.8924      -23.684909       -24.511053         0.82614445       2822.5596                  21.32193                 396.86344                                593.69351                      10.142121                   16.388893                  1465.8924       174.92999         143.3273
              1       1386.7314     0.022593865       69.994751       3.0569975      0.97562438        8.159923      0.72357271      0.10377804     0.065665661       1.0046725        1.002827       1.0071343       1.0015442       1.0020733     0.008905934   2.1263616e-09      0.95388316      0.84772162      0.27384519      0.80992572       16.388893       1021.0317       1465.8924      -23.703355       -24.529499         0.82614445       2820.8695                 21.366683                 396.86344                                592.79336                      10.008204                   16.388893                  1465.8924       175.83215        141.72437
              1        1387.118     0.022593865       69.994751       3.0569975      0.97562438        8.159923      0.72357271      0.10377804     0.065665661       1.0046725       1.0029276       1.0078916       1.0015543       1.0021377     0.008905934   2.1263616e-09      0.95388316      0.84772162      0.27384519      0.80992572       16.388893       1021.0317       1465.8924      -23.667835       -24.493979         0.82614445       2821.5716                 21.366683                 396.86344                                592.79336                      10.008204                   16.388893                  1465.8924       176.57861        141.68001
              2       1387.4054     0.022593865       69.994751       3.0569975      0.97562438        8.159923      0.72357271      0.10377804     0.065665661        1.004605       1.0028839       1.0083379       1.0009644       1.0011733     0.008905934   2.1263616e-09      0.95388316      0.84772162      0.27384519      0.80992572       16.388893        1020.939       1465.8924        -23.7991       -24.625245         0.82614445        2822.409                 21.373541                 396.86344                                592.71321                      9.9887989                   16.388893                  1465.8924       176.97809        142.21062
              1       1387.1486     0.022593865       69.994751       3.0569975      0.97562438        8.159923      0.72357271      0.10377804     0.065665661        1.004605       1.0007241       1.0036829       1.0009392       1.0003924     0.008905934   2.1263616e-09      0.95388316      0.84772162      0.27384519      0.80992572       16.388893        1020.939       1465.8924      -24.244763       -25.070908         0.82614445       2822.7868                 21.373541                 396.86344                                592.71321                      9.9887989                   16.388893                  1465.8924       176.56863        142.99789
              1       1386.4735     0.022593865       69.994751       3.0569975      0.97562438        8.159923      0.72357271      0.10377804     0.065665661        1.004605      0.99969015       1.0049488       1.0006879       1.0035946     0.008905934   2.1263616e-09      0.95388316      0.84772162      0.27384519      0.80992572       16.388893        1020.939       1465.8924      -24.157924       -24.984069         0.82614445       2821.2628                 21.373541                 396.86344                                592.71321                      9.9887989                   16.388893                  1465.8924       177.66818        140.37436
              2       1386.5423     0.022593865       69.994751       3.0569975      0.97562438        8.159923      0.72357271      0.10377804     0.065665661       1.0046304      0.99975298       1.0046137       1.0006785       1.0035897     0.008905934   2.1263616e-09      0.95388316      0.84772162      0.27384519      0.80992572       16.388893       1020.9721       1465.8924      -24.141748       -24.967892         0.82614445        2821.368                 21.370958                 396.86344                                592.74162                      9.9960736                   16.388893                  1465.8924       177.74097        140.37367
              1       1386.6746     0.022593865       69.994751       3.0569975      0.97562438        8.159923      0.72357271      0.10377804     0.065665661       1.0046304      0.99964261       1.0046405       1.0006817       1.0035635     0.008905934   2.1263616e-09      0.95388316      0.84772162      0.27384519      0.80992572       16.388893       1020.9721       1465.8924      -24.139707       -24.965852         0.82614445       2821.6286                 21.370958                 396.86344                                592.74162                      9.9960736                   16.388893                  1465.8924       177.98778        140.38744
              1       1386.2747     0.022593865       69.994751       3.0569975      0.97562438        8.159923      0.72357271      0.10377804     0.065665661       1.0046304       1.0001509       1.0060977       1.0007547       1.0019638     0.008905934   2.1263616e-09      0.95388316      0.84772162      0.27384519      0.80992572       16.388893       1020.9721       1465.8924      -24.226588       -25.052733         0.82614445       2821.0026                 21.370958                 396.86344                                592.74162                      9.9960736                   16.388893                  1465.8924       176.31126        141.43799
              1       1385.6584     0.022593865       69.994751       3.0569975      0.97562438        8.159923      0.72357271      0.10377804     0.065665661       1.0046304       1.0001509       1.0060977       1.0004877       1.0051848     0.008905934   2.1263616e-09      0.95388316      0.84772162      0.27384519      0.80992572       16.388893       1020.9721       1465.8924      -24.016986        -24.84313         0.82614445       2819.3508                 21.370958                 396.86344                                592.74162                      9.9960736                   16.388893                  1465.8924       176.31126        139.78621
              1       1385.8799     0.022593865       69.994751       3.0569975      0.97562438        8.159923      0.72357271      0.10377804     0.065665661       1.0046304       1.0001509       1.0060977       1.0006398       1.0032665     0.008905934   2.1263616e-09      0.95388316      0.84772162      0.27384519      0.80992572       16.388893       1020.9721       1465.8924        -24.1661       -24.992244         0.82614445       2820.0921                 21.370958                 396.86344                                592.74162                      9.9960736                   16.388893                  1465.8924       176.31126        140.52742
              1       1385.9708     0.022593865       69.994751       3.0569975      0.97562438        8.159923      0.72357271      0.10377804     0.065665661       1.0046304       1.0001509       1.0060977        1.000223       1.0026287     0.008905934   2.1263616e-09      0.95388316      0.84772162      0.27384519      0.80992572       16.388893       1020.9721       1465.8924      -24.210594       -25.036739         0.82614445       2820.3627                 21.370958                 396.86344                                592.74162                      9.9960736                   16.388893                  1465.8924       176.31126        140.79805
              1       1388.6154     0.022593865       69.994751       3.0569975      0.97562438        8.159923      0.72357271      0.10377804     0.065665661       1.0046304       1.0000928       1.0121704       1.0003253       1.0029294     0.008905934   2.1263616e-09      0.95388316      0.84772162      0.27384519      0.80992572       16.388893       1020.9721       1465.8924      -24.194175       -25.020319         0.82614445       2825.6191                 21.370958                 396.86344                                592.74162                      9.9960736                   16.388893                  1465.8924       181.73357        140.63217
              2       1385.9762     0.022593865       69.994751       3.0569975      0.97562438        8.159923      0.72357271      0.10377804     0.065665661       1.0046304       1.0029627       1.0034424       1.0001109       1.0031928     0.008905934   2.1263616e-09      0.95388316      0.84772162      0.27384519      0.80992572       16.388893       1020.9721       1465.8924      -23.694064       -24.520208         0.82614445       2819.3406                 21.370958                 396.86344                                592.74162                      9.9960736                   16.388893                  1465.8924       175.65268        140.43452
              1       1385.8757     0.022580607        69.91615       3.0574667      0.97682258       8.1545771      0.72249222      0.10397447     0.066036076        1.004651       1.0029268        1.003309       1.0006334       1.0049192    0.0092111693   2.1273596e-09      0.95380653      0.84933164      0.27490008      0.81302539        15.88481       1021.8886       1466.1498       -23.59905       -24.374564         0.77551346       2818.9496                 21.215505                 396.82661                                593.88952                      9.9569414                    15.88481                  1466.1498       174.56459        140.46182
              1       1387.7353     0.022580607        69.91615       3.0574667      0.97682258       8.1545771      0.72249222      0.10397447     0.066036076       1.0055429       1.0029274       1.0029723       1.0005481       1.0047897    0.0092111693   2.1273596e-09      0.95380653      0.84933164      0.27490008      0.81302539        15.88481       1023.9148       1466.1498      -22.885852       -23.661365         0.77551346       2821.2422                 21.130906                 396.82699                                595.75726                      10.199606                    15.88481                  1466.1498       174.79941        140.49347
              1       1385.7511     0.022580607        69.91615       3.0574667      0.97682258       8.1545771      0.72249222      0.10397447     0.066036076       1.0047124       1.0030909       1.0046152       1.0006456       1.0050203    0.0092111693   2.1273596e-09      0.95380653      0.84933164      0.27490008      0.81302539        15.88481       1021.9428       1466.1498      -23.488266       -24.263779         0.77551346       2818.4786                 21.209603                 396.82661                                593.93432                      9.9722333                    15.88481                  1466.1498       174.06857        140.43271
              1       1385.7654     0.022580607        69.91615       3.0574667      0.97682258       8.1545771      0.72249222      0.10397447     0.066036076       1.0043958       1.0035957       1.0046288       1.0002015       1.0050225    0.0092111693   2.1273596e-09      0.95380653      0.84933164      0.27490008      0.81302539        15.88481       1021.8064       1466.1498      -23.540625       -24.316139         0.77551346       2818.6121                 21.240167                 396.83394                                593.83663                      9.8956487                    15.88481                  1466.1498       174.37271        140.39836
              1       1387.5667     0.022580607        69.91615       3.0574667      0.97682258       8.1545771      0.72249222      0.10397447     0.066036076       1.0043958       1.0035316       1.0020174      0.99671953       1.0036907    0.0092111693   2.1273596e-09      0.95380653      0.84933164      0.27490008      0.81302539        15.88481       1021.8064       1466.1498      -23.409894       -24.185407         0.77551346       2821.9531                 21.240167                 396.83394                                593.83663                      9.8956487                    15.88481                  1466.1498       175.69484         142.4173
              1       1391.9086     0.022580607        69.91615       3.0574667      0.97682258       8.1545771      0.72249222      0.10397447     0.066036076       1.0043958       1.0009313       1.0109207      0.99445727       1.0105587    0.0092111693   2.1273596e-09      0.95380653      0.84933164      0.27490008      0.81302539        15.88481       1021.8064       1466.1498       -22.63373       -23.409243         0.77551346       2829.0848                 21.240167                 396.83394                                593.83663                      9.8956487                    15.88481                  1466.1498       178.83537         146.4084
              1       1390.2172     0.022580607        69.91615       3.0574667      0.97682258       8.1545771      0.72249222      0.10397447     0.066036076       1.0040182       1.0030286       1.0040439      0.99432602       1.0107728    0.0092111693   2.1273596e-09      0.95380653      0.84933164      0.27490008      0.81302539        15.88481       1022.0906       1466.1498      -22.346749       -23.122263         0.77551346       2825.1278                 21.277054                 396.84879                                594.15313                      9.8116741                    15.88481                  1466.1498       174.20271        146.79987
              1       1387.6345     0.022580607        69.91615       3.0574667      0.97682258       8.1545771      0.72249222      0.10397447     0.066036076       1.0029393       1.0030278       1.0044513      0.99753653       1.0019071    0.0092111693   2.1273596e-09      0.95380653      0.84933164      0.27490008      0.81302539        15.88481       1025.5084       1466.1498      -24.658969       -25.434482         0.77551346        2824.587                 21.384925                 396.84032                                597.66731                      9.6158758                    15.88481                  1466.1498       174.08083        142.96318
              1       1386.7143     0.022580607        69.91615       3.0574667      0.97682258       8.1545771      0.72249222      0.10397447     0.066036076       1.0037741       1.0030284       1.0041361      0.99745673       1.0017859    0.0092111693   2.1273596e-09      0.95380653      0.84933164      0.27490008      0.81302539        15.88481       1022.5162       1466.1498      -24.204758       -24.980272         0.77551346       2821.8381                  21.30115                 396.84413                                594.60925                       9.761626                    15.88481                  1466.1498       174.17018        143.11717
              1       1386.8943     0.022580607        69.91615       3.0574667      0.97682258       8.1545771      0.72249222      0.10397447     0.066036076       1.0037741       1.0015323       1.0040381      0.99749127       1.0014073    0.0092111693   2.1273596e-09      0.95380653      0.84933164      0.27490008      0.81302539        15.88481       1022.5162       1466.1498      -24.599597        -25.37511         0.77551346       2822.9877                  21.30115                 396.84413                                594.60925                       9.761626                    15.88481                  1466.1498       175.00519        143.43176
              1       1386.8353     0.022580607        69.91615       3.0574667      0.97682258       8.1545771      0.72249222      0.10397447     0.066036076       1.0037741       1.0015323       1.0040381       1.0035301       1.0031531    0.0092111693   2.1273596e-09      0.95380653      0.84933164      0.27490008      0.81302539        15.88481       1022.5162       1466.1498      -24.371308       -25.146821         0.77551346       2822.4133                  21.30115                 396.84413                                594.60925                       9.761626                    15.88481                  1466.1498       175.00519        142.85736
              1       1386.5219     0.022580607        69.91615       3.0574667      0.97682258       8.1545771      0.72249222      0.10397447     0.066036076       1.0037741       1.0028291       1.0056165        1.003525       1.0035588    0.0092111693   2.1273596e-09      0.95380653      0.84933164      0.27490008      0.81302539        15.88481       1022.5162       1466.1498       -24.03223       -24.807743         0.77551346       2821.1082                  21.30115                 396.84413                                594.60925                       9.761626                    15.88481                  1466.1498       173.96924        142.58823
              1       1386.6558     0.022580607        69.91615       3.0574667      0.97682258       8.1545771      0.72249222      0.10397447     0.066036076       1.0041629       1.0022346       1.0074914       1.0035358       1.0034588    0.0092111693   2.1273596e-09      0.95380653      0.84933164      0.27490008      0.81302539        15.88481       1021.9158       1466.1498      -23.957297       -24.732811         0.77551346       2821.2263                  21.26286                 396.83394                                593.97605                      9.8429203                    15.88481                  1466.1498       174.61563        142.66028
              1       1385.8437     0.022580607        69.91615       3.0574667      0.97682258       8.1545771      0.72249222      0.10397447     0.066036076       1.0046191       1.0025183       1.0060398       1.0009335       1.0028547    0.0092111693   2.1273596e-09      0.95380653      0.84933164      0.27490008      0.81302539        15.88481       1021.8654       1466.1498      -23.886443       -24.661957         0.77551346       2819.4602                 21.218578                 396.82661                                593.87114                      9.9490758                    15.88481                  1466.1498       173.99113        141.56906
              1       1389.2033     0.022580607        69.91615       3.0574667      0.97682258       8.1545771      0.72249222      0.10397447     0.066036076       1.0033952       1.0025175       1.0065019       1.0035663      0.99890862    0.0092111693   2.1273596e-09      0.95380653      0.84933164      0.27490008      0.81302539        15.88481       1023.5815       1466.1498      -24.443372       -25.218885         0.77551346       2827.2933                 21.338911                 396.84283                                595.70918                      9.6906048                    15.88481                  1466.1498       174.12843        147.54872
              1       1389.3296     0.022580607        69.91615       3.0574667      0.97682258       8.1545771      0.72249222      0.10397447     0.066036076       1.0035574       1.0024896       1.0065873       1.0046227       1.0120283    0.0092111693   2.1273596e-09      0.95380653      0.84933164      0.27490008      0.81302539        15.88481       1023.0653       1466.1498      -22.788916       -23.564429         0.77551346        2824.237                 21.322689                 396.84283                                595.17979                       9.720022                    15.88481                  1466.1498        174.1579        144.97916
              1       1388.8116     0.022580607        69.91615       3.0574667      0.97682258       8.1545771      0.72249222      0.10397447     0.066036076       1.0035574      0.99908682       1.0070224       1.0012947       1.0013149    0.0092111693   2.1273596e-09      0.95380653      0.84933164      0.27490008      0.81302539        15.88481       1023.0653       1466.1498      -24.927687         -25.7032         0.77551346       2827.4785                 21.322689                 396.84283                                595.17979                       9.720022                    15.88481                  1466.1498       179.38324        142.99535
              1       1387.5615     0.022580607        69.91615       3.0574667      0.97682258       8.1545771      0.72249222      0.10397447     0.066036076       1.0033217       1.0034702       1.0017765       1.0011226       1.0021666    0.0092111693   2.1273596e-09      0.95380653      0.84933164      0.27490008      0.81302539        15.88481       1023.8447       1466.1498      -24.416976       -25.192489         0.77551346       2823.9569                 21.346291                 396.84267                                595.97803                      9.6777593                    15.88481                  1466.1498       175.92516        142.15245
              1       1388.0825     0.022580607        69.91615       3.0574667      0.97682258       8.1545771      0.72249222      0.10397447     0.066036076       1.0033217      0.99969398       1.0067615       1.0012967       1.0014826    0.0092111693   2.1273596e-09      0.95380653      0.84933164      0.27490008      0.81302539        15.88481       1023.8447       1466.1498      -25.093968       -25.869482         0.77551346       2826.3529                 21.346291                 396.84267                                595.97803                      9.6777593                    15.88481                  1466.1498       177.64337        142.83017
              1       1387.2162     0.022580607        69.91615       3.0574667      0.97682258       8.1545771      0.72249222      0.10397447     0.066036076       1.0031204       1.0007787       1.0079484      0.99766267       1.0072481    0.0092111693   2.1273596e-09      0.95380653      0.84933164      0.27490008      0.81302539        15.88481       1024.6575       1466.1498      -24.599262       -25.374776         0.77551346        2823.631                 21.366581                 396.84032                                 596.8065                      9.6441479                    15.88481                  1466.1498       175.82751        141.11134
              1       1386.4076     0.022580607        69.91615       3.0574667      0.97682258       8.1545771      0.72249222      0.10397447     0.066036076       1.0042898       1.0007795       1.0075069      0.99755089       1.0070782    0.0092111693   2.1273596e-09      0.95380653      0.84933164      0.27490008      0.81302539        15.88481       1021.8336       1466.1498      -23.915707       -24.691221         0.77551346       2820.6466                 21.250477                 396.83394                                593.87788                      9.8712656                    15.88481                  1466.1498       175.61337        141.16507
              1       1386.3449     0.022580607        69.91615       3.0574667      0.97682258       8.1545771      0.72249222      0.10397447     0.066036076       1.0042898       1.0011496       1.0043199      0.99748898       1.0070052    0.0092111693   2.1273596e-09      0.95380653      0.84933164      0.27490008      0.81302539        15.88481       1021.8336       1466.1498      -23.878166        -24.65368         0.77551346       2820.4461                 21.250477                 396.83394                                593.87788                      9.8712656                    15.88481                  1466.1498       175.37723        141.20074
              2       1386.4058     0.022580607        69.91615       3.0574667      0.97682258       8.1545771      0.72249222      0.10397447     0.066036076       1.0035504        1.001149       1.0045991        1.000747       1.0018833    0.0092111693   2.1273596e-09      0.95380653      0.84933164      0.27490008      0.81302539        15.88481        1023.086       1466.1498       -24.91522       -25.690733         0.77551346       2822.6421                 21.323394                 396.84283                                595.20103                      9.7187095                    15.88481                  1466.1498       175.22076        142.30074
              1       1386.0947     0.022580607        69.91615       3.0574667      0.97682258       8.1545771      0.72249222      0.10397447     0.066036076       1.0035422        1.001149       1.0046021       1.0023437       1.0052462    0.0092111693   2.1273596e-09      0.95380653      0.84933164      0.27490008      0.81302539        15.88481         1023.11       1466.1498      -24.570629       -25.346143         0.77551346       2821.3307                 21.324207                 396.84283                                595.22572                      9.7171999                    15.88481                  1466.1498       175.21919        140.96698
              1        1385.842     0.022580607        69.91615       3.0574667      0.97682258       8.1545771      0.72249222      0.10397447     0.066036076       1.0035422       1.0016292       1.0070446       1.0023648       1.0055375    0.0092111693   2.1273596e-09      0.95380653      0.84933164      0.27490008      0.81302539        15.88481         1023.11       1466.1498      -24.464347        -25.23986         0.77551346       2820.6127                 21.324207                 396.84283                                595.22572                      9.7171999                    15.88481                  1466.1498        174.5627        140.90546
              1       1386.1479     0.022580607        69.91615       3.0574667      0.97682258       8.1545771      0.72249222      0.10397447     0.066036076       1.0035422       1.0016292       1.0070446      0.99783534       1.0075726    0.0092111693   2.1273596e-09      0.95380653      0.84933164      0.27490008      0.81302539        15.88481         1023.11       1466.1498      -24.234422       -25.009935         0.77551346       2820.7646                 21.324207                 396.84283                                595.22572                      9.7171999                    15.88481                  1466.1498        174.5627        141.05733
              1        1387.699     0.022580607        69.91615       3.0574667      0.97682258       8.1545771      0.72249222      0.10397447     0.066036076       1.0048967       1.0016302       1.0065332        1.002533       1.0006102    0.0092111693   2.1273596e-09      0.95380653      0.84933164      0.27490008      0.81302539        15.88481       1022.1829       1466.1498      -23.815832       -24.591345         0.77551346       2823.0296                  21.19196                  396.8282                                594.14331                      10.019382                    15.88481                  1466.1498        174.4005        144.41162
              1       1386.0785     0.022580607        69.91615       3.0574667      0.97682258       8.1545771      0.72249222      0.10397447     0.066036076       1.0048967       1.0016302       1.0065332       1.0017139       1.0042883    0.0092111693   2.1273596e-09      0.95380653      0.84933164      0.27490008      0.81302539        15.88481       1022.1829       1466.1498      -23.731662       -24.507175         0.77551346       2819.6204                  21.19196                  396.8282                                594.14331                      10.019382                    15.88481                  1466.1498        174.4005        141.00244
              1       1387.0829     0.022580607        69.91615       3.0574667      0.97682258       8.1545771      0.72249222      0.10397447     0.066036076       1.0048967       1.0011195       1.0093563       1.0018697       1.0060154    0.0092111693   2.1273596e-09      0.95380653      0.84933164      0.27490008      0.81302539        15.88481       1022.1829       1466.1498      -23.627465       -24.402978         0.77551346       2821.4208                  21.19196                  396.8282                                594.14331                      10.019382                    15.88481                  1466.1498       176.63235        140.57095
              1       1387.5841     0.022580607        69.91615       3.0574667      0.97682258       8.1545771      0.72249222      0.10397447     0.066036076       1.0048967       1.0011195       1.0093563       1.0004485       1.0017567    0.0092111693   2.1273596e-09      0.95380653      0.84933164      0.27490008      0.81302539        15.88481       1022.1829       1466.1498      -24.022301       -24.797815         0.77551346       2823.2127                  21.19196                  396.8282                                594.14331                      10.019382                    15.88481                  1466.1498       176.63235         142.3629
              1       1386.0368     0.022580607        69.91615       3.0574667      0.97682258       8.1545771      0.72249222      0.10397447     0.066036076       1.0037108       1.0023951        1.003895       1.0004328       1.0019409    0.0092111693   2.1273596e-09      0.95380653      0.84933164      0.27490008      0.81302539        15.88481       1022.6604       1466.1498       -24.58376       -25.359274         0.77551346       2821.2411                 21.307421                 396.84413                                594.75965                        9.74921                    15.88481                  1466.1498       174.34901        142.19707
              1       1385.8685     0.022580607        69.91615       3.0574667      0.97682258       8.1545771      0.72249222      0.10397447     0.066036076       1.0036445       1.0023814       1.0061679       1.0004768       1.0020638    0.0092111693   2.1273596e-09      0.95380653      0.84933164      0.27490008      0.81302539        15.88481       1022.8264       1466.1498       -24.62081       -25.396323         0.77551346       2820.9787                 21.314016                 396.84413                                594.93178                      9.7364214                    15.88481                  1466.1498       174.02065        142.09711
              1       1386.7265     0.022580607        69.91615       3.0574667      0.97682258       8.1545771      0.72249222      0.10397447     0.066036076       1.0036445       1.0026069        1.008641       1.0005125       1.0022485    0.0092111693   2.1273596e-09      0.95380653      0.84933164      0.27490008      0.81302539        15.88481       1022.8264       1466.1498      -24.549895       -25.325408         0.77551346       2822.5529                 21.314016                 396.84413                                594.93178                      9.7364214                    15.88481                  1466.1498       175.74345        141.94847
              1       1386.6552     0.022580607        69.91615       3.0574667      0.97682258       8.1545771      0.72249222      0.10397447     0.066036076       1.0036445       1.0023363       1.0050181      0.99959124       1.0003309    0.0092111693   2.1273596e-09      0.95380653      0.84933164      0.27490008      0.81302539        15.88481       1022.8264       1466.1498      -24.673365       -25.448878         0.77551346       2822.6571                 21.314016                 396.84413                                594.93178                      9.7364214                    15.88481                  1466.1498        173.9826        143.81355
              1       1386.7911     0.022580607        69.91615       3.0574667      0.97682258       8.1545771      0.72249222      0.10397447     0.066036076       1.0038935       1.0023365       1.0049241      0.99943153      0.99993544    0.0092111693   2.1273596e-09      0.95380653      0.84933164      0.27490008      0.81302539        15.88481       1022.2852       1466.1498      -24.520248       -25.295761         0.77551346       2822.6227                 21.289336                 396.84879                                594.36135                      9.7856972                    15.88481                  1466.1498       173.99901        144.30394
              1        1387.771     0.022580607        69.91615       3.0574667      0.97682258       8.1545771      0.72249222      0.10397447     0.066036076       1.0029367       1.0023358       1.0052854        0.999523       1.0000744    0.0092111693   2.1273596e-09      0.95380653      0.84933164      0.27490008      0.81302539        15.88481       1025.5216       1466.1498      -25.045641       -25.821154         0.77551346       2825.6332                 21.385193                 396.84032                                597.68065                       9.615478                    15.88481                  1466.1498       173.95238        144.12459
              1       1388.0115     0.022580607        69.91615       3.0574667      0.97682258       8.1545771      0.72249222      0.10397447     0.066036076       1.0037501      0.99989905       1.0090964       1.0026833       1.0088826    0.0092111693   2.1273596e-09      0.95380653      0.84933164      0.27490008      0.81302539        15.88481       1022.5693       1466.1498      -23.993779       -24.769293         0.77551346       2824.0107                  21.30353                 396.84413                                594.66479                      9.7568848                    15.88481                  1466.1498       178.05302         141.3537
              1       1385.8617     0.022580607        69.91615       3.0574667      0.97682258       8.1545771      0.72249222      0.10397447     0.066036076       1.0037501       1.0013472        1.003535       0.9989139       1.0054475    0.0092111693   2.1273596e-09      0.95380653      0.84933164      0.27490008      0.81302539        15.88481       1022.5693       1466.1498      -24.508505       -25.284018         0.77551346       2820.7405                  21.30353                 396.84413                                594.66479                      9.7568848                    15.88481                  1466.1498       175.63962         140.4969
              1       1386.0345     0.022580607        69.91615       3.0574667      0.97682258       8.1545771      0.72249222      0.10397447     0.066036076       1.0037501       1.0013472        1.003535      0.99906404        1.003471    0.0092111693   2.1273596e-09      0.95380653      0.84933164      0.27490008      0.81302539        15.88481       1022.5693       1466.1498      -24.682797       -25.458311         0.77551346       2821.4345                  21.30353                 396.84413                                594.66479                      9.7568848                    15.88481                  1466.1498       175.63962        141.19099
              1       1385.7715     0.022580607        69.91615       3.0574667      0.97682258       8.1545771      0.72249222      0.10397447     0.066036076       1.0044042       1.0009477       1.0053642      0.99956937       1.0034135    0.0092111693   2.1273596e-09      0.95380653      0.84933164      0.27490008      0.81302539        15.88481       1021.8058       1466.1498      -24.327881       -25.103395         0.77551346       2820.1988                 21.239348                 396.83394                                593.83494                      9.8976171                    15.88481                  1466.1498       175.23067        141.12769
              1       1385.7704     0.022580607        69.91615       3.0574667      0.97682258       8.1545771      0.72249222      0.10397447     0.066036076       1.0044042       1.0009749       1.0052481      0.99956678       1.0034142    0.0092111693   2.1273596e-09      0.95380653      0.84933164      0.27490008      0.81302539        15.88481       1021.8058       1466.1498      -24.324873       -25.100387         0.77551346       2820.1906                 21.239348                 396.83394                                593.83494                      9.8976171                    15.88481                  1466.1498       175.22261        141.12756
              1       1386.4662     0.022580607        69.91615       3.0574667      0.97682258       8.1545771      0.72249222      0.10397447     0.066036076       1.0044042       1.0014723       1.0060577        1.000708       1.0102083    0.0092111693   2.1273596e-09      0.95380653      0.84933164      0.27490008      0.81302539        15.88481       1021.8058       1466.1498       -23.37391       -24.149423         0.77551346       2819.6802                 21.239348                 396.83394                                593.83494                      9.8976171                    15.88481                  1466.1498       174.46983        141.36993
              2       1386.4611     0.022580607        69.91615       3.0574667      0.97682258       8.1545771      0.72249222      0.10397447     0.066036076       1.0044042       1.0022557       1.0054299       1.0006786       1.0103713    0.0092111693   2.1273596e-09      0.95380653      0.84933164      0.27490008      0.81302539        15.88481       1021.8058       1466.1498      -23.180914       -23.956428         0.77551346        2819.284                 21.239348                 396.83394                                593.83494                      9.8976171                    15.88481                  1466.1498       173.96771        141.47581
              1       1387.5143     0.022580607        69.91615       3.0574667      0.97682258       8.1545771      0.72249222      0.10397447     0.066036076       1.0044042       1.0045836       1.0034719       0.9995029       1.0086027    0.0092111693   2.1273596e-09      0.95380653      0.84933164      0.27490008      0.81302539        15.88481       1021.8058       1466.1498      -22.619149       -23.394663         0.77551346       2820.2669                 21.239348                 396.83394                                593.83494                      9.8976171                    15.88481                  1466.1498       175.78778        140.63869
              1       1388.3061     0.022580607        69.91615       3.0574667      0.97682258       8.1545771      0.72249222      0.10397447     0.066036076       1.0048423        1.000676       1.0088781      0.99613508        1.007098    0.0092111693   2.1273596e-09      0.95380653      0.84933164      0.27490008      0.81302539        15.88481       1022.1014       1466.1498      -23.296014       -24.071527         0.77551346       2823.2043                 21.197157                 396.82897                                   594.07                      10.005269                    15.88481                  1466.1498       176.61302        142.45526
              1       1391.2158     0.022580607        69.91615       3.0574667      0.97682258       8.1545771      0.72249222      0.10397447     0.066036076       1.0048423      0.99938175        1.009662       1.0052338       1.0093761    0.0092111693   2.1273596e-09      0.95380653      0.84933164      0.27490008      0.81302539        15.88481       1022.1014       1466.1498      -22.636229       -23.411743         0.77551346        2827.704                 21.197157                 396.82897                                   594.07                      10.005269                    15.88481                  1466.1498        179.6631        143.90492
              1       1387.3606     0.022580607        69.91615       3.0574667      0.97682258       8.1545771      0.72249222      0.10397447     0.066036076       1.0048423       1.0029327       1.0010243       1.0003873       1.0067044    0.0092111693   2.1273596e-09      0.95380653      0.84933164      0.27490008      0.81302539        15.88481       1022.1014       1466.1498       -23.26173       -24.037243         0.77551346       2821.2446                 21.197157                 396.82897                                   594.07                      10.005269                    15.88481                  1466.1498       176.92918        140.17941
              1       1387.7147     0.022580607        69.91615       3.0574667      0.97682258       8.1545771      0.72249222      0.10397447     0.066036076       1.0025535        1.002533       1.0030189       1.0006345       1.0069961    0.0092111693   2.1273596e-09      0.95380653      0.84933164      0.27490008      0.81302539        15.88481       1027.6972       1466.1498      -24.693268       -25.468781         0.77551346        2824.816                 21.424335                 396.84377                                 599.8673                      9.5618438                    15.88481                  1466.1498       174.87442        140.20975
              1       1387.7304     0.022580607        69.91615       3.0574667      0.97682258       8.1545771      0.72249222      0.10397447     0.066036076       1.0025535        1.002533       1.0030189      0.99888729       1.0046376    0.0092111693   2.1273596e-09      0.95380653      0.84933164      0.27490008      0.81302539        15.88481       1027.6972       1466.1498      -24.932111       -25.707624         0.77551346        2825.325                 21.424335                 396.84377                                 599.8673                      9.5618438                    15.88481                  1466.1498       174.87442        140.71872
              1       1392.5903     0.022580607        69.91615       3.0574667      0.97682258       8.1545771      0.72249222      0.10397447     0.066036076       1.0019348       1.0025325       1.0032525       1.0054987       1.0087796    0.0092111693   2.1273596e-09      0.95380653      0.84933164      0.27490008      0.81302539        15.88481       1032.2493       1466.1498      -23.909494       -24.685007         0.77551346       2832.9996                 21.488575                 396.82717                                604.44071                      9.4928571                    15.88481                  1466.1498        174.6946        144.02112
              1       1393.5722     0.022580607        69.91615       3.0574667      0.97682258       8.1545771      0.72249222      0.10397447     0.066036076       1.0019348       1.0045428       1.0032696       0.9970411       1.0110319    0.0092111693   2.1273596e-09      0.95380653      0.84933164      0.27490008      0.81302539        15.88481       1032.2493       1466.1498      -23.229936        -24.00545         0.77551346       2833.6042                 21.488575                 396.82717                                604.44071                      9.4928571                    15.88481                  1466.1498       175.78972        143.53061
              1       1393.2213     0.022580607        69.91615       3.0574667      0.97682258       8.1545771      0.72249222      0.10397447     0.066036076       1.0019348       1.0045428       1.0032696      0.99836336       1.0114784    0.0092111693   2.1273596e-09      0.95380653      0.84933164      0.27490008      0.81302539        15.88481       1032.2493       1466.1498      -23.285548       -24.061062         0.77551346       2833.0136                 21.488575                 396.82717                                604.44071                      9.4928571                    15.88481                  1466.1498       175.78972        142.94002
              1       1394.2224     0.022580607        69.91615       3.0574667      0.97682258       8.1545771      0.72249222      0.10397447     0.066036076       1.0016105       1.0002766       1.0030138       1.0038148       1.0089474    0.0092111693   2.1273596e-09      0.95380653      0.84933164      0.27490008      0.81302539        15.88481       1035.1663       1466.1498       -24.71435       -25.489864         0.77551346       2837.8734                 21.522785                 396.82483                                607.35328                      9.4654398                    15.88481                  1466.1498       178.45096        142.22151
              1       1391.5174     0.022580607        69.91615       3.0574667      0.97682258       8.1545771      0.72249222      0.10397447     0.066036076       1.0043855       1.0002786       1.0019661       1.0035331      0.99883472    0.0092111693   2.1273596e-09      0.95380653      0.84933164      0.27490008      0.81302539        15.88481       1021.8074       1466.1498      -24.178996        -24.95451         0.77551346       2831.3928                 21.241162                 396.83394                                593.83899                      9.8932633                    15.88481                  1466.1498       179.92255        147.62828
              1       1388.5958     0.022580607        69.91615       3.0574667      0.97682258       8.1545771      0.72249222      0.10397447     0.066036076       1.0043855       1.0002786       1.0019661       1.0015945       1.0023128    0.0092111693   2.1273596e-09      0.95380653      0.84933164      0.27490008      0.81302539        15.88481       1021.8074       1466.1498      -24.387776       -25.163289         0.77551346       2825.9672                 21.241162                 396.83394                                593.83899                      9.8932633                    15.88481                  1466.1498       179.92255        142.20265
              1       1389.3935     0.022580607        69.91615       3.0574667      0.97682258       8.1545771      0.72249222      0.10397447     0.066036076       1.0049275        1.000279       1.0017614       1.0015427       1.0022341    0.0092111693   2.1273596e-09      0.95380653      0.84933164      0.27490008      0.81302539        15.88481       1022.2338       1466.1498      -23.991351       -24.766865         0.77551346       2826.7696                 21.189024                  396.8282                                594.18912                      10.027442                    15.88481                  1466.1498       180.25516        142.24608
              1       1386.1177     0.022571642       69.908584       3.0573258      0.97793836       8.1525921      0.72260089       0.1050055     0.063856741       1.0049206       1.0026542       1.0021964       1.0014987       1.0027951    0.0045864095   2.1270598e-09      0.95381487      0.85102404      0.27476606      0.81444684       15.662567       1022.5627       1466.3371      -23.617237       -24.361921         0.74468365       2819.4699                 21.032559                 396.79895                                594.74979                       9.981364                   15.662567                  1466.3371       173.56883        141.33879
              1       1385.4229     0.022571642       69.908584       3.0573258      0.97793836       8.1525921      0.72260089       0.1050055     0.063856741       1.0047745       1.0009464       1.0050114      0.99896578       1.0061282    0.0045864095   2.1270598e-09      0.95381487      0.85102404      0.27476606      0.81444684       15.662567       1022.4208       1466.3371      -23.819933       -24.564617         0.74468365       2818.4858                 21.045738                 396.80787                                   594.62                      9.9471468                   15.662567                  1466.3371       174.02075         140.0446
              1        1385.576     0.022571642       69.908584       3.0573258      0.97793836       8.1525921      0.72260089       0.1050055     0.063856741       1.0039845       1.0009432       1.0089355      0.99910161       1.0064305    0.0045864095   2.1270598e-09      0.95381487      0.85102404      0.27476606      0.81444684       15.662567       1022.8726       1466.3371       -24.34444       -25.089123         0.74468365       2819.8409                 21.118155                 396.83336                                595.13834                      9.7827178                   15.662567                  1466.3371       175.00746        139.96123
              1       1385.7139     0.022571642       69.908584       3.0573258      0.97793836       8.1525921      0.72260089       0.1050055     0.063856741       1.0037696        1.000943       1.0090166      0.99912216       1.0064617    0.0045864095   2.1270598e-09      0.95381487      0.85102404      0.27476606      0.81444684       15.662567       1023.3443       1466.3371      -24.474897       -25.219581         0.74468365       2820.3777                 21.138167                 396.82493                                595.63717                      9.7440447                   15.662567                  1466.3371       175.08253        139.95117
              1       1388.1764     0.022571642       69.908584       3.0573258      0.97793836       8.1525921      0.72260089       0.1050055     0.063856741       1.0043225       1.0031578       1.0026319        1.005451       1.0015994    0.0045864095   2.1270598e-09      0.95381487      0.85102404      0.27476606      0.81444684       15.662567       1022.4403       1466.3371       -23.26532       -24.010004         0.74468365       2822.8835                 21.086948                 396.84058                                594.66395                      9.8487861                   15.662567                  1466.3371       172.83459        145.60896
              1       1386.3182     0.022571642       69.908584       3.0573258      0.97793836       8.1525921      0.72260089       0.1050055     0.063856741       1.0043225       1.0031722       1.0023121      0.99833018       1.0097437    0.0045864095   2.1270598e-09      0.95381487      0.85102404      0.27476606      0.81444684       15.662567       1022.4403       1466.3371      -23.054094       -23.798777         0.74468365       2818.7446                 21.086948                 396.84058                                594.66395                      9.8487861                   15.662567                  1466.3371       173.11502        141.18965
              2       1387.2855     0.022571642       69.908584       3.0573258      0.97793836       8.1525921      0.72260089       0.1050055     0.063856741       1.0043225       1.0028255       1.0016828      0.99992017       1.0116675    0.0045864095   2.1270598e-09      0.95381487      0.85102404      0.27476606      0.81444684       15.662567       1022.4403       1466.3371      -22.848935       -23.593619         0.74468365       2820.2689                 21.086948                 396.84058                                594.66395                      9.8487861                   15.662567                  1466.3371       174.01266        141.81628
              1       1388.1716     0.022571642       69.908584       3.0573258      0.97793836       8.1525921      0.72260089       0.1050055     0.063856741       1.0044727       1.0028256       1.0016261       0.9994239       1.0126476    0.0045864095   2.1270598e-09      0.95381487      0.85102404      0.27476606      0.81444684       15.662567       1022.3568       1466.3371      -22.509723       -23.254407         0.74468365       2821.3626                  21.07319                 396.82888                                594.57451                      9.8801935                   15.662567                  1466.3371       174.08292        142.92328
              1       1386.8816     0.022571642       69.908584       3.0573258      0.97793836       8.1525921      0.72260089       0.1050055     0.063856741       1.0044727       1.0028256       1.0016261       1.0008477         1.00061    0.0045864095   2.1270598e-09      0.95381487      0.85102404      0.27476606      0.81444684       15.662567       1022.3568       1466.3371      -24.009896        -24.75458         0.74468365       2821.7831                  21.07319                 396.82888                                594.57451                      9.8801935                   15.662567                  1466.3371       174.08292        143.34375
              1       1385.5338     0.022571642       69.908584       3.0573258      0.97793836       8.1525921      0.72260089       0.1050055     0.063856741       1.0044727       1.0028256       1.0016261       1.0016081       1.0051309    0.0045864095   2.1270598e-09      0.95381487      0.85102404      0.27476606      0.81444684       15.662567       1022.3568       1466.3371      -23.718053       -24.462737         0.74468365       2818.5038                  21.07319                 396.82888                                594.57451                      9.8801935                   15.662567                  1466.3371       174.08292        140.06445
              1       1385.5817     0.022571642       69.908584       3.0573258      0.97793836       8.1525921      0.72260089       0.1050055     0.063856741       1.0044727       1.0044798       1.0034034       1.0015496       1.0052165    0.0045864095   2.1270598e-09      0.95381487      0.85102404      0.27476606      0.81444684       15.662567       1022.3568       1466.3371      -23.042867        -23.78755         0.74468365       2817.2491                  21.07319                 396.82888                                594.57451                      9.8801935                   15.662567                  1466.3371       172.87227        140.02039
              1       1384.8523     0.022571642       69.908584       3.0573258      0.97793836       8.1525921      0.72260089       0.1050055     0.063856741       1.0042473       1.0015446       1.0041134       1.0016525       1.0045489    0.0045864095   2.1270598e-09      0.95381487      0.85102404      0.27476606      0.81444684       15.662567       1022.5048       1466.3371      -24.235991       -24.980675         0.74468365       2818.1766                 21.093864                 396.84058                                594.73678                      9.8335277                   15.662567                  1466.3371       173.36502        140.30719
              1       1385.3588     0.022571642       69.908584       3.0573258      0.97793836       8.1525921      0.72260089       0.1050055     0.063856741       1.0044011       1.0015447       1.0040554        1.003075       1.0066927    0.0045864095   2.1270598e-09      0.95381487      0.85102404      0.27476606      0.81444684       15.662567       1022.3813       1466.3371      -23.734795       -24.479478         0.74468365       2818.1871                 21.079741                 396.82868                                594.60786                      9.8650599                   15.662567                  1466.3371       173.40131        140.40485
              1         1388.47     0.022571642       69.908584       3.0573258      0.97793836       8.1525921      0.72260089       0.1050055     0.063856741       1.0044011       1.0008891       1.0109823        1.003292       1.0016464    0.0045864095   2.1270598e-09      0.95381487      0.85102404      0.27476606      0.81444684       15.662567       1022.3813       1466.3371       -24.18728       -24.931964         0.74468365       2825.3145                 21.079741                 396.82868                                594.60786                      9.8650599                   15.662567                  1466.3371       177.61722        143.31628
              1       1387.1493     0.022571642       69.908584       3.0573258      0.97793836       8.1525921      0.72260089       0.1050055     0.063856741       1.0044011       1.0012847        1.009272        1.003254       1.0016564    0.0045864095   2.1270598e-09      0.95381487      0.85102404      0.27476606      0.81444684       15.662567       1022.3813       1466.3371      -24.145363       -24.890047         0.74468365       2822.5894                 21.079741                 396.82868                                594.60786                      9.8650599                   15.662567                  1466.3371       174.93123        143.27721
              1       1386.2073     0.022571642       69.908584       3.0573258      0.97793836       8.1525921      0.72260089       0.1050055     0.063856741       1.0036936       1.0012841       1.0095392       1.0010949       1.0028506    0.0045864095   2.1270598e-09      0.95381487      0.85102404      0.27476606      0.81444684       15.662567       1023.5515       1466.3371      -24.785579       -25.530263         0.74468365       2821.9857                 21.145273                 396.82493                                595.85028                      9.7309942                   15.662567                  1466.3371       175.23174        141.20284
              1       1386.0874     0.022571642       69.908584       3.0573258      0.97793836       8.1525921      0.72260089       0.1050055     0.063856741       1.0037521       1.0012842       1.0095171      0.99939438       1.0031151    0.0045864095   2.1270598e-09      0.95381487      0.85102404      0.27476606      0.81444684       15.662567       1023.3904       1466.3371       -24.75645       -25.501134         0.74468365       2821.6877                 21.139805                 396.82493                                595.68462                      9.7410056                   15.662567                  1466.3371       175.20601        141.09166
              1       1385.9901     0.022571642       69.908584       3.0573258      0.97793836       8.1525921      0.72260089       0.1050055     0.063856741       1.0037521       1.0012842       1.0095171      0.99942905       1.0034627    0.0045864095   2.1270598e-09      0.95381487      0.85102404      0.27476606      0.81444684       15.662567       1023.3904       1466.3371      -24.735828       -25.480512         0.74468365       2821.4518                 21.139805                 396.82493                                595.68462                      9.7410056                   15.662567                  1466.3371       175.20601        140.85577
              1       1385.9732     0.022571642       69.908584       3.0573258      0.97793836       8.1525921      0.72260089       0.1050055     0.063856741       1.0037521       1.0012842       1.0095171      0.99849783       1.0056319    0.0045864095   2.1270598e-09      0.95381487      0.85102404      0.27476606      0.81444684       15.662567       1023.3904       1466.3371      -24.501322       -25.246005         0.74468365        2820.949                 21.139805                 396.82493                                595.68462                      9.7410056                   15.662567                  1466.3371       175.20601          140.353
              1       1384.7175     0.022571642       69.908584       3.0573258      0.97793836       8.1525921      0.72260089       0.1050055     0.063856741       1.0037521       1.0034922        1.005853      0.99977435       1.0064606    0.0045864095   2.1270598e-09      0.95381487      0.85102404      0.27476606      0.81444684       15.662567       1023.3904       1466.3371      -23.875302       -24.619986         0.74468365       2817.1855                 21.139805                 396.82493                                595.68462                      9.7410056                   15.662567                  1466.3371       172.04781        139.74773
              2        1384.713     0.022571642       69.908584       3.0573258      0.97793836       8.1525921      0.72260089       0.1050055     0.063856741       1.0037521       1.0028072       1.0045491       1.0010983       1.0082033    0.0045864095   2.1270598e-09      0.95381487      0.85102404      0.27476606      0.81444684       15.662567       1023.3904       1466.3371      -23.844643       -24.589326         0.74468365       2817.1153                 21.139805                 396.82493                                595.68462                      9.7410056                   15.662567                  1466.3371        171.9191         139.8062
              1       1385.3634     0.022571642       69.908584       3.0573258      0.97793836       8.1525921      0.72260089       0.1050055     0.063856741       1.0037521       1.0015103       1.0073129       1.0011025       1.0092215    0.0045864095   2.1270598e-09      0.95381487      0.85102404      0.27476606      0.81444684       15.662567       1023.3904       1466.3371      -23.987628       -24.732312         0.74468365       2818.7021                 21.139805                 396.82493                                595.68462                      9.7410056                   15.662567                  1466.3371       173.17653        140.13559
              1        1386.195     0.022571642       69.908584       3.0573258      0.97793836       8.1525921      0.72260089       0.1050055     0.063856741       1.0053498       1.0015115       1.0067096       1.0007598       1.0086126    0.0045864095   2.1270598e-09      0.95381487      0.85102404      0.27476606      0.81444684       15.662567       1023.4191       1466.3371      -22.942641       -23.687325         0.74468365       2818.2754                 20.994212                 396.79895                                595.53712                      10.088821                   15.662567                  1466.3371       172.95549        139.90112
              1       1386.5072     0.022571642       69.908584       3.0573258      0.97793836       8.1525921      0.72260089       0.1050055     0.063856741       1.0053498       1.0019705       1.0031259       1.0006892       1.0085411    0.0045864095   2.1270598e-09      0.95381487      0.85102404      0.27476606      0.81444684       15.662567       1023.4191       1466.3371      -22.867981       -23.612664         0.74468365       2818.7504                 20.994212                 396.79895                                595.53712                      10.088821                   15.662567                  1466.3371       173.45166        139.87999
              1       1387.0222     0.022571642       69.908584       3.0573258      0.97793836       8.1525921      0.72260089       0.1050055     0.063856741       1.0053498       1.0018188        1.007983         1.00084       1.0101036    0.0045864095   2.1270598e-09      0.95381487      0.85102404      0.27476606      0.81444684       15.662567       1023.4191       1466.3371       -22.61861       -23.363294         0.74468365       2819.2816                 20.994212                 396.79895                                595.53712                      10.088821                   15.662567                  1466.3371       173.30025        140.56264
              1       1386.1219     0.022571642       69.908584       3.0573258      0.97793836       8.1525921      0.72260089       0.1050055     0.063856741       1.0053498       1.0018335       1.0059358       1.0011521       1.0088661    0.0045864095   2.1270598e-09      0.95381487      0.85102404      0.27476606      0.81444684       15.662567       1023.4191       1466.3371      -22.822274       -23.566958         0.74468365       2817.8883                 20.994212                 396.79895                                595.53712                      10.088821                   15.662567                  1466.3371       172.46542        140.00409
              1       1384.5963     0.022571642       69.908584       3.0573258      0.97793836       8.1525921      0.72260089       0.1050055     0.063856741       1.0045996        1.001833        1.006219       1.0006944       1.0074799    0.0045864095   2.1270598e-09      0.95381487      0.85102404      0.27476606      0.81444684       15.662567       1022.3418       1466.3371      -23.654806       -24.399489         0.74468365       2816.5022                 21.061617                 396.81547                                594.55701                      9.9077159                   15.662567                  1466.3371       172.49585        139.66489
              2       1386.7061     0.022579918        69.92412       3.0569891      0.97777765       8.1705746      0.72344221      0.10623764     0.063691167       1.0045624       1.0023373       1.0002603         1.00055       1.0072652    0.0065788907   2.1263439e-09      0.95381847       0.8492715      0.27391242      0.81150609       15.854691       1022.6754       1466.3941      -23.571281       -24.344327         0.77304648       2820.5547                 21.061357                 396.85578                                594.83813                      9.9201284                   15.854691                  1466.3941       177.02979        138.60071
              1       1389.7619     0.022579918        69.92412       3.0569891      0.97777765       8.1705746      0.72344221      0.10623764     0.063691167       1.0023864       1.0023357       1.0010818      0.99932183       1.0099065    0.0065788907   2.1263439e-09      0.95381847       0.8492715      0.27391242      0.81150609       15.854691       1030.6038       1466.3941      -24.348332       -25.121378         0.77304648       2828.2205                 21.266993                  396.8704                                602.96764                      9.4987934                   15.854691                  1466.3941       175.67522        139.69263
              1       1389.7758     0.022579918        69.92412       3.0569891      0.97777765       8.1705746      0.72344221      0.10623764     0.063691167       1.0057447       1.0023381      0.99981392       0.9988567        1.008394    0.0065788907   2.1263439e-09      0.95381847       0.8492715      0.27391242      0.81150609       15.854691       1025.0513       1466.3941      -22.404045       -23.177091         0.77304648       2824.3596                 20.955641                 396.84039                                596.99486                        10.2604                   15.854691                  1466.3941        177.8662        139.19331
              1       1388.8608     0.022576423       69.934184       3.0573793      0.97738106       8.1558854       0.7231886      0.10481708     0.065749852       1.0058149       1.0025049       1.0072529       1.0033195       1.0104524    0.0082590148   2.1271738e-09       0.9538389      0.84893146      0.27419625      0.81160134       16.072618       1024.0261        1466.174      -21.698674       -22.459457         0.76078361        2821.119                 21.032578                 396.82258                                595.91954                       10.25143                   16.072618                   1466.174       173.55513        141.29109
              1       1390.3012     0.022576423       69.934184       3.0573793      0.97738106       8.1558854       0.7231886      0.10481708     0.065749852       1.0058149       1.0015396       1.0056375      0.99911122      0.99803177    0.0082590148   2.1271738e-09       0.9538389      0.84893146      0.27419625      0.81160134       16.072618       1024.0261        1466.174      -23.166176        -23.92696         0.76078361       2826.9348                 21.032578                 396.82258                                595.91954                       10.25143                   16.072618                   1466.174       173.86954        146.79254
              1       1388.8394     0.022576423       69.934184       3.0573793      0.97738106       8.1558854       0.7231886      0.10481708     0.065749852       1.0052344         1.00254        1.001157       1.0011738       1.0002291    0.0082590148   2.1271738e-09       0.9538389      0.84893146      0.27419625      0.81160134       16.072618       1022.4829        1466.174      -23.474122       -24.234905         0.76078361       2824.6269                 21.085483                 396.83673                                594.48327                      10.077466                   16.072618                   1466.174       176.29393        143.60344
              1       1388.2324     0.022576423       69.934184       3.0573793      0.97738106       8.1558854       0.7231886      0.10481708     0.065749852       1.0048917      0.99983937        1.008382       1.0041195       1.0048504    0.0082590148   2.1271738e-09       0.9538389      0.84893146      0.27419625      0.81160134       16.072618       1022.1076        1466.174      -23.499883       -24.260667         0.76078361       2823.4645                 21.117179                 396.85212                                594.15476                      9.9835695                   16.072618                   1466.174       177.63034        141.47992
              1       1388.2391     0.022576423       69.934184       3.0573793      0.97738106       8.1558854       0.7231886      0.10481708     0.065749852       1.0048917      0.99983379       1.0083792       1.0041196       1.0048488    0.0082590148   2.1271738e-09       0.9538389      0.84893146      0.27419625      0.81160134       16.072618       1022.1076        1466.174      -23.499905       -24.260689         0.76078361        2823.478                 21.117179                 396.85212                                594.15476                      9.9835695                   16.072618                   1466.174       177.64302        141.48068
              1       1387.0361     0.022576423       69.934184       3.0573793      0.97738106       8.1558854       0.7231886      0.10481708     0.065749852       1.0045297       1.0044296       1.0047589       1.0039807       1.0058539    0.0082590148   2.1271738e-09       0.9538389      0.84893146      0.27419625      0.81160134       16.072618       1022.1035        1466.174      -22.610386       -23.371169         0.76078361        2819.293                 21.151059                 396.83291                                594.22808                      9.8914709                   16.072618                   1466.174       173.93741        141.00543
              2       1386.4363     0.022576423       69.934184       3.0573793      0.97738106       8.1558854       0.7231886      0.10481708     0.065749852       1.0045297       1.0041143        1.006577       1.0025266       1.0040108    0.0082590148   2.1271738e-09       0.9538389      0.84893146      0.27419625      0.81160134       16.072618       1022.1035        1466.174      -23.166734       -23.927517         0.76078361       2819.2061                 21.151059                 396.83291                                594.22808                      9.8914709                   16.072618                   1466.174       174.16422        140.69171
              1       1385.6238     0.022576423       69.934184       3.0573793      0.97738106       8.1558854       0.7231886      0.10481708     0.065749852       1.0046337       1.0029757       1.0063301       1.0024855       1.0035766    0.0082590148   2.1271738e-09       0.9538389      0.84893146      0.27419625      0.81160134       16.072618        1022.066        1466.174      -23.575235       -24.336019         0.76078361        2818.398                 21.141286                 396.84487                                594.16271                      9.9171807                   16.072618                   1466.174       173.15132        140.93405
              1       1385.3885     0.022576423       69.934184       3.0573793      0.97738106       8.1558854       0.7231886      0.10481708     0.065749852       1.0046337       1.0029757       1.0063301       1.0003441       1.0086562    0.0082590148   2.1271738e-09       0.9538389      0.84893146      0.27419625      0.81160134       16.072618        1022.066        1466.174      -23.137685       -23.898469         0.76078361       2817.0525                 21.141286                 396.84487                                594.16271                      9.9171807                   16.072618                   1466.174       173.15132        139.58847
              1       1387.1486     0.022576423       69.934184       3.0573793      0.97738106       8.1558854       0.7231886      0.10481708     0.065749852       1.0046337        1.001887       1.0081441      0.99636594       1.0084351    0.0082590148   2.1271738e-09       0.9538389      0.84893146      0.27419625      0.81160134       16.072618        1022.066        1466.174      -23.142939       -23.903722         0.76078361       2820.5831                 21.141286                 396.84487                                594.16271                      9.9171807                   16.072618                   1466.174       174.35216        141.91832
              1       1388.3678     0.022576423       69.934184       3.0573793      0.97738106       8.1558854       0.7231886      0.10481708     0.065749852       1.0041712      0.99969634        1.002614      0.99921176         1.00562    0.0082590148   2.1271738e-09       0.9538389      0.84893146      0.27419625      0.81160134       16.072618        1022.546        1466.174      -24.347832       -25.108616         0.76078361       2825.4314                 21.184998                 396.82585                                594.72767                      9.8075055                   16.072618                   1466.174       180.97824        139.66046
              1       1386.7161     0.022576423       69.934184       3.0573793      0.97738106       8.1558854       0.7231886      0.10481708     0.065749852       1.0041712       1.0024483        1.004146       1.0049686       1.0061487    0.0082590148   2.1271738e-09       0.9538389      0.84893146      0.27419625      0.81160134       16.072618        1022.546        1466.174      -23.364224       -24.125008         0.76078361       2820.1606                 21.184998                 396.82585                                594.72767                      9.8075055                   16.072618                   1466.174        173.4137        141.95422
              1       1387.4254     0.022576423       69.934184       3.0573793      0.97738106       8.1558854       0.7231886      0.10481708     0.065749852       1.0041167       1.0024482       1.0041666      0.99999449       1.0125915    0.0082590148   2.1271738e-09       0.9538389      0.84893146      0.27419625      0.81160134       16.072618       1022.6532        1466.174      -22.870469       -23.631252         0.76078361       2820.5917                 21.190199                 396.82661                                594.84107                      9.7953555                   16.072618                   1466.174       173.40387        142.28801
              1       1385.2903     0.022576423       69.934184       3.0573793      0.97738106       8.1558854       0.7231886      0.10481708     0.065749852       1.0041167       1.0024482       1.0041666       1.0017274       1.0034916    0.0082590148   2.1271738e-09       0.9538389      0.84893146      0.27419625      0.81160134       16.072618       1022.6532        1466.174      -24.181016         -24.9418         0.76078361       2818.9427                 21.190199                 396.82661                                594.84107                      9.7953555                   16.072618                   1466.174       173.40387        140.63898
              3       1385.5485     0.022576423       69.934184       3.0573793      0.97738106       8.1558854       0.7231886      0.10481708     0.065749852       1.0041167       1.0024482       1.0041666       0.9982905       1.0030527    0.0082590148   2.1271738e-09       0.9538389      0.84893146      0.27419625      0.81160134       16.072618       1022.6532        1466.174      -24.209715       -24.970499         0.76078361       2819.5164                 21.190199                 396.82661                                594.84107                      9.7953555                   16.072618                   1466.174       173.40387        141.21266
              2       1385.2766     0.022576423       69.934184       3.0573793      0.97738106       8.1558854       0.7231886      0.10481708     0.065749852       1.0045123       1.0024485       1.0040173       1.0013556       1.0033707    0.0082590148   2.1271738e-09       0.9538389      0.84893146      0.27419625      0.81160134       16.072618       1022.1153        1466.174       -23.94409       -24.704874         0.76078361       2818.4415                 21.152696                 396.83291                                 594.2425                      9.8872326                   16.072618                   1466.174       173.47839         140.6011
              1       1387.1115     0.022576423       69.934184       3.0573793      0.97738106       8.1558854       0.7231886      0.10481708     0.065749852       1.0032133       1.0041697       1.0043653       1.0025231       1.0051314    0.0082590148   2.1271738e-09       0.9538389      0.84893146      0.27419625      0.81160134       16.072618       1025.8942        1466.174      -23.860181       -24.620964         0.76078361       2821.9434                 21.277691                 396.83986                                598.15809                      9.6185784                   16.072618                   1466.174       173.63464        140.16789
              1       1387.9973     0.022576423       69.934184       3.0573793      0.97738106       8.1558854       0.7231886      0.10481708     0.065749852       1.0032133       1.0005043       1.0094417       1.0026961       1.0044798    0.0082590148   2.1271738e-09       0.9538389      0.84893146      0.27419625      0.81160134       16.072618       1025.8942        1466.174      -24.848818       -25.609602         0.76078361       2825.6922                 21.277691                 396.83986                                598.15809                      9.6185784                   16.072618                   1466.174       177.00874        140.54257
              1        1388.307     0.022576423       69.934184       3.0573793      0.97738106       8.1558854       0.7231886      0.10481708     0.065749852       1.0049493       1.0011777       1.0030688       1.0035471       1.0014138    0.0082590148   2.1271738e-09       0.9538389      0.84893146      0.27419625      0.81160134       16.072618       1022.1302        1466.174      -23.691472       -24.452256         0.76078361       2823.9969                 21.111831                 396.83655                                594.18293                      9.9988807                   16.072618                   1466.174       176.05641        143.56369
              1       1393.2568     0.022576423       69.934184       3.0573793      0.97738106       8.1558854       0.7231886      0.10481708     0.065749852        1.002905       1.0020544        1.012411       1.0061794       1.0051513    0.0082590148   2.1271738e-09       0.9538389      0.84893146      0.27419625      0.81160134       16.072618       1027.6347        1466.174       -23.95141       -24.712194         0.76078361       2834.4164                 21.308146                 396.84413                                599.91366                      9.5688126                   16.072618                   1466.174       180.68169        143.85338
              1       1391.5072     0.022576423       69.934184       3.0573793      0.97738106       8.1558854       0.7231886      0.10481708     0.065749852        1.002905       1.0007043       1.0132117      0.99828379       1.0041212    0.0082590148   2.1271738e-09       0.9538389      0.84893146      0.27419625      0.81160134       16.072618       1027.6347        1466.174      -25.122686       -25.883469         0.76078361       2833.2597                 21.308146                 396.84413                                599.91366                      9.5688126                   16.072618                   1466.174       182.78534          140.593
              1       1387.8569     0.022576423       69.934184       3.0573793      0.97738106       8.1558854       0.7231886      0.10481708     0.065749852       1.0047373        1.005338       1.0036671      0.99784955       1.0045521    0.0082590148   2.1271738e-09       0.9538389      0.84893146      0.27419625      0.81160134       16.072618        1022.047        1466.174      -22.369947       -23.130731         0.76078361       2820.4537                 21.131581                 396.83894                                594.13312                      9.9433962                   16.072618                   1466.174       175.48999        140.67009
              1       1387.8537     0.022576423       69.934184       3.0573793      0.97738106       8.1558854       0.7231886      0.10481708     0.065749852       1.0047373        1.005338       1.0036671      0.99879249       1.0029548    0.0082590148   2.1271738e-09       0.9538389      0.84893146      0.27419625      0.81160134       16.072618        1022.047        1466.174      -22.561909       -23.322692         0.76078361       2820.8313                 21.131581                 396.83894                                594.13312                      9.9433962                   16.072618                   1466.174       175.48999        141.04762
              1       1388.6701     0.022576423       69.934184       3.0573793      0.97738106       8.1558854       0.7231886      0.10481708     0.065749852       1.0053291       1.0053385       1.0034436      0.99978402       1.0024211    0.0082590148   2.1271738e-09       0.9538389      0.84893146      0.27419625      0.81160134       16.072618       1022.6604        1466.174      -22.147204       -22.907987         0.76078361       2821.6347                 21.076777                 396.83673                                 594.6423                      10.104594                   16.072618                   1466.174       175.52835         141.1993
              1       1389.0503     0.022576423       69.934184       3.0573793      0.97738106       8.1558854       0.7231886      0.10481708     0.065749852       1.0053291       1.0053385       1.0034436      0.99703151       1.0049718    0.0082590148   2.1271738e-09       0.9538389      0.84893146      0.27419625      0.81160134       16.072618       1022.6604        1466.174      -21.751422       -22.512206         0.76078361       2821.6035                 21.076777                 396.83673                                 594.6423                      10.104594                   16.072618                   1466.174       175.52835        141.16811
              1       1387.3324     0.022576423       69.934184       3.0573793      0.97738106       8.1558854       0.7231886      0.10481708     0.065749852       1.0053291       1.0037286       1.0067076      0.99712466       1.0047393    0.0082590148   2.1271738e-09       0.9538389      0.84893146      0.27419625      0.81160134       16.072618       1022.6604        1466.174      -22.597222       -23.358006         0.76078361       2819.8592                 21.076777                 396.83673                                 594.6423                      10.104594                   16.072618                   1466.174       173.79091        141.16125
              1       1386.9147     0.022576423       69.934184       3.0573793      0.97738106       8.1558854       0.7231886      0.10481708     0.065749852       1.0053291       1.0029363       1.0071468      0.99715111       1.0045643    0.0082590148   2.1271738e-09       0.9538389      0.84893146      0.27419625      0.81160134       16.072618       1022.6604        1466.174       -22.90975       -23.670533         0.76078361       2819.6489                 21.076777                 396.83673                                 594.6423                      10.104594                   16.072618                   1466.174        173.5397        141.20218
              1       1387.0034     0.022573717       69.887753       3.0576992      0.97773635       8.1425453      0.72283459       0.1061475     0.067445268       1.0053107       1.0032144       1.0041026       0.9981599       1.0066783     0.012818447   2.1278543e-09      0.95378309      0.84849508      0.27451229       0.8116515       15.986888       1023.0021        1466.243       -22.73216       -23.483736         0.75157581       2819.4711                  21.05431                 396.81447                                595.02722                        10.1061                   15.986888                   1466.243       173.53195        140.70712
              1       1389.1576     0.022573717       69.887753       3.0576992      0.97773635       8.1425453      0.72283459       0.1061475     0.067445268       1.0053107        1.004334        1.007092      0.99694421       1.0027623     0.012818447   2.1278543e-09      0.95378309      0.84849508      0.27451229       0.8116515       15.986888       1023.0021        1466.243      -22.464748       -23.216324         0.75157581       2823.2448                  21.05431                 396.81447                                595.02722                        10.1061                   15.986888                   1466.243       174.60898        143.40378
              1       1388.3484     0.022573717       69.887753       3.0576992      0.97773635       8.1425453      0.72283459       0.1061475     0.067445268       1.0053107        1.004334        1.007092        1.000937       1.0101129     0.012818447   2.1278543e-09      0.95378309      0.84849508      0.27451229       0.8116515       15.986888       1023.0021        1466.243      -21.779245       -22.530821         0.75157581       2820.2553                  21.05431                 396.81447                                595.02722                        10.1061                   15.986888                   1466.243       174.60898        140.41432
              1       1388.3274     0.022573717       69.887753       3.0576992      0.97773635       8.1425453      0.72283459       0.1061475     0.067445268       1.0053107        1.004334        1.007092       0.9992689       1.0023101     0.012818447   2.1278543e-09      0.95378309      0.84849508      0.27451229       0.8116515       15.986888       1023.0021        1466.243      -22.704785       -23.456361         0.75157581       2822.0644                  21.05431                 396.81447                                595.02722                        10.1061                   15.986888                   1466.243       174.60898         142.2234
              1       1389.0413     0.022573717       69.887753       3.0576992      0.97773635       8.1425453      0.72283459       0.1061475     0.067445268       1.0053107       1.0052587       1.0033915      0.99918506       1.0023488     0.012818447   2.1278543e-09      0.95378309      0.84849508      0.27451229       0.8116515       15.986888       1023.0021        1466.243      -22.207045        -22.95862         0.75157581       2822.4967                  21.05431                 396.81447                                595.02722                        10.1061                   15.986888                   1466.243       175.04532        142.21941
              1       1390.7243     0.022573717       69.887753       3.0576992      0.97773635       8.1425453      0.72283459       0.1061475     0.067445268       1.0053107       1.0023646       1.0021427      0.99550738       1.0015033     0.012818447   2.1278543e-09      0.95378309      0.84849508      0.27451229       0.8116515       15.986888       1023.0021        1466.243      -22.979473       -23.731049         0.75157581       2827.4076                  21.05431                 396.81447                                595.02722                        10.1061                   15.986888                   1466.243       175.96382        146.21173
              1       1387.3118     0.022573717       69.887753       3.0576992      0.97773635       8.1425453      0.72283459       0.1061475     0.067445268       1.0041144       1.0023637       1.0025943      0.99899668       1.0081866     0.012818447   2.1278543e-09      0.95378309      0.84849508      0.27451229       0.8116515       15.986888       1024.1727        1466.243      -23.744634        -24.49621         0.75157581       2822.1128                 21.164976                 396.78781                                596.41216                      9.8077726                   15.986888                   1466.243       175.42935        140.28082
              1       1387.2795     0.022573717       69.887753       3.0576992      0.97773635       8.1425453      0.72283459       0.1061475     0.067445268       1.0041683       1.0023637        1.002574      0.99899153       1.0081788     0.012818447   2.1278543e-09      0.95378309      0.84849508      0.27451229       0.8116515       15.986888        1024.015        1466.243      -23.709874        -24.46145         0.75157581       2821.9788                 21.159902                 396.78781                                596.24781                       9.819486                   15.986888                   1466.243       175.45189        140.28201
              1       1386.1831     0.022573717       69.887753       3.0576992      0.97773635       8.1425453      0.72283459       0.1061475     0.067445268       1.0039503       1.0033293       1.0051594       1.0005876       1.0055902     0.012818447   2.1278543e-09      0.95378309      0.84849508      0.27451229       0.8116515       15.986888       1024.7137        1466.243      -23.899923       -24.651499         0.75157581        2820.166                 21.180492                 396.78781                                 596.9723                      9.7730994                   15.986888                   1466.243       173.25978        139.96259
              1       1386.4698     0.022573717       69.887753       3.0576992      0.97773635       8.1425453      0.72283459       0.1061475     0.067445268       1.0039503       1.0033293       1.0051594       1.0023224       1.0069408     0.012818447   2.1278543e-09      0.95378309      0.84849508      0.27451229       0.8116515       15.986888       1024.7137        1466.243      -23.614615       -24.366191         0.75157581       2820.1689                 21.180492                 396.78781                                 596.9723                      9.7730994                   15.986888                   1466.243       173.25978        139.96547
              1       1386.2259     0.022573717       69.887753       3.0576992      0.97773635       8.1425453      0.72283459       0.1061475     0.067445268       1.0042087       1.0033295       1.0050618       1.0022977       1.0069032     0.012818447   2.1278543e-09      0.95378309      0.84849508      0.27451229       0.8116515       15.986888       1023.9032        1466.243      -23.453609       -24.205185         0.75157581        2819.359                 21.156101                 396.78781                                596.13087                      9.8283787                   15.986888                   1466.243       173.26619        139.95975
              1       1392.7167     0.022573717       69.887753       3.0576992      0.97773635       8.1425453      0.72283459       0.1061475     0.067445268       1.0042087       1.0033295       1.0050618       1.0050306      0.99693375     0.012818447   2.1278543e-09      0.95378309      0.84849508      0.27451229       0.8116515       15.986888       1023.9032        1466.243      -23.318782       -24.070358         0.75157581        2832.071                 21.156101                 396.78781                                596.13087                      9.8283787                   15.986888                   1466.243       173.26619        152.67177
              1       1392.6451     0.022573717       69.887753       3.0576992      0.97773635       8.1425453      0.72283459       0.1061475     0.067445268       1.0043851       1.0033296       1.0049952       1.0050137      0.99690814     0.012818447   2.1278543e-09      0.95378309      0.84849508      0.27451229       0.8116515       15.986888       1023.4845        1466.243      -23.200211       -23.951787         0.75157581       2831.6907                 21.139579                 396.79251                                595.68414                      9.8682523                   15.986888                   1466.243       173.27242        152.70386
              1       1390.8641     0.022573717       69.887753       3.0576992      0.97773635       8.1425453      0.72283459       0.1061475     0.067445268       1.0043851       1.0033296       1.0049952      0.99343645       1.0077975     0.012818447   2.1278543e-09      0.95378309      0.84849508      0.27451229       0.8116515       15.986888       1023.4845        1466.243      -22.270449       -23.022025         0.75157581        2826.269                 21.139579                 396.79251                                595.68414                      9.8682523                   15.986888                   1466.243       173.27242        147.28223
              1        1389.671     0.022573717       69.887753       3.0576992      0.97773635       8.1425453      0.72283459       0.1061475     0.067445268       1.0043851       1.0033296       1.0049952      0.99417829       1.0048521     0.012818447   2.1278543e-09      0.95378309      0.84849508      0.27451229       0.8116515       15.986888       1023.4845        1466.243      -22.850795       -23.602371         0.75157581       2825.0435                 21.139579                 396.79251                                595.68414                      9.8682523                   15.986888                   1466.243       173.27242        146.05672
              1       1387.6037     0.022573717       69.887753       3.0576992      0.97773635       8.1425453      0.72283459       0.1061475     0.067445268       1.0043851       1.0017762       1.0049495       1.0038519       1.0095969     0.012818447   2.1278543e-09      0.95378309      0.84849508      0.27451229       0.8116515       15.986888       1023.4845        1466.243      -23.115447       -23.867023         0.75157581       2821.4383                 21.139579                 396.79251                                595.68414                      9.8682523                   15.986888                   1466.243       174.54022         141.1837
              1       1387.2538     0.022573717       69.887753       3.0576992      0.97773635       8.1425453      0.72283459       0.1061475     0.067445268       1.0043851       1.0017762       1.0049495       1.0012246       1.0106811     0.012818447   2.1278543e-09      0.95378309      0.84849508      0.27451229       0.8116515       15.986888       1023.4845        1466.243      -23.238253       -23.989829         0.75157581       2820.9842                 21.139579                 396.79251                                595.68414                      9.8682523                   15.986888                   1466.243       174.54022        140.72954
              1       1386.2712     0.022573717       69.887753       3.0576992      0.97773635       8.1425453      0.72283459       0.1061475     0.067445268       1.0043851       1.0017762       1.0049495        1.002081       1.0068659     0.012818447   2.1278543e-09      0.95378309      0.84849508      0.27451229       0.8116515       15.986888       1023.4845        1466.243      -23.801358       -24.552934         0.75157581        2820.145                 21.139579                 396.79251                                595.68414                      9.8682523                   15.986888                   1466.243       174.54022        139.89041
              1       1386.5584     0.022573717       69.887753       3.0576992      0.97773635       8.1425453      0.72283459       0.1061475     0.067445268       1.0051197       1.0017768       1.0046721       1.0020108       1.0067592     0.012818447   2.1278543e-09      0.95378309      0.84849508      0.27451229       0.8116515       15.986888       1022.8705        1466.243      -23.263532       -24.015108         0.75157581       2819.6438                 21.071699                 396.81447                                 594.9312                      10.053113                   15.986888                   1466.243        174.6629        139.88054
              1       1386.9935     0.022573717       69.887753       3.0576992      0.97773635       8.1425453      0.72283459       0.1061475     0.067445268       1.0046251       1.0017691       1.0092503       1.0021312       1.0070572     0.012818447   2.1278543e-09      0.95378309      0.84849508      0.27451229       0.8116515       15.986888        1023.094        1466.243      -23.599324         -24.3509         0.75157581       2821.1857                 21.117238                  396.8096                                595.24182                      9.9253247                   15.986888                   1466.243       175.97066        139.89111
              1        1386.121     0.022573717       69.887753       3.0576992      0.97773635       8.1425453      0.72283459       0.1061475     0.067445268       1.0046251       1.0023834       1.0071643       1.0020817       1.0071023     0.012818447   2.1278543e-09      0.95378309      0.84849508      0.27451229       0.8116515       15.986888        1023.094        1466.243      -23.456754        -24.20833         0.75157581       2819.1556                 21.117238                  396.8096                                595.24182                      9.9253247                   15.986888                   1466.243       173.95859        139.87312
              1       1387.9563     0.022573717       69.887753       3.0576992      0.97773635       8.1425453      0.72283459       0.1061475     0.067445268       1.0046251       1.0052227        1.005541       1.0019861       1.0077269     0.012818447   2.1278543e-09      0.95378309      0.84849508      0.27451229       0.8116515       15.986888        1023.094        1466.243      -22.179008       -22.930584         0.75157581       2820.2706                 21.117238                  396.8096                                595.24182                      9.9253247                   15.986888                   1466.243       175.09755        139.84912
              1       1385.9793     0.022573717       69.887753       3.0576992      0.97773635       8.1425453      0.72283459       0.1061475     0.067445268       1.0046251       1.0017975       1.0056407       1.0002311       1.0050665     0.012818447   2.1278543e-09      0.95378309      0.84849508      0.27451229       0.8116515       15.986888        1023.094        1466.243      -23.933347       -24.684923         0.75157581       2819.8254                 21.117238                  396.8096                                595.24182                      9.9253247                   15.986888                   1466.243       174.31647          140.185
              1       1384.1011     0.022586964       69.937917       3.0571435      0.97615244       8.1956848      0.72329582      0.10499561     0.064181862        1.004444       1.0016254       1.0055126       1.0001792       1.0049268     0.011117068   2.1266721e-09      0.95382228      0.84766536      0.27408791       0.8102308       15.974789        1021.153       1466.2813      -24.063731       -24.862775         0.79904365       2816.3297                 21.283251                 396.94307                                592.95533                      9.9713456                   15.974789                  1466.2813       173.85487        139.06575
              1       1384.5257     0.022586964       69.937917       3.0571435      0.97615244       8.1956848      0.72329582      0.10499561     0.064181862        1.004444       1.0016239       1.0057688       1.0013569       1.0070191     0.011117068   2.1266721e-09      0.95382228      0.84766536      0.27408791       0.8102308       15.974789        1021.153       1466.2813      -23.782672       -24.581716         0.79904365       2816.6168                 21.283251                 396.94307                                592.95533                      9.9713456                   15.974789                  1466.2813       173.85864        139.34904
              1       1384.2718     0.022586964       69.937917       3.0571435      0.97615244       8.1956848      0.72329582      0.10499561     0.064181862       1.0037983       1.0016235       1.0060126      0.99721632       1.0039911     0.011117068   2.1266721e-09      0.95382228      0.84766536      0.27408791       0.8102308       15.974789       1021.1959       1466.2813      -24.377393       -25.176437         0.79904365       2817.2983                  21.34774                 396.96616                                593.08048                      9.8015586                   15.974789                  1466.2813       173.88249        139.96378
              1       1385.5341     0.022586964       69.937917       3.0571435      0.97615244       8.1956848      0.72329582      0.10499561     0.064181862       1.0036957      0.99983868       1.0086803      0.99731295       1.0036969     0.011117068   2.1266721e-09      0.95382228      0.84766536      0.27408791       0.8102308       15.974789       1021.3283       1466.2813       -24.61835       -25.417393         0.79904365       2820.3049                 21.358101                 396.96616                                593.22729                      9.7767439                   15.974789                  1466.2813       176.70261        140.01788
              1       1386.0337     0.022586964       69.937917       3.0571435      0.97615244       8.1956848      0.72329582      0.10499561     0.064181862       1.0035745       1.0036136       1.0078596      0.99776972       1.0046723     0.011117068   2.1266721e-09      0.95382228      0.84766536      0.27408791       0.8102308       15.974789       1021.5307       1466.2813      -23.943345       -24.742389         0.79904365        2819.954                 21.370397                 396.96616                                593.44597                      9.7481544                   15.974789                  1466.2813       176.69403        139.47322
              1       1385.9639     0.022586964       69.937917       3.0571435      0.97615244       8.1956848      0.72329582      0.10499561     0.064181862       1.0035745      0.99942476       1.0043972      0.99781345       1.0034467     0.011117068   2.1266721e-09      0.95382228      0.84766536      0.27408791       0.8102308       15.974789       1021.5307       1466.2813      -24.749353       -25.548396         0.79904365       2821.4266                 21.370397                 396.96616                                593.44597                      9.7481544                   15.974789                  1466.2813        177.7643         139.8755
              1       1387.2238     0.022586964       69.937917       3.0571435      0.97615244       8.1956848      0.72329582      0.10499561     0.064181862       1.0035745      0.99942476       1.0043972      0.99692654        1.000616     0.011117068   2.1266721e-09      0.95382228      0.84766536      0.27408791       0.8102308       15.974789       1021.5307       1466.2813      -24.742447        -25.54149         0.79904365       2823.9325                 21.370397                 396.96616                                593.44597                      9.7481544                   15.974789                  1466.2813        177.7643        142.38139
              1       1387.0922     0.022586964       69.937917       3.0571435      0.97615244       8.1956848      0.72329582      0.10499561     0.064181862       1.0034745       1.0019952       1.0027878      0.99824027        1.011738     0.011117068   2.1266721e-09      0.95382228      0.84766536      0.27408791       0.8102308       15.974789       1021.7308       1466.2813      -23.453643       -24.252687         0.79904365       2821.0917                  21.38056                 396.96213                                593.66285                      9.7252198                   15.974789                  1466.2813       174.95599        142.14885
              1       1388.1268     0.022586964       69.937917       3.0571435      0.97615244       8.1956848      0.72329582      0.10499561     0.064181862       1.0034745        1.003174       1.0041352      0.99720474        1.012429     0.011117068   2.1266721e-09      0.95382228      0.84766536      0.27408791       0.8102308       15.974789       1021.7308       1466.2813       -22.84016       -23.639203         0.79904365       2821.9339                  21.38056                 396.96213                                593.66285                      9.7252198                   15.974789                  1466.2813        174.4236        143.52348
              1       1387.3593     0.022586964       69.937917       3.0571435      0.97615244       8.1956848      0.72329582      0.10499561     0.064181862       1.0047544        1.003175       1.0036519       1.0029344        1.000892     0.011117068   2.1266721e-09      0.95382228      0.84766536      0.27408791       0.8102308       15.974789       1021.6418       1466.2813      -23.431364       -24.230408         0.79904365       2821.5813                 21.252723                 396.94307                                593.38478                      10.061263                   15.974789                  1466.2813       174.57272        143.11063
              1       1385.4425     0.022586964       69.937917       3.0571435      0.97615244       8.1956848      0.72329582      0.10499561     0.064181862       1.0047544        1.003175       1.0036519       1.0007769       1.0046929     0.011117068   2.1266721e-09      0.95382228      0.84766536      0.27408791       0.8102308       15.974789       1021.6418       1466.2813      -23.429127       -24.228171         0.79904365       2817.7433                 21.252723                 396.94307                                593.38478                      10.061263                   15.974789                  1466.2813       174.57272        139.27263
              1       1385.0706     0.022586964       69.937917       3.0571435      0.97615244       8.1956848      0.72329582      0.10499561     0.064181862       1.0027408       1.0015714       1.0039576       1.0010006       1.0045618     0.011117068   2.1266721e-09      0.95382228      0.84766536      0.27408791       0.8102308       15.974789       1024.2641       1466.2813      -25.061001       -25.860044         0.79904365       2820.2632                 21.456126                 396.96006                                596.27391                      9.5740422                   15.974789                  1466.2813       174.35234        139.39066
              1       1384.3589     0.022586964       69.937917       3.0571435      0.97615244       8.1956848      0.72329582      0.10499561     0.064181862       1.0042622       1.0015725       1.0033832      0.99978036       1.0042362     0.011117068   2.1266721e-09      0.95382228      0.84766536      0.27408791       0.8102308       15.974789       1021.0316       1466.2813      -24.259194       -25.058238         0.79904365       2817.2362                 21.301271                 396.95787                                592.85127                      9.9211924                   15.974789                  1466.2813       174.73729        139.21118
              1       1384.0286     0.022586964       69.937917       3.0571435      0.97615244       8.1956848      0.72329582      0.10499561     0.064181862       1.0042622       1.0019448       1.0043495       1.0000237       1.0049808     0.011117068   2.1266721e-09      0.95382228      0.84766536      0.27408791       0.8102308       15.974789       1021.0316       1466.2813      -24.122691       -24.921735         0.79904365       2816.3025                 21.301271                 396.95787                                592.85127                      9.9211924                   15.974789                  1466.2813        173.9838        139.03101
              1       1384.0404     0.022586964       69.937917       3.0571435      0.97615244       8.1956848      0.72329582      0.10499561     0.064181862       1.0040199       1.0019446        1.004441      0.99887729       1.0065926     0.011117068   2.1266721e-09      0.95382228      0.84766536      0.27408791       0.8102308       15.974789       1021.0347       1466.2813      -24.075561       -24.874604         0.79904365        2816.232                 21.325457                 396.96988                                592.88217                      9.8572071                   15.974789                  1466.2813       173.95137        138.98981
              1       1387.0413     0.022586964       69.937917       3.0571435      0.97615244       8.1956848      0.72329582      0.10499561     0.064181862       1.0040199       1.0019446        1.004441      0.99740183       1.0119469     0.011117068   2.1266721e-09      0.95382228      0.84766536      0.27408791       0.8102308       15.974789       1021.0347       1466.2813       -23.00032       -23.799363         0.79904365       2820.0833                 21.325457                 396.96988                                592.88217                      9.8572071                   15.974789                  1466.2813       173.95137        142.84108
              1       1386.0222     0.022586964       69.937917       3.0571435      0.97615244       8.1956848      0.72329582      0.10499561     0.064181862       1.0040199       1.0016017       1.0066439      0.99496599       1.0065688     0.011117068   2.1266721e-09      0.95382228      0.84766536      0.27408791       0.8102308       15.974789       1021.0347       1466.2813      -23.548851       -24.347895         0.79904365       2819.1421                 21.325457                 396.96988                                592.88217                      9.8572071                   15.974789                  1466.2813       174.04137        141.80989
              1       1387.7076     0.022586964       69.937917       3.0571435      0.97615244       8.1956848      0.72329582      0.10499561     0.064181862       1.0040199       1.0012689       1.0103953      0.99503637       1.0066805     0.011117068   2.1266721e-09      0.95382228      0.84766536      0.27408791       0.8102308       15.974789       1021.0347       1466.2813       -23.60537       -24.404414         0.79904365        2822.626                 21.325457                 396.96988                                592.88217                      9.8572071                   15.974789                  1466.2813       177.59329        141.74187
              1       1387.5486     0.022586964       69.937917       3.0571435      0.97615244       8.1956848      0.72329582      0.10499561     0.064181862       1.0039354       1.0035465       1.0022487       0.9948535       1.0068368     0.011117068   2.1266721e-09      0.95382228      0.84766536      0.27408791       0.8102308       15.974789       1021.0781       1466.2813      -22.984016        -23.78306         0.79904365       2821.0651                 21.333936                 396.96988                                592.93861                      9.8356621                   15.974789                  1466.2813       175.72758        142.00337
              1       1385.5028     0.022586964       69.937917       3.0571435      0.97615244       8.1956848      0.72329582      0.10499561     0.064181862        1.003588       1.0014527       1.0082042      0.99834796       1.0005244     0.011117068   2.1266721e-09      0.95382228      0.84766536      0.27408791       0.8102308       15.974789       1021.5056       1466.2813      -24.803379       -25.602422         0.79904365       2820.6123                 21.369018                 396.96616                                593.41907                      9.7513137                   15.974789                  1466.2813         174.992        141.85861
              1       1384.9911     0.022586964       69.937917       3.0571435      0.97615244       8.1956848      0.72329582      0.10499561     0.064181862        1.003588       1.0014527       1.0082042       1.0023168       1.0037687     0.011117068   2.1266721e-09      0.95382228      0.84766536      0.27408791       0.8102308       15.974789       1021.5056       1466.2813      -24.606182       -25.405225         0.79904365       2819.1945                 21.369018                 396.96616                                593.41907                      9.7513137                   15.974789                  1466.2813         174.992        140.44087
              1       1386.1128     0.022586964       69.937917       3.0571435      0.97615244       8.1956848      0.72329582      0.10499561     0.064181862       1.0034067       1.0014526       1.0082727      0.99947819      0.99946848     0.011117068   2.1266721e-09      0.95382228      0.84766536      0.27408791       0.8102308       15.974789       1021.8885       1466.2813       -24.96573       -25.764774         0.79904365       2822.1571                 21.387475                 396.96213                                593.82897                      9.7099724                   15.974789                  1466.2813       175.05052        142.96191
              1       1387.4422     0.022586964       69.937917       3.0571435      0.97615244       8.1956848      0.72329582      0.10499561     0.064181862       1.0034067       1.0014526       1.0082727       1.0010205      0.99797044     0.011117068   2.1266721e-09      0.95382228      0.84766536      0.27408791       0.8102308       15.974789       1021.8885       1466.2813       -24.91036       -25.709404         0.79904365       2824.7051                 21.387475                 396.96213                                593.82897                      9.7099724                   15.974789                  1466.2813       175.05052        145.50995
              1       1387.3082     0.022586964       69.937917       3.0571435      0.97615244       8.1956848      0.72329582      0.10499561     0.064181862       1.0034067       1.0016615       1.0079362       1.0010099      0.99800512     0.011117068   2.1266721e-09      0.95382228      0.84766536      0.27408791       0.8102308       15.974789       1021.8885       1466.2813       -24.87608       -25.675123         0.79904365       2824.3686                 21.387475                 396.96213                                593.82897                      9.7099724                   15.974789                  1466.2813       174.77342        145.45049
              1       1384.3927     0.022586964       69.937917       3.0571435      0.97615244       8.1956848      0.72329582      0.10499561     0.064181862       1.0034067       1.0016615       1.0079362        1.000868       1.0054113     0.011117068   2.1266721e-09      0.95382228      0.84766536      0.27408791       0.8102308       15.974789       1021.8885       1466.2813      -24.643324       -25.442367         0.79904365       2818.0721                 21.387475                 396.96213                                593.82897                      9.7099724                   15.974789                  1466.2813       174.77342        139.15404
              1        1385.191     0.022586964       69.937917       3.0571435      0.97615244       8.1956848      0.72329582      0.10499561     0.064181862       1.0034067       1.0016615       1.0079362      0.99647099       1.0044699     0.011117068   2.1266721e-09      0.95382228      0.84766536      0.27408791       0.8102308       15.974789       1021.8885       1466.2813      -24.441132       -25.240176         0.79904365       2819.2643                 21.387475                 396.96213                                593.82897                      9.7099724                   15.974789                  1466.2813       174.77342        140.34619
              1       1386.6312     0.022586964       69.937917       3.0571435      0.97615244       8.1956848      0.72329582      0.10499561     0.064181862       1.0034067       1.0032895        1.008236       1.0027344       1.0071832     0.011117068   2.1266721e-09      0.95382228      0.84766536      0.27408791       0.8102308       15.974789       1021.8885       1466.2813      -23.817644       -24.616688         0.79904365       2820.8977                 21.387475                 396.96213                                593.82897                      9.7099724                   15.974789                  1466.2813       176.52687        140.22621
              1       1388.7874     0.022586964       69.937917       3.0571435      0.97615244       8.1956848      0.72329582      0.10499561     0.064181862       1.0034067       1.0022463       1.0112042       1.0040334       1.0031974     0.011117068   2.1266721e-09      0.95382228      0.84766536      0.27408791       0.8102308       15.974789       1021.8885       1466.2813      -24.311881       -25.110925         0.79904365       2826.1986                 21.387475                 396.96213                                593.82897                      9.7099724                   15.974789                  1466.2813        179.6508        142.40312
              1       1387.6169     0.022586964       69.937917       3.0571435      0.97615244       8.1956848      0.72329582      0.10499561     0.064181862       1.0034067       0.9997567       1.0086396       1.0043245       1.0022284     0.011117068   2.1266721e-09      0.95382228      0.84766536      0.27408791       0.8102308       15.974789       1021.8885       1466.2813      -24.578299       -25.377342         0.79904365       2824.3903                 21.387475                 396.96213                                593.82897                      9.7099724                   15.974789                  1466.2813       176.80728        143.43839
              1       1384.7695     0.022586964       69.937917       3.0571435      0.97615244       8.1956848      0.72329582      0.10499561     0.064181862       1.0034067       1.0018917       1.0024272       1.0010031       1.0055119     0.011117068   2.1266721e-09      0.95382228      0.84766536      0.27408791       0.8102308       15.974789       1021.8885       1466.2813      -24.581198       -25.380242         0.79904365       2818.7014                 21.387475                 396.96213                                593.82897                      9.7099724                   15.974789                  1466.2813        175.3678          139.189
              1       1384.8631     0.022586964       69.937917       3.0571435      0.97615244       8.1956848      0.72329582      0.10499561     0.064181862       1.0034067       1.0025902       1.0052975        1.001837        1.007846     0.011117068   2.1266721e-09      0.95382228      0.84766536      0.27408791       0.8102308       15.974789       1021.8885       1466.2813      -24.053574       -24.852618         0.79904365       2817.8333                 21.387475                 396.96213                                593.82897                      9.7099724                   15.974789                  1466.2813       173.92128        139.76736
              1       1385.6277     0.022586964       69.937917       3.0571435      0.97615244       8.1956848      0.72329582      0.10499561     0.064181862       1.0034067       1.0034338       1.0035455       1.0017875       1.0079657     0.011117068   2.1266721e-09      0.95382228      0.84766536      0.27408791       0.8102308       15.974789       1021.8885       1466.2813      -23.757799       -24.556843         0.79904365        2818.771                 21.387475                 396.96213                                593.82897                      9.7099724                   15.974789                  1466.2813        174.8503        139.77608
              1        1388.034     0.022586964       69.937917       3.0571435      0.97615244       8.1956848      0.72329582      0.10499561     0.064181862       1.0034067       1.0034338       1.0035455      0.99536264      0.99949947     0.011117068   2.1266721e-09      0.95382228      0.84766536      0.27408791       0.8102308       15.974789       1021.8885       1466.2813      -23.901584       -24.700627         0.79904365       2823.8712                 21.387475                 396.96213                                593.82897                      9.7099724                   15.974789                  1466.2813        174.8503        144.87624
              1       1387.3963     0.022594739       69.948943       3.0564757      0.97646632       8.1876453      0.72374503      0.10630282     0.061891857        1.003944       1.0020778       1.0069724      0.99540533      0.99914469    0.0082916506   2.1252524e-09      0.95382095      0.84804555      0.27361484      0.80989437       15.846748        1021.905       1466.4246      -23.975396       -24.805091         0.82969454       2822.7434                  21.25843                 396.93378                                593.87372                      9.8390499                   15.846748                  1466.4246       174.08882        144.47824
              1       1385.5899     0.022594739       69.948943       3.0564757      0.97646632       8.1876453      0.72374503      0.10630282     0.061891857        1.003944       1.0020778       1.0069724       1.0023981        1.001213    0.0082916506   2.1252524e-09      0.95382095      0.84804555      0.27361484      0.80989437       15.846748        1021.905       1466.4246      -24.349352       -25.179047         0.82969454       2819.8785                  21.25843                 396.93378                                593.87372                      9.8390499                   15.846748                  1466.4246       174.08882        141.61333
              1         1385.58     0.022594739       69.948943       3.0564757      0.97646632       8.1876453      0.72374503      0.10630282     0.061891857       1.0035661       1.0020776       1.0071151       1.0024342       1.0012679    0.0082916506   2.1252524e-09      0.95382095      0.84804555      0.27361484      0.80989437       15.846748       1022.2624       1466.4246      -24.570867       -25.400562         0.82969454       2820.3018                 21.295697                 396.93966                                594.28202                      9.7450229                   15.846748                  1466.4246       174.17671        141.59132
              1       1384.8832     0.022594739       69.948943       3.0564757      0.97646632       8.1876453      0.72374503      0.10630282     0.061891857       1.0043334       1.0016824         1.00563      0.99664311       1.0052236    0.0082916506   2.1252524e-09      0.95382095      0.84804555      0.27361484      0.80989437       15.846748       1022.0481       1466.4246      -23.793064       -24.622758         0.82969454       2817.3525                 21.220514                 396.93611                                593.94719                      9.9442799                   15.846748                  1466.4246       173.63699          139.396
              1       1384.4999     0.022594739       69.948943       3.0564757      0.97646632       8.1876453      0.72374503      0.10630282     0.061891857       1.0038359       1.0016821       1.0058178      0.99669067       1.0052958    0.0082916506   2.1252524e-09      0.95382095      0.84804555      0.27361484      0.80989437       15.846748       1021.9563       1466.4246      -24.118911       -24.948605         0.82969454       2817.2376                 21.269042                 396.93378                                593.94218                      9.8113391                   15.846748                  1466.4246       173.65651        139.35339
              1       1383.7389     0.022594739       69.948943       3.0564757      0.97646632       8.1876453      0.72374503      0.10630282     0.061891857       1.0038359       1.0016821       1.0058178      0.99932812       1.0041169    0.0082916506   2.1252524e-09      0.95382095      0.84804555      0.27361484      0.80989437       15.846748       1021.9563       1466.4246      -24.484312       -25.314007         0.82969454       2816.4464                 21.269042                 396.93378                                593.94218                      9.8113391                   15.846748                  1466.4246       173.65651        138.56219
              1       1384.0961     0.022594739       69.948943       3.0564757      0.97646632       8.1876453      0.72374503      0.10630282     0.061891857       1.0038359       1.0016821       1.0058178       1.0015991       1.0040495    0.0082916506   2.1252524e-09      0.95382095      0.84804555      0.27361484      0.80989437       15.846748       1021.9563       1466.4246      -24.437299       -25.266993         0.82969454       2817.0667                 21.269042                 396.93378                                593.94218                      9.8113391                   15.846748                  1466.4246       173.65651        139.18251
              1       1384.2023     0.022594739       69.948943       3.0564757      0.97646632       8.1876453      0.72374503      0.10630282     0.061891857       1.0033503       1.0016817       1.0060011       1.0016455         1.00412    0.0082916506   2.1252524e-09      0.95382095      0.84804555      0.27361484      0.80989437       15.846748       1022.6793       1466.4246      -24.707351       -25.537046         0.82969454       2817.8192                 21.317177                 396.93955                                 594.7276                      9.6949411                   15.846748                  1466.4246       173.68706        139.18152
              1       1385.4041     0.022594739       69.948943       3.0564757      0.97646632       8.1876453      0.72374503      0.10630282     0.061891857       1.0033503       1.0016817       1.0060011      0.99907654       1.0103015    0.0082916506   2.1252524e-09      0.95382095      0.84804555      0.27361484      0.80989437       15.846748       1022.6793       1466.4246      -23.910015       -24.739709         0.82969454       2818.6283                 21.317177                 396.93955                                 594.7276                      9.6949411                   15.846748                  1466.4246       173.68706        139.99062
              1       1389.5284     0.022594739       69.948943       3.0564757      0.97646632       8.1876453      0.72374503      0.10630282     0.061891857       1.0033503       1.0058449       1.0001047       1.0001219       1.0039138    0.0082916506   2.1252524e-09      0.95382095      0.84804555      0.27361484      0.80989437       15.846748       1022.6793       1466.4246      -23.049012       -23.878706         0.82969454       2825.1548                 21.317177                 396.93955                                 594.7276                      9.6949411                   15.846748                  1466.4246       181.51123        138.69295
              1       1390.4615     0.022594739       69.948943       3.0564757      0.97646632       8.1876453      0.72374503      0.10630282     0.061891857       1.0033503       1.0065554       1.0021682        1.000139       1.0041983    0.0082916506   2.1252524e-09      0.95382095      0.84804555      0.27361484      0.80989437       15.846748       1022.6793       1466.4246      -22.537609       -23.367304         0.82969454       2825.9981                 21.317177                 396.93955                                 594.7276                      9.6949411                   15.846748                  1466.4246        182.4558        138.59171
              1       1390.4576     0.022596439       69.915272       3.0565545       0.9766662       8.1620613      0.72359622      0.10713081     0.063783718       1.0034031       1.0065803        1.002159      0.99857788       1.0050083     0.010736742     2.12542e-09      0.95377298      0.84744224       0.2737416      0.80950565       15.831479       1023.6648       1466.4522      -22.363675       -23.200345         0.83666979       2825.6426                 21.306168                 396.85829                                595.82725                      9.6730782                   15.831479                  1466.4522       181.05933        138.63483
              1       1385.5903     0.022596439       69.915272       3.0565545       0.9766662       8.1620613      0.72359622      0.10713081     0.063783718       1.0037217       1.0012357       1.0044799      0.99922569       1.0007189     0.010736742     2.12542e-09      0.95377298      0.84744224       0.2737416      0.80950565       15.831479       1022.7842       1466.4522      -24.770549       -25.607219         0.83666979       2820.7218                 21.274673                 396.85685                                594.90626                      9.7463944                   15.831479                  1466.4522       174.43228        141.22162
              1       1385.5312     0.022596439       69.915272       3.0565545       0.9766662       8.1620613      0.72359622      0.10713081     0.063783718       1.0037217       1.0012357       1.0044799       1.0021096       1.0018997     0.010736742     2.12542e-09      0.95377298      0.84744224       0.2737416      0.80950565       15.831479       1022.7842       1466.4522      -24.645786       -25.482456         0.83666979       2820.3539                 21.274673                 396.85685                                594.90626                      9.7463944                   15.831479                  1466.4522       174.43228        140.85379
              2       1387.5782     0.022596439       69.915272       3.0565545       0.9766662       8.1620613      0.72359622      0.10713081     0.063783718       1.0037217      0.99938724       1.0049299       1.0021618       1.0014616     0.010736742     2.12542e-09      0.95377298      0.84744224       0.2737416      0.80950565       15.831479       1022.7842       1466.4522      -24.718163       -25.554833         0.83666979       2824.5926                 21.274673                 396.85685                                594.90626                      9.7463944                   15.831479                  1466.4522       178.23785        141.28691
              1       1388.6566     0.022596439       69.915272       3.0565545       0.9766662       8.1620613      0.72359622      0.10713081     0.063783718       1.0037217      0.99938724       1.0049299        1.005082       1.0047582     0.010736742     2.12542e-09      0.95377298      0.84744224       0.2737416      0.80950565       15.831479       1022.7842       1466.4522      -23.999541       -24.836211         0.83666979       2825.3123                 21.274673                 396.85685                                594.90626                      9.7463944                   15.831479                  1466.4522       178.23785        142.00661
              1       1387.7019     0.022596439       69.915272       3.0565545       0.9766662       8.1620613      0.72359622      0.10713081     0.063783718       1.0040438      0.99938748       1.0048083       1.0026799       1.0016754     0.010736742     2.12542e-09      0.95377298      0.84744224       0.2737416      0.80950565       15.831479       1022.2441       1466.4522      -24.449501        -25.28617         0.83666979       2824.3029                 21.243145                 396.85685                                594.31776                       9.826339                   15.831479                  1466.4522       178.31813        141.45697
              1       1390.6729     0.022596439       69.915272       3.0565545       0.9766662       8.1620613      0.72359622      0.10713081     0.063783718       1.0051056      0.99878174       1.0035688      0.99809224       1.0003212     0.010736742     2.12542e-09      0.95377298      0.84744224       0.2737416      0.80950565       15.831479       1022.9419       1466.4522      -23.724139       -24.560809         0.83666979        2828.794                 21.141533                 396.86256                                594.80686                      10.130932                   15.831479                  1466.4522       181.63477         141.9337
              1       1388.4029     0.022596439       69.915272       3.0565545       0.9766662       8.1620613      0.72359622      0.10713081     0.063783718       1.0051056      0.99963844       1.0078417       1.0041298       1.0045724     0.010736742     2.12542e-09      0.95377298      0.84744224       0.2737416      0.80950565       15.831479       1022.9419       1466.4522      -23.269789       -24.106459         0.83666979       2823.3454                 21.141533                 396.86256                                594.80686                      10.130932                   15.831479                  1466.4522       177.20461        140.91518
              1       1387.5421     0.022596439       69.915272       3.0565545       0.9766662       8.1620613      0.72359622      0.10713081     0.063783718       1.0051056      0.99978687       1.0064216       1.0026127       1.0082466     0.010736742     2.12542e-09      0.95377298      0.84744224       0.2737416      0.80950565       15.831479       1022.9419       1466.4522      -23.082645       -23.919314         0.83666979       2821.2495                 21.141533                 396.86256                                594.80686                      10.130932                   15.831479                  1466.4522       176.61737        139.40651
              2       1386.5997     0.022596439       69.915272       3.0565545       0.9766662       8.1620613      0.72359622      0.10713081     0.063783718       1.0051056       1.0014659       1.0057136       1.0020657       1.0012851     0.010736742     2.12542e-09      0.95377298      0.84744224       0.2737416      0.80950565       15.831479       1022.9419       1466.4522      -23.657001       -24.493671         0.83666979       2820.5134                 21.141533                 396.86256                                594.80686                      10.130932                   15.831479                  1466.4522       173.89104        141.39682
              1       1388.2114     0.022596439       69.915272       3.0565545       0.9766662       8.1620613      0.72359622      0.10713081     0.063783718       1.0051056       1.0023819       1.0072913      0.99474393       1.0068497     0.010736742     2.12542e-09      0.95377298      0.84744224       0.2737416      0.80950565       15.831479       1022.9419       1466.4522      -22.453612       -23.290282         0.83666979       2821.3299                 21.141533                 396.86256                                594.80686                      10.130932                   15.831479                  1466.4522       174.17328        141.93109
              1       1386.7773     0.022596439       69.915272       3.0565545       0.9766662       8.1620613      0.72359622      0.10713081     0.063783718       1.0051056       1.0023819       1.0072913      0.99949966       1.0006271     0.010736742     2.12542e-09      0.95377298      0.84744224       0.2737416      0.80950565       15.831479       1022.9419       1466.4522      -23.572708       -24.409378         0.83666979          2820.7                 21.141533                 396.86256                                594.80686                      10.130932                   15.831479                  1466.4522       174.17328        141.30112
              1       1385.7993     0.022596439       69.915272       3.0565545       0.9766662       8.1620613      0.72359622      0.10713081     0.063783718       1.0037511       1.0023809       1.0078027      0.99962914       1.0008238     0.010736742     2.12542e-09      0.95377298      0.84744224       0.2737416      0.80950565       15.831479       1022.7203       1466.4522      -24.532773       -25.369443         0.83666979       2820.6642                 21.271778                 396.85685                                594.83819                      9.7534576                   15.831479                  1466.4522       174.56828        141.09198
              1       1385.7774     0.022596439       69.915272       3.0565545       0.9766662       8.1620613      0.72359622      0.10713081     0.063783718        1.004137       1.0017123       1.0059551       1.0002231      0.99981686     0.010736742     2.12542e-09      0.95377298      0.84744224       0.2737416      0.80950565       15.831479       1022.1533       1466.4522        -24.4496        -25.28627         0.83666979       2820.4539                 21.234087                   396.857                                594.21168                      9.8505485                   15.831479                  1466.4522       173.72588        142.29106
              1       1384.8961     0.022596439       69.915272       3.0565545       0.9766662       8.1620613      0.72359622      0.10713081     0.063783718        1.004137         1.00171       1.0059667      0.99949566       1.0014579     0.010736742     2.12542e-09      0.95377298      0.84744224       0.2737416      0.80950565       15.831479       1022.1533       1466.4522      -24.425166       -25.261836         0.83666979       2818.6424                 21.234087                   396.857                                594.21168                      9.8505485                   15.831479                  1466.4522       173.72864        140.47679
              1       1384.7953     0.022596439       69.915272       3.0565545       0.9766662       8.1620613      0.72359622      0.10713081     0.063783718        1.004137       1.0023531       1.0078347       1.0001091       1.0036683     0.010736742     2.12542e-09      0.95377298      0.84744224       0.2737416      0.80950565       15.831479       1022.1533       1466.4522      -24.178815       -25.015485         0.83666979       2817.9483                 21.234087                   396.857                                594.21168                      9.8505485                   15.831479                  1466.4522       174.58539        138.92586
              2       1385.2514     0.022596439       69.915272       3.0565545       0.9766662       8.1620613      0.72359622      0.10713081     0.063783718        1.004137        1.000459       1.0043975       1.0000978       1.0030169     0.010736742     2.12542e-09      0.95377298      0.84744224       0.2737416      0.80950565       15.831479       1022.1533       1466.4522      -24.515987       -25.352657         0.83666979       2819.5347                 21.234087                   396.857                                594.21168                      9.8505485                   15.831479                  1466.4522       175.80528         139.2924
              1       1385.4395     0.022596439       69.915272       3.0565545       0.9766662       8.1620613      0.72359622      0.10713081     0.063783718        1.004137       1.0001461       1.0086979        1.000618       1.0052233     0.010736742     2.12542e-09      0.95377298      0.84744224       0.2737416      0.80950565       15.831479       1022.1533       1466.4522      -24.345269       -25.181939         0.83666979       2819.5695                 21.234087                   396.857                                594.21168                      9.8505485                   15.831479                  1466.4522       176.69943        138.43307
              2       1386.8038     0.022596439       69.915272       3.0565545       0.9766662       8.1620613      0.72359622      0.10713081     0.063783718        1.004137       1.0001461       1.0086979      0.99978585       1.0002766     0.010736742     2.12542e-09      0.95377298      0.84744224       0.2737416      0.80950565       15.831479       1022.1533       1466.4522      -24.610984       -25.447654         0.83666979       2822.8295                 21.234087                   396.857                                594.21168                      9.8505485                   15.831479                  1466.4522       176.69943        141.69307
              1       1386.5547     0.022596439       69.915272       3.0565545       0.9766662       8.1620613      0.72359622      0.10713081     0.063783718       1.0042402       1.0029956       1.0016017      0.99958984       1.0006066     0.010736742     2.12542e-09      0.95377298      0.84744224       0.2737416      0.80950565       15.831479       1022.0868       1466.4522      -24.038713       -24.875382         0.83666979       2821.1869                 21.224089                   396.857                                594.12775                      9.8779229                   15.831479                  1466.4522       175.49478        141.32166
              1       1385.9014     0.022596439       69.915272       3.0565545       0.9766662       8.1620613      0.72359622      0.10713081     0.063783718       1.0042402       1.0029956       1.0016017       1.0012245       1.0026264     0.010736742     2.12542e-09      0.95377298      0.84744224       0.2737416      0.80950565       15.831479       1022.0868       1466.4522      -23.943924       -24.780594         0.83666979       2819.6906                 21.224089                   396.857                                594.12775                      9.8779229                   15.831479                  1466.4522       175.49478        139.82532
              1       1386.5753     0.022596439       69.915272       3.0565545       0.9766662       8.1620613      0.72359622      0.10713081     0.063783718       1.0042402       1.0029956       1.0016017      0.99816209       1.0010065     0.010736742     2.12542e-09      0.95377298      0.84744224       0.2737416      0.80950565       15.831479       1022.0868       1466.4522      -23.953005       -24.789675         0.83666979       2821.0566                 21.224089                   396.857                                594.12775                      9.8779229                   15.831479                  1466.4522       175.49478        141.19138
              1       1388.8258     0.022596439       69.915272       3.0565545       0.9766662       8.1620613      0.72359622      0.10713081     0.063783718       1.0054374       1.0029964       1.0011497      0.99804764       1.0008326     0.010736742     2.12542e-09      0.95377298      0.84744224       0.2737416      0.80950565       15.831479       1023.9454       1466.4522      -23.018039       -23.854709         0.83666979       2823.6877                 21.110478                  396.8757                                595.72024                      10.238993                   15.831479                  1466.4522       176.04832        141.41026
              1       1389.3188     0.022596439       69.915272       3.0565545       0.9766662       8.1620613      0.72359622      0.10713081     0.063783718       1.0054374       1.0048382       1.0038614      0.99804817       1.0014332     0.010736742     2.12542e-09      0.95377298      0.84744224       0.2737416      0.80950565       15.831479       1023.9454       1466.4522      -22.203583       -23.040252         0.83666979       2823.0447                 21.110478                  396.8757                                595.72024                      10.238993                   15.831479                  1466.4522       175.97707         140.8385
              1       1388.4243     0.022596439       69.915272       3.0565545       0.9766662       8.1620613      0.72359622      0.10713081     0.063783718       1.0054374       1.0048382       1.0038614      0.99852046       1.0057966     0.010736742     2.12542e-09      0.95377298      0.84744224       0.2737416      0.80950565       15.831479       1023.9454       1466.4522      -21.945342       -22.782012         0.83666979       2820.7393                 21.110478                  396.8757                                595.72024                      10.238993                   15.831479                  1466.4522       175.97707        138.53314
              1       1387.3948     0.022596439       69.915272       3.0565545       0.9766662       8.1620613      0.72359622      0.10713081     0.063783718        1.003046       1.0048364       1.0047643      0.99874907       1.0061439     0.010736742     2.12542e-09      0.95377298      0.84744224       0.2737416      0.80950565       15.831479       1025.0818       1466.4522      -23.545535       -24.382205         0.83666979       2821.8807                 21.341858                  396.8804                                597.26183                      9.5976851                   15.831479                  1466.4522       176.07849        138.43678
              1        1386.791     0.022596439       69.915272       3.0565545       0.9766662       8.1620613      0.72359622      0.10713081     0.063783718       1.0045521       1.0048375       1.0041956      0.99853506       1.0046149     0.010736742     2.12542e-09      0.95377298      0.84744224       0.2737416      0.80950565       15.831479       1022.1034       1466.4522      -22.770667       -23.607336         0.83666979       2819.1234                 21.194067                   396.857                                594.08802                      9.9643092                   15.831479                  1466.4522       175.98256        138.75371
              1       1387.8271     0.022596439       69.915272       3.0565545       0.9766662       8.1620613      0.72359622      0.10713081     0.063783718       1.0045521      0.99937838       1.0097691       1.0022307       1.0083034     0.010736742     2.12542e-09      0.95377298      0.84744224       0.2737416      0.80950565       15.831479       1022.1034       1466.4522      -23.528341       -24.365011         0.83666979       2822.7109                 21.194067                   396.857                                594.08802                      9.9643092                   15.831479                  1466.4522       179.13284        139.19098
              1        1387.958     0.022596439       69.915272       3.0565545       0.9766662       8.1620613      0.72359622      0.10713081     0.063783718       1.0045521      0.99937838       1.0097691       1.0016352       1.0092029     0.010736742     2.12542e-09      0.95377298      0.84744224       0.2737416      0.80950565       15.831479       1022.1034       1466.4522      -23.436453       -24.273123         0.83666979        2822.789                 21.194067                   396.857                                594.08802                      9.9643092                   15.831479                  1466.4522       179.13284        139.26901
              1       1387.0575     0.022596439       69.915272       3.0565545       0.9766662       8.1620613      0.72359622      0.10713081     0.063783718       1.0034294       1.0025723       1.0005562       1.0012264       1.0088189     0.010736742     2.12542e-09      0.95377298      0.84744224       0.2737416      0.80950565       15.831479       1023.5794       1466.4522       -23.90169       -24.738359         0.83666979       2821.9183                 21.303561                 396.85829                                 595.7386                      9.6789027                   15.831479                  1466.4522       177.10165        138.95364
              1       1386.2859     0.022596439       69.915272       3.0565545       0.9766662       8.1620613      0.72359622      0.10713081     0.063783718       1.0034294       1.0025723       1.0005562       1.0005724       1.0052469     0.010736742     2.12542e-09      0.95377298      0.84744224       0.2737416      0.80950565       15.831479       1023.5794       1466.4522      -24.406182       -25.242852         0.83666979       2821.3842                 21.303561                 396.85829                                 595.7386                      9.6789027                   15.831479                  1466.4522       177.10165        138.41949
              1       1385.6654     0.022596439       69.915272       3.0565545       0.9766662       8.1620613      0.72359622      0.10713081     0.063783718       1.0034294       1.0010042       1.0094688       1.0006132       1.0048867     0.010736742     2.12542e-09      0.95377298      0.84744224       0.2737416      0.80950565       15.831479       1023.5794       1466.4522      -24.751096       -25.587765         0.83666979       2820.8331                 21.303561                 396.85829                                 595.7386                      9.6789027                   15.831479                  1466.4522       176.45299        138.51703
              1        1385.368     0.022596439       69.915272       3.0565545       0.9766662       8.1620613      0.72359622      0.10713081     0.063783718        1.004503        1.001005       1.0090635      0.99989198       1.0043339     0.010736742     2.12542e-09      0.95377298      0.84744224       0.2737416      0.80950565       15.831479       1022.0791       1466.4522      -24.126975       -24.963645         0.83666979         2818.99                 21.198777                   396.857                                594.07296                      9.9503404                   15.831479                  1466.4522       176.00409        138.62314
              1       1385.9233     0.022596439       69.915272       3.0565545       0.9766662       8.1620613      0.72359622      0.10713081     0.063783718        1.004503       1.0006561       1.0097915      0.99968376       1.0041203     0.010736742     2.12542e-09      0.95377298      0.84744224       0.2737416      0.80950565       15.831479       1022.0791       1466.4522      -24.174054       -25.010724         0.83666979       2820.1948                 21.198777                   396.857                                594.07296                      9.9503404                   15.831479                  1466.4522       177.12267        138.70932
              1       1385.5145     0.022596439       69.915272       3.0565545       0.9766662       8.1620613      0.72359622      0.10713081     0.063783718       1.0037049        1.002687       1.0037906      0.99699152       1.0075354     0.010736742     2.12542e-09      0.95377298      0.84744224       0.2737416      0.80950565       15.831479        1022.822       1466.4522       -23.72237        -24.55904         0.83666979       2818.4736                 21.276327                 396.85685                                594.94642                      9.7423837                   15.831479                  1466.4522       173.77837         139.5896
              1       1385.8891     0.022596439       69.915272       3.0565545       0.9766662       8.1620613      0.72359622      0.10713081     0.063783718       1.0037049        1.002687       1.0037906      0.99887582       1.0002379     0.010736742     2.12542e-09      0.95377298      0.84744224       0.2737416      0.80950565       15.831479        1022.822       1466.4522      -24.452137       -25.288807         0.83666979       2820.6825                 21.276327                 396.85685                                594.94642                      9.7423837                   15.831479                  1466.4522       173.77837        141.79848
              1       1385.8346     0.022596439       69.915272       3.0565545       0.9766662       8.1620613      0.72359622      0.10713081     0.063783718       1.0037049       1.0026688       1.0040103      0.99887991       1.0002448     0.010736742     2.12542e-09      0.95377298      0.84744224       0.2737416      0.80950565       15.831479        1022.822       1466.4522       -24.45775        -25.29442         0.83666979       2820.5847                 21.276327                 396.85685                                594.94642                      9.7423837                   15.831479                  1466.4522        173.6891        141.78992
              1       1386.0256     0.022596439       69.915272       3.0565545       0.9766662       8.1620613      0.72359622      0.10713081     0.063783718       1.0034137       1.0026686       1.0041203      0.99890775       1.0002871     0.010736742     2.12542e-09      0.95377298      0.84744224       0.2737416      0.80950565       15.831479       1023.6302       1466.4522      -24.624952       -25.461622         0.83666979       2821.3012                  21.30512                 396.85829                                595.79134                      9.6754149                   15.831479                  1466.4522       173.65041        141.73694
              1       1386.7022     0.022596439       69.915272       3.0565545       0.9766662       8.1620613      0.72359622      0.10713081     0.063783718       1.0034137       1.0038691       1.0038179       0.9988737       1.0005711     0.010736742     2.12542e-09      0.95377298      0.84744224       0.2737416      0.80950565       15.831479       1023.6302       1466.4522      -24.184719       -25.021389         0.83666979       2821.7739                  21.30512                 396.85829                                595.79134                      9.6754149                   15.831479                  1466.4522       174.42949        141.43059
              1       1388.1444     0.022596439       69.915272       3.0565545       0.9766662       8.1620613      0.72359622      0.10713081     0.063783718       1.0034137       1.0046396       1.0039183       1.0033807       1.0018916     0.010736742     2.12542e-09      0.95377298      0.84744224       0.2737416      0.80950565       15.831479       1023.6302       1466.4522      -23.537749       -24.374419         0.83666979       2823.3643                  21.30512                 396.85829                                595.79134                      9.6754149                   15.831479                  1466.4522       175.58116        141.86929
              1       1387.4193     0.022596439       69.915272       3.0565545       0.9766662       8.1620613      0.72359622      0.10713081     0.063783718        1.003756       1.0046399        1.003789       1.0009821       1.0101067     0.010736742     2.12542e-09      0.95377298      0.84744224       0.2737416      0.80950565       15.831479         1022.71       1466.4522      -22.668332       -23.505002         0.83666979       2820.1753                 21.271298                 396.85685                                594.82717                      9.7546345                   15.831479                  1466.4522       175.59117         139.5905
              1       1387.0262     0.022596439       69.915272       3.0565545       0.9766662       8.1620613      0.72359622      0.10713081     0.063783718        1.003756       1.0046399        1.003789      0.99743436       1.0024601     0.010736742     2.12542e-09      0.95377298      0.84744224       0.2737416      0.80950565       15.831479         1022.71       1466.4522      -23.438073       -24.274743         0.83666979       2820.9285                 21.271298                 396.85685                                594.82717                      9.7546345                   15.831479                  1466.4522       175.59117        140.34367
              1       1390.1242     0.022596439       69.915272       3.0565545       0.9766662       8.1620613      0.72359622      0.10713081     0.063783718        1.003756       1.0016288       1.0015417      0.99424442      0.99950895     0.010736742     2.12542e-09      0.95377298      0.84744224       0.2737416      0.80950565       15.831479         1022.71       1466.4522      -23.883339       -24.720009         0.83666979        2828.015                 21.271298                 396.85685                                594.82717                      9.7546345                   15.831479                  1466.4522       176.64935        146.37202
              1       1387.0927     0.022596439       69.915272       3.0565545       0.9766662       8.1620613      0.72359622      0.10713081     0.063783718        1.003756       1.0016288       1.0015417      0.99840241       1.0003168     0.010736742     2.12542e-09      0.95377298      0.84744224       0.2737416      0.80950565       15.831479         1022.71       1466.4522      -24.642962       -25.479632         0.83666979       2823.4714                 21.271298                 396.85685                                594.82717                      9.7546345                   15.831479                  1466.4522       176.64935        141.82838
              1       1386.3349     0.022596439       69.915272       3.0565545       0.9766662       8.1620613      0.72359622      0.10713081     0.063783718        1.003756       1.0016288       1.0015417       1.0010515         1.00883     0.010736742     2.12542e-09      0.95377298      0.84744224       0.2737416      0.80950565       15.831479         1022.71       1466.4522      -23.942191        -24.77886         0.83666979       2820.5541                 21.271298                 396.85685                                594.82717                      9.7546345                   15.831479                  1466.4522       176.64935        138.91113
              1       1387.2593     0.022596439       69.915272       3.0565545       0.9766662       8.1620613      0.72359622      0.10713081     0.063783718        1.003756      0.99896115       1.0066894       1.0012015       1.0084312     0.010736742     2.12542e-09      0.95377298      0.84744224       0.2737416      0.80950565       15.831479         1022.71       1466.4522      -24.086366       -24.923036         0.83666979       2822.6913                 21.271298                 396.85685                                594.82717                      9.7546345                   15.831479                  1466.4522       178.90274        138.79494
              1       1387.5304     0.022596439       69.915272       3.0565545       0.9766662       8.1620613      0.72359622      0.10713081     0.063783718        1.003756      0.99896115       1.0066894       1.0022009       1.0083577     0.010736742     2.12542e-09      0.95377298      0.84744224       0.2737416      0.80950565       15.831479         1022.71       1466.4522       -24.01371       -24.850379         0.83666979       2823.0883                 21.271298                 396.85685                                594.82717                      9.7546345                   15.831479                  1466.4522       178.90274        139.19189
              1       1386.8177     0.022596439       69.915272       3.0565545       0.9766662       8.1620613      0.72359622      0.10713081     0.063783718        1.003756       1.0037207       1.0074064       0.9965768       1.0068057     0.010736742     2.12542e-09      0.95377298      0.84744224       0.2737416      0.80950565       15.831479         1022.71       1466.4522       -23.35669        -24.19336         0.83666979       2820.3489                 21.271298                 396.85685                                594.82717                      9.7546345                   15.831479                  1466.4522       175.55373        139.80148
              1       1386.1667     0.022596439       69.915272       3.0565545       0.9766662       8.1620613      0.72359622      0.10713081     0.063783718        1.003756       1.0037207       1.0074064       1.0017179       1.0075246     0.010736742     2.12542e-09      0.95377298      0.84744224       0.2737416      0.80950565       15.831479         1022.71       1466.4522      -23.476666       -24.313336         0.83666979       2819.2868                 21.271298                 396.85685                                594.82717                      9.7546345                   15.831479                  1466.4522       175.55373         138.7394
              3       1384.7499     0.022596439       69.915272       3.0565545       0.9766662       8.1620613      0.72359622      0.10713081     0.063783718       1.0037695       1.0020309       1.0036657       1.0016954       1.0069068     0.010736742     2.12542e-09      0.95377298      0.84744224       0.2737416      0.80950565       15.831479       1022.6818       1466.4522       -24.09474        -24.93141         0.83666979       2817.6892                 21.269971                 396.85685                                 594.7971                      9.7578967                   15.831479                  1466.4522       174.07324        138.65045
              1       1384.5487     0.022596439       69.915272       3.0565545       0.9766662       8.1620613      0.72359622      0.10713081     0.063783718       1.0037695       1.0020766       1.0059764       1.0017327       1.0070382     0.010736742     2.12542e-09      0.95377298      0.84744224       0.2737416      0.80950565       15.831479       1022.6818       1466.4522      -24.063821       -24.900491         0.83666979        2817.225                 21.269971                 396.85685                                 594.7971                      9.7578967                   15.831479                  1466.4522       173.58136        138.67812
              1       1384.2287     0.022596439       69.915272       3.0565545       0.9766662       8.1620613      0.72359622      0.10713081     0.063783718       1.0037695       1.0022426       1.0042683       1.0005517       1.0051738     0.010736742     2.12542e-09      0.95377298      0.84744224       0.2737416      0.80950565       15.831479       1022.6818       1466.4522      -24.306277       -25.142947         0.83666979         2817.07                 21.269971                 396.85685                                 594.7971                      9.7578967                   15.831479                  1466.4522        173.6723        138.43213
              1       1385.1704     0.022596439       69.915272       3.0565545       0.9766662       8.1620613      0.72359622      0.10713081     0.063783718       1.0029517       1.0022421       1.0045771       1.0006299       1.0052925     0.010736742     2.12542e-09      0.95377298      0.84744224       0.2737416      0.80950565       15.831479       1025.5227       1466.4522       -24.73212       -25.568789         0.83666979        2819.805                 21.351355                  396.8804                                597.71195                      9.5789714                   15.831479                  1466.4522       173.57808        138.42052
              1       1384.4574     0.022596439       69.915272       3.0565545       0.9766662       8.1620613      0.72359622      0.10713081     0.063783718        1.003899       1.0020861       1.0032895       1.0005277       1.0050676     0.010736742     2.12542e-09      0.95377298      0.84744224       0.2737416      0.80950565       15.831479       1022.4435       1466.4522      -24.275413       -25.112083         0.83666979       2817.4656                 21.257277                 396.85685                                594.53971                        9.78968                   15.831479                  1466.4522       174.28505        138.45334
              1        1386.071     0.022596439       69.915272       3.0565545       0.9766662       8.1620613      0.72359622      0.10713081     0.063783718        1.003899       1.0018792       1.0017032       1.0028679       1.0050118     0.010736742     2.12542e-09      0.95377298      0.84744224       0.2737416      0.80950565       15.831479       1022.4435       1466.4522      -24.129225       -24.965895         0.83666979       2820.4005                 21.257277                 396.85685                                594.53971                        9.78968                   15.831479                  1466.4522       176.09619        139.57712
              1       1384.1615     0.022596439       69.915272       3.0565545       0.9766662       8.1620613      0.72359622      0.10713081     0.063783718        1.003899       1.0017998       1.0062329        1.000859       1.0054986     0.010736742     2.12542e-09      0.95377298      0.84744224       0.2737416      0.80950565       15.831479       1022.4435       1466.4522      -24.282754       -25.119424         0.83666979       2816.8886                 21.257277                 396.85685                                594.53971                        9.78968                   15.831479                  1466.4522       173.72955        138.43182
              1       1385.0729     0.022596439       69.915272       3.0565545       0.9766662       8.1620613      0.72359622      0.10713081     0.063783718        1.003899       1.0017998       1.0062329       1.0021284       1.0086024     0.010736742     2.12542e-09      0.95377298      0.84744224       0.2737416      0.80950565       15.831479       1022.4435       1466.4522      -23.774657       -24.611327         0.83666979        2817.695                 21.257277                 396.85685                                594.53971                        9.78968                   15.831479                  1466.4522       173.72955        139.23825
              1       1384.9136     0.022596439       69.915272       3.0565545       0.9766662       8.1620613      0.72359622      0.10713081     0.063783718        1.003899       1.0017998       1.0062329       1.0019905       1.0082712     0.010736742     2.12542e-09      0.95377298      0.84744224       0.2737416      0.80950565       15.831479       1022.4435       1466.4522      -23.841615       -24.678285         0.83666979       2817.5103                 21.257277                 396.85685                                594.53971                        9.78968                   15.831479                  1466.4522       173.72955        139.05357
              1       1390.1779     0.022596439       69.915272       3.0565545       0.9766662       8.1620613      0.72359622      0.10713081     0.063783718       1.0045886       1.0015465       1.0115283       1.0025079       1.0119856     0.010736742     2.12542e-09      0.95377298      0.84744224       0.2737416      0.80950565       15.831479       1022.1267       1466.4522      -22.650905       -23.487575         0.83666979       2825.6577                 21.190575                   396.857                                594.10436                        9.97477                   15.831479                  1466.4522       179.53154        141.71571
              1       1387.1582     0.022596439       69.915272       3.0565545       0.9766662       8.1620613      0.72359622      0.10713081     0.063783718       1.0031881       1.0032044       1.0088416      0.99895537       1.0018252     0.010736742     2.12542e-09      0.95377298      0.84744224       0.2737416      0.80950565       15.831479       1024.4617       1466.4522      -24.541038       -25.377707         0.83666979       2823.3986                 21.327609                 396.86721                                596.64003                      9.6268207                   15.831479                  1466.4522       176.43364        140.21956
              1       1385.4579     0.022596439       69.915272       3.0565545       0.9766662       8.1620613      0.72359622      0.10713081     0.063783718       1.0044562        1.002768       1.0054179       1.0004907       1.0010708     0.010736742     2.12542e-09      0.95377298      0.84744224       0.2737416      0.80950565       15.831479       1022.0635       1466.4522      -23.952111       -24.788781         0.83666979       2818.8201                 21.203266                   396.857                                594.06603                      9.9371689                   15.831479                  1466.4522       173.53528        140.93767
              1       1386.0465      0.02259853       69.922245       3.0564731      0.97641874       8.1507577      0.72370878      0.10679302     0.064165973       1.0044799       1.0028022       1.0055128       1.0012583       1.0100259     0.010196392   2.1252469e-09      0.95377792      0.84711933      0.27363941      0.80904614       15.901841       1022.1388       1466.4182      -22.942487       -23.787873         0.84538616        2817.978                 21.241733                 396.83611                                594.15528                      9.9057005                   15.901841                  1466.4182        174.0412        139.47789
              1       1385.5227      0.02259853       69.922245       3.0564731      0.97641874       8.1507577      0.72370878      0.10679302     0.064165973       1.0044799       1.0034609       1.0055808      0.99966587       1.0077586     0.010196392   2.1252469e-09      0.95377792      0.84711933      0.27363941      0.80904614       15.901841       1022.1388       1466.4182      -23.131232       -23.976618         0.84538616       2817.3078                 21.241733                 396.83611                                594.15528                      9.9057005                   15.901841                  1466.4182       174.52023        138.32872
              1       1385.8831      0.02259853       69.922245       3.0564731      0.97641874       8.1507577      0.72370878      0.10679302     0.064165973       1.0044799       1.0038931       1.0044046      0.99963588       1.0078055     0.010196392   2.1252469e-09      0.95377792      0.84711933      0.27363941      0.80904614       15.901841       1022.1388       1466.4182      -22.947263       -23.792649         0.84538616       2817.6607                 21.241733                 396.83611                                594.15528                      9.9057005                   15.901841                  1466.4182       174.85802        138.34383
              1       1385.5844      0.02259853       69.922245       3.0564731      0.97641874       8.1507577      0.72370878      0.10679302     0.064165973       1.0044799       1.0036341       1.0027781      0.99942805        1.005151     0.010196392   2.1252469e-09      0.95377792      0.84711933      0.27363941      0.80904614       15.901841       1022.1388       1466.4182      -23.376068       -24.221454         0.84538616       2817.9209                 21.241733                 396.83611                                594.15528                      9.9057005                   15.901841                  1466.4182        175.1469        138.31514
              1       1385.4157      0.02259853       69.922245       3.0564731      0.97641874       8.1507577      0.72370878      0.10679302     0.064165973       1.0044799       1.0017766       1.0077799       1.0012216       1.0028967     0.010196392   2.1252469e-09      0.95377792      0.84711933      0.27363941      0.80904614       15.901841       1022.1388       1466.4182      -24.077163       -24.922549         0.84538616       2818.9858                 21.241733                 396.83611                                594.15528                      9.9057005                   15.901841                  1466.4182       174.96648        139.56049
              1       1386.9568      0.02259853       69.922245       3.0564731      0.97641874       8.1507577      0.72370878      0.10679302     0.064165973        1.004197       1.0023972       1.0004538       1.0011101       1.0027069     0.010196392   2.1252469e-09      0.95377792      0.84711933      0.27363941      0.80904614       15.901841       1022.2713       1466.4182       -24.14615       -24.991536         0.84538616       2822.2058                 21.269401                 396.83611                                594.33692                      9.8288521                   15.901841                  1466.4182       177.96426        139.65025
              1       1387.8591      0.02259853       69.922245       3.0564731      0.97641874       8.1507577      0.72370878      0.10679302     0.064165973       1.0043397       1.0020579      0.99969274       1.0010929       1.0025648     0.010196392   2.1252469e-09      0.95377792      0.84711933      0.27363941      0.80904614       15.901841       1022.1708       1466.4182      -24.140691       -24.986077         0.84538616       2823.9997                 21.255413                 396.83611                                594.21221                      9.8670569                   15.901841                  1466.4182       179.76219        139.74664
              1       1387.8317      0.02259853       69.922245       3.0564731      0.97641874       8.1507577      0.72370878      0.10679302     0.064165973       1.0037537       1.0032079       1.0103988       1.0012954       1.0034814     0.010196392   2.1252469e-09      0.95377792      0.84711933      0.27363941      0.80904614       15.901841       1023.0217       1466.4182      -24.119296       -24.964682         0.84538616        2823.902                  21.31327                 396.83611                                595.15483                      9.7174434                   15.901841                  1466.4182       179.33307        139.22728
              1       1387.6114      0.02259853       69.922245       3.0564731      0.97641874       8.1507577      0.72370878      0.10679302     0.064165973       1.0040659       1.0032203       1.0103039       1.0014629       1.0039585     0.010196392   2.1252469e-09      0.95377792      0.84711933      0.27363941      0.80904614       15.901841       1022.4241       1466.4182      -23.874498       -24.719884         0.84538616       2822.9718                 21.282307                 396.83611                                594.51088                      9.7947631                   15.901841                  1466.4182       179.17996        139.04774
              1       1385.7059      0.02259853       69.922245       3.0564731      0.97641874       8.1507577      0.72370878      0.10679302     0.064165973       1.0040659       1.0014304       1.0088328        1.002029       1.0042399     0.010196392   2.1252469e-09      0.95377792      0.84711933      0.27363941      0.80904614       15.901841       1022.4241       1466.4182      -24.266102       -25.111488         0.84538616        2819.944                 21.282307                 396.83611                                594.51088                      9.7947631                   15.901841                  1466.4182       175.99696        139.20291
              1       1386.4869      0.02259853       69.922245       3.0564731      0.97641874       8.1507577      0.72370878      0.10679302     0.064165973       1.0040659       1.0014304       1.0088328        1.000431       1.0006614     0.010196392   2.1252469e-09      0.95377792      0.84711933      0.27363941      0.80904614       15.901841       1022.4241       1466.4182      -24.529527       -25.374913         0.84538616       2822.0329                 21.282307                 396.83611                                594.51088                      9.7947631                   15.901841                  1466.4182       175.99696        141.29184
              1        1386.277      0.02259853       69.922245       3.0564731      0.97641874       8.1507577      0.72370878      0.10679302     0.064165973       1.0040659       1.0013686        1.008501       1.0002252       1.0099969     0.010196392   2.1252469e-09      0.95377792      0.84711933      0.27363941      0.80904614       15.901841       1022.4241       1466.4182      -23.601203       -24.446589         0.84538616       2819.7565                 21.282307                 396.83611                                594.51088                      9.7947631                   15.901841                  1466.4182       175.70464        139.30772
              1       1385.9754      0.02259853       69.922245       3.0564731      0.97641874       8.1507577      0.72370878      0.10679302     0.064165973       1.0042359       1.0033626       1.0018825       1.0009794       1.0033045     0.010196392   2.1252469e-09      0.95377792      0.84711933      0.27363941      0.80904614       15.901841       1022.2371       1466.4182      -23.783816       -24.629202         0.84538616       2819.5185                 21.265587                 396.83611                                 594.2963                      9.8391385                   15.901841                  1466.4182       175.74358        139.21773
              1       1387.2986      0.02259853       69.922245       3.0564731      0.97641874       8.1507577      0.72370878      0.10679302     0.064165973       1.0042359       1.0021733       1.0103165       1.0030219        1.006124     0.010196392   2.1252469e-09      0.95377792      0.84711933      0.27363941      0.80904614       15.901841       1022.2371       1466.4182      -23.695411       -24.540798         0.84538616        2821.988                 21.265587                 396.83611                                 594.2963                      9.8391385                   15.901841                  1466.4182       178.05043        139.38037
              1       1386.6122      0.02259853       69.922245       3.0564731      0.97641874       8.1507577      0.72370878      0.10679302     0.064165973       1.0039761       1.0036586        1.002037       1.0026733       1.0074255     0.010196392   2.1252469e-09      0.95377792      0.84711933      0.27363941      0.80904614       15.901841       1022.5622       1466.4182      -23.267234        -24.11262         0.84538616       2819.7589                 21.291179                 396.83611                                594.66291                      9.7719675                   15.901841                  1466.4182       175.72592        139.15077
              1       1385.6607      0.02259853       69.922245       3.0564731      0.97641874       8.1507577      0.72370878      0.10679302     0.064165973       1.0039761       1.0020518       1.0031769       1.0027311       1.0070835     0.010196392   2.1252469e-09      0.95377792      0.84711933      0.27363941      0.80904614       15.901841       1022.5622       1466.4182      -23.816179       -24.661565         0.84538616       2818.9538                 21.291179                 396.83611                                594.66291                      9.7719675                   15.901841                  1466.4182       174.91887        139.15268
              1       1392.0665      0.02259853       69.922245       3.0564731      0.97641874       8.1507577      0.72370878      0.10679302     0.064165973       1.0048776      0.99947355        1.013554       1.0021215       1.0100603     0.010196392   2.1252469e-09      0.95377792      0.84711933      0.27363941      0.80904614       15.901841       1022.4039       1466.4182      -22.986726       -23.832112         0.84538616       2830.1065                 21.203264                 396.83269                                594.34669                      10.021278                   15.901841                  1466.4182       185.54407        139.83849
              1       1388.8127      0.02259853       69.922245       3.0564731      0.97641874       8.1507577      0.72370878      0.10679302     0.064165973       1.0056751       1.0012975       1.0032104       1.0018343       1.0098784     0.010196392   2.1252469e-09      0.95377792      0.84711933      0.27363941      0.80904614       15.901841       1024.5586       1466.4182      -22.297793       -23.143179         0.84538616       2822.2211                 21.127567                 396.85433                                596.29714                      10.279571                   15.901841                  1466.4182       175.74971        139.59268
              1       1388.8413      0.02259853       69.922245       3.0564731      0.97641874       8.1507577      0.72370878      0.10679302     0.064165973       1.0056751       1.0012975       1.0032104       1.0033253       1.0028684     0.010196392   2.1252469e-09      0.95377792      0.84711933      0.27363941      0.80904614       15.901841       1024.5586       1466.4182      -22.952299       -23.797685         0.84538616       2823.5872                 21.127567                 396.85433                                596.29714                      10.279571                   15.901841                  1466.4182       175.74971        140.95886
              1       1388.7167      0.02259853       69.922245       3.0564731      0.97641874       8.1507577      0.72370878      0.10679302     0.064165973       1.0056118       1.0012974       1.0032343      0.99666094       1.0019884     0.010196392   2.1252469e-09      0.95377792      0.84711933      0.27363941      0.80904614       15.901841       1024.3117       1466.4182      -23.047628       -23.893014         0.84538616       2823.5287                 21.133507                 396.85417                                596.06622                      10.257783                   15.901841                  1466.4182       175.72818        141.16881
              1       1388.7013      0.02259853       69.922245       3.0564731      0.97641874       8.1507577      0.72370878      0.10679302     0.064165973       1.0056118       1.0012974       1.0032343       1.0026831       1.0017159     0.010196392   2.1252469e-09      0.95377792      0.84711933      0.27363941      0.80904614       15.901841       1024.3117       1466.4182      -23.155153       -24.000539         0.84538616       2823.7128                 21.133507                 396.85417                                596.06622                      10.257783                   15.901841                  1466.4182       175.72818        141.35294
              1       1385.7696      0.02259853       69.922245       3.0564731      0.97641874       8.1507577      0.72370878      0.10679302     0.064165973       1.0039497       1.0012962       1.0038619       1.0030504        1.006519     0.010196392   2.1252469e-09      0.95377792      0.84711933      0.27363941      0.80904614       15.901841        1022.608       1466.4182      -24.000317       -24.845703         0.84538616       2819.5399                 21.293796                 396.83611                                594.71276                       9.765344                   15.901841                  1466.4182       175.23386        139.37794
              1       1384.9427      0.02259853       69.922245       3.0564731      0.97641874       8.1507577      0.72370878      0.10679302     0.064165973       1.0039497       1.0012962       1.0038619      0.99913969        1.004352     0.010196392   2.1252469e-09      0.95377792      0.84711933      0.27363941      0.80904614       15.901841        1022.608       1466.4182      -24.435595       -25.280981         0.84538616       2818.7566                 21.293796                 396.83611                                594.71276                       9.765344                   15.901841                  1466.4182       175.23386        138.59465
              1       1384.9446      0.02259853       69.922245       3.0564731      0.97641874       8.1507577      0.72370878      0.10679302     0.064165973       1.0039497       1.0011804       1.0078501      0.99920876       1.0045302     0.010196392   2.1252469e-09      0.95377792      0.84711933      0.27363941      0.80904614       15.901841        1022.608       1466.4182      -24.439394       -25.284781         0.84538616        2818.768                 21.293796                 396.83611                                594.71276                       9.765344                   15.901841                  1466.4182       175.32002        138.51996
              1       1384.8801      0.02259853       69.922245       3.0564731      0.97641874       8.1507577      0.72370878      0.10679302     0.064165973       1.0039497       1.0007724       1.0058496      0.99918538       1.0043244     0.010196392   2.1252469e-09      0.95377792      0.84711933      0.27363941      0.80904614       15.901841        1022.608       1466.4182      -24.499955       -25.345342         0.84538616       2818.7602                 21.293796                 396.83611                                594.71276                       9.765344                   15.901841                  1466.4182       175.23546        138.59669
              1       1384.8561      0.02259853       69.922245       3.0564731      0.97641874       8.1507577      0.72370878      0.10679302     0.064165973       1.0039497       1.0013274       1.0062534      0.99815117        1.006256     0.010196392   2.1252469e-09      0.95377792      0.84711933      0.27363941      0.80904614       15.901841        1022.608       1466.4182      -24.173552       -25.018938         0.84538616       2818.0593                 21.293796                 396.83611                                594.71276                       9.765344                   15.901841                  1466.4182       174.55623        138.57501
              1       1385.6505      0.02259853       69.922245       3.0564731      0.97641874       8.1507577      0.72370878      0.10679302     0.064165973       1.0039497       1.0020506       1.0087044      0.99817442       1.0065638     0.010196392   2.1252469e-09      0.95377792      0.84711933      0.27363941      0.80904614       15.901841        1022.608       1466.4182      -24.002637       -24.848023         0.84538616       2819.3063                 21.293796                 396.83611                                594.71276                       9.765344                   15.901841                  1466.4182       175.80525          138.573
              1       1387.5907      0.02259853       69.922245       3.0564731      0.97641874       8.1507577      0.72370878      0.10679302     0.064165973       1.0039497       1.0020506       1.0087044      0.99489556       1.0054884     0.010196392   2.1252469e-09      0.95377792      0.84711933      0.27363941      0.80904614       15.901841        1022.608       1466.4182      -23.561698       -24.407084         0.84538616       2822.3047                 21.293796                 396.83611                                594.71276                       9.765344                   15.901841                  1466.4182       175.80525        141.57144
              1       1387.0058      0.02259853       69.922245       3.0564731      0.97641874       8.1507577      0.72370878      0.10679302     0.064165973       1.0039497       1.0019028       1.0038439      0.99481837       1.0051992     0.010196392   2.1252469e-09      0.95377792      0.84711933      0.27363941      0.80904614       15.901841        1022.608       1466.4182      -23.603708       -24.449094         0.84538616       2821.2189                 21.293796                 396.83611                                594.71276                       9.765344                   15.901841                  1466.4182       174.58192        141.70897
              1       1384.6776      0.02259853       69.922245       3.0564731      0.97641874       8.1507577      0.72370878      0.10679302     0.064165973       1.0039497       1.0019028       1.0038439      0.99916676       1.0054664     0.010196392   2.1252469e-09      0.95377792      0.84711933      0.27363941      0.80904614       15.901841        1022.608       1466.4182      -24.225426       -25.070812         0.84538616       2817.8061                 21.293796                 396.83611                                594.71276                       9.765344                   15.901841                  1466.4182       174.58192        138.29611
              1       1387.1023      0.02259853       69.922245       3.0564731      0.97641874       8.1507577      0.72370878      0.10679302     0.064165973       1.0039497       1.0019028       1.0038439       1.0029271       1.0110405     0.010196392   2.1252469e-09      0.95377792      0.84711933      0.27363941      0.80904614       15.901841        1022.608       1466.4182      -23.159707       -24.005093         0.84538616       2820.5239                 21.293796                 396.83611                                594.71276                       9.765344                   15.901841                  1466.4182       174.58192        141.01396
              1       1385.8386      0.02259853       69.922245       3.0564731      0.97641874       8.1507577      0.72370878      0.10679302     0.064165973       1.0046533        1.001992       1.0031137       1.0001983       1.0018077     0.010196392   2.1252469e-09      0.95377792      0.84711933      0.27363941      0.80904614       15.901841       1022.1872       1466.4182      -23.989925       -24.835311         0.84538616        2819.657                 21.224905                 396.83269                                594.17461                      9.9549941                   15.901841                  1466.4182       175.01749        140.13229
              2        1386.287      0.02259853       69.922245       3.0564731      0.97641874       8.1507577      0.72370878      0.10679302     0.064165973       1.0046533       1.0009928       1.0049569       1.0031239       1.0080911     0.010196392   2.1252469e-09      0.95377792      0.84711933      0.27363941      0.80904614       15.901841       1022.1872       1466.4182      -23.326147       -24.171533         0.84538616       2819.2262                 21.224905                 396.83269                                594.17461                      9.9549941                   15.901841                  1466.4182       175.10158         139.6174
              1       1387.4452      0.02259853       69.922245       3.0564731      0.97641874       8.1507577      0.72370878      0.10679302     0.064165973       1.0046533      0.99962887       1.0056201       1.0023634       1.0021307     0.010196392   2.1252469e-09      0.95377792      0.84711933      0.27363941      0.80904614       15.901841       1022.1872       1466.4182      -24.053129       -24.898516         0.84538616       2822.9966                 21.224905                 396.83269                                594.17461                      9.9549941                   15.901841                  1466.4182       177.73619        140.75313
              1       1385.9481      0.02259853       69.922245       3.0564731      0.97641874       8.1507577      0.72370878      0.10679302     0.064165973       1.0046533       1.0017794        1.003681       1.0022792       1.0025669     0.010196392   2.1252469e-09      0.95377792      0.84711933      0.27363941      0.80904614       15.901841       1022.1872       1466.4182      -23.875191       -24.720577         0.84538616       2819.6467                 21.224905                 396.83269                                594.17461                      9.9549941                   15.901841                  1466.4182       174.79015        140.34926
              1       1385.2475      0.02259853       69.922245       3.0564731      0.97641874       8.1507577      0.72370878      0.10679302     0.064165973       1.0046533        1.001117       1.0044774      0.99870609       1.0040551     0.010196392   2.1252469e-09      0.95377792      0.84711933      0.27363941      0.80904614       15.901841       1022.1872       1466.4182      -23.975856       -24.821242         0.84538616       2818.4467                 21.224905                 396.83269                                594.17461                      9.9549941                   15.901841                  1466.4182       175.12473        138.81468
              1       1384.9163      0.02259853       69.922245       3.0564731      0.97641874       8.1507577      0.72370878      0.10679302     0.064165973       1.0040778       1.0007192       1.0062081       1.0005107       1.0040744     0.010196392   2.1252469e-09      0.95377792      0.84711933      0.27363941      0.80904614       15.901841       1022.4079       1466.4182      -24.451989       -25.297375         0.84538616       2818.7365                 21.281142                 396.83611                                594.49287                      9.7977955                   15.901841                  1466.4182        175.3045        138.70409
              1       1386.1373      0.02259853       69.922245       3.0564731      0.97641874       8.1507577      0.72370878      0.10679302     0.064165973       1.0040778       1.0044797       1.0038869       1.0003812       1.0048928     0.010196392   2.1252469e-09      0.95377792      0.84711933      0.27363941      0.80904614       15.901841       1022.4079       1466.4182      -23.299319       -24.144706         0.84538616       2818.8732                 21.281142                 396.83611                                594.49287                      9.7977955                   15.901841                  1466.4182       175.75859        138.38669
              1       1391.2796      0.02259853       69.922245       3.0564731      0.97641874       8.1507577      0.72370878      0.10679302     0.064165973       1.0045869      0.99769141       1.0046408      0.99737019       1.0067917     0.010196392   2.1252469e-09      0.95377792      0.84711933      0.27363941      0.80904614       15.901841        1022.159       1466.4182      -23.387329       -24.232715         0.84538616       2829.3338                 21.231337                 396.83626                                 594.1555                      9.9359243                   15.901841                  1466.4182       185.79144        139.06334
              1       1391.3673      0.02259853       69.922245       3.0564731      0.97641874       8.1507577      0.72370878      0.10679302     0.064165973       1.0046611      0.99769147       1.0046128       0.9973631       1.0067809     0.010196392   2.1252469e-09      0.95377792      0.84711933      0.27363941      0.80904614       15.901841       1022.1919       1466.4182       -23.33289       -24.178277         0.84538616       2829.4003                 21.224144                 396.83269                                594.17784                      9.9572683                   15.901841                  1466.4182       185.82126        139.06709
              1       1392.6808      0.02259853       69.922245       3.0564731      0.97641874       8.1507577      0.72370878      0.10679302     0.064165973       1.0026221      0.99768999       1.0053826      0.99755801        1.007077     0.010196392   2.1252469e-09      0.95377792      0.84711933      0.27363941      0.80904614       15.901841       1027.9762       1466.4182      -24.506281       -25.351667         0.84538616       2834.3741                 21.428012                  396.8546                                 600.2103                      9.4832947                   15.901841                  1466.4182       185.10187          138.976
              1       1390.4042      0.02259853       69.922245       3.0564731      0.97641874       8.1507577      0.72370878      0.10679302     0.064165973       1.0026221      0.99987471       1.0016951      0.99705283       1.0051526     0.010196392   2.1252469e-09      0.95377792      0.84711933      0.27363941      0.80904614       15.901841       1027.9762       1466.4182      -24.956984        -25.80237         0.84538616       2830.7224                 21.428012                  396.8546                                 600.2103                      9.4832947                   15.901841                  1466.4182       181.07391        139.35225
              1       1388.3299      0.02259853       69.922245       3.0564731      0.97641874       8.1507577      0.72370878      0.10679302     0.064165973       1.0035284      0.99987537       1.0013529      0.99963808       1.0041748     0.010196392   2.1252469e-09      0.95377792      0.84711933      0.27363941      0.80904614       15.901841       1023.6785       1466.4182      -24.809526       -25.654912         0.84538616       2826.2788                 21.335798                 396.85704                                 595.8206                      9.6650656                   15.901841                  1466.4182       181.67548        138.60478
              1       1387.6155      0.02259853       69.922245       3.0564731      0.97641874       8.1507577      0.72370878      0.10679302     0.064165973       1.0035284       1.0016465      0.99990123      0.99967055       1.0043886     0.010196392   2.1252469e-09      0.95377792      0.84711933      0.27363941      0.80904614       15.901841       1023.6785       1466.4182      -24.643015       -25.488401         0.84538616        2824.517                 21.335798                 396.85704                                 595.8206                      9.6650656                   15.901841                  1466.4182       179.99821        138.52023
              1       1386.5473      0.02259853       69.922245       3.0564731      0.97641874       8.1507577      0.72370878      0.10679302     0.064165973        1.004923       1.0031915       1.0012826      0.99953161       1.0046706     0.010196392   2.1252469e-09      0.95377792      0.84711933      0.27363941      0.80904614       15.901841       1022.4684       1466.4182      -23.257892       -24.103279         0.84538616       2819.6104                 21.198899                 396.83269                                594.40174                      10.035048                   15.901841                  1466.4182       176.38873         138.4332
              1       1386.0032      0.02259853       69.922245       3.0564731      0.97641874       8.1507577      0.72370878      0.10679302     0.064165973       1.0041069        1.003855       1.0033701       1.0018026        1.007487     0.010196392   2.1252469e-09      0.95377792      0.84711933      0.27363941      0.80904614       15.901841         1022.37       1466.4182      -23.188625       -24.034011         0.84538616       2818.3836                 21.278264                 396.83611                                594.45034                      9.8053235                   15.901841                  1466.4182       175.03325        138.66025
              1       1385.5836      0.02259853       69.922245       3.0564731      0.97641874       8.1507577      0.72370878      0.10679302     0.064165973       1.0041069        1.003855       1.0033701       1.0010871       1.0050454     0.010196392   2.1252469e-09      0.95377792      0.84711933      0.27363941      0.80904614       15.901841         1022.37       1466.4182      -23.529383       -24.374769         0.84538616       2818.2259                 21.278264                 396.83611                                594.45034                      9.8053235                   15.901841                  1466.4182       175.03325        138.50259
              1       1385.5829      0.02259853       69.922245       3.0564731      0.97641874       8.1507577      0.72370878      0.10679302     0.064165973       1.0041069       1.0038924       1.0035765       1.0010896       1.0050654     0.010196392   2.1252469e-09      0.95377792      0.84711933      0.27363941      0.80904614       15.901841         1022.37       1466.4182      -23.511221       -24.356607         0.84538616       2818.1882                 21.278264                 396.83611                                594.45034                      9.8053235                   15.901841                  1466.4182       175.00003        138.49805
              1       1384.7827      0.02259853       69.922245       3.0564731      0.97641874       8.1507577      0.72370878      0.10679302     0.064165973       1.0041069       1.0012765       1.0043449      0.99924609        1.004301     0.010196392   2.1252469e-09      0.95377792      0.84711933      0.27363941      0.80904614       15.901841         1022.37       1466.4182      -24.345509       -25.190895         0.84538616       2818.2563                 21.278264                 396.83611                                594.45034                      9.8053235                   15.901841                  1466.4182       174.97073        138.59554
              2       1385.0557      0.02259853       69.922245       3.0564731      0.97641874       8.1507577      0.72370878      0.10679302     0.064165973       1.0034878        1.001276       1.0045786      0.99930527       1.0043909     0.010196392   2.1252469e-09      0.95377792      0.84711933      0.27363941      0.80904614       15.901841       1023.8114       1466.4182      -24.716473       -25.561859         0.84538616       2819.5444                 21.339874                 396.85704                                595.95851                      9.6559322                   15.901841                  1466.4182        174.8595        138.55347
              1       1384.8621      0.02259853       69.922245       3.0564731      0.97641874       8.1507577      0.72370878      0.10679302     0.064165973       1.0043262       1.0012766       1.0042621      0.99922513       1.0042692     0.010196392   2.1252469e-09      0.95377792      0.84711933      0.27363941      0.80904614       15.901841       1022.1774       1466.4182      -24.199374        -25.04476         0.84538616        2818.123                 21.256739                 396.83611                                594.22117                      9.8633774                   15.901841                  1466.4182       175.01463        138.61098
              1       1385.0876      0.02259853       69.922245       3.0564731      0.97641874       8.1507577      0.72370878      0.10679302     0.064165973       1.0045998       1.0012768       1.0041588      0.99919898       1.0042295     0.010196392   2.1252469e-09      0.95377792      0.84711933      0.27363941      0.80904614       15.901841        1022.164       1466.4182      -24.006149       -24.851535         0.84538616       2818.1874                 21.230089                 396.83626                                594.15807                      9.9396009                   15.901841                  1466.4182       175.07272        138.63065
              1       1386.2397      0.02259853       69.922245       3.0564731      0.97641874       8.1507577      0.72370878      0.10679302     0.064165973       1.0047238       1.0006092       1.0094964      0.99929273       1.0043243     0.010196392   2.1252469e-09      0.95377792      0.84711933      0.27363941      0.80904614       15.901841       1022.2372       1466.4182      -23.979408       -24.824794         0.84538616       2820.4382                 21.218081                 396.83269                                594.21086                      9.9755404                   15.901841                  1466.4182       177.30113         138.5798
              1       1386.2288      0.02259853       69.922245       3.0564731      0.97641874       8.1507577      0.72370878      0.10679302     0.064165973       1.0047238       1.0010627       1.0023304       0.9991627       1.0040655     0.010196392   2.1252469e-09      0.95377792      0.84711933      0.27363941      0.80904614       15.901841       1022.2372       1466.4182      -23.952838       -24.798224         0.84538616       2820.3633                 21.218081                 396.83269                                594.21086                      9.9755404                   15.901841                  1466.4182       177.10268        138.70335
              1       1386.8637      0.02259853       69.922245       3.0564731      0.97641874       8.1507577      0.72370878      0.10679302     0.064165973       1.0047238       1.0035911       1.0086772      0.99920703       1.0050262     0.010196392   2.1252469e-09      0.95377792      0.84711933      0.27363941      0.80904614       15.901841       1022.2372       1466.4182      -23.218296       -24.063682         0.84538616        2820.164                 21.218081                 396.83269                                594.21086                      9.9755404                   15.901841                  1466.4182        177.2296        138.37717
              1       1386.9203      0.02259853       69.922245       3.0564731      0.97641874       8.1507577      0.72370878      0.10679302     0.064165973       1.0047238       1.0035911       1.0086772       1.0008652       1.0060738     0.010196392   2.1252469e-09      0.95377792      0.84711933      0.27363941      0.80904614       15.901841       1022.2372       1466.4182      -23.105318       -23.950704         0.84538616       2820.0512                 21.218081                 396.83269                                594.21086                      9.9755404                   15.901841                  1466.4182        177.2296        138.26437
              1         1386.85      0.02259853       69.922245       3.0564731      0.97641874       8.1507577      0.72370878      0.10679302     0.064165973       1.0047238       1.0035911       1.0086772       1.0003232        1.005966     0.010196392   2.1252469e-09      0.95377792      0.84711933      0.27363941      0.80904614       15.901841       1022.2372       1466.4182      -23.133571       -23.978957         0.84538616       2819.9672                 21.218081                 396.83269                                594.21086                      9.9755404                   15.901841                  1466.4182        177.2296        138.18039
              1       1384.6141      0.02259853       69.922245       3.0564731      0.97641874       8.1507577      0.72370878      0.10679302     0.064165973       1.0043912       1.0026927         1.00539         1.00032       1.0056129     0.010196392   2.1252469e-09      0.95377792      0.84711933      0.27363941      0.80904614       15.901841       1022.1514       1466.4182      -23.728527       -24.573913         0.84538616       2816.6853                 21.250388                 396.83611                                594.18379                      9.8811034                   15.901841                  1466.4182       173.99182        138.22202
              1       1384.5787      0.02259853       69.922245       3.0564731      0.97641874       8.1507577      0.72370878      0.10679302     0.064165973       1.0043137       1.0026926       1.0054192       1.0003274       1.0056242     0.010196392   2.1252469e-09      0.95377792      0.84711933      0.27363941      0.80904614       15.901841        1022.184       1466.4182      -23.781181       -24.626567         0.84538616       2816.7198                 21.257961                 396.83611                                594.22995                      9.8599979                   15.901841                  1466.4182        173.9946        138.22112
              1       1385.8365      0.02259853       69.922245       3.0564731      0.97641874       8.1507577      0.72370878      0.10679302     0.064165973       1.0041346       1.0036302       1.0065741       1.0003356       1.0079547     0.010196392   2.1252469e-09      0.95377792      0.84711933      0.27363941      0.80904614       15.901841       1022.3368       1466.4182       -23.27339       -24.118776         0.84538616       2818.2198                 21.275543                 396.83611                                 594.4127                       9.812491                   15.901841                  1466.4182       175.19139        138.37151
              1       1385.8368      0.02259853       69.922245       3.0564731      0.97641874       8.1507577      0.72370878      0.10679302     0.064165973       1.0042293       1.0036302       1.0065383       1.0003266       1.0079409     0.010196392   2.1252469e-09      0.95377792      0.84711933      0.27363941      0.80904614       15.901841       1022.2425       1466.4182       -23.21217       -24.057556         0.84538616        2818.098                 21.266228                 396.83611                                594.30278                      9.8374037                   15.901841                  1466.4182       175.16837        138.36707
              1       1384.9893      0.02259853       69.922245       3.0564731      0.97641874       8.1507577      0.72370878      0.10679302     0.064165973       1.0040716       1.0007487       1.0061233       1.0004034       1.0072198     0.010196392   2.1252469e-09      0.95377792      0.84711933      0.27363941      0.80904614       15.901841       1022.4162       1466.4182      -24.119941       -24.965327         0.84538616       2818.2186                 21.281746                 396.83611                                594.50215                      9.7962213                   15.901841                  1466.4182       175.25861        138.22368
              1       1385.2631      0.02259853       69.922245       3.0564731      0.97641874       8.1507577      0.72370878      0.10679302     0.064165973       1.0040716       1.0007487       1.0061233       1.0016266       1.0074667     0.010196392   2.1252469e-09      0.95377792      0.84711933      0.27363941      0.80904614       15.901841       1022.4162       1466.4182      -24.024064        -24.86945         0.84538616       2818.5744                 21.281746                 396.83611                                594.50215                      9.7962213                   15.901841                  1466.4182       175.25861        138.57953
              1       1384.9972      0.02259853       69.922245       3.0564731      0.97641874       8.1507577      0.72370878      0.10679302     0.064165973       1.0043444       1.0007489       1.0060203       1.0006494       1.0068046     0.010196392   2.1252469e-09      0.95377792      0.84711933      0.27363941      0.80904614       15.901841       1022.1687       1466.4182      -23.984934        -24.83032         0.84538616       2817.9644                 21.254956                 396.83611                                594.20927                      9.8683273                   15.901841                  1466.4182       175.26053        138.21512
              1       1385.8455      0.02259853       69.922245       3.0564731      0.97641874       8.1507577      0.72370878      0.10679302     0.064165973       1.0036205       1.0007484       1.0062936      0.99937324       1.0091554     0.010196392   2.1252469e-09      0.95377792      0.84711933      0.27363941      0.80904614       15.901841       1023.3889       1466.4182      -24.092028       -24.937414         0.84538616        2819.875                  21.32657                 396.84812                                595.52806                      9.6861294                   15.901841                  1466.4182       175.26334        138.90276
              1       1385.0762      0.02259853       69.922245       3.0564731      0.97641874       8.1507577      0.72370878      0.10679302     0.064165973       1.0036205       1.0007484       1.0062936      0.99892495       1.0053563     0.010196392   2.1252469e-09      0.95377792      0.84711933      0.27363941      0.80904614       15.901841       1023.3889       1466.4182      -24.594665       -25.440051         0.84538616       2819.3417                  21.32657                 396.84812                                595.52806                      9.6861294                   15.901841                  1466.4182       175.26334         138.3694
              1       1385.1094      0.02259853       69.922245       3.0564731      0.97641874       8.1507577      0.72370878      0.10679302     0.064165973       1.0036205       1.0007484       1.0062936        1.000627       1.0065635     0.010196392   2.1252469e-09      0.95377792      0.84711933      0.27363941      0.80904614       15.901841       1023.3889       1466.4182      -24.477451       -25.322837         0.84538616       2819.1738                  21.32657                 396.84812                                595.52806                      9.6861294                   15.901841                  1466.4182       175.26334        138.20152
              1       1387.7391      0.02259853       69.922245       3.0564731      0.97641874       8.1507577      0.72370878      0.10679302     0.064165973       1.0036205       1.0031972       1.0014354      0.99939024       1.0108671     0.010196392   2.1252469e-09      0.95377792      0.84711933      0.27363941      0.80904614       15.901841       1023.3889       1466.4182      -23.231559       -24.076945         0.84538616       2821.9414                  21.32657                 396.84812                                595.52806                      9.6861294                   15.901841                  1466.4182       176.20433        140.02812
              1       1388.1451      0.02259853       69.922245       3.0564731      0.97641874       8.1507577      0.72370878      0.10679302     0.064165973        1.003789       1.0031973       1.0013717      0.99548504       1.0021796     0.010196392   2.1252469e-09      0.95377792      0.84711933      0.27363941      0.80904614       15.901841       1022.9375       1466.4182       -23.70753       -24.552916         0.84538616       2823.7052                 21.309752                 396.83611                                595.06576                      9.7259135                   15.901841                  1466.4182       176.28012         142.1675
              1       1385.4925      0.02259853       69.922245       3.0564731      0.97641874       8.1507577      0.72370878      0.10679302     0.064165973       1.0031534       1.0013119       1.0064099      0.99987849       1.0035975     0.010196392   2.1252469e-09      0.95377792      0.84711933      0.27363941      0.80904614       15.901841         1025.12       1466.4182      -24.960551       -25.805937         0.84538616        2820.906                 21.373649                 396.85824                                597.30386                      9.5842207                   15.901841                  1466.4182       174.59686        138.86914
              1       1386.3277      0.02259853       69.922245       3.0564731      0.97641874       8.1507577      0.72370878      0.10679302     0.064165973       1.0031534       1.0004828       1.0079003      0.99812612       1.0057064     0.010196392   2.1252469e-09      0.95377792      0.84711933      0.27363941      0.80904614       15.901841         1025.12       1466.4182       -24.77087       -25.616256         0.84538616       2822.1972                 21.373649                 396.85824                                597.30386                      9.5842207                   15.901841                  1466.4182       176.14334         138.6138
              2       1386.0634      0.02259853       69.922245       3.0564731      0.97641874       8.1507577      0.72370878      0.10679302     0.064165973       1.0031534       1.0032587       1.0042872      0.99799898       1.0062119     0.010196392   2.1252469e-09      0.95377792      0.84711933      0.27363941      0.80904614       15.901841         1025.12       1466.4182      -24.124662       -24.970048         0.84538616       2820.3762                 21.373649                 396.85824                                597.30386                      9.5842207                   15.901841                  1466.4182       174.28537         138.6508
              1        1385.777      0.02259853       69.922245       3.0564731      0.97641874       8.1507577      0.72370878      0.10679302     0.064165973       1.0031534       1.0032587       1.0042872      0.99883344       1.0054222     0.010196392   2.1252469e-09      0.95377792      0.84711933      0.27363941      0.80904614       15.901841         1025.12       1466.4182      -24.277128       -25.122514         0.84538616       2820.1083                 21.373649                 396.85824                                597.30386                      9.5842207                   15.901841                  1466.4182       174.28537        138.38292
              1       1385.0446      0.02259853       69.922245       3.0564731      0.97641874       8.1507577      0.72370878      0.10679302     0.064165973       1.0042281       1.0032595       1.0038814      0.99873071       1.0052661     0.010196392   2.1252469e-09      0.95377792      0.84711933      0.27363941      0.80904614       15.901841       1022.2436       1466.4182      -23.651826       -24.497212         0.84538616       2817.3929                 21.266353                 396.83611                                594.30406                      9.8370642                   15.901841                  1466.4182       174.38846        138.44081
              1       1385.2486      0.02259853       69.922245       3.0564731      0.97641874       8.1507577      0.72370878      0.10679302     0.064165973       1.0042281       1.0027183        1.002501      0.99872086       1.0050594     0.010196392   2.1252469e-09      0.95377792      0.84711933      0.27363941      0.80904614       15.901841       1022.2436       1466.4182      -23.851132       -24.696518         0.84538616       2818.1995                 21.266353                 396.83611                                594.30406                      9.8370642                   15.901841                  1466.4182       175.14868        138.48714
              1       1389.2326      0.02259853       69.922245       3.0564731      0.97641874       8.1507577      0.72370878      0.10679302     0.064165973       1.0034082       1.0027177       1.0028105       0.9961686        1.011848     0.010196392   2.1252469e-09      0.95377792      0.84711933      0.27363941      0.80904614       15.901841       1024.0883       1466.4182      -22.942855       -23.788241         0.84538616       2824.3509                 21.347886                 396.85704                                596.24505                      9.6382826                   15.901841                  1466.4182       174.88812        143.05452
              1       1389.3024      0.02259853       69.922245       3.0564731      0.97641874       8.1507577      0.72370878      0.10679302     0.064165973       1.0034082       1.0027177       1.0028105       1.0056545       1.0099185     0.010196392   2.1252469e-09      0.95377792      0.84711933      0.27363941      0.80904614       15.901841       1024.0883       1466.4182      -22.911245       -23.756632         0.84538616       2824.4273                 21.347886                 396.85704                                596.24505                      9.6382826                   15.901841                  1466.4182       174.88812        143.13084
              1       1389.1644      0.02259853       69.922245       3.0564731      0.97641874       8.1507577      0.72370878      0.10679302     0.064165973       1.0034082       1.0027177       1.0028105       1.0021362      0.99782317     0.010196392   2.1252469e-09      0.95377792      0.84711933      0.27363941      0.80904614       15.901841       1024.0883       1466.4182      -24.476898       -25.322284         0.84538616       2827.2826                 21.347886                 396.85704                                596.24505                      9.6382826                   15.901841                  1466.4182       174.88812        145.98621
              1       1387.1771      0.02259853       69.922245       3.0564731      0.97641874       8.1507577      0.72370878      0.10679302     0.064165973       1.0034082       1.0035542       1.0063564       1.0039394       1.0058471     0.010196392   2.1252469e-09      0.95377792      0.84711933      0.27363941      0.80904614       15.901841       1024.0883       1466.4182      -23.635109       -24.480495         0.84538616       2821.6244                 21.347886                 396.85704                                596.24505                      9.6382826                   15.901841                  1466.4182       174.95918        140.25696
              1       1386.5093      0.02259853       69.922245       3.0564731      0.97641874       8.1507577      0.72370878      0.10679302     0.064165973       1.0034082       1.0035542       1.0063564      0.99803336       1.0080297     0.010196392   2.1252469e-09      0.95377792      0.84711933      0.27363941      0.80904614       15.901841       1024.0883       1466.4182      -23.637555       -24.482941         0.84538616       2820.2936                 21.347886                 396.85704                                596.24505                      9.6382826                   15.901841                  1466.4182       174.95918        138.92615
              1       1385.7011      0.02259853       69.922245       3.0564731      0.97641874       8.1507577      0.72370878      0.10679302     0.064165973       1.0036409       1.0001119       1.0057359       0.9991855       1.0065637     0.010196392   2.1252469e-09      0.95377792      0.84711933      0.27363941      0.80904614       15.901841       1023.3306       1466.4182      -24.489307       -25.334693         0.84538616       2820.3808                 21.324532                 396.84812                                595.46713                       9.690856                   15.901841                  1466.4182       176.50273        138.22739
              1       1384.8083      0.02259853       69.922245       3.0564731      0.97641874       8.1507577      0.72370878      0.10679302     0.064165973       1.0036409       1.0017619       1.0061175      0.99916213       1.0070051     0.010196392   2.1252469e-09      0.95377792      0.84711933      0.27363941      0.80904614       15.901841       1023.3306       1466.4182      -24.259913       -25.105299         0.84538616       2818.1364                 21.324532                 396.84812                                595.46713                       9.690856                   15.901841                  1466.4182       174.21713        138.26857
              1       1385.2555      0.02259853       69.922245       3.0564731      0.97641874       8.1507577      0.72370878      0.10679302     0.064165973       1.0036409       1.0017619       1.0061175      0.99950106       1.0087185     0.010196392   2.1252469e-09      0.95377792      0.84711933      0.27363941      0.80904614       15.901841       1023.3306       1466.4182      -24.016288       -24.861674         0.84538616       2818.5436                 21.324532                 396.84812                                595.46713                       9.690856                   15.901841                  1466.4182       174.21713        138.67577
              3       1385.2889      0.02259853       69.922245       3.0564731      0.97641874       8.1507577      0.72370878      0.10679302     0.064165973       1.0036409       1.0017619       1.0061175      0.99863816       1.0083806     0.010196392   2.1252469e-09      0.95377792      0.84711933      0.27363941      0.80904614       15.901841       1023.3306       1466.4182       -24.03113       -24.876516         0.84538616         2818.64                 21.324532                 396.84812                                595.46713                       9.690856                   15.901841                  1466.4182       174.21713        138.77223
              2       1384.8468      0.02259853       69.922245       3.0564731      0.97641874       8.1507577      0.72370878      0.10679302     0.064165973       1.0036409       1.0012606       1.0065546       1.0010515       1.0051963     0.010196392   2.1252469e-09      0.95377792      0.84711933      0.27363941      0.80904614       15.901841       1023.3306       1466.4182      -24.542865       -25.388251         0.84538616       2818.7793                 21.324532                 396.84812                                595.46713                       9.690856                   15.901841                  1466.4182       174.67545         138.4532
              1        1385.166      0.02259853       69.922245       3.0564731      0.97641874       8.1507577      0.72370878      0.10679302     0.064165973       1.0036409       1.0017384       1.0052622       1.0024236       1.0062135     0.010196392   2.1252469e-09      0.95377792      0.84711933      0.27363941      0.80904614       15.901841       1023.3306       1466.4182      -24.235218       -25.080604         0.84538616       2818.8025                 21.324532                 396.84812                                595.46713                       9.690856                   15.901841                  1466.4182       174.20946         138.9424
              1       1385.2506      0.02259853       69.922245       3.0564731      0.97641874       8.1507577      0.72370878      0.10679302     0.064165973       1.0038293       1.0022743       1.0037952       1.0021191       1.0037402     0.010196392   2.1252469e-09      0.95377792      0.84711933      0.27363941      0.80904614       15.901841       1022.8466       1466.4182      -24.270318       -25.115704         0.84538616       2819.0418                 21.305739                 396.83611                                594.96909                      9.7356745                   15.901841                  1466.4182       174.37889        139.49628
              1       1385.2292      0.02259853       69.922245       3.0564731      0.97641874       8.1507577      0.72370878      0.10679302     0.064165973       1.0044771       1.0022747       1.0035507       1.0018313       1.0040772     0.010196392   2.1252469e-09      0.95377792      0.84711933      0.27363941      0.80904614       15.901841       1022.1388       1466.4182      -23.843055       -24.688441         0.84538616       2818.1445                 21.242012                 396.83611                                594.15579                      9.9049012                   15.901841                  1466.4182       174.51819         139.1675
              2       1386.5591      0.02259853       69.922245       3.0564731      0.97641874       8.1507577      0.72370878      0.10679302     0.064165973       1.0049866       1.0007929       1.0087564       1.0019081       1.0039134     0.010196392   2.1252469e-09      0.95377792      0.84711933      0.27363941      0.80904614       15.901841       1022.5701       1466.4182      -23.715094       -24.560481         0.84538616       2820.5484                 21.192807                 396.83269                                594.49009                      10.054493                   15.901841                  1466.4182        176.3716        139.28665
              1       1387.0284      0.02259853       69.922245       3.0564731      0.97641874       8.1507577      0.72370878      0.10679302     0.064165973       1.0049866       1.0005557       1.0061535       1.0005015       1.0004739     0.010196392   2.1252469e-09      0.95377792      0.84711933      0.27363941      0.80904614       15.901841       1022.5701       1466.4182      -23.959689       -24.805075         0.84538616       2821.9761                 21.192807                 396.83269                                594.49009                      10.054493                   15.901841                  1466.4182       175.57072        141.51527
              1       1386.6767      0.02259853       69.922245       3.0564731      0.97641874       8.1507577      0.72370878      0.10679302     0.064165973        1.003248       1.0014765       1.0069579       1.0026899        1.001796     0.010196392   2.1252469e-09      0.95377792      0.84711933      0.27363941      0.80904614       15.901841       1024.7164       1466.4182      -24.799457       -25.644843         0.84538616       2822.9522                 21.364066                  396.8628                                596.88567                      9.6038547                   15.901841                  1466.4182       174.63078        141.28502
              2       1387.3522      0.02259853       69.922245       3.0564731      0.97641874       8.1507577      0.72370878      0.10679302     0.064165973          1.0029       1.0014763       1.0070893       1.0027232       1.0018466     0.010196392   2.1252469e-09      0.95377792      0.84711933      0.27363941      0.80904614       15.901841       1026.3605       1466.4182      -24.964436       -25.809822         0.84538616       2824.6333                 21.399468                  396.8546                                598.57232                      9.5340831                   15.901841                  1466.4182       174.68724        141.26552
              1       1390.7694      0.02259853       69.922245       3.0564731      0.97641874       8.1507577      0.72370878      0.10679302     0.064165973          1.0029       1.0025784       1.0089441       1.0042245       1.0118745     0.010196392   2.1252469e-09      0.95377792      0.84711933      0.27363941      0.80904614       15.901841       1026.3605       1466.4182      -23.155814         -24.0012         0.84538616       2827.8505                 21.399468                  396.8546                                598.57232                      9.5340831                   15.901841                  1466.4182       176.33865        142.83131
              1       1387.3825      0.02259853       69.922245       3.0564731      0.97641874       8.1507577      0.72370878      0.10679302     0.064165973       1.0040241       1.0023753       1.0040742       1.0006668      0.99834146     0.010196392   2.1252469e-09      0.95377792      0.84711933      0.27363941      0.80904614       15.901841       1022.4851       1466.4182      -24.328538       -25.173924         0.84538616        2823.422                  21.28644                 396.83611                                594.57843                      9.7840802                   15.901841                  1466.4182       174.21031         144.4066
              1       1385.3989      0.02259853       69.922245       3.0564731      0.97641874       8.1507577      0.72370878      0.10679302     0.064165973       1.0040241       1.0024077       1.0041201      0.99804519       1.0083233     0.010196392   2.1252469e-09      0.95377792      0.84711933      0.27363941      0.80904614       15.901841       1022.4851       1466.4182      -23.606834        -24.45222         0.84538616       2818.0114                  21.28644                 396.83611                                594.57843                      9.7840802                   15.901841                  1466.4182       174.18298         139.0233
              1       1385.4696      0.02259853       69.922245       3.0564731      0.97641874       8.1507577      0.72370878      0.10679302     0.064165973       1.0037802       1.0024075       1.0042122       0.9980685       1.0083587     0.010196392   2.1252469e-09      0.95377792      0.84711933      0.27363941      0.80904614       15.901841       1022.9581       1466.4182      -23.755793       -24.601179         0.84538616       2818.4508                 21.310627                 396.83611                                595.08752                      9.7238005                   15.901841                  1466.4182       174.14832        139.02434
              2       1384.9996      0.02259853       69.922245       3.0564731      0.97641874       8.1507577      0.72370878      0.10679302     0.064165973       1.0037802       1.0024075       1.0042122       1.0020062       1.0049613     0.010196392   2.1252469e-09      0.95377792      0.84711933      0.27363941      0.80904614       15.901841       1022.9581       1466.4182      -24.176597       -25.021984         0.84538616       2818.3523                 21.310627                 396.83611                                595.08752                      9.7238005                   15.901841                  1466.4182       174.14832         138.9259
              1       1385.0642      0.02259853       69.922245       3.0564731      0.97641874       8.1507577      0.72370878      0.10679302     0.064165973       1.0037802       1.0016202       1.0070209       1.0020719       1.0049106     0.010196392   2.1252469e-09      0.95377792      0.84711933      0.27363941      0.80904614       15.901841       1022.9581       1466.4182       -24.35087       -25.196256         0.84538616       2818.8301                 21.310627                 396.83611                                595.08752                      9.7238005                   15.901841                  1466.4182       174.57362        138.97833
              1       1385.5877      0.02259853       69.922245       3.0564731      0.97641874       8.1507577      0.72370878      0.10679302     0.064165973       1.0037802       1.0035919       1.0040442       1.0019748       1.0052483     0.010196392   2.1252469e-09      0.95377792      0.84711933      0.27363941      0.80904614       15.901841       1022.9581       1466.4182      -23.757237       -24.602623         0.84538616       2818.6899                 21.310627                 396.83611                                595.08752                      9.7238005                   15.901841                  1466.4182       174.58113        138.83067
              1        1386.026      0.02259853       69.922245       3.0564731      0.97641874       8.1507577      0.72370878      0.10679302     0.064165973       1.0037802       1.0035919       1.0040442       1.0026377       1.0071928     0.010196392   2.1252469e-09      0.95377792      0.84711933      0.27363941      0.80904614       15.901841       1022.9581       1466.4182      -23.452533       -24.297919         0.84538616       2818.9571                 21.310627                 396.83611                                595.08752                      9.7238005                   15.901841                  1466.4182       174.58113        139.09789
              1       1386.0875      0.02259853       69.922245       3.0564731      0.97641874       8.1507577      0.72370878      0.10679302     0.064165973       1.0037802      0.99986774       1.0065579      0.99839546       1.0070904     0.010196392   2.1252469e-09      0.95377792      0.84711933      0.27363941      0.80904614       15.901841       1022.9581       1466.4182      -24.290868       -25.136254         0.84538616       2820.7568                 21.310627                 396.83611                                595.08752                      9.7238005                   15.901841                  1466.4182       176.95068        138.52798
              1       1385.8649      0.02259853       69.922245       3.0564731      0.97641874       8.1507577      0.72370878      0.10679302     0.064165973       1.0037802       1.0004077       1.0046318      0.99858051       1.0076686     0.010196392   2.1252469e-09      0.95377792      0.84711933      0.27363941      0.80904614       15.901841       1022.9581       1466.4182      -24.215745       -25.061131         0.84538616       2820.1613                 21.310627                 396.83611                                595.08752                      9.7238005                   15.901841                  1466.4182       176.31395        138.56927
              1        1385.399      0.02259853       69.922245       3.0564731      0.97641874       8.1507577      0.72370878      0.10679302     0.064165973       1.0037802       1.0004077       1.0046318      0.99971183       1.0059985     0.010196392   2.1252469e-09      0.95377792      0.84711933      0.27363941      0.80904614       15.901841       1022.9581       1466.4182      -24.479597       -25.324983         0.84538616       2819.7573                 21.310627                 396.83611                                595.08752                      9.7238005                   15.901841                  1466.4182       176.31395        138.16521
              1       1386.3635      0.02259853       69.922245       3.0564731      0.97641874       8.1507577      0.72370878      0.10679302     0.064165973       1.0037802       1.0004077       1.0046318      0.99785588       1.0018757     0.010196392   2.1252469e-09      0.95377792      0.84711933      0.27363941      0.80904614       15.901841       1022.9581       1466.4182      -24.674754        -25.52014         0.84538616       2822.0766                 21.310627                 396.83611                                595.08752                      9.7238005                   15.901841                  1466.4182       176.31395         140.4845
              1       1388.3678      0.02259853       69.922245       3.0564731      0.97641874       8.1507577      0.72370878      0.10679302     0.064165973       1.0037802       1.0004077       1.0046318       1.0042622        1.000777     0.010196392   2.1252469e-09      0.95377792      0.84711933      0.27363941      0.80904614       15.901841       1022.9581       1466.4182      -24.365795       -25.211181         0.84538616       2825.4672                 21.310627                 396.83611                                595.08752                      9.7238005                   15.901841                  1466.4182       176.31395        143.87517
              1       1389.8864      0.02259853       69.922245       3.0564731      0.97641874       8.1507577      0.72370878      0.10679302     0.064165973       1.0037886       1.0038637      0.99942232      0.99587364       1.0014316     0.010196392   2.1252469e-09      0.95377792      0.84711933      0.27363941      0.80904614       15.901841       1022.9386       1466.4182      -23.555233        -24.40062         0.84538616       2826.8832                 21.309797                 396.83611                                595.06688                      9.7258046                   15.901841                  1466.4182       179.28186        142.34276
              1       1387.5159      0.02259853       69.922245       3.0564731      0.97641874       8.1507577      0.72370878      0.10679302     0.064165973       1.0037886        1.000416        1.005415      0.99605656        1.000882     0.010196392   2.1252469e-09      0.95377792      0.84711933      0.27363941      0.80904614       15.901841       1022.9386       1466.4182      -24.423591       -25.268977         0.84538616       2823.8791                 21.309797                 396.83611                                595.06688                      9.7258046                   15.901841                  1466.4182       175.95172         142.6687
              1       1386.1807      0.02259853       69.922245       3.0564731      0.97641874       8.1507577      0.72370878      0.10679302     0.064165973       1.0037886        1.000416        1.005415       1.0030387        1.007068     0.010196392   2.1252469e-09      0.95377792      0.84711933      0.27363941      0.80904614       15.901841       1022.9386       1466.4182      -24.115018       -24.960404         0.84538616       2820.5915                 21.309797                 396.83611                                595.06688                      9.7258046                   15.901841                  1466.4182       175.95172        139.38113
              1       1385.4608      0.02259853       69.922245       3.0564731      0.97641874       8.1507577      0.72370878      0.10679302     0.064165973       1.0037886        1.000416        1.005415       1.0009341       1.0035533     0.010196392   2.1252469e-09      0.95377792      0.84711933      0.27363941      0.80904614       15.901841       1022.9386       1466.4182      -24.675543       -25.520929         0.84538616       2820.2727                 21.309797                 396.83611                                595.06688                      9.7258046                   15.901841                  1466.4182       175.95172         139.0623
              1       1385.8368      0.02259853       69.922245       3.0564731      0.97641874       8.1507577      0.72370878      0.10679302     0.064165973       1.0047347       1.0004167       1.0050578       1.0008437       1.0034159     0.010196392   2.1252469e-09      0.95377792      0.84711933      0.27363941      0.80904614       15.901841       1022.2463       1466.4182      -24.043439       -24.888825         0.84538616       2819.7604                 21.217034                 396.83269                                594.21789                      9.9787216                   15.901841                  1466.4182       176.08125        139.11281
              1       1388.2531      0.02259853       69.922245       3.0564731      0.97641874       8.1507577      0.72370878      0.10679302     0.064165973       1.0047347       1.0026055       1.0111706       1.0016252       1.0038863     0.010196392   2.1252469e-09      0.95377792      0.84711933      0.27363941      0.80904614       15.901841       1022.2463       1466.4182      -23.595579       -24.440966         0.84538616       2823.6973                 21.217034                 396.83269                                594.21789                      9.9787216                   15.901841                  1466.4182       179.97488        139.15607
